CHEWY_PRODUCT_PART_NUMBER,reporting_week_month,region,fill_rate,on_hand_units,forecast_units
CW500003,2024-01,NE,0.96,42,59
CW500003,2024-01,MA,0.957,93,66
CW500003,2024-01,SE,0.937,40,66
CW500003,2024-01,MW,0.971,95,52
CW500003,2024-01,TX,0.946,109,72
CW500003,2024-01,MTN,0.977,95,57
CW500003,2024-01,PSW,0.933,69,48
CW500003,2024-01,PNW,0.938,69,46
CW500003,2024-02,NE,0.953,113,65
CW500003,2024-02,MA,0.989,112,70
CW500003,2024-02,SE,0.962,39,64
CW500003,2024-02,MW,0.995,90,56
CW500003,2024-02,TX,0.931,118,85
CW500003,2024-02,MTN,0.952,108,61
CW500003,2024-02,PSW,0.99,48,47
CW500003,2024-02,PNW,0.963,65,45
CW500003,2024-03,NE,0.962,52,66
CW500003,2024-03,MA,0.978,129,94
CW500003,2024-03,SE,0.996,153,81
CW500003,2024-03,MW,1.0,87,62
CW500003,2024-03,TX,0.93,134,90
CW500003,2024-03,MTN,0.994,88,71
CW500003,2024-03,PSW,0.93,61,56
CW500003,2024-03,PNW,0.985,62,54
CW500003,2024-04,NE,0.974,150,79
CW500003,2024-04,MA,0.945,63,97
CW500003,2024-04,SE,0.944,135,95
CW500003,2024-04,MW,0.993,82,73
CW500003,2024-04,TX,0.95,143,109
CW500003,2024-04,MTN,0.951,53,88
CW500003,2024-04,PSW,0.953,71,70
CW500003,2024-04,PNW,0.996,54,59
CW500003,2024-05,NE,0.975,44,84
CW500003,2024-05,MA,0.946,114,115
CW500003,2024-05,SE,0.933,162,98
CW500003,2024-05,MW,0.959,110,82
CW500003,2024-05,TX,0.979,214,117
CW500003,2024-05,MTN,0.966,101,83
CW500003,2024-05,PSW,0.963,77,71
CW500003,2024-05,PNW,0.995,71,71
CW500003,2024-06,NE,0.975,107,90
CW500003,2024-06,MA,0.972,120,105
CW500003,2024-06,SE,0.967,81,95
CW500003,2024-06,MW,0.951,122,90
CW500003,2024-06,TX,0.997,75,116
CW500003,2024-06,MTN,0.995,60,85
CW500003,2024-06,PSW,0.992,80,71
CW500003,2024-06,PNW,0.945,100,77
CW500003,2024-07,NE,0.978,181,93
CW500003,2024-07,MA,0.954,136,114
CW500003,2024-07,SE,0.96,108,99
CW500003,2024-07,MW,0.958,158,91
CW500003,2024-07,TX,0.936,210,113
CW500003,2024-07,MTN,0.972,51,87
CW500003,2024-07,PSW,0.931,132,77
CW500003,2024-07,PNW,0.982,101,73
CW500003,2024-08,NE,0.969,112,76
CW500003,2024-08,MA,0.964,115,107
CW500003,2024-08,SE,0.94,177,102
CW500003,2024-08,MW,0.946,141,80
CW500003,2024-08,TX,0.94,190,103
CW500003,2024-08,MTN,0.957,48,87
CW500003,2024-08,PSW,0.972,122,73
CW500003,2024-08,PNW,0.963,103,67
CW500003,2024-09,NE,0.96,46,71
CW500003,2024-09,MA,0.948,66,98
CW500003,2024-09,SE,0.967,123,78
CW500003,2024-09,MW,0.942,50,75
CW500003,2024-09,TX,0.988,100,91
CW500003,2024-09,MTN,0.966,134,73
CW500003,2024-09,PSW,0.965,69,59
CW500003,2024-09,PNW,0.992,68,54
CW500003,2024-10,NE,0.975,100,62
CW500003,2024-10,MA,0.946,149,83
CW500003,2024-10,SE,0.97,85,73
CW500003,2024-10,MW,0.993,87,64
CW500003,2024-10,TX,0.966,137,83
CW500003,2024-10,MTN,0.967,60,69
CW500003,2024-10,PSW,0.945,61,57
CW500003,2024-10,PNW,0.938,39,51
CW500003,2024-11,NE,0.945,102,61
CW500003,2024-11,MA,0.988,133,73
CW500003,2024-11,SE,0.944,83,62
CW500003,2024-11,MW,0.938,54,58
CW500003,2024-11,TX,0.961,116,70
CW500003,2024-11,MTN,0.992,96,55
CW500003,2024-11,PSW,0.947,83,48
CW500003,2024-11,PNW,0.938,74,49
CW500003,2024-12,NE,0.961,45,58
CW500003,2024-12,MA,0.988,117,65
CW500003,2024-12,SE,0.947,63,67
CW500003,2024-12,MW,0.971,60,52
CW500003,2024-12,TX,0.964,46,70
CW500003,2024-12,MTN,0.969,84,54
CW500003,2024-12,PSW,0.965,32,47
CW500003,2024-12,PNW,0.96,65,44
CW500003,2025-01,NE,0.94,53,64
CW500003,2025-01,MA,0.996,40,74
CW500003,2025-01,SE,0.976,57,62
CW500003,2025-01,MW,0.931,37,62
CW500003,2025-01,TX,0.984,92,53
CW500003,2025-01,MTN,0.982,82,63
CW500003,2025-01,PSW,0.968,64,52
CW500003,2025-01,PNW,0.942,84,47
CW500003,2025-02,NE,0.935,109,66
CW500003,2025-02,MA,0.975,64,81
CW500003,2025-02,SE,0.945,94,72
CW500003,2025-02,MW,0.977,125,67
CW500003,2025-02,TX,0.974,41,60
CW500003,2025-02,MTN,0.961,53,71
CW500003,2025-02,PSW,0.976,93,55
CW500003,2025-02,PNW,0.974,39,54
CW500003,2025-03,NE,0.982,118,78
CW500003,2025-03,MA,0.985,102,100
CW500003,2025-03,SE,0.93,120,82
CW500003,2025-03,MW,0.945,39,79
CW500003,2025-03,TX,0.968,121,95
CW500003,2025-03,MTN,0.959,129,80
CW500003,2025-03,PSW,0.981,115,63
CW500003,2025-03,PNW,0.957,108,64
CW500003,2025-04,NE,0.956,142,89
CW500003,2025-04,MA,0.96,178,103
CW500003,2025-04,SE,0.991,113,98
CW500003,2025-04,MW,0.936,140,85
CW500003,2025-04,TX,0.948,193,113
CW500003,2025-04,MTN,0.99,175,90
CW500003,2025-04,PSW,0.944,136,74
CW500003,2025-04,PNW,0.995,64,62
CW500003,2025-05,NE,0.969,168,87
CW500003,2025-05,MA,0.939,91,117
CW500003,2025-05,SE,0.995,115,101
CW500003,2025-05,MW,0.956,166,96
CW500003,2025-05,TX,0.993,78,123
CW500003,2025-05,MTN,0.986,101,93
CW500003,2025-05,PSW,0.954,117,76
CW500003,2025-05,PNW,0.935,53,73
CW500003,2025-06,NE,0.971,113,101
CW500003,2025-06,MA,0.947,214,126
CW500003,2025-06,SE,0.985,89,107
CW500003,2025-06,MW,0.965,123,93
CW500003,2025-06,TX,0.931,169,138
CW500003,2025-06,MTN,0.972,186,103
CW500003,2025-06,PSW,0.939,152,88
CW500003,2025-06,PNW,0.991,65,72
CW500003,2025-07,NE,0.969,133,88
CW500003,2025-07,MA,0.954,141,128
CW500003,2025-07,SE,0.955,126,114
CW500003,2025-07,MW,0.984,123,88
CW500003,2025-07,TX,0.993,233,118
CW500003,2025-07,MTN,0.932,174,95
CW500003,2025-07,PSW,0.979,149,81
CW500003,2025-07,PNW,0.961,58,78
CW500003,2025-08,NE,0.984,68,86
CW500003,2025-08,MA,0.948,143,113
CW500003,2025-08,SE,0.958,68,98
CW500003,2025-08,MW,0.951,57,89
CW500003,2025-08,TX,0.978,148,119
CW500003,2025-08,MTN,0.997,150,88
CW500003,2025-08,PSW,0.955,80,77
CW500003,2025-08,PNW,0.975,33,66
CW500003,2025-09,NE,0.942,83,79
CW500003,2025-09,MA,0.931,188,107
CW500003,2025-09,SE,0.979,142,80
CW500003,2025-09,MW,0.96,131,71
CW500003,2025-09,TX,0.998,86,92
CW500003,2025-09,MTN,0.948,135,80
CW500003,2025-09,PSW,0.959,51,67
CW500003,2025-09,PNW,0.97,48,64
CW500003,2025-10,NE,0.938,46,70
CW500003,2025-10,MA,0.968,66,88
CW500003,2025-10,SE,0.989,81,78
CW500003,2025-10,MW,0.97,75,69
CW500003,2025-10,TX,0.931,47,92
CW500003,2025-10,MTN,0.935,40,76
CW500003,2025-10,PSW,0.943,99,61
CW500003,2025-10,PNW,0.959,55,52
CW500003,2025-11,NE,0.973,50,59
CW500003,2025-11,MA,0.987,53,80
CW500003,2025-11,SE,0.935,145,78
CW500003,2025-11,MW,0.968,44,60
CW500003,2025-11,TX,0.961,71,86
CW500003,2025-11,MTN,0.933,40,63
CW500003,2025-11,PSW,0.987,88,49
CW500003,2025-11,PNW,0.977,70,51
CW500003,2025-12,NE,0.942,74,65
CW500003,2025-12,MA,0.988,35,70
CW500003,2025-12,SE,0.998,101,61
CW500003,2025-12,MW,0.941,95,57
CW500003,2025-12,TX,0.947,104,79
CW500003,2025-12,MTN,0.997,46,63
CW500003,2025-12,PSW,0.953,33,47
CW500003,2025-12,PNW,0.938,29,45
CW500006,2024-01,NE,0.964,111,157
CW500006,2024-01,MA,0.946,259,138
CW500006,2024-01,SE,0.972,163,117
CW500006,2024-01,MW,0.941,122,137
CW500006,2024-01,TX,0.942,213,171
CW500006,2024-01,MTN,0.951,170,110
CW500006,2024-01,PSW,0.939,288,154
CW500006,2024-01,PNW,0.973,170,100
CW500006,2024-02,NE,0.949,168,205
CW500006,2024-02,MA,0.954,124,145
CW500006,2024-02,SE,0.997,247,142
CW500006,2024-02,MW,0.934,102,142
CW500006,2024-02,TX,0.948,90,180
CW500006,2024-02,MTN,0.943,174,119
CW500006,2024-02,PSW,0.984,216,148
CW500006,2024-02,PNW,0.993,144,116
CW500006,2024-03,NE,0.974,196,222
CW500006,2024-03,MA,0.997,314,170
CW500006,2024-03,SE,0.992,208,150
CW500006,2024-03,MW,0.976,152,167
CW500006,2024-03,TX,1.0,244,205
CW500006,2024-03,MTN,0.97,146,146
CW500006,2024-03,PSW,0.949,122,187
CW500006,2024-03,PNW,0.968,119,123
CW500006,2024-04,NE,0.967,226,254
CW500006,2024-04,MA,0.935,339,190
CW500006,2024-04,SE,0.962,269,182
CW500006,2024-04,MW,0.957,148,183
CW500006,2024-04,TX,0.952,318,248
CW500006,2024-04,MTN,0.947,205,156
CW500006,2024-04,PSW,0.972,135,225
CW500006,2024-04,PNW,0.999,186,154
CW500006,2024-05,NE,0.945,490,264
CW500006,2024-05,MA,0.96,195,218
CW500006,2024-05,SE,0.933,158,200
CW500006,2024-05,MW,0.949,207,213
CW500006,2024-05,TX,0.945,344,287
CW500006,2024-05,MTN,0.953,127,177
CW500006,2024-05,PSW,0.965,392,248
CW500006,2024-05,PNW,0.978,247,156
CW500006,2024-06,NE,0.994,480,286
CW500006,2024-06,MA,0.969,118,212
CW500006,2024-06,SE,0.948,153,192
CW500006,2024-06,MW,0.986,212,197
CW500006,2024-06,TX,0.993,474,262
CW500006,2024-06,MTN,0.951,128,196
CW500006,2024-06,PSW,0.941,255,239
CW500006,2024-06,PNW,0.976,150,155
CW500006,2024-07,NE,0.993,262,247
CW500006,2024-07,MA,0.931,230,225
CW500006,2024-07,SE,0.983,269,185
CW500006,2024-07,MW,0.966,161,190
CW500006,2024-07,TX,0.998,229,249
CW500006,2024-07,MTN,0.966,104,184
CW500006,2024-07,PSW,0.999,217,227
CW500006,2024-07,PNW,0.944,232,180
CW500006,2024-08,NE,0.973,291,258
CW500006,2024-08,MA,0.934,174,210
CW500006,2024-08,SE,0.996,288,185
CW500006,2024-08,MW,0.954,256,194
CW500006,2024-08,TX,0.981,309,257
CW500006,2024-08,MTN,0.999,258,158
CW500006,2024-08,PSW,0.967,224,234
CW500006,2024-08,PNW,0.936,297,165
CW500006,2024-09,NE,0.931,398,221
CW500006,2024-09,MA,0.993,83,161
CW500006,2024-09,SE,0.971,276,164
CW500006,2024-09,MW,0.959,249,174
CW500006,2024-09,TX,0.932,134,237
CW500006,2024-09,MTN,0.944,163,147
CW500006,2024-09,PSW,0.947,135,212
CW500006,2024-09,PNW,0.98,134,142
CW500006,2024-10,NE,0.964,256,182
CW500006,2024-10,MA,0.94,102,163
CW500006,2024-10,SE,0.951,171,136
CW500006,2024-10,MW,0.941,232,155
CW500006,2024-10,TX,0.986,328,176
CW500006,2024-10,MTN,0.976,156,141
CW500006,2024-10,PSW,0.985,203,176
CW500006,2024-10,PNW,0.977,220,117
CW500006,2024-11,NE,0.953,328,187
CW500006,2024-11,MA,0.956,253,144
CW500006,2024-11,SE,0.993,199,119
CW500006,2024-11,MW,0.949,211,144
CW500006,2024-11,TX,0.998,125,163
CW500006,2024-11,MTN,0.962,159,127
CW500006,2024-11,PSW,0.979,179,157
CW500006,2024-11,PNW,0.992,62,103
CW500006,2024-12,NE,0.935,101,190
CW500006,2024-12,MA,0.94,252,140
CW500006,2024-12,SE,0.937,92,123
CW500006,2024-12,MW,0.984,96,132
CW500006,2024-12,TX,0.946,169,162
CW500006,2024-12,MTN,0.955,79,112
CW500006,2024-12,PSW,0.967,178,138
CW500006,2024-12,PNW,0.952,131,111
CW500006,2025-01,NE,0.93,298,195
CW500006,2025-01,MA,0.943,100,134
CW500006,2025-01,SE,0.942,166,126
CW500006,2025-01,MW,0.951,160,131
CW500006,2025-01,TX,1.0,141,126
CW500006,2025-01,MTN,0.989,69,123
CW500006,2025-01,PSW,0.947,79,147
CW500006,2025-01,PNW,0.933,170,116
CW500006,2025-02,NE,0.945,192,213
CW500006,2025-02,MA,0.991,150,150
CW500006,2025-02,SE,0.935,113,148
CW500006,2025-02,MW,0.934,126,147
CW500006,2025-02,TX,0.982,113,150
CW500006,2025-02,MTN,0.963,200,141
CW500006,2025-02,PSW,0.939,259,175
CW500006,2025-02,PNW,0.939,123,118
CW500006,2025-03,NE,0.979,211,217
CW500006,2025-03,MA,0.944,107,199
CW500006,2025-03,SE,0.972,304,160
CW500006,2025-03,MW,0.984,245,164
CW500006,2025-03,TX,0.98,241,227
CW500006,2025-03,MTN,0.946,250,163
CW500006,2025-03,PSW,0.978,161,184
CW500006,2025-03,PNW,0.966,193,133
CW500006,2025-04,NE,0.942,214,283
CW500006,2025-04,MA,0.939,341,221
CW500006,2025-04,SE,0.937,229,200
CW500006,2025-04,MW,0.954,233,204
CW500006,2025-04,TX,0.954,521,284
CW500006,2025-04,MTN,0.933,126,185
CW500006,2025-04,PSW,0.996,254,235
CW500006,2025-04,PNW,0.944,203,171
CW500006,2025-05,NE,0.992,283,272
CW500006,2025-05,MA,0.982,335,233
CW500006,2025-05,SE,0.953,285,196
CW500006,2025-05,MW,0.943,258,227
CW500006,2025-05,TX,0.982,146,256
CW500006,2025-05,MTN,0.954,98,202
CW500006,2025-05,PSW,0.945,204,262
CW500006,2025-05,PNW,0.933,187,187
CW500006,2025-06,NE,0.968,331,299
CW500006,2025-06,MA,0.94,331,219
CW500006,2025-06,SE,0.965,419,220
CW500006,2025-06,MW,0.935,395,228
CW500006,2025-06,TX,0.938,350,303
CW500006,2025-06,MTN,0.979,184,193
CW500006,2025-06,PSW,0.959,378,255
CW500006,2025-06,PNW,0.974,125,182
CW500006,2025-07,NE,0.944,493,315
CW500006,2025-07,MA,0.951,238,213
CW500006,2025-07,SE,0.962,353,193
CW500006,2025-07,MW,0.954,188,216
CW500006,2025-07,TX,0.973,146,269
CW500006,2025-07,MTN,0.937,234,210
CW500006,2025-07,PSW,0.97,145,239
CW500006,2025-07,PNW,0.963,317,169
CW500006,2025-08,NE,0.978,463,269
CW500006,2025-08,MA,0.99,335,218
CW500006,2025-08,SE,0.948,239,194
CW500006,2025-08,MW,0.983,280,190
CW500006,2025-08,TX,0.994,261,263
CW500006,2025-08,MTN,0.997,159,180
CW500006,2025-08,PSW,0.98,444,241
CW500006,2025-08,PNW,0.951,315,166
CW500006,2025-09,NE,0.942,282,244
CW500006,2025-09,MA,0.95,313,190
CW500006,2025-09,SE,0.955,245,186
CW500006,2025-09,MW,0.98,179,162
CW500006,2025-09,TX,0.982,199,251
CW500006,2025-09,MTN,0.956,184,172
CW500006,2025-09,PSW,0.965,144,213
CW500006,2025-09,PNW,0.957,296,156
CW500006,2025-10,NE,0.956,384,209
CW500006,2025-10,MA,0.975,253,150
CW500006,2025-10,SE,0.995,92,137
CW500006,2025-10,MW,0.959,114,151
CW500006,2025-10,TX,0.969,301,202
CW500006,2025-10,MTN,0.972,125,152
CW500006,2025-10,PSW,0.967,95,179
CW500006,2025-10,PNW,0.958,77,121
CW500006,2025-11,NE,0.949,199,199
CW500006,2025-11,MA,0.993,276,146
CW500006,2025-11,SE,0.982,115,142
CW500006,2025-11,MW,0.967,204,130
CW500006,2025-11,TX,0.944,205,180
CW500006,2025-11,MTN,0.961,150,133
CW500006,2025-11,PSW,0.975,241,160
CW500006,2025-11,PNW,0.932,101,113
CW500006,2025-12,NE,0.981,312,181
CW500006,2025-12,MA,0.949,86,150
CW500006,2025-12,SE,0.946,262,141
CW500006,2025-12,MW,0.973,242,136
CW500006,2025-12,TX,0.976,188,166
CW500006,2025-12,MTN,0.936,228,133
CW500006,2025-12,PSW,0.962,233,154
CW500006,2025-12,PNW,0.953,69,121
CW500009,2024-01,NE,0.956,82,46
CW500009,2024-01,MA,0.998,24,47
CW500009,2024-01,SE,0.964,53,41
CW500009,2024-01,MW,0.956,68,43
CW500009,2024-01,TX,0.985,122,63
CW500009,2024-01,MTN,0.93,26,49
CW500009,2024-01,PSW,0.949,112,65
CW500009,2024-01,PNW,0.956,116,64
CW500009,2024-02,NE,0.985,50,47
CW500009,2024-02,MA,0.974,102,53
CW500009,2024-02,SE,0.985,82,45
CW500009,2024-02,MW,0.94,30,51
CW500009,2024-02,TX,0.963,88,67
CW500009,2024-02,MTN,0.972,42,54
CW500009,2024-02,PSW,0.987,106,75
CW500009,2024-02,PNW,0.958,68,66
CW500009,2024-03,NE,0.963,78,63
CW500009,2024-03,MA,0.981,59,59
CW500009,2024-03,SE,0.961,102,57
CW500009,2024-03,MW,0.988,71,54
CW500009,2024-03,TX,0.955,93,80
CW500009,2024-03,MTN,0.959,96,58
CW500009,2024-03,PSW,0.996,107,78
CW500009,2024-03,PNW,0.967,64,76
CW500009,2024-04,NE,0.974,109,64
CW500009,2024-04,MA,0.945,122,73
CW500009,2024-04,SE,0.949,34,61
CW500009,2024-04,MW,0.96,58,61
CW500009,2024-04,TX,0.985,97,92
CW500009,2024-04,MTN,0.942,40,71
CW500009,2024-04,PSW,0.963,166,90
CW500009,2024-04,PNW,0.958,72,99
CW500009,2024-05,NE,0.95,90,75
CW500009,2024-05,MA,0.947,97,73
CW500009,2024-05,SE,0.936,119,66
CW500009,2024-05,MW,0.984,114,69
CW500009,2024-05,TX,0.99,109,88
CW500009,2024-05,MTN,0.95,99,78
CW500009,2024-05,PSW,0.954,172,111
CW500009,2024-05,PNW,0.983,139,90
CW500009,2024-06,NE,0.99,112,70
CW500009,2024-06,MA,0.934,81,74
CW500009,2024-06,SE,0.939,81,74
CW500009,2024-06,MW,0.983,98,70
CW500009,2024-06,TX,0.984,184,101
CW500009,2024-06,MTN,0.986,135,78
CW500009,2024-06,PSW,0.989,78,102
CW500009,2024-06,PNW,0.93,50,101
CW500009,2024-07,NE,0.948,34,70
CW500009,2024-07,MA,0.974,73,71
CW500009,2024-07,SE,0.979,116,69
CW500009,2024-07,MW,0.947,70,72
CW500009,2024-07,TX,0.953,74,105
CW500009,2024-07,MTN,0.973,135,72
CW500009,2024-07,PSW,0.999,155,101
CW500009,2024-07,PNW,0.932,61,98
CW500009,2024-08,NE,0.966,99,67
CW500009,2024-08,MA,0.967,117,68
CW500009,2024-08,SE,0.939,83,67
CW500009,2024-08,MW,0.994,33,66
CW500009,2024-08,TX,0.96,94,97
CW500009,2024-08,MTN,0.974,59,64
CW500009,2024-08,PSW,0.958,62,95
CW500009,2024-08,PNW,0.962,145,94
CW500009,2024-09,NE,0.944,111,60
CW500009,2024-09,MA,0.931,46,69
CW500009,2024-09,SE,0.974,89,54
CW500009,2024-09,MW,0.975,73,53
CW500009,2024-09,TX,0.939,44,84
CW500009,2024-09,MTN,0.955,39,64
CW500009,2024-09,PSW,0.967,118,89
CW500009,2024-09,PNW,0.976,47,83
CW500009,2024-10,NE,0.945,64,57
CW500009,2024-10,MA,0.941,100,55
CW500009,2024-10,SE,0.971,46,46
CW500009,2024-10,MW,0.987,58,50
CW500009,2024-10,TX,0.963,117,70
CW500009,2024-10,MTN,0.965,82,51
CW500009,2024-10,PSW,0.974,89,74
CW500009,2024-10,PNW,0.939,100,79
CW500009,2024-11,NE,0.931,62,47
CW500009,2024-11,MA,0.981,59,48
CW500009,2024-11,SE,0.964,86,45
CW500009,2024-11,MW,0.986,40,47
CW500009,2024-11,TX,0.945,80,67
CW500009,2024-11,MTN,0.95,83,47
CW500009,2024-11,PSW,0.995,128,68
CW500009,2024-11,PNW,0.939,104,72
CW500009,2024-12,NE,0.95,54,45
CW500009,2024-12,MA,0.935,84,47
CW500009,2024-12,SE,0.958,20,40
CW500009,2024-12,MW,0.972,63,44
CW500009,2024-12,TX,0.954,41,63
CW500009,2024-12,MTN,0.934,43,50
CW500009,2024-12,PSW,0.992,75,61
CW500009,2024-12,PNW,0.957,67,67
CW500009,2025-01,NE,0.963,58,48
CW500009,2025-01,MA,0.95,53,53
CW500009,2025-01,SE,0.974,83,46
CW500009,2025-01,MW,0.937,93,50
CW500009,2025-01,TX,0.952,53,50
CW500009,2025-01,MTN,0.961,86,46
CW500009,2025-01,PSW,0.954,64,67
CW500009,2025-01,PNW,0.99,106,62
CW500009,2025-02,NE,0.947,53,52
CW500009,2025-02,MA,0.942,98,61
CW500009,2025-02,SE,0.978,80,54
CW500009,2025-02,MW,0.991,66,51
CW500009,2025-02,TX,0.962,50,57
CW500009,2025-02,MTN,0.951,28,58
CW500009,2025-02,PSW,0.981,41,79
CW500009,2025-02,PNW,0.972,62,76
CW500009,2025-03,NE,0.946,111,68
CW500009,2025-03,MA,0.97,78,67
CW500009,2025-03,SE,0.98,65,53
CW500009,2025-03,MW,0.994,50,54
CW500009,2025-03,TX,0.934,85,84
CW500009,2025-03,MTN,0.986,122,64
CW500009,2025-03,PSW,0.96,159,92
CW500009,2025-03,PNW,0.966,83,92
CW500009,2025-04,NE,0.96,66,67
CW500009,2025-04,MA,0.946,118,77
CW500009,2025-04,SE,0.988,101,68
CW500009,2025-04,MW,0.943,66,71
CW500009,2025-04,TX,0.939,64,99
CW500009,2025-04,MTN,0.978,136,72
CW500009,2025-04,PSW,0.982,148,97
CW500009,2025-04,PNW,0.935,131,108
CW500009,2025-05,NE,0.981,85,73
CW500009,2025-05,MA,0.939,97,77
CW500009,2025-05,SE,0.971,128,73
CW500009,2025-05,MW,0.937,83,82
CW500009,2025-05,TX,0.94,185,106
CW500009,2025-05,MTN,0.944,41,80
CW500009,2025-05,PSW,0.983,55,104
CW500009,2025-05,PNW,0.933,113,101
CW500009,2025-06,NE,0.98,101,83
CW500009,2025-06,MA,0.949,88,84
CW500009,2025-06,SE,0.991,117,76
CW500009,2025-06,MW,0.954,60,81
CW500009,2025-06,TX,0.938,184,104
CW500009,2025-06,MTN,0.988,136,74
CW500009,2025-06,PSW,0.967,167,121
CW500009,2025-06,PNW,0.994,60,102
CW500009,2025-07,NE,0.986,105,75
CW500009,2025-07,MA,0.985,136,83
CW500009,2025-07,SE,0.937,61,80
CW500009,2025-07,MW,0.946,143,81
CW500009,2025-07,TX,0.966,162,96
CW500009,2025-07,MTN,0.943,62,79
CW500009,2025-07,PSW,0.947,62,109
CW500009,2025-07,PNW,0.964,175,113
CW500009,2025-08,NE,0.962,92,71
CW500009,2025-08,MA,0.972,69,77
CW500009,2025-08,SE,0.936,99,69
CW500009,2025-08,MW,0.973,39,72
CW500009,2025-08,TX,0.982,165,99
CW500009,2025-08,MTN,0.956,49,70
CW500009,2025-08,PSW,0.992,192,101
CW500009,2025-08,PNW,0.933,108,110
CW500009,2025-09,NE,0.98,80,63
CW500009,2025-09,MA,0.947,88,69
CW500009,2025-09,SE,0.94,28,60
CW500009,2025-09,MW,0.943,64,59
CW500009,2025-09,TX,0.982,168,86
CW500009,2025-09,MTN,0.987,100,61
CW500009,2025-09,PSW,0.942,103,95
CW500009,2025-09,PNW,0.988,152,80
CW500009,2025-10,NE,0.946,104,58
CW500009,2025-10,MA,0.942,100,56
CW500009,2025-10,SE,0.953,94,50
CW500009,2025-10,MW,0.971,28,58
CW500009,2025-10,TX,0.939,109,78
CW500009,2025-10,MTN,0.934,56,55
CW500009,2025-10,PSW,0.998,75,80
CW500009,2025-10,PNW,0.983,137,73
CW500009,2025-11,NE,0.986,39,49
CW500009,2025-11,MA,0.936,27,55
CW500009,2025-11,SE,0.948,86,52
CW500009,2025-11,MW,0.991,28,45
CW500009,2025-11,TX,0.936,55,66
CW500009,2025-11,MTN,0.946,87,52
CW500009,2025-11,PSW,0.982,69,75
CW500009,2025-11,PNW,0.958,73,65
CW500009,2025-12,NE,0.986,49,49
CW500009,2025-12,MA,0.961,43,53
CW500009,2025-12,SE,0.993,90,48
CW500009,2025-12,MW,0.974,52,44
CW500009,2025-12,TX,0.935,66,66
CW500009,2025-12,MTN,0.958,32,46
CW500009,2025-12,PSW,0.983,37,65
CW500009,2025-12,PNW,0.973,105,61
CW500012,2024-01,NE,0.964,57,100
CW500012,2024-01,MA,0.978,107,75
CW500012,2024-01,SE,0.98,75,58
CW500012,2024-01,MW,0.945,159,96
CW500012,2024-01,TX,0.946,139,96
CW500012,2024-01,MTN,0.973,82,71
CW500012,2024-01,PSW,0.972,105,63
CW500012,2024-01,PNW,0.945,139,89
CW500012,2024-02,NE,0.984,186,99
CW500012,2024-02,MA,0.964,139,81
CW500012,2024-02,SE,0.953,104,69
CW500012,2024-02,MW,0.942,107,102
CW500012,2024-02,TX,0.943,107,108
CW500012,2024-02,MTN,0.932,105,85
CW500012,2024-02,PSW,0.954,80,63
CW500012,2024-02,PNW,0.99,188,98
CW500012,2024-03,NE,0.974,140,120
CW500012,2024-03,MA,0.934,148,98
CW500012,2024-03,SE,0.944,74,80
CW500012,2024-03,MW,0.996,113,113
CW500012,2024-03,TX,0.94,100,134
CW500012,2024-03,MTN,0.979,126,94
CW500012,2024-03,PSW,0.981,48,75
CW500012,2024-03,PNW,0.955,206,116
CW500012,2024-04,NE,0.939,175,140
CW500012,2024-04,MA,0.99,205,110
CW500012,2024-04,SE,0.934,136,94
CW500012,2024-04,MW,0.989,74,124
CW500012,2024-04,TX,0.944,127,134
CW500012,2024-04,MTN,0.948,135,105
CW500012,2024-04,PSW,0.985,89,87
CW500012,2024-04,PNW,0.973,125,123
CW500012,2024-05,NE,0.979,171,155
CW500012,2024-05,MA,0.988,117,118
CW500012,2024-05,SE,0.986,78,101
CW500012,2024-05,MW,0.961,143,138
CW500012,2024-05,TX,0.963,261,160
CW500012,2024-05,MTN,0.954,162,123
CW500012,2024-05,PSW,0.937,176,98
CW500012,2024-05,PNW,0.955,242,138
CW500012,2024-06,NE,0.975,128,145
CW500012,2024-06,MA,0.947,145,118
CW500012,2024-06,SE,0.983,170,97
CW500012,2024-06,MW,0.947,122,155
CW500012,2024-06,TX,0.983,139,151
CW500012,2024-06,MTN,0.97,145,117
CW500012,2024-06,PSW,0.991,93,89
CW500012,2024-06,PNW,0.98,231,144
CW500012,2024-07,NE,0.97,69,142
CW500012,2024-07,MA,0.979,122,113
CW500012,2024-07,SE,0.991,98,88
CW500012,2024-07,MW,0.945,114,142
CW500012,2024-07,TX,0.958,298,159
CW500012,2024-07,MTN,0.965,150,112
CW500012,2024-07,PSW,0.93,131,104
CW500012,2024-07,PNW,0.955,227,134
CW500012,2024-08,NE,0.991,96,145
CW500012,2024-08,MA,0.979,80,106
CW500012,2024-08,SE,0.996,152,87
CW500012,2024-08,MW,0.952,97,130
CW500012,2024-08,TX,0.938,259,156
CW500012,2024-08,MTN,0.968,79,105
CW500012,2024-08,PSW,0.983,181,94
CW500012,2024-08,PNW,0.955,115,118
CW500012,2024-09,NE,0.953,222,122
CW500012,2024-09,MA,0.998,64,86
CW500012,2024-09,SE,0.95,101,86
CW500012,2024-09,MW,0.991,210,121
CW500012,2024-09,TX,0.973,207,122
CW500012,2024-09,MTN,0.956,86,98
CW500012,2024-09,PSW,0.975,45,82
CW500012,2024-09,PNW,0.957,139,121
CW500012,2024-10,NE,0.985,132,114
CW500012,2024-10,MA,0.97,113,79
CW500012,2024-10,SE,0.974,71,70
CW500012,2024-10,MW,0.979,123,106
CW500012,2024-10,TX,0.96,128,113
CW500012,2024-10,MTN,0.931,74,83
CW500012,2024-10,PSW,0.945,36,67
CW500012,2024-10,PNW,0.972,70,104
CW500012,2024-11,NE,0.993,48,96
CW500012,2024-11,MA,0.966,59,80
CW500012,2024-11,SE,0.938,82,67
CW500012,2024-11,MW,0.965,58,96
CW500012,2024-11,TX,0.989,117,102
CW500012,2024-11,MTN,0.987,38,76
CW500012,2024-11,PSW,0.962,60,64
CW500012,2024-11,PNW,0.976,75,93
CW500012,2024-12,NE,0.977,143,91
CW500012,2024-12,MA,0.933,79,78
CW500012,2024-12,SE,0.987,76,61
CW500012,2024-12,MW,0.94,145,89
CW500012,2024-12,TX,0.931,153,94
CW500012,2024-12,MTN,0.978,45,69
CW500012,2024-12,PSW,0.961,90,60
CW500012,2024-12,PNW,0.93,107,88
CW500012,2025-01,NE,0.953,163,98
CW500012,2025-01,MA,0.967,70,80
CW500012,2025-01,SE,0.953,116,66
CW500012,2025-01,MW,0.981,138,90
CW500012,2025-01,TX,0.984,124,72
CW500012,2025-01,MTN,0.933,116,81
CW500012,2025-01,PSW,0.942,119,66
CW500012,2025-01,PNW,0.932,142,86
CW500012,2025-02,NE,0.999,63,103
CW500012,2025-02,MA,0.996,129,78
CW500012,2025-02,SE,0.987,81,70
CW500012,2025-02,MW,0.936,115,111
CW500012,2025-02,TX,0.982,58,84
CW500012,2025-02,MTN,0.999,72,82
CW500012,2025-02,PSW,0.978,100,67
CW500012,2025-02,PNW,0.997,139,106
CW500012,2025-03,NE,0.942,208,138
CW500012,2025-03,MA,0.965,66,92
CW500012,2025-03,SE,0.969,116,81
CW500012,2025-03,MW,0.948,86,136
CW500012,2025-03,TX,0.934,160,135
CW500012,2025-03,MTN,0.98,149,108
CW500012,2025-03,PSW,0.937,108,91
CW500012,2025-03,PNW,0.984,196,106
CW500012,2025-04,NE,0.955,177,157
CW500012,2025-04,MA,0.952,58,112
CW500012,2025-04,SE,0.971,69,97
CW500012,2025-04,MW,1.0,181,128
CW500012,2025-04,TX,0.989,248,142
CW500012,2025-04,MTN,0.938,123,116
CW500012,2025-04,PSW,0.967,175,100
CW500012,2025-04,PNW,0.93,224,131
CW500012,2025-05,NE,0.952,113,161
CW500012,2025-05,MA,0.968,173,124
CW500012,2025-05,SE,0.993,149,100
CW500012,2025-05,MW,0.983,188,146
CW500012,2025-05,TX,0.978,270,160
CW500012,2025-05,MTN,0.949,187,130
CW500012,2025-05,PSW,0.963,122,101
CW500012,2025-05,PNW,0.934,289,156
CW500012,2025-06,NE,0.933,245,175
CW500012,2025-06,MA,0.943,218,136
CW500012,2025-06,SE,0.97,142,98
CW500012,2025-06,MW,0.956,132,165
CW500012,2025-06,TX,0.948,181,178
CW500012,2025-06,MTN,0.998,154,134
CW500012,2025-06,PSW,0.936,91,105
CW500012,2025-06,PNW,0.951,233,149
CW500012,2025-07,NE,0.997,189,161
CW500012,2025-07,MA,0.992,90,117
CW500012,2025-07,SE,0.934,191,108
CW500012,2025-07,MW,0.94,200,153
CW500012,2025-07,TX,1.0,165,156
CW500012,2025-07,MTN,0.984,61,119
CW500012,2025-07,PSW,0.959,175,106
CW500012,2025-07,PNW,0.972,146,133
CW500012,2025-08,NE,0.974,191,151
CW500012,2025-08,MA,0.937,188,108
CW500012,2025-08,SE,0.98,139,98
CW500012,2025-08,MW,0.957,114,145
CW500012,2025-08,TX,0.991,101,138
CW500012,2025-08,MTN,0.943,224,121
CW500012,2025-08,PSW,0.931,169,105
CW500012,2025-08,PNW,0.973,127,141
CW500012,2025-09,NE,0.996,70,125
CW500012,2025-09,MA,0.985,185,99
CW500012,2025-09,SE,0.957,107,84
CW500012,2025-09,MW,0.961,166,124
CW500012,2025-09,TX,0.972,113,143
CW500012,2025-09,MTN,0.932,152,114
CW500012,2025-09,PSW,0.948,79,90
CW500012,2025-09,PNW,0.931,235,127
CW500012,2025-10,NE,0.999,201,115
CW500012,2025-10,MA,0.997,149,85
CW500012,2025-10,SE,0.952,56,79
CW500012,2025-10,MW,0.948,59,124
CW500012,2025-10,TX,0.932,204,129
CW500012,2025-10,MTN,0.996,159,91
CW500012,2025-10,PSW,0.952,137,80
CW500012,2025-10,PNW,0.966,198,108
CW500012,2025-11,NE,0.976,136,110
CW500012,2025-11,MA,0.951,153,89
CW500012,2025-11,SE,0.953,65,74
CW500012,2025-11,MW,0.949,122,95
CW500012,2025-11,TX,0.975,86,106
CW500012,2025-11,MTN,0.943,67,89
CW500012,2025-11,PSW,0.999,84,63
CW500012,2025-11,PNW,0.974,92,98
CW500012,2025-12,NE,0.946,60,99
CW500012,2025-12,MA,0.934,49,86
CW500012,2025-12,SE,0.96,110,64
CW500012,2025-12,MW,0.988,96,96
CW500012,2025-12,TX,0.959,112,103
CW500012,2025-12,MTN,0.931,134,82
CW500012,2025-12,PSW,0.945,78,71
CW500012,2025-12,PNW,0.952,139,94
CW500015,2024-01,NE,0.989,61,35
CW500015,2024-01,MA,0.937,34,51
CW500015,2024-01,SE,0.933,32,32
CW500015,2024-01,MW,0.992,55,46
CW500015,2024-01,TX,0.949,75,43
CW500015,2024-01,MTN,0.984,60,41
CW500015,2024-01,PSW,0.942,62,45
CW500015,2024-01,PNW,0.938,57,37
CW500015,2024-02,NE,0.933,69,38
CW500015,2024-02,MA,0.98,57,46
CW500015,2024-02,SE,0.992,20,32
CW500015,2024-02,MW,0.97,47,48
CW500015,2024-02,TX,0.944,24,47
CW500015,2024-02,MTN,0.975,58,49
CW500015,2024-02,PSW,0.976,68,51
CW500015,2024-02,PNW,0.967,65,44
CW500015,2024-03,NE,0.949,36,45
CW500015,2024-03,MA,0.981,101,58
CW500015,2024-03,SE,0.942,20,39
CW500015,2024-03,MW,0.977,86,58
CW500015,2024-03,TX,0.959,93,52
CW500015,2024-03,MTN,0.964,66,58
CW500015,2024-03,PSW,0.997,49,56
CW500015,2024-03,PNW,0.999,77,52
CW500015,2024-04,NE,0.956,64,52
CW500015,2024-04,MA,0.993,76,61
CW500015,2024-04,SE,0.974,31,41
CW500015,2024-04,MW,0.933,82,67
CW500015,2024-04,TX,0.935,61,63
CW500015,2024-04,MTN,0.93,55,62
CW500015,2024-04,PSW,0.967,69,69
CW500015,2024-04,PNW,0.936,31,60
CW500015,2024-05,NE,0.989,99,57
CW500015,2024-05,MA,0.995,97,69
CW500015,2024-05,SE,0.953,46,47
CW500015,2024-05,MW,0.938,88,76
CW500015,2024-05,TX,0.989,41,64
CW500015,2024-05,MTN,0.968,70,75
CW500015,2024-05,PSW,0.984,119,71
CW500015,2024-05,PNW,0.934,44,59
CW500015,2024-06,NE,0.96,111,61
CW500015,2024-06,MA,0.982,103,71
CW500015,2024-06,SE,0.932,82,55
CW500015,2024-06,MW,0.939,130,77
CW500015,2024-06,TX,0.96,52,73
CW500015,2024-06,MTN,0.951,67,73
CW500015,2024-06,PSW,0.99,51,68
CW500015,2024-06,PNW,0.971,110,66
CW500015,2024-07,NE,0.974,71,55
CW500015,2024-07,MA,0.995,110,72
CW500015,2024-07,SE,0.951,66,50
CW500015,2024-07,MW,0.995,101,74
CW500015,2024-07,TX,0.961,102,74
CW500015,2024-07,MTN,0.955,48,71
CW500015,2024-07,PSW,0.971,40,79
CW500015,2024-07,PNW,0.973,50,64
CW500015,2024-08,NE,0.987,67,46
CW500015,2024-08,MA,0.991,33,65
CW500015,2024-08,SE,0.959,69,44
CW500015,2024-08,MW,0.995,106,61
CW500015,2024-08,TX,0.959,36,68
CW500015,2024-08,MTN,0.995,49,63
CW500015,2024-08,PSW,0.959,36,64
CW500015,2024-08,PNW,0.934,99,56
CW500015,2024-09,NE,0.974,26,44
CW500015,2024-09,MA,0.947,119,67
CW500015,2024-09,SE,0.95,74,45
CW500015,2024-09,MW,0.951,47,57
CW500015,2024-09,TX,0.932,82,62
CW500015,2024-09,MTN,0.992,80,54
CW500015,2024-09,PSW,0.994,97,58
CW500015,2024-09,PNW,0.958,65,55
CW500015,2024-10,NE,0.994,42,36
CW500015,2024-10,MA,0.953,35,54
CW500015,2024-10,SE,0.991,20,36
CW500015,2024-10,MW,0.94,34,55
CW500015,2024-10,TX,0.931,28,48
CW500015,2024-10,MTN,0.968,89,48
CW500015,2024-10,PSW,0.962,102,55
CW500015,2024-10,PNW,0.962,23,45
CW500015,2024-11,NE,1.0,55,35
CW500015,2024-11,MA,0.94,29,49
CW500015,2024-11,SE,0.937,50,36
CW500015,2024-11,MW,0.996,80,44
CW500015,2024-11,TX,0.952,53,47
CW500015,2024-11,MTN,0.984,53,48
CW500015,2024-11,PSW,0.953,75,52
CW500015,2024-11,PNW,0.975,47,39
CW500015,2024-12,NE,0.973,27,33
CW500015,2024-12,MA,0.936,75,48
CW500015,2024-12,SE,0.95,41,33
CW500015,2024-12,MW,0.972,32,48
CW500015,2024-12,TX,0.964,74,47
CW500015,2024-12,MTN,0.946,33,47
CW500015,2024-12,PSW,0.968,72,49
CW500015,2024-12,PNW,0.96,66,42
CW500015,2025-01,NE,0.954,68,36
CW500015,2025-01,MA,0.955,43,52
CW500015,2025-01,SE,0.993,53,32
CW500015,2025-01,MW,0.943,58,49
CW500015,2025-01,TX,0.938,52,43
CW500015,2025-01,MTN,0.986,57,45
CW500015,2025-01,PSW,0.961,25,46
CW500015,2025-01,PNW,0.94,54,45
CW500015,2025-02,NE,0.986,62,38
CW500015,2025-02,MA,0.934,74,62
CW500015,2025-02,SE,0.971,57,38
CW500015,2025-02,MW,0.981,28,48
CW500015,2025-02,TX,0.971,64,52
CW500015,2025-02,MTN,0.999,40,48
CW500015,2025-02,PSW,0.955,25,52
CW500015,2025-02,PNW,0.991,51,41
CW500015,2025-03,NE,0.987,54,49
CW500015,2025-03,MA,0.952,40,68
CW500015,2025-03,SE,0.985,53,38
CW500015,2025-03,MW,0.97,124,65
CW500015,2025-03,TX,0.989,54,59
CW500015,2025-03,MTN,0.971,105,56
CW500015,2025-03,PSW,0.964,64,64
CW500015,2025-03,PNW,0.932,43,54
CW500015,2025-04,NE,0.986,35,49
CW500015,2025-04,MA,0.976,47,67
CW500015,2025-04,SE,0.958,70,49
CW500015,2025-04,MW,0.949,67,71
CW500015,2025-04,TX,0.932,129,72
CW500015,2025-04,MTN,0.954,87,71
CW500015,2025-04,PSW,0.958,90,78
CW500015,2025-04,PNW,0.999,76,59
CW500015,2025-05,NE,0.974,45,56
CW500015,2025-05,MA,0.944,107,80
CW500015,2025-05,SE,0.947,89,51
CW500015,2025-05,MW,0.941,74,72
CW500015,2025-05,TX,0.979,109,76
CW500015,2025-05,MTN,0.983,72,72
CW500015,2025-05,PSW,0.935,143,82
CW500015,2025-05,PNW,0.971,111,68
CW500015,2025-06,NE,0.966,51,55
CW500015,2025-06,MA,0.992,111,82
CW500015,2025-06,SE,0.997,37,55
CW500015,2025-06,MW,0.971,101,83
CW500015,2025-06,TX,0.992,63,71
CW500015,2025-06,MTN,0.953,128,75
CW500015,2025-06,PSW,0.957,46,86
CW500015,2025-06,PNW,0.997,35,67
CW500015,2025-07,NE,0.939,32,62
CW500015,2025-07,MA,0.96,63,77
CW500015,2025-07,SE,0.96,49,53
CW500015,2025-07,MW,0.978,76,75
CW500015,2025-07,TX,0.97,71,69
CW500015,2025-07,MTN,1.0,52,79
CW500015,2025-07,PSW,0.974,112,76
CW500015,2025-07,PNW,0.934,64,70
CW500015,2025-08,NE,0.978,57,51
CW500015,2025-08,MA,0.983,95,77
CW500015,2025-08,SE,0.996,58,47
CW500015,2025-08,MW,0.988,126,67
CW500015,2025-08,TX,0.953,112,67
CW500015,2025-08,MTN,0.981,91,73
CW500015,2025-08,PSW,0.972,129,75
CW500015,2025-08,PNW,0.965,82,65
CW500015,2025-09,NE,0.982,80,46
CW500015,2025-09,MA,0.952,116,66
CW500015,2025-09,SE,0.955,41,47
CW500015,2025-09,MW,0.986,110,64
CW500015,2025-09,TX,0.931,65,61
CW500015,2025-09,MTN,0.933,65,64
CW500015,2025-09,PSW,0.936,103,67
CW500015,2025-09,PNW,0.956,24,51
CW500015,2025-10,NE,0.968,70,41
CW500015,2025-10,MA,0.941,95,57
CW500015,2025-10,SE,0.944,35,39
CW500015,2025-10,MW,0.98,70,53
CW500015,2025-10,TX,0.97,59,55
CW500015,2025-10,MTN,0.938,89,59
CW500015,2025-10,PSW,0.966,57,59
CW500015,2025-10,PNW,0.942,41,49
CW500015,2025-11,NE,0.971,38,36
CW500015,2025-11,MA,0.998,53,50
CW500015,2025-11,SE,0.971,62,32
CW500015,2025-11,MW,0.994,61,51
CW500015,2025-11,TX,0.939,94,54
CW500015,2025-11,MTN,0.999,47,46
CW500015,2025-11,PSW,0.974,55,51
CW500015,2025-11,PNW,1.0,22,44
CW500015,2025-12,NE,0.992,62,38
CW500015,2025-12,MA,0.947,97,54
CW500015,2025-12,SE,0.978,55,33
CW500015,2025-12,MW,0.963,79,45
CW500015,2025-12,TX,0.962,40,50
CW500015,2025-12,MTN,0.979,72,44
CW500015,2025-12,PSW,0.932,80,50
CW500015,2025-12,PNW,0.954,81,44
CW500018,2024-01,NE,0.952,144,94
CW500018,2024-01,MA,0.938,170,130
CW500018,2024-01,SE,0.955,196,114
CW500018,2024-01,MW,0.963,124,95
CW500018,2024-01,TX,0.973,177,128
CW500018,2024-01,MTN,0.94,140,122
CW500018,2024-01,PSW,0.983,137,135
CW500018,2024-01,PNW,0.993,148,119
CW500018,2024-02,NE,0.985,197,101
CW500018,2024-02,MA,0.932,206,150
CW500018,2024-02,SE,0.973,185,119
CW500018,2024-02,MW,0.94,170,100
CW500018,2024-02,TX,0.953,266,145
CW500018,2024-02,MTN,0.979,187,131
CW500018,2024-02,PSW,0.992,158,156
CW500018,2024-02,PNW,0.984,100,143
CW500018,2024-03,NE,0.974,239,126
CW500018,2024-03,MA,0.95,293,157
CW500018,2024-03,SE,0.992,239,136
CW500018,2024-03,MW,0.984,115,124
CW500018,2024-03,TX,0.941,305,171
CW500018,2024-03,MTN,0.979,96,159
CW500018,2024-03,PSW,1.0,105,171
CW500018,2024-03,PNW,0.965,110,181
CW500018,2024-04,NE,0.932,110,136
CW500018,2024-04,MA,0.951,198,190
CW500018,2024-04,SE,0.975,137,158
CW500018,2024-04,MW,0.972,78,122
CW500018,2024-04,TX,0.933,189,204
CW500018,2024-04,MTN,0.985,351,193
CW500018,2024-04,PSW,0.971,133,193
CW500018,2024-04,PNW,0.985,349,198
CW500018,2024-05,NE,0.96,185,155
CW500018,2024-05,MA,0.992,279,189
CW500018,2024-05,SE,0.985,84,171
CW500018,2024-05,MW,0.963,75,142
CW500018,2024-05,TX,0.997,98,187
CW500018,2024-05,MTN,0.964,201,210
CW500018,2024-05,PSW,0.97,420,225
CW500018,2024-05,PNW,0.968,342,193
CW500018,2024-06,NE,0.952,263,164
CW500018,2024-06,MA,0.983,141,213
CW500018,2024-06,SE,0.991,179,166
CW500018,2024-06,MW,0.942,130,148
CW500018,2024-06,TX,0.933,369,206
CW500018,2024-06,MTN,0.988,359,189
CW500018,2024-06,PSW,0.978,270,223
CW500018,2024-06,PNW,0.943,267,222
CW500018,2024-07,NE,0.963,284,161
CW500018,2024-07,MA,0.949,157,205
CW500018,2024-07,SE,0.992,120,171
CW500018,2024-07,MW,0.946,115,154
CW500018,2024-07,TX,0.988,96,192
CW500018,2024-07,MTN,0.989,225,192
CW500018,2024-07,PSW,0.949,349,209
CW500018,2024-07,PNW,0.945,377,221
CW500018,2024-08,NE,0.943,146,137
CW500018,2024-08,MA,0.951,221,197
CW500018,2024-08,SE,0.98,102,169
CW500018,2024-08,MW,0.981,169,134
CW500018,2024-08,TX,0.935,250,198
CW500018,2024-08,MTN,0.986,215,197
CW500018,2024-08,PSW,0.967,380,206
CW500018,2024-08,PNW,0.95,287,212
CW500018,2024-09,NE,0.972,213,119
CW500018,2024-09,MA,1.0,221,160
CW500018,2024-09,SE,0.996,185,148
CW500018,2024-09,MW,0.995,64,125
CW500018,2024-09,TX,0.956,168,179
CW500018,2024-09,MTN,0.937,258,179
CW500018,2024-09,PSW,0.935,144,198
CW500018,2024-09,PNW,0.954,259,182
CW500018,2024-10,NE,0.932,230,125
CW500018,2024-10,MA,0.992,200,137
CW500018,2024-10,SE,0.967,107,121
CW500018,2024-10,MW,0.936,120,112
CW500018,2024-10,TX,0.933,134,166
CW500018,2024-10,MTN,0.972,175,160
CW500018,2024-10,PSW,0.954,284,153
CW500018,2024-10,PNW,0.968,241,149
CW500018,2024-11,NE,0.974,64,108
CW500018,2024-11,MA,0.992,224,119
CW500018,2024-11,SE,0.937,198,114
CW500018,2024-11,MW,0.963,173,90
CW500018,2024-11,TX,0.972,213,128
CW500018,2024-11,MTN,0.952,76,129
CW500018,2024-11,PSW,0.964,132,148
CW500018,2024-11,PNW,0.931,133,145
CW500018,2024-12,NE,0.951,136,98
CW500018,2024-12,MA,0.961,151,120
CW500018,2024-12,SE,0.936,59,105
CW500018,2024-12,MW,0.999,104,95
CW500018,2024-12,TX,0.995,76,119
CW500018,2024-12,MTN,0.975,232,120
CW500018,2024-12,PSW,0.939,181,152
CW500018,2024-12,PNW,0.935,225,143
CW500018,2025-01,NE,0.948,69,103
CW500018,2025-01,MA,0.966,69,122
CW500018,2025-01,SE,0.937,92,121
CW500018,2025-01,MW,0.974,184,98
CW500018,2025-01,TX,0.992,132,133
CW500018,2025-01,MTN,0.967,239,135
CW500018,2025-01,PSW,0.981,276,148
CW500018,2025-01,PNW,0.94,252,143
CW500018,2025-02,NE,0.969,191,113
CW500018,2025-02,MA,0.986,284,148
CW500018,2025-02,SE,0.956,66,138
CW500018,2025-02,MW,0.968,95,106
CW500018,2025-02,TX,0.991,115,150
CW500018,2025-02,MTN,0.97,147,156
CW500018,2025-02,PSW,0.97,124,158
CW500018,2025-02,PNW,0.977,180,152
CW500018,2025-03,NE,0.935,225,142
CW500018,2025-03,MA,0.973,149,164
CW500018,2025-03,SE,0.934,263,166
CW500018,2025-03,MW,0.976,180,115
CW500018,2025-03,TX,0.991,274,181
CW500018,2025-03,MTN,0.978,294,163
CW500018,2025-03,PSW,0.951,193,189
CW500018,2025-03,PNW,0.973,282,189
CW500018,2025-04,NE,0.957,84,142
CW500018,2025-04,MA,0.987,248,203
CW500018,2025-04,SE,0.945,92,178
CW500018,2025-04,MW,0.995,239,147
CW500018,2025-04,TX,0.977,273,211
CW500018,2025-04,MTN,0.983,177,185
CW500018,2025-04,PSW,0.93,369,234
CW500018,2025-04,PNW,0.961,351,192
CW500018,2025-05,NE,0.948,206,179
CW500018,2025-05,MA,0.962,234,207
CW500018,2025-05,SE,0.992,169,192
CW500018,2025-05,MW,0.942,180,159
CW500018,2025-05,TX,0.937,136,209
CW500018,2025-05,MTN,0.984,307,203
CW500018,2025-05,PSW,0.945,229,251
CW500018,2025-05,PNW,0.966,427,235
CW500018,2025-06,NE,0.938,92,185
CW500018,2025-06,MA,0.947,229,236
CW500018,2025-06,SE,0.947,336,204
CW500018,2025-06,MW,0.95,161,150
CW500018,2025-06,TX,0.935,206,249
CW500018,2025-06,MTN,0.991,432,219
CW500018,2025-06,PSW,0.978,368,224
CW500018,2025-06,PNW,0.974,296,230
CW500018,2025-07,NE,0.968,122,169
CW500018,2025-07,MA,0.98,247,221
CW500018,2025-07,SE,0.992,143,174
CW500018,2025-07,MW,0.974,248,145
CW500018,2025-07,TX,0.974,259,219
CW500018,2025-07,MTN,0.955,345,233
CW500018,2025-07,PSW,0.962,243,222
CW500018,2025-07,PNW,0.933,372,221
CW500018,2025-08,NE,0.972,153,159
CW500018,2025-08,MA,0.996,268,180
CW500018,2025-08,SE,0.963,156,168
CW500018,2025-08,MW,0.965,213,148
CW500018,2025-08,TX,0.961,203,217
CW500018,2025-08,MTN,0.959,373,200
CW500018,2025-08,PSW,0.997,373,197
CW500018,2025-08,PNW,0.999,174,199
CW500018,2025-09,NE,0.983,187,135
CW500018,2025-09,MA,0.975,219,165
CW500018,2025-09,SE,0.964,259,153
CW500018,2025-09,MW,0.977,230,125
CW500018,2025-09,TX,0.98,213,192
CW500018,2025-09,MTN,0.959,116,183
CW500018,2025-09,PSW,0.989,228,181
CW500018,2025-09,PNW,0.956,119,184
CW500018,2025-10,NE,0.936,214,132
CW500018,2025-10,MA,0.986,227,154
CW500018,2025-10,SE,0.985,151,138
CW500018,2025-10,MW,0.993,175,108
CW500018,2025-10,TX,0.985,171,155
CW500018,2025-10,MTN,0.991,262,151
CW500018,2025-10,PSW,0.99,193,170
CW500018,2025-10,PNW,0.959,252,160
CW500018,2025-11,NE,0.991,77,105
CW500018,2025-11,MA,0.968,140,135
CW500018,2025-11,SE,0.947,216,122
CW500018,2025-11,MW,0.993,185,103
CW500018,2025-11,TX,0.932,207,155
CW500018,2025-11,MTN,0.995,163,133
CW500018,2025-11,PSW,0.954,243,145
CW500018,2025-11,PNW,0.969,112,153
CW500018,2025-12,NE,0.939,68,110
CW500018,2025-12,MA,1.0,254,130
CW500018,2025-12,SE,0.937,133,121
CW500018,2025-12,MW,0.962,100,93
CW500018,2025-12,TX,0.965,166,150
CW500018,2025-12,MTN,0.952,82,137
CW500018,2025-12,PSW,0.993,164,135
CW500018,2025-12,PNW,0.96,206,138
CW500021,2024-01,NE,0.951,86,56
CW500021,2024-01,MA,0.966,71,42
CW500021,2024-01,SE,0.986,57,49
CW500021,2024-01,MW,0.966,52,46
CW500021,2024-01,TX,0.947,74,40
CW500021,2024-01,MTN,0.983,86,57
CW500021,2024-01,PSW,0.97,51,47
CW500021,2024-01,PNW,0.977,54,58
CW500021,2024-02,NE,0.936,102,57
CW500021,2024-02,MA,0.961,38,52
CW500021,2024-02,SE,0.933,34,57
CW500021,2024-02,MW,0.983,92,48
CW500021,2024-02,TX,0.947,65,47
CW500021,2024-02,MTN,0.959,87,62
CW500021,2024-02,PSW,0.965,33,51
CW500021,2024-02,PNW,0.939,46,64
CW500021,2024-03,NE,0.96,83,74
CW500021,2024-03,MA,0.932,81,65
CW500021,2024-03,SE,0.977,36,62
CW500021,2024-03,MW,0.937,71,56
CW500021,2024-03,TX,0.958,41,53
CW500021,2024-03,MTN,0.963,61,82
CW500021,2024-03,PSW,0.936,94,58
CW500021,2024-03,PNW,0.938,125,76
CW500021,2024-04,NE,0.98,115,82
CW500021,2024-04,MA,0.995,46,65
CW500021,2024-04,SE,0.961,87,77
CW500021,2024-04,MW,0.945,84,65
CW500021,2024-04,TX,0.953,104,64
CW500021,2024-04,MTN,0.984,81,82
CW500021,2024-04,PSW,0.987,108,67
CW500021,2024-04,PNW,0.941,82,95
CW500021,2024-05,NE,0.968,105,86
CW500021,2024-05,MA,0.967,63,72
CW500021,2024-05,SE,0.933,136,78
CW500021,2024-05,MW,0.96,94,68
CW500021,2024-05,TX,0.944,98,68
CW500021,2024-05,MTN,0.986,180,94
CW500021,2024-05,PSW,0.992,65,72
CW500021,2024-05,PNW,0.943,110,97
CW500021,2024-06,NE,0.975,172,93
CW500021,2024-06,MA,0.955,61,71
CW500021,2024-06,SE,0.973,149,82
CW500021,2024-06,MW,0.976,118,67
CW500021,2024-06,TX,0.936,64,68
CW500021,2024-06,MTN,0.996,85,90
CW500021,2024-06,PSW,0.983,99,70
CW500021,2024-06,PNW,0.933,55,102
CW500021,2024-07,NE,0.995,114,85
CW500021,2024-07,MA,0.965,50,70
CW500021,2024-07,SE,0.953,52,86
CW500021,2024-07,MW,0.965,50,66
CW500021,2024-07,TX,0.938,123,72
CW500021,2024-07,MTN,0.986,108,87
CW500021,2024-07,PSW,0.958,71,78
CW500021,2024-07,PNW,0.994,142,96
CW500021,2024-08,NE,0.957,44,86
CW500021,2024-08,MA,0.968,35,71
CW500021,2024-08,SE,0.999,127,68
CW500021,2024-08,MW,0.946,89,69
CW500021,2024-08,TX,0.982,113,61
CW500021,2024-08,MTN,0.934,136,85
CW500021,2024-08,PSW,0.948,54,69
CW500021,2024-08,PNW,0.984,46,90
CW500021,2024-09,NE,0.954,98,75
CW500021,2024-09,MA,0.986,53,56
CW500021,2024-09,SE,0.943,107,64
CW500021,2024-09,MW,0.97,87,56
CW500021,2024-09,TX,0.966,102,57
CW500021,2024-09,MTN,0.933,118,83
CW500021,2024-09,PSW,0.962,37,64
CW500021,2024-09,PNW,0.991,138,81
CW500021,2024-10,NE,0.939,78,59
CW500021,2024-10,MA,0.986,66,51
CW500021,2024-10,SE,0.993,55,55
CW500021,2024-10,MW,0.933,81,51
CW500021,2024-10,TX,0.976,80,49
CW500021,2024-10,MTN,0.969,116,65
CW500021,2024-10,PSW,0.941,85,56
CW500021,2024-10,PNW,0.945,123,76
CW500021,2024-11,NE,0.974,52,53
CW500021,2024-11,MA,0.979,80,47
CW500021,2024-11,SE,0.96,55,54
CW500021,2024-11,MW,0.961,41,46
CW500021,2024-11,TX,0.961,67,44
CW500021,2024-11,MTN,0.936,92,68
CW500021,2024-11,PSW,0.938,57,51
CW500021,2024-11,PNW,0.95,32,68
CW500021,2024-12,NE,0.997,82,57
CW500021,2024-12,MA,0.937,77,49
CW500021,2024-12,SE,0.952,89,53
CW500021,2024-12,MW,0.941,43,45
CW500021,2024-12,TX,0.968,51,43
CW500021,2024-12,MTN,0.95,116,63
CW500021,2024-12,PSW,0.965,25,42
CW500021,2024-12,PNW,0.946,71,59
CW500021,2025-01,NE,0.969,84,59
CW500021,2025-01,MA,0.976,39,48
CW500021,2025-01,SE,0.951,38,54
CW500021,2025-01,MW,0.994,51,48
CW500021,2025-01,TX,0.99,26,43
CW500021,2025-01,MTN,0.942,71,60
CW500021,2025-01,PSW,0.965,84,45
CW500021,2025-01,PNW,0.957,103,67
CW500021,2025-02,NE,0.972,37,64
CW500021,2025-02,MA,0.998,32,55
CW500021,2025-02,SE,0.995,119,61
CW500021,2025-02,MW,0.949,90,56
CW500021,2025-02,TX,0.94,40,46
CW500021,2025-02,MTN,0.988,129,74
CW500021,2025-02,PSW,0.972,65,56
CW500021,2025-02,PNW,0.937,135,81
CW500021,2025-03,NE,0.947,120,80
CW500021,2025-03,MA,0.966,59,59
CW500021,2025-03,SE,0.968,100,75
CW500021,2025-03,MW,0.946,39,63
CW500021,2025-03,TX,0.995,56,51
CW500021,2025-03,MTN,0.935,80,85
CW500021,2025-03,PSW,0.939,123,68
CW500021,2025-03,PNW,0.931,62,83
CW500021,2025-04,NE,0.947,144,91
CW500021,2025-04,MA,0.951,111,75
CW500021,2025-04,SE,0.943,70,75
CW500021,2025-04,MW,0.957,63,67
CW500021,2025-04,TX,0.995,35,67
CW500021,2025-04,MTN,0.949,65,99
CW500021,2025-04,PSW,0.938,126,71
CW500021,2025-04,PNW,0.966,129,90
CW500021,2025-05,NE,0.991,137,89
CW500021,2025-05,MA,0.962,77,84
CW500021,2025-05,SE,0.965,51,92
CW500021,2025-05,MW,0.987,80,75
CW500021,2025-05,TX,0.976,120,66
CW500021,2025-05,MTN,0.978,80,103
CW500021,2025-05,PSW,0.967,104,71
CW500021,2025-05,PNW,0.962,88,101
CW500021,2025-06,NE,0.975,44,90
CW500021,2025-06,MA,0.952,73,78
CW500021,2025-06,SE,0.955,113,96
CW500021,2025-06,MW,0.941,119,79
CW500021,2025-06,TX,0.949,85,75
CW500021,2025-06,MTN,0.969,122,107
CW500021,2025-06,PSW,0.99,107,80
CW500021,2025-06,PNW,0.975,135,98
CW500021,2025-07,NE,0.961,97,92
CW500021,2025-07,MA,0.991,71,81
CW500021,2025-07,SE,0.986,101,91
CW500021,2025-07,MW,0.946,45,78
CW500021,2025-07,TX,0.967,132,72
CW500021,2025-07,MTN,0.974,56,93
CW500021,2025-07,PSW,0.987,62,78
CW500021,2025-07,PNW,0.994,55,101
CW500021,2025-08,NE,0.961,150,91
CW500021,2025-08,MA,0.993,100,74
CW500021,2025-08,SE,0.993,142,80
CW500021,2025-08,MW,0.943,102,70
CW500021,2025-08,TX,0.994,102,62
CW500021,2025-08,MTN,0.937,157,98
CW500021,2025-08,PSW,0.995,129,74
CW500021,2025-08,PNW,0.97,140,91
CW500021,2025-09,NE,0.969,148,81
CW500021,2025-09,MA,0.936,40,67
CW500021,2025-09,SE,0.942,53,74
CW500021,2025-09,MW,0.954,70,66
CW500021,2025-09,TX,0.988,98,60
CW500021,2025-09,MTN,0.944,167,91
CW500021,2025-09,PSW,0.951,125,69
CW500021,2025-09,PNW,0.95,66,90
CW500021,2025-10,NE,0.948,36,64
CW500021,2025-10,MA,0.954,43,56
CW500021,2025-10,SE,0.948,66,61
CW500021,2025-10,MW,0.971,81,53
CW500021,2025-10,TX,0.95,89,54
CW500021,2025-10,MTN,0.963,62,70
CW500021,2025-10,PSW,0.93,90,59
CW500021,2025-10,PNW,0.997,130,80
CW500021,2025-11,NE,0.966,43,61
CW500021,2025-11,MA,0.986,74,50
CW500021,2025-11,SE,0.937,34,59
CW500021,2025-11,MW,0.988,50,48
CW500021,2025-11,TX,0.973,41,48
CW500021,2025-11,MTN,0.963,70,71
CW500021,2025-11,PSW,0.978,44,48
CW500021,2025-11,PNW,0.951,59,73
CW500021,2025-12,NE,0.976,59,61
CW500021,2025-12,MA,0.963,50,45
CW500021,2025-12,SE,0.971,72,58
CW500021,2025-12,MW,0.951,69,44
CW500021,2025-12,TX,0.944,78,43
CW500021,2025-12,MTN,0.993,63,61
CW500021,2025-12,PSW,0.982,41,45
CW500021,2025-12,PNW,0.997,93,65
CW500024,2024-01,NE,0.962,296,178
CW500024,2024-01,MA,0.951,118,174
CW500024,2024-01,SE,0.964,185,103
CW500024,2024-01,MW,0.945,112,166
CW500024,2024-01,TX,0.952,142,182
CW500024,2024-01,MTN,0.966,217,141
CW500024,2024-01,PSW,0.966,205,113
CW500024,2024-01,PNW,0.935,83,146
CW500024,2024-02,NE,1.0,339,194
CW500024,2024-02,MA,0.987,360,192
CW500024,2024-02,SE,0.999,98,119
CW500024,2024-02,MW,1.0,143,180
CW500024,2024-02,TX,0.984,178,183
CW500024,2024-02,MTN,0.998,255,146
CW500024,2024-02,PSW,0.93,224,132
CW500024,2024-02,PNW,0.962,80,153
CW500024,2024-03,NE,0.963,202,226
CW500024,2024-03,MA,0.938,402,231
CW500024,2024-03,SE,0.954,245,133
CW500024,2024-03,MW,0.945,153,195
CW500024,2024-03,TX,0.944,177,208
CW500024,2024-03,MTN,0.979,210,164
CW500024,2024-03,PSW,0.948,225,151
CW500024,2024-03,PNW,0.954,194,165
CW500024,2024-04,NE,0.969,415,239
CW500024,2024-04,MA,0.957,287,225
CW500024,2024-04,SE,0.932,309,168
CW500024,2024-04,MW,0.991,115,219
CW500024,2024-04,TX,0.994,403,230
CW500024,2024-04,MTN,0.973,327,185
CW500024,2024-04,PSW,0.958,170,161
CW500024,2024-04,PNW,0.931,224,219
CW500024,2024-05,NE,0.945,427,277
CW500024,2024-05,MA,0.986,367,272
CW500024,2024-05,SE,0.999,289,173
CW500024,2024-05,MW,0.979,404,249
CW500024,2024-05,TX,0.979,414,252
CW500024,2024-05,MTN,0.988,333,217
CW500024,2024-05,PSW,0.955,162,182
CW500024,2024-05,PNW,0.963,175,199
CW500024,2024-06,NE,0.981,200,267
CW500024,2024-06,MA,0.959,174,270
CW500024,2024-06,SE,0.96,222,166
CW500024,2024-06,MW,0.987,139,254
CW500024,2024-06,TX,0.963,142,282
CW500024,2024-06,MTN,0.976,192,225
CW500024,2024-06,PSW,0.943,117,184
CW500024,2024-06,PNW,0.99,369,215
CW500024,2024-07,NE,0.97,475,253
CW500024,2024-07,MA,0.946,322,250
CW500024,2024-07,SE,0.974,176,163
CW500024,2024-07,MW,0.944,151,274
CW500024,2024-07,TX,0.947,144,261
CW500024,2024-07,MTN,0.984,375,208
CW500024,2024-07,PSW,0.949,297,168
CW500024,2024-07,PNW,0.984,221,221
CW500024,2024-08,NE,0.994,198,252
CW500024,2024-08,MA,0.965,334,259
CW500024,2024-08,SE,0.941,116,155
CW500024,2024-08,MW,0.998,213,239
CW500024,2024-08,TX,0.963,131,265
CW500024,2024-08,MTN,0.958,278,197
CW500024,2024-08,PSW,0.931,289,167
CW500024,2024-08,PNW,0.958,241,200
CW500024,2024-09,NE,0.951,386,219
CW500024,2024-09,MA,0.969,228,232
CW500024,2024-09,SE,0.969,218,150
CW500024,2024-09,MW,0.97,219,212
CW500024,2024-09,TX,0.932,362,237
CW500024,2024-09,MTN,0.981,287,164
CW500024,2024-09,PSW,0.996,80,152
CW500024,2024-09,PNW,0.941,157,187
CW500024,2024-10,NE,0.97,339,191
CW500024,2024-10,MA,0.946,313,192
CW500024,2024-10,SE,0.962,68,118
CW500024,2024-10,MW,0.948,248,198
CW500024,2024-10,TX,0.95,92,193
CW500024,2024-10,MTN,0.972,155,161
CW500024,2024-10,PSW,0.986,82,128
CW500024,2024-10,PNW,0.965,130,162
CW500024,2024-11,NE,0.956,90,167
CW500024,2024-11,MA,0.981,134,162
CW500024,2024-11,SE,0.981,64,106
CW500024,2024-11,MW,0.988,201,169
CW500024,2024-11,TX,0.963,182,187
CW500024,2024-11,MTN,0.965,293,153
CW500024,2024-11,PSW,0.958,177,128
CW500024,2024-11,PNW,0.955,147,148
CW500024,2024-12,NE,0.999,208,176
CW500024,2024-12,MA,0.943,269,178
CW500024,2024-12,SE,0.951,187,105
CW500024,2024-12,MW,0.997,262,145
CW500024,2024-12,TX,0.995,205,172
CW500024,2024-12,MTN,0.998,153,138
CW500024,2024-12,PSW,0.972,152,117
CW500024,2024-12,PNW,0.996,70,132
CW500024,2025-01,NE,0.995,238,171
CW500024,2025-01,MA,0.99,330,180
CW500024,2025-01,SE,0.99,196,112
CW500024,2025-01,MW,0.972,225,161
CW500024,2025-01,TX,0.943,325,199
CW500024,2025-01,MTN,0.961,165,149
CW500024,2025-01,PSW,0.942,79,131
CW500024,2025-01,PNW,0.97,117,135
CW500024,2025-02,NE,0.965,344,190
CW500024,2025-02,MA,0.968,145,192
CW500024,2025-02,SE,0.971,258,134
CW500024,2025-02,MW,0.983,140,199
CW500024,2025-02,TX,0.971,376,197
CW500024,2025-02,MTN,0.965,207,162
CW500024,2025-02,PSW,0.956,191,126
CW500024,2025-02,PNW,0.939,77,156
CW500024,2025-03,NE,0.963,319,219
CW500024,2025-03,MA,0.931,429,239
CW500024,2025-03,SE,0.97,124,144
CW500024,2025-03,MW,0.938,284,220
CW500024,2025-03,TX,0.974,378,232
CW500024,2025-03,MTN,0.97,147,187
CW500024,2025-03,PSW,0.948,118,156
CW500024,2025-03,PNW,0.984,362,188
CW500024,2025-04,NE,0.969,172,248
CW500024,2025-04,MA,0.982,381,262
CW500024,2025-04,SE,0.965,232,173
CW500024,2025-04,MW,0.956,411,242
CW500024,2025-04,TX,0.994,410,246
CW500024,2025-04,MTN,0.932,244,210
CW500024,2025-04,PSW,0.985,174,159
CW500024,2025-04,PNW,0.946,118,208
CW500024,2025-05,NE,0.988,389,258
CW500024,2025-05,MA,0.956,205,287
CW500024,2025-05,SE,0.932,152,189
CW500024,2025-05,MW,0.946,354,260
CW500024,2025-05,TX,0.99,255,283
CW500024,2025-05,MTN,0.992,247,237
CW500024,2025-05,PSW,0.947,123,179
CW500024,2025-05,PNW,0.968,381,217
CW500024,2025-06,NE,0.935,432,309
CW500024,2025-06,MA,0.986,176,264
CW500024,2025-06,SE,0.937,243,183
CW500024,2025-06,MW,0.991,191,259
CW500024,2025-06,TX,0.952,158,326
CW500024,2025-06,MTN,0.934,147,257
CW500024,2025-06,PSW,0.938,180,213
CW500024,2025-06,PNW,1.0,230,215
CW500024,2025-07,NE,0.979,416,278
CW500024,2025-07,MA,0.996,522,285
CW500024,2025-07,SE,0.94,241,189
CW500024,2025-07,MW,0.954,240,274
CW500024,2025-07,TX,0.972,527,277
CW500024,2025-07,MTN,0.988,393,223
CW500024,2025-07,PSW,0.969,279,191
CW500024,2025-07,PNW,0.988,138,236
CW500024,2025-08,NE,0.967,495,273
CW500024,2025-08,MA,0.932,374,259
CW500024,2025-08,SE,0.972,327,179
CW500024,2025-08,MW,0.988,356,254
CW500024,2025-08,TX,0.937,223,294
CW500024,2025-08,MTN,0.945,228,214
CW500024,2025-08,PSW,0.969,293,179
CW500024,2025-08,PNW,0.983,391,206
CW500024,2025-09,NE,0.973,222,225
CW500024,2025-09,MA,0.965,146,250
CW500024,2025-09,SE,0.973,261,162
CW500024,2025-09,MW,0.964,322,219
CW500024,2025-09,TX,0.967,400,247
CW500024,2025-09,MTN,0.939,150,208
CW500024,2025-09,PSW,0.988,145,146
CW500024,2025-09,PNW,0.946,256,211
CW500024,2025-10,NE,0.978,267,205
CW500024,2025-10,MA,0.953,273,217
CW500024,2025-10,SE,0.944,229,132
CW500024,2025-10,MW,0.979,193,183
CW500024,2025-10,TX,0.95,239,209
CW500024,2025-10,MTN,0.932,148,160
CW500024,2025-10,PSW,0.998,166,137
CW500024,2025-10,PNW,0.985,264,167
CW500024,2025-11,NE,0.981,282,174
CW500024,2025-11,MA,0.996,212,192
CW500024,2025-11,SE,0.961,190,124
CW500024,2025-11,MW,0.941,153,178
CW500024,2025-11,TX,0.993,261,174
CW500024,2025-11,MTN,0.951,203,145
CW500024,2025-11,PSW,0.952,96,117
CW500024,2025-11,PNW,0.939,192,153
CW500024,2025-12,NE,0.931,156,181
CW500024,2025-12,MA,0.935,255,183
CW500024,2025-12,SE,0.936,182,115
CW500024,2025-12,MW,0.979,208,175
CW500024,2025-12,TX,0.964,218,186
CW500024,2025-12,MTN,0.953,94,160
CW500024,2025-12,PSW,0.946,88,132
CW500024,2025-12,PNW,0.981,121,150
CW500027,2024-01,NE,0.958,46,44
CW500027,2024-01,MA,0.958,30,57
CW500027,2024-01,SE,0.961,29,60
CW500027,2024-01,MW,0.941,67,53
CW500027,2024-01,TX,0.967,35,67
CW500027,2024-01,MTN,0.969,28,55
CW500027,2024-01,PSW,0.947,147,79
CW500027,2024-01,PNW,0.939,45,72
CW500027,2024-02,NE,0.968,98,51
CW500027,2024-02,MA,0.938,122,66
CW500027,2024-02,SE,0.97,110,62
CW500027,2024-02,MW,0.945,47,60
CW500027,2024-02,TX,0.991,134,71
CW500027,2024-02,MTN,0.97,68,62
CW500027,2024-02,PSW,0.956,118,78
CW500027,2024-02,PNW,0.936,65,80
CW500027,2024-03,NE,0.99,40,64
CW500027,2024-03,MA,0.971,129,72
CW500027,2024-03,SE,0.937,54,74
CW500027,2024-03,MW,0.941,95,62
CW500027,2024-03,TX,0.995,104,92
CW500027,2024-03,MTN,0.947,82,72
CW500027,2024-03,PSW,0.948,156,101
CW500027,2024-03,PNW,0.962,68,92
CW500027,2024-04,NE,0.975,120,74
CW500027,2024-04,MA,0.979,62,73
CW500027,2024-04,SE,0.966,146,90
CW500027,2024-04,MW,0.936,152,82
CW500027,2024-04,TX,0.94,112,101
CW500027,2024-04,MTN,0.938,58,86
CW500027,2024-04,PSW,0.994,215,112
CW500027,2024-04,PNW,0.941,53,112
CW500027,2024-05,NE,0.987,81,71
CW500027,2024-05,MA,0.936,150,89
CW500027,2024-05,SE,0.98,73,97
CW500027,2024-05,MW,0.957,124,82
CW500027,2024-05,TX,0.963,86,110
CW500027,2024-05,MTN,0.969,61,82
CW500027,2024-05,PSW,0.957,199,118
CW500027,2024-05,PNW,0.98,158,113
CW500027,2024-06,NE,0.934,58,85
CW500027,2024-06,MA,0.959,120,88
CW500027,2024-06,SE,0.996,76,87
CW500027,2024-06,MW,0.995,117,82
CW500027,2024-06,TX,0.963,170,109
CW500027,2024-06,MTN,0.938,87,95
CW500027,2024-06,PSW,0.945,72,132
CW500027,2024-06,PNW,0.968,196,118
CW500027,2024-07,NE,0.982,92,71
CW500027,2024-07,MA,0.983,143,79
CW500027,2024-07,SE,0.94,176,101
CW500027,2024-07,MW,0.993,151,77
CW500027,2024-07,TX,0.99,218,113
CW500027,2024-07,MTN,0.975,41,84
CW500027,2024-07,PSW,0.948,143,121
CW500027,2024-07,PNW,0.93,199,116
CW500027,2024-08,NE,0.968,83,68
CW500027,2024-08,MA,0.96,116,84
CW500027,2024-08,SE,0.968,57,83
CW500027,2024-08,MW,0.998,130,75
CW500027,2024-08,TX,0.981,125,110
CW500027,2024-08,MTN,0.99,129,84
CW500027,2024-08,PSW,0.999,216,113
CW500027,2024-08,PNW,0.943,57,107
CW500027,2024-09,NE,0.957,43,67
CW500027,2024-09,MA,0.93,75,78
CW500027,2024-09,SE,0.976,155,82
CW500027,2024-09,MW,0.988,109,66
CW500027,2024-09,TX,0.963,50,100
CW500027,2024-09,MTN,0.969,69,71
CW500027,2024-09,PSW,0.955,127,92
CW500027,2024-09,PNW,0.998,156,86
CW500027,2024-10,NE,0.976,58,60
CW500027,2024-10,MA,0.959,80,65
CW500027,2024-10,SE,0.945,97,74
CW500027,2024-10,MW,0.946,96,60
CW500027,2024-10,TX,0.974,153,83
CW500027,2024-10,MTN,0.944,67,64
CW500027,2024-10,PSW,0.968,124,84
CW500027,2024-10,PNW,0.963,43,84
CW500027,2024-11,NE,0.965,50,50
CW500027,2024-11,MA,0.984,104,55
CW500027,2024-11,SE,0.976,45,64
CW500027,2024-11,MW,0.998,102,56
CW500027,2024-11,TX,0.997,85,67
CW500027,2024-11,MTN,0.937,30,56
CW500027,2024-11,PSW,0.981,54,81
CW500027,2024-11,PNW,0.98,48,79
CW500027,2024-12,NE,0.941,70,50
CW500027,2024-12,MA,0.998,110,56
CW500027,2024-12,SE,0.972,54,62
CW500027,2024-12,MW,0.971,103,54
CW500027,2024-12,TX,0.999,75,68
CW500027,2024-12,MTN,0.934,88,53
CW500027,2024-12,PSW,0.969,96,76
CW500027,2024-12,PNW,0.96,100,73
CW500027,2025-01,NE,0.992,42,48
CW500027,2025-01,MA,0.944,68,63
CW500027,2025-01,SE,0.967,59,68
CW500027,2025-01,MW,0.978,84,51
CW500027,2025-01,TX,0.956,93,73
CW500027,2025-01,MTN,0.938,55,61
CW500027,2025-01,PSW,0.954,80,78
CW500027,2025-01,PNW,0.935,81,80
CW500027,2025-02,NE,0.939,44,62
CW500027,2025-02,MA,0.942,53,63
CW500027,2025-02,SE,0.961,40,67
CW500027,2025-02,MW,0.942,41,59
CW500027,2025-02,TX,0.958,116,81
CW500027,2025-02,MTN,0.985,117,64
CW500027,2025-02,PSW,0.947,155,85
CW500027,2025-02,PNW,0.98,147,83
CW500027,2025-03,NE,0.991,37,66
CW500027,2025-03,MA,0.994,130,77
CW500027,2025-03,SE,0.96,140,81
CW500027,2025-03,MW,0.933,85,67
CW500027,2025-03,TX,0.969,137,93
CW500027,2025-03,MTN,0.957,66,70
CW500027,2025-03,PSW,0.962,173,97
CW500027,2025-03,PNW,0.993,71,94
CW500027,2025-04,NE,0.985,88,71
CW500027,2025-04,MA,0.936,128,85
CW500027,2025-04,SE,0.987,79,92
CW500027,2025-04,MW,0.954,147,77
CW500027,2025-04,TX,0.933,66,108
CW500027,2025-04,MTN,0.982,137,85
CW500027,2025-04,PSW,0.97,109,112
CW500027,2025-04,PNW,1.0,165,113
CW500027,2025-05,NE,0.956,157,86
CW500027,2025-05,MA,0.968,107,97
CW500027,2025-05,SE,0.998,145,97
CW500027,2025-05,MW,0.985,105,80
CW500027,2025-05,TX,0.938,75,131
CW500027,2025-05,MTN,0.951,169,94
CW500027,2025-05,PSW,0.959,254,135
CW500027,2025-05,PNW,0.998,224,124
CW500027,2025-06,NE,0.942,114,93
CW500027,2025-06,MA,0.957,80,96
CW500027,2025-06,SE,0.974,192,100
CW500027,2025-06,MW,0.964,146,82
CW500027,2025-06,TX,1.0,103,125
CW500027,2025-06,MTN,0.969,118,100
CW500027,2025-06,PSW,0.944,108,135
CW500027,2025-06,PNW,0.967,157,117
CW500027,2025-07,NE,0.981,47,36
CW500027,2025-07,MA,0.982,71,39
CW500027,2025-07,SE,0.972,89,47
CW500027,2025-07,MW,0.997,40,39
CW500027,2025-07,TX,0.994,99,50
CW500027,2025-07,MTN,0.975,65,44
CW500027,2025-07,PSW,0.988,33,53
CW500027,2025-07,PNW,0.98,47,58
CW500027,2025-08,NE,0.984,31,31
CW500027,2025-08,MA,0.98,27,40
CW500027,2025-08,SE,0.953,66,40
CW500027,2025-08,MW,0.932,26,37
CW500027,2025-08,TX,0.934,86,55
CW500027,2025-08,MTN,0.937,52,42
CW500027,2025-08,PSW,0.955,70,53
CW500027,2025-08,PNW,0.947,66,48
CW500027,2025-09,NE,0.976,28,29
CW500027,2025-09,MA,0.942,19,36
CW500027,2025-09,SE,0.979,37,40
CW500027,2025-09,MW,0.993,16,31
CW500027,2025-09,TX,0.99,68,41
CW500027,2025-09,MTN,0.998,56,36
CW500027,2025-09,PSW,0.98,36,45
CW500027,2025-09,PNW,0.942,67,48
CW500027,2025-10,NE,0.998,37,27
CW500027,2025-10,MA,0.986,30,27
CW500027,2025-10,SE,0.936,23,33
CW500027,2025-10,MW,0.979,52,29
CW500027,2025-10,TX,0.989,26,38
CW500027,2025-10,MTN,0.977,48,27
CW500027,2025-10,PSW,0.94,60,43
CW500027,2025-10,PNW,0.973,22,38
CW500027,2025-11,NE,0.989,39,24
CW500027,2025-11,MA,0.94,16,28
CW500027,2025-11,SE,0.941,21,34
CW500027,2025-11,MW,0.986,18,26
CW500027,2025-11,TX,0.979,71,37
CW500027,2025-11,MTN,0.949,53,28
CW500027,2025-11,PSW,0.971,40,36
CW500027,2025-11,PNW,0.942,54,39
CW500027,2025-12,NE,0.976,25,22
CW500027,2025-12,MA,0.975,30,27
CW500027,2025-12,SE,0.95,16,30
CW500027,2025-12,MW,0.983,19,25
CW500027,2025-12,TX,0.993,53,35
CW500027,2025-12,MTN,0.992,18,27
CW500027,2025-12,PSW,0.993,37,37
CW500027,2025-12,PNW,0.991,28,32
CW500030,2024-01,NE,0.974,115,70
CW500030,2024-01,MA,0.942,91,83
CW500030,2024-01,SE,0.958,161,86
CW500030,2024-01,MW,0.966,124,67
CW500030,2024-01,TX,0.969,127,84
CW500030,2024-01,MTN,0.973,96,76
CW500030,2024-01,PSW,0.971,102,88
CW500030,2024-01,PNW,0.937,49,77
CW500030,2024-02,NE,0.97,88,75
CW500030,2024-02,MA,0.969,110,89
CW500030,2024-02,SE,0.932,112,99
CW500030,2024-02,MW,0.94,132,85
CW500030,2024-02,TX,0.974,97,95
CW500030,2024-02,MTN,0.939,124,85
CW500030,2024-02,PSW,0.994,135,99
CW500030,2024-02,PNW,0.987,103,89
CW500030,2024-03,NE,0.957,51,87
CW500030,2024-03,MA,0.964,140,104
CW500030,2024-03,SE,0.952,139,108
CW500030,2024-03,MW,0.989,140,83
CW500030,2024-03,TX,0.992,148,108
CW500030,2024-03,MTN,0.959,149,105
CW500030,2024-03,PSW,0.961,71,122
CW500030,2024-03,PNW,0.969,65,97
CW500030,2024-04,NE,0.938,85,101
CW500030,2024-04,MA,0.931,216,129
CW500030,2024-04,SE,0.932,119,122
CW500030,2024-04,MW,0.943,130,109
CW500030,2024-04,TX,0.952,184,125
CW500030,2024-04,MTN,0.986,148,110
CW500030,2024-04,PSW,0.994,200,144
CW500030,2024-04,PNW,0.97,220,121
CW500030,2024-05,NE,0.984,141,103
CW500030,2024-05,MA,0.981,95,136
CW500030,2024-05,SE,0.944,134,132
CW500030,2024-05,MW,0.988,195,104
CW500030,2024-05,TX,0.991,266,149
CW500030,2024-05,MTN,0.932,59,127
CW500030,2024-05,PSW,0.975,175,146
CW500030,2024-05,PNW,0.949,157,130
CW500030,2024-06,NE,0.968,208,113
CW500030,2024-06,MA,0.959,201,142
CW500030,2024-06,SE,0.96,78,137
CW500030,2024-06,MW,0.964,160,112
CW500030,2024-06,TX,0.965,209,146
CW500030,2024-06,MTN,0.933,117,138
CW500030,2024-06,PSW,0.981,239,167
CW500030,2024-06,PNW,0.97,87,125
CW500030,2024-07,NE,0.949,190,119
CW500030,2024-07,MA,0.94,232,148
CW500030,2024-07,SE,0.99,201,129
CW500030,2024-07,MW,0.941,136,112
CW500030,2024-07,TX,0.97,153,142
CW500030,2024-07,MTN,0.998,72,111
CW500030,2024-07,PSW,0.995,130,148
CW500030,2024-07,PNW,0.993,108,118
CW500030,2024-08,NE,0.951,150,109
CW500030,2024-08,MA,0.991,161,124
CW500030,2024-08,SE,0.957,90,126
CW500030,2024-08,MW,0.945,200,106
CW500030,2024-08,TX,0.977,99,139
CW500030,2024-08,MTN,0.933,203,110
CW500030,2024-08,PSW,0.93,141,146
CW500030,2024-08,PNW,0.954,204,124
CW500030,2024-09,NE,0.972,167,91
CW500030,2024-09,MA,0.937,211,126
CW500030,2024-09,SE,0.947,120,119
CW500030,2024-09,MW,0.995,73,95
CW500030,2024-09,TX,0.995,134,118
CW500030,2024-09,MTN,0.981,175,107
CW500030,2024-09,PSW,0.992,168,128
CW500030,2024-09,PNW,0.954,146,101
CW500030,2024-10,NE,0.999,77,74
CW500030,2024-10,MA,0.938,123,109
CW500030,2024-10,SE,0.959,83,102
CW500030,2024-10,MW,0.972,41,76
CW500030,2024-10,TX,0.994,80,96
CW500030,2024-10,MTN,0.987,153,91
CW500030,2024-10,PSW,0.949,141,107
CW500030,2024-10,PNW,0.962,126,95
CW500030,2024-11,NE,0.953,37,69
CW500030,2024-11,MA,0.994,163,84
CW500030,2024-11,SE,0.99,84,80
CW500030,2024-11,MW,0.965,123,79
CW500030,2024-11,TX,0.936,108,98
CW500030,2024-11,MTN,0.994,105,83
CW500030,2024-11,PSW,0.947,97,106
CW500030,2024-11,PNW,0.946,149,87
CW500030,2024-12,NE,0.957,56,65
CW500030,2024-12,MA,0.939,103,95
CW500030,2024-12,SE,0.974,112,78
CW500030,2024-12,MW,0.983,38,70
CW500030,2024-12,TX,0.944,142,100
CW500030,2024-12,MTN,0.995,60,81
CW500030,2024-12,PSW,0.984,123,98
CW500030,2024-12,PNW,0.941,135,83
CW500030,2025-01,NE,0.976,111,68
CW500030,2025-01,MA,0.985,89,94
CW500030,2025-01,SE,0.996,116,81
CW500030,2025-01,MW,0.964,77,75
CW500030,2025-01,TX,0.937,83,96
CW500030,2025-01,MTN,0.933,143,91
CW500030,2025-01,PSW,0.986,180,104
CW500030,2025-01,PNW,0.989,58,88
CW500030,2025-02,NE,0.991,93,76
CW500030,2025-02,MA,0.977,103,106
CW500030,2025-02,SE,0.996,182,98
CW500030,2025-02,MW,0.986,149,84
CW500030,2025-02,TX,0.985,61,104
CW500030,2025-02,MTN,0.978,168,96
CW500030,2025-02,PSW,0.951,54,108
CW500030,2025-02,PNW,0.94,81,99
CW500030,2025-03,NE,0.993,138,98
CW500030,2025-03,MA,0.936,173,132
CW500030,2025-03,SE,0.979,219,113
CW500030,2025-03,MW,0.962,174,101
CW500030,2025-03,TX,0.951,165,124
CW500030,2025-03,MTN,0.94,179,105
CW500030,2025-03,PSW,0.935,179,136
CW500030,2025-03,PNW,0.991,71,110
CW500030,2025-04,NE,0.94,117,106
CW500030,2025-04,MA,0.971,243,137
CW500030,2025-04,SE,0.938,221,127
CW500030,2025-04,MW,0.959,98,108
CW500030,2025-04,TX,0.97,282,149
CW500030,2025-04,MTN,0.963,175,129
CW500030,2025-04,PSW,0.941,186,164
CW500030,2025-04,PNW,0.939,204,124
CW500030,2025-05,NE,0.952,205,127
CW500030,2025-05,MA,0.977,158,145
CW500030,2025-05,SE,0.974,256,138
CW500030,2025-05,MW,0.955,219,130
CW500030,2025-05,TX,0.977,98,149
CW500030,2025-05,MTN,0.979,89,131
CW500030,2025-05,PSW,0.973,251,169
CW500030,2025-05,PNW,0.957,91,132
CW500030,2025-06,NE,0.959,186,117
CW500030,2025-06,MA,0.958,213,166
CW500030,2025-06,SE,0.936,76,151
CW500030,2025-06,MW,0.979,130,128
CW500030,2025-06,TX,0.983,231,167
CW500030,2025-06,MTN,0.941,252,143
CW500030,2025-06,PSW,0.968,85,167
CW500030,2025-06,PNW,0.934,244,141
CW500033,2024-01,NE,0.982,66,99
CW500033,2024-01,MA,0.944,218,131
CW500033,2024-01,SE,0.997,88,142
CW500033,2024-01,MW,0.986,236,121
CW500033,2024-01,TX,0.998,139,123
CW500033,2024-01,MTN,0.958,127,93
CW500033,2024-01,PSW,0.98,121,128
CW500033,2024-01,PNW,0.967,160,131
CW500033,2024-02,NE,0.942,123,113
CW500033,2024-02,MA,0.937,247,148
CW500033,2024-02,SE,0.955,82,162
CW500033,2024-02,MW,0.948,152,143
CW500033,2024-02,TX,0.967,118,159
CW500033,2024-02,MTN,0.986,105,114
CW500033,2024-02,PSW,0.933,106,166
CW500033,2024-02,PNW,0.966,274,151
CW500033,2024-03,NE,0.958,172,123
CW500033,2024-03,MA,0.974,158,154
CW500033,2024-03,SE,0.964,190,171
CW500033,2024-03,MW,0.943,195,161
CW500033,2024-03,TX,0.941,233,182
CW500033,2024-03,MTN,0.981,152,133
CW500033,2024-03,PSW,0.982,128,187
CW500033,2024-03,PNW,0.965,169,185
CW500033,2024-04,NE,0.968,244,134
CW500033,2024-04,MA,0.953,118,177
CW500033,2024-04,SE,0.961,311,208
CW500033,2024-04,MW,0.976,277,187
CW500033,2024-04,TX,0.97,280,184
CW500033,2024-04,MTN,0.951,270,158
CW500033,2024-04,PSW,0.996,170,189
CW500033,2024-04,PNW,0.943,297,196
CW500033,2024-05,NE,0.986,189,157
CW500033,2024-05,MA,0.934,402,217
CW500033,2024-05,SE,0.97,298,202
CW500033,2024-05,MW,0.947,291,184
CW500033,2024-05,TX,0.998,215,217
CW500033,2024-05,MTN,0.964,119,163
CW500033,2024-05,PSW,0.968,349,234
CW500033,2024-05,PNW,0.973,193,223
CW500033,2024-06,NE,0.983,185,171
CW500033,2024-06,MA,0.994,340,189
CW500033,2024-06,SE,0.986,114,227
CW500033,2024-06,MW,0.971,179,193
CW500033,2024-06,TX,0.993,129,225
CW500033,2024-06,MTN,0.932,267,167
CW500033,2024-06,PSW,0.992,374,221
CW500033,2024-06,PNW,0.961,226,213
CW500033,2024-07,NE,0.97,282,153
CW500033,2024-07,MA,0.961,366,195
CW500033,2024-07,SE,0.945,298,209
CW500033,2024-07,MW,0.932,245,212
CW500033,2024-07,TX,0.976,231,195
CW500033,2024-07,MTN,0.959,84,170
CW500033,2024-07,PSW,0.94,211,221
CW500033,2024-07,PNW,0.944,253,214
CW500033,2024-08,NE,0.983,182,152
CW500033,2024-08,MA,0.958,230,186
CW500033,2024-08,SE,0.935,170,218
CW500033,2024-08,MW,0.946,107,193
CW500033,2024-08,TX,0.976,322,183
CW500033,2024-08,MTN,0.992,167,145
CW500033,2024-08,PSW,0.932,238,228
CW500033,2024-08,PNW,0.99,229,208
CW500033,2024-09,NE,0.965,231,133
CW500033,2024-09,MA,0.979,199,169
CW500033,2024-09,SE,0.98,224,177
CW500033,2024-09,MW,0.992,266,146
CW500033,2024-09,TX,0.961,277,165
CW500033,2024-09,MTN,0.945,141,127
CW500033,2024-09,PSW,0.99,178,197
CW500033,2024-09,PNW,0.985,292,186
CW500033,2024-10,NE,0.931,107,118
CW500033,2024-10,MA,0.994,209,137
CW500033,2024-10,SE,0.934,172,159
CW500033,2024-10,MW,0.963,179,138
CW500033,2024-10,TX,1.0,104,144
CW500033,2024-10,MTN,0.955,65,122
CW500033,2024-10,PSW,0.98,265,164
CW500033,2024-10,PNW,0.996,184,155
CW500033,2024-11,NE,0.933,63,100
CW500033,2024-11,MA,0.968,111,126
CW500033,2024-11,SE,0.993,259,143
CW500033,2024-11,MW,0.947,191,141
CW500033,2024-11,TX,0.939,215,154
CW500033,2024-11,MTN,0.968,200,112
CW500033,2024-11,PSW,0.978,91,141
CW500033,2024-11,PNW,0.933,226,156
CW500033,2024-12,NE,0.958,196,109
CW500033,2024-12,MA,0.959,104,139
CW500033,2024-12,SE,0.971,141,140
CW500033,2024-12,MW,0.991,129,120
CW500033,2024-12,TX,0.988,75,129
CW500033,2024-12,MTN,0.946,113,98
CW500033,2024-12,PSW,0.94,251,136
CW500033,2024-12,PNW,0.973,158,135
CW500033,2025-01,NE,0.962,137,114
CW500033,2025-01,MA,0.972,217,133
CW500033,2025-01,SE,0.95,205,143
CW500033,2025-01,MW,0.944,149,141
CW500033,2025-01,TX,0.951,190,154
CW500033,2025-01,MTN,0.968,60,115
CW500033,2025-01,PSW,0.981,150,145
CW500033,2025-01,PNW,0.996,223,132
CW500033,2025-02,NE,0.947,77,117
CW500033,2025-02,MA,0.961,242,150
CW500033,2025-02,SE,0.998,271,163
CW500033,2025-02,MW,0.958,266,156
CW500033,2025-02,TX,0.967,274,157
CW500033,2025-02,MTN,0.937,165,115
CW500033,2025-02,PSW,0.975,150,170
CW500033,2025-02,PNW,0.967,175,159
CW500033,2025-03,NE,0.984,87,125
CW500033,2025-03,MA,0.938,84,176
CW500033,2025-03,SE,0.954,120,194
CW500033,2025-03,MW,0.965,286,177
CW500033,2025-03,TX,0.971,272,171
CW500033,2025-03,MTN,0.991,94,141
CW500033,2025-03,PSW,0.96,253,202
CW500033,2025-03,PNW,0.944,212,190
CW500033,2025-04,NE,0.99,82,144
CW500033,2025-04,MA,0.987,235,205
CW500033,2025-04,SE,0.95,150,208
CW500033,2025-04,MW,0.946,227,204
CW500033,2025-04,TX,0.965,381,217
CW500033,2025-04,MTN,0.979,276,158
CW500033,2025-04,PSW,0.989,123,202
CW500033,2025-04,PNW,0.962,372,207
CW500033,2025-05,NE,0.935,321,173
CW500033,2025-05,MA,0.974,417,214
CW500033,2025-05,SE,0.977,317,215
CW500033,2025-05,MW,0.981,202,200
CW500033,2025-05,TX,0.972,336,235
CW500033,2025-05,MTN,0.946,101,169
CW500033,2025-05,PSW,0.963,256,235
CW500033,2025-05,PNW,0.996,287,222
CW500033,2025-06,NE,0.995,275,180
CW500033,2025-06,MA,0.965,360,240
CW500033,2025-06,SE,0.955,303,263
CW500033,2025-06,MW,0.956,403,222
CW500033,2025-06,TX,0.934,171,230
CW500033,2025-06,MTN,0.946,147,169
CW500033,2025-06,PSW,0.94,448,270
CW500033,2025-06,PNW,0.941,341,251
CW500033,2025-07,NE,0.974,195,161
CW500033,2025-07,MA,0.966,334,218
CW500033,2025-07,SE,0.952,251,241
CW500033,2025-07,MW,0.937,320,198
CW500033,2025-07,TX,0.996,230,220
CW500033,2025-07,MTN,0.986,146,172
CW500033,2025-07,PSW,0.989,372,232
CW500033,2025-07,PNW,0.945,210,240
CW500033,2025-08,NE,0.98,268,161
CW500033,2025-08,MA,0.982,293,201
CW500033,2025-08,SE,0.991,274,214
CW500033,2025-08,MW,0.959,175,192
CW500033,2025-08,TX,0.964,383,214
CW500033,2025-08,MTN,0.939,234,167
CW500033,2025-08,PSW,0.963,340,226
CW500033,2025-08,PNW,0.942,212,232
CW500033,2025-09,NE,0.96,108,153
CW500033,2025-09,MA,0.958,160,188
CW500033,2025-09,SE,0.969,228,197
CW500033,2025-09,MW,0.987,93,177
CW500033,2025-09,TX,0.982,253,171
CW500033,2025-09,MTN,0.981,75,140
CW500033,2025-09,PSW,0.981,166,203
CW500033,2025-09,PNW,0.953,293,190
CW500033,2025-10,NE,0.982,108,126
CW500033,2025-10,MA,0.955,218,166
CW500033,2025-10,SE,0.968,141,168
CW500033,2025-10,MW,0.983,196,149
CW500033,2025-10,TX,0.975,297,156
CW500033,2025-10,MTN,0.998,180,115
CW500033,2025-10,PSW,0.994,235,158
CW500033,2025-10,PNW,0.944,117,172
CW500033,2025-11,NE,0.96,131,105
CW500033,2025-11,MA,0.938,170,154
CW500033,2025-11,SE,0.964,239,162
CW500033,2025-11,MW,0.935,148,146
CW500033,2025-11,TX,0.973,243,143
CW500033,2025-11,MTN,0.937,115,119
CW500033,2025-11,PSW,0.94,279,154
CW500033,2025-11,PNW,0.967,148,153
CW500033,2025-12,NE,0.977,195,101
CW500033,2025-12,MA,0.935,134,140
CW500033,2025-12,SE,0.946,236,151
CW500033,2025-12,MW,0.96,203,125
CW500033,2025-12,TX,0.954,128,138
CW500033,2025-12,MTN,0.945,163,120
CW500033,2025-12,PSW,0.96,172,162
CW500033,2025-12,PNW,0.981,261,141
CW500036,2024-01,NE,0.992,29,38
CW500036,2024-01,MA,0.986,23,42
CW500036,2024-01,SE,0.933,83,51
CW500036,2024-01,MW,0.988,41,39
CW500036,2024-01,TX,0.944,31,41
CW500036,2024-01,MTN,0.975,85,55
CW500036,2024-01,PSW,0.994,66,44
CW500036,2024-01,PNW,0.975,63,34
CW500036,2024-02,NE,0.98,41,48
CW500036,2024-02,MA,0.99,24,45
CW500036,2024-02,SE,0.954,106,56
CW500036,2024-02,MW,0.943,77,51
CW500036,2024-02,TX,0.941,26,52
CW500036,2024-02,MTN,0.932,89,62
CW500036,2024-02,PSW,0.968,88,48
CW500036,2024-02,PNW,0.933,54,42
CW500036,2024-03,NE,0.975,94,49
CW500036,2024-03,MA,0.954,40,50
CW500036,2024-03,SE,0.981,108,60
CW500036,2024-03,MW,0.97,62,59
CW500036,2024-03,TX,0.943,73,55
CW500036,2024-03,MTN,0.948,35,72
CW500036,2024-03,PSW,0.982,52,52
CW500036,2024-03,PNW,0.986,63,46
CW500036,2024-04,NE,0.978,38,63
CW500036,2024-04,MA,0.987,83,53
CW500036,2024-04,SE,0.977,106,76
CW500036,2024-04,MW,0.934,36,68
CW500036,2024-04,TX,0.937,38,67
CW500036,2024-04,MTN,0.943,117,77
CW500036,2024-04,PSW,0.964,37,64
CW500036,2024-04,PNW,0.938,44,54
CW500036,2024-05,NE,0.964,113,61
CW500036,2024-05,MA,0.936,103,70
CW500036,2024-05,SE,0.939,106,86
CW500036,2024-05,MW,0.978,58,63
CW500036,2024-05,TX,0.947,78,73
CW500036,2024-05,MTN,0.965,63,90
CW500036,2024-05,PSW,0.986,80,68
CW500036,2024-05,PNW,0.968,103,57
CW500036,2024-06,NE,0.978,108,70
CW500036,2024-06,MA,0.934,81,64
CW500036,2024-06,SE,0.94,49,81
CW500036,2024-06,MW,0.942,42,67
CW500036,2024-06,TX,0.988,118,64
CW500036,2024-06,MTN,0.949,101,82
CW500036,2024-06,PSW,0.937,61,77
CW500036,2024-06,PNW,0.952,67,59
CW500036,2024-07,NE,0.991,69,65
CW500036,2024-07,MA,0.953,91,68
CW500036,2024-07,SE,0.964,59,78
CW500036,2024-07,MW,0.994,87,70
CW500036,2024-07,TX,0.97,102,68
CW500036,2024-07,MTN,0.962,136,82
CW500036,2024-07,PSW,0.957,81,70
CW500036,2024-07,PNW,0.988,92,55
CW500036,2024-08,NE,0.977,42,64
CW500036,2024-08,MA,0.948,84,60
CW500036,2024-08,SE,1.0,43,75
CW500036,2024-08,MW,0.977,88,67
CW500036,2024-08,TX,0.99,39,59
CW500036,2024-08,MTN,0.997,103,79
CW500036,2024-08,PSW,0.964,79,62
CW500036,2024-08,PNW,0.985,41,51
CW500036,2024-09,NE,0.975,42,56
CW500036,2024-09,MA,0.983,75,52
CW500036,2024-09,SE,0.973,37,60
CW500036,2024-09,MW,0.962,60,54
CW500036,2024-09,TX,0.988,66,56
CW500036,2024-09,MTN,0.934,64,74
CW500036,2024-09,PSW,0.945,88,62
CW500036,2024-09,PNW,0.993,64,47
CW500036,2024-10,NE,0.966,68,45
CW500036,2024-10,MA,0.933,82,49
CW500036,2024-10,SE,0.983,33,58
CW500036,2024-10,MW,0.931,44,53
CW500036,2024-10,TX,0.942,36,48
CW500036,2024-10,MTN,0.963,55,59
CW500036,2024-10,PSW,0.97,79,49
CW500036,2024-10,PNW,0.945,54,41
CW500036,2024-11,NE,0.973,38,42
CW500036,2024-11,MA,0.989,50,39
CW500036,2024-11,SE,0.965,59,53
CW500036,2024-11,MW,0.953,41,45
CW500036,2024-11,TX,0.963,58,42
CW500036,2024-11,MTN,0.941,88,57
CW500036,2024-11,PSW,0.945,24,49
CW500036,2024-11,PNW,0.98,22,37
CW500036,2024-12,NE,0.965,53,41
CW500036,2024-12,MA,0.98,70,39
CW500036,2024-12,SE,0.98,76,46
CW500036,2024-12,MW,0.995,63,45
CW500036,2024-12,TX,0.951,41,43
CW500036,2024-12,MTN,0.974,81,52
CW500036,2024-12,PSW,0.97,70,43
CW500036,2024-12,PNW,0.971,19,34
CW500036,2025-01,NE,0.979,77,40
CW500036,2025-01,MA,0.945,63,46
CW500036,2025-01,SE,0.951,87,56
CW500036,2025-01,MW,0.98,27,47
CW500036,2025-01,TX,0.931,54,42
CW500036,2025-01,MTN,0.952,98,55
CW500036,2025-01,PSW,0.984,87,45
CW500036,2025-01,PNW,0.963,44,40
CW500036,2025-02,NE,0.954,64,50
CW500036,2025-02,MA,0.962,77,50
CW500036,2025-02,SE,0.957,114,64
CW500036,2025-02,MW,0.986,61,47
CW500036,2025-02,TX,0.976,33,50
CW500036,2025-02,MTN,0.982,85,59
CW500036,2025-02,PSW,0.941,82,52
CW500036,2025-02,PNW,0.941,24,47
CW500036,2025-03,NE,0.979,79,53
CW500036,2025-03,MA,0.973,31,59
CW500036,2025-03,SE,0.967,128,70
CW500036,2025-03,MW,0.978,51,55
CW500036,2025-03,TX,0.999,46,56
CW500036,2025-03,MTN,0.985,147,75
CW500036,2025-03,PSW,0.947,37,67
CW500036,2025-03,PNW,0.962,82,51
CW500036,2025-04,NE,0.999,55,62
CW500036,2025-04,MA,0.969,112,64
CW500036,2025-04,SE,0.997,87,72
CW500036,2025-04,MW,0.984,100,67
CW500036,2025-04,TX,0.944,118,64
CW500036,2025-04,MTN,0.994,81,81
CW500036,2025-04,PSW,0.94,49,74
CW500036,2025-04,PNW,0.952,74,57
CW500036,2025-05,NE,0.93,98,68
CW500036,2025-05,MA,0.933,37,69
CW500036,2025-05,SE,0.979,130,76
CW500036,2025-05,MW,0.988,92,67
CW500036,2025-05,TX,0.977,97,73
CW500036,2025-05,MTN,0.991,174,91
CW500036,2025-05,PSW,0.992,63,70
CW500036,2025-05,PNW,0.975,91,63
CW500036,2025-06,NE,0.997,42,67
CW500036,2025-06,MA,0.952,101,71
CW500036,2025-06,SE,0.946,135,82
CW500036,2025-06,MW,0.965,34,70
CW500036,2025-06,TX,0.942,43,71
CW500036,2025-06,MTN,0.995,123,86
CW500036,2025-06,PSW,0.94,95,85
CW500036,2025-06,PNW,0.986,32,61
CW500036,2025-07,NE,0.947,122,71
CW500036,2025-07,MA,0.986,108,73
CW500036,2025-07,SE,0.981,151,79
CW500036,2025-07,MW,0.973,110,78
CW500036,2025-07,TX,0.952,122,77
CW500036,2025-07,MTN,0.96,96,84
CW500036,2025-07,PSW,0.987,39,75
CW500036,2025-07,PNW,0.992,44,62
CW500036,2025-08,NE,0.964,102,64
CW500036,2025-08,MA,0.949,41,63
CW500036,2025-08,SE,0.957,53,82
CW500036,2025-08,MW,0.996,71,71
CW500036,2025-08,TX,0.972,124,69
CW500036,2025-08,MTN,0.934,79,85
CW500036,2025-08,PSW,0.999,49,65
CW500036,2025-08,PNW,0.942,33,58
CW500036,2025-09,NE,0.997,36,58
CW500036,2025-09,MA,0.932,89,61
CW500036,2025-09,SE,0.955,65,70
CW500036,2025-09,MW,0.999,59,64
CW500036,2025-09,TX,0.972,67,56
CW500036,2025-09,MTN,0.96,90,72
CW500036,2025-09,PSW,0.946,70,63
CW500036,2025-09,PNW,0.957,95,52
CW500036,2025-10,NE,0.97,54,48
CW500036,2025-10,MA,0.995,54,46
CW500036,2025-10,SE,0.944,92,61
CW500036,2025-10,MW,0.946,84,57
CW500036,2025-10,TX,0.95,63,55
CW500036,2025-10,MTN,0.95,58,67
CW500036,2025-10,PSW,0.98,29,52
CW500036,2025-10,PNW,0.99,42,45
CW500036,2025-11,NE,0.968,51,44
CW500036,2025-11,MA,0.995,37,45
CW500036,2025-11,SE,0.943,26,55
CW500036,2025-11,MW,0.987,36,49
CW500036,2025-11,TX,0.961,73,44
CW500036,2025-11,MTN,0.978,30,54
CW500036,2025-11,PSW,0.975,73,52
CW500036,2025-11,PNW,0.958,40,39
CW500036,2025-12,NE,0.992,44,41
CW500036,2025-12,MA,0.938,52,44
CW500036,2025-12,SE,0.987,84,50
CW500036,2025-12,MW,0.957,46,47
CW500036,2025-12,TX,0.963,76,46
CW500036,2025-12,MTN,0.937,95,57
CW500036,2025-12,PSW,0.981,39,49
CW500036,2025-12,PNW,0.994,81,42
CW500039,2024-01,NE,0.933,16,15
CW500039,2024-01,MA,0.962,32,18
CW500039,2024-01,SE,0.968,22,16
CW500039,2024-01,MW,0.985,24,13
CW500039,2024-01,TX,0.955,16,16
CW500039,2024-01,MTN,0.945,15,21
CW500039,2024-01,PSW,0.994,10,15
CW500039,2024-01,PNW,0.954,9,14
CW500039,2024-02,NE,0.952,21,16
CW500039,2024-02,MA,0.945,12,22
CW500039,2024-02,SE,0.956,26,19
CW500039,2024-02,MW,0.988,26,16
CW500039,2024-02,TX,0.983,10,17
CW500039,2024-02,MTN,0.994,16,19
CW500039,2024-02,PSW,0.973,15,16
CW500039,2024-02,PNW,0.95,24,13
CW500039,2024-03,NE,0.956,8,17
CW500039,2024-03,MA,0.948,39,23
CW500039,2024-03,SE,0.976,17,21
CW500039,2024-03,MW,0.961,16,16
CW500039,2024-03,TX,0.99,29,17
CW500039,2024-03,MTN,0.932,27,22
CW500039,2024-03,PSW,0.944,17,20
CW500039,2024-03,PNW,0.965,10,16
CW500039,2024-04,NE,0.961,24,20
CW500039,2024-04,MA,0.974,23,24
CW500039,2024-04,SE,0.967,26,21
CW500039,2024-04,MW,0.962,30,17
CW500039,2024-04,TX,0.947,18,19
CW500039,2024-04,MTN,0.967,27,22
CW500039,2024-04,PSW,0.944,20,20
CW500039,2024-04,PNW,0.952,22,16
CW500039,2024-05,NE,0.949,33,18
CW500039,2024-05,MA,0.978,28,24
CW500039,2024-05,SE,0.931,32,25
CW500039,2024-05,MW,0.974,35,18
CW500039,2024-05,TX,0.95,36,21
CW500039,2024-05,MTN,0.95,50,27
CW500039,2024-05,PSW,0.931,22,22
CW500039,2024-05,PNW,0.942,26,19
CW500039,2024-06,NE,0.981,27,21
CW500039,2024-06,MA,0.946,35,26
CW500039,2024-06,SE,0.97,29,24
CW500039,2024-06,MW,0.943,10,19
CW500039,2024-06,TX,0.933,33,21
CW500039,2024-06,MTN,0.964,46,24
CW500039,2024-06,PSW,0.999,21,24
CW500039,2024-06,PNW,0.99,9,17
CW500039,2024-07,NE,0.936,10,20
CW500039,2024-07,MA,0.981,19,24
CW500039,2024-07,SE,0.96,21,24
CW500039,2024-07,MW,0.968,19,20
CW500039,2024-07,TX,0.988,15,22
CW500039,2024-07,MTN,0.953,46,26
CW500039,2024-07,PSW,0.945,16,24
CW500039,2024-07,PNW,0.989,18,19
CW500039,2024-08,NE,0.967,18,18
CW500039,2024-08,MA,0.999,27,24
CW500039,2024-08,SE,0.999,43,22
CW500039,2024-08,MW,0.955,24,19
CW500039,2024-08,TX,0.962,32,19
CW500039,2024-08,MTN,0.951,48,27
CW500039,2024-08,PSW,0.977,22,20
CW500039,2024-08,PNW,0.932,25,19
CW500039,2024-09,NE,0.985,30,19
CW500039,2024-09,MA,0.974,26,23
CW500039,2024-09,SE,0.991,22,21
CW500039,2024-09,MW,0.961,31,18
CW500039,2024-09,TX,0.99,23,17
CW500039,2024-09,MTN,0.989,12,24
CW500039,2024-09,PSW,0.968,32,20
CW500039,2024-09,PNW,0.968,23,16
CW500039,2024-10,NE,0.976,35,18
CW500039,2024-10,MA,0.998,30,20
CW500039,2024-10,SE,0.955,20,19
CW500039,2024-10,MW,0.951,13,15
CW500039,2024-10,TX,0.98,26,16
CW500039,2024-10,MTN,0.987,20,21
CW500039,2024-10,PSW,0.972,28,19
CW500039,2024-10,PNW,0.932,9,16
CW500039,2024-11,NE,0.957,31,17
CW500039,2024-11,MA,0.984,34,18
CW500039,2024-11,SE,0.99,14,19
CW500039,2024-11,MW,0.994,10,16
CW500039,2024-11,TX,1.0,26,15
CW500039,2024-11,MTN,0.983,24,19
CW500039,2024-11,PSW,0.938,16,19
CW500039,2024-11,PNW,0.945,22,15
CW500039,2024-12,NE,0.974,30,16
CW500039,2024-12,MA,0.963,33,18
CW500039,2024-12,SE,0.984,22,19
CW500039,2024-12,MW,0.967,25,14
CW500039,2024-12,TX,0.995,30,16
CW500039,2024-12,MTN,0.984,21,19
CW500039,2024-12,PSW,0.971,22,17
CW500039,2024-12,PNW,0.982,14,14
CW500039,2025-01,NE,0.958,20,16
CW500039,2025-01,MA,0.959,25,19
CW500039,2025-01,SE,0.991,16,17
CW500039,2025-01,MW,0.965,27,15
CW500039,2025-01,TX,0.98,28,16
CW500039,2025-01,MTN,0.938,12,20
CW500039,2025-01,PSW,0.982,15,16
CW500039,2025-01,PNW,0.948,7,15
CW500039,2025-02,NE,0.966,25,17
CW500039,2025-02,MA,0.949,24,21
CW500039,2025-02,SE,0.938,36,20
CW500039,2025-02,MW,0.989,23,15
CW500039,2025-02,TX,0.936,23,18
CW500039,2025-02,MTN,0.932,26,23
CW500039,2025-02,PSW,0.985,15,18
CW500039,2025-02,PNW,0.957,11,15
CW500039,2025-03,NE,0.947,21,17
CW500039,2025-03,MA,0.955,29,23
CW500039,2025-03,SE,0.996,31,21
CW500039,2025-03,MW,0.947,26,17
CW500039,2025-03,TX,0.935,29,19
CW500039,2025-03,MTN,0.969,23,23
CW500039,2025-03,PSW,0.982,34,19
CW500039,2025-03,PNW,0.96,21,17
CW_NEW_0039,2025-04,NE,0.989,27,19
CW_NEW_0039,2025-04,MA,0.965,24,26
CW_NEW_0039,2025-04,SE,0.939,28,23
CW_NEW_0039,2025-04,MW,0.946,19,19
CW_NEW_0039,2025-04,TX,0.979,17,20
CW_NEW_0039,2025-04,MTN,0.968,44,25
CW_NEW_0039,2025-04,PSW,0.987,31,21
CW_NEW_0039,2025-04,PNW,0.963,28,19
CW_NEW_0039,2025-05,NE,0.969,13,22
CW_NEW_0039,2025-05,MA,0.979,23,25
CW_NEW_0039,2025-05,SE,0.986,49,27
CW_NEW_0039,2025-05,MW,0.996,24,21
CW_NEW_0039,2025-05,TX,0.991,21,22
CW_NEW_0039,2025-05,MTN,0.973,25,28
CW_NEW_0039,2025-05,PSW,0.995,39,21
CW_NEW_0039,2025-05,PNW,0.997,10,18
CW500039,2025-06,NE,0.934,25,24
CW500039,2025-06,MA,0.931,32,28
CW500039,2025-06,SE,0.954,27,25
CW500039,2025-06,MW,0.956,33,20
CW500039,2025-06,TX,0.963,18,23
CW500039,2025-06,MTN,0.969,33,28
CW500039,2025-06,PSW,0.986,17,25
CW500039,2025-06,PNW,0.972,31,19
CW500039,2025-07,NE,0.941,31,22
CW500039,2025-07,MA,0.975,25,27
CW500039,2025-07,SE,0.946,30,28
CW500039,2025-07,MW,0.93,41,22
CW500039,2025-07,TX,0.946,29,21
CW500039,2025-07,MTN,0.939,33,28
CW500039,2025-07,PSW,0.93,40,24
CW500039,2025-07,PNW,0.954,21,20
CW500039,2025-08,NE,0.942,13,21
CW500039,2025-08,MA,0.998,27,24
CW500039,2025-08,SE,0.94,26,26
CW500039,2025-08,MW,0.991,24,18
CW500039,2025-08,TX,0.968,26,19
CW500039,2025-08,MTN,0.968,23,25
CW500039,2025-08,PSW,0.991,36,24
CW500039,2025-08,PNW,0.979,12,19
CW500039,2025-09,NE,0.953,18,17
CW500039,2025-09,MA,0.95,30,26
CW500039,2025-09,SE,0.961,19,21
CW500039,2025-09,MW,0.987,29,18
CW500039,2025-09,TX,0.972,28,19
CW500039,2025-09,MTN,0.961,19,22
CW500039,2025-09,PSW,0.999,33,21
CW500039,2025-09,PNW,0.967,24,16
CW500039,2025-10,NE,0.992,28,18
CW500039,2025-10,MA,0.968,26,23
CW500039,2025-10,SE,0.935,15,22
CW500039,2025-10,MW,0.945,28,17
CW500039,2025-10,TX,0.944,32,19
CW500039,2025-10,MTN,0.971,12,24
CW500039,2025-10,PSW,0.947,36,20
CW500039,2025-10,PNW,0.942,17,18
CW500039,2025-11,NE,0.947,15,16
CW500039,2025-11,MA,0.995,40,22
CW500039,2025-11,SE,0.996,16,21
CW500039,2025-11,MW,0.93,30,18
CW500039,2025-11,TX,0.946,15,16
CW500039,2025-11,MTN,0.952,33,23
CW500039,2025-11,PSW,0.956,30,18
CW500039,2025-11,PNW,0.959,11,15
CW500039,2025-12,NE,0.985,22,16
CW500039,2025-12,MA,0.939,39,22
CW500039,2025-12,SE,0.943,15,22
CW500039,2025-12,MW,0.985,12,15
CW500039,2025-12,TX,0.942,14,15
CW500039,2025-12,MTN,0.942,37,20
CW500039,2025-12,PSW,0.966,26,17
CW500039,2025-12,PNW,0.978,28,15
CW500042,2024-01,NE,0.959,64,100
CW500042,2024-01,MA,0.937,128,138
CW500042,2024-01,SE,0.99,128,83
CW500042,2024-01,MW,0.966,143,121
CW500042,2024-01,TX,0.995,103,108
CW500042,2024-01,MTN,1.0,210,131
CW500042,2024-01,PSW,0.965,116,87
CW500042,2024-01,PNW,0.998,177,98
CW500042,2024-02,NE,0.963,205,116
CW500042,2024-02,MA,0.993,217,132
CW500042,2024-02,SE,0.945,51,88
CW500042,2024-02,MW,0.938,245,140
CW500042,2024-02,TX,0.983,70,122
CW500042,2024-02,MTN,0.961,225,145
CW500042,2024-02,PSW,0.969,71,87
CW500042,2024-02,PNW,0.988,113,117
CW500042,2024-03,NE,0.943,74,127
CW500042,2024-03,MA,0.931,284,154
CW500042,2024-03,SE,0.996,141,98
CW500042,2024-03,MW,0.941,64,135
CW500042,2024-03,TX,0.949,122,145
CW500042,2024-03,MTN,0.979,180,153
CW500042,2024-03,PSW,0.933,60,107
CW500042,2024-03,PNW,0.969,194,113
CW500042,2024-04,NE,0.992,117,128
CW500042,2024-04,MA,0.998,274,163
CW500042,2024-04,SE,0.938,170,103
CW500042,2024-04,MW,0.96,211,154
CW500042,2024-04,TX,0.959,208,142
CW500042,2024-04,MTN,0.994,101,167
CW500042,2024-04,PSW,0.967,176,110
CW500042,2024-04,PNW,0.978,228,136
CW500042,2024-05,NE,0.976,179,138
CW500042,2024-05,MA,0.998,247,163
CW500042,2024-05,SE,0.941,127,112
CW500042,2024-05,MW,0.995,296,163
CW500042,2024-05,TX,0.951,205,154
CW500042,2024-05,MTN,0.96,247,173
CW500042,2024-05,PSW,0.947,80,108
CW500042,2024-05,PNW,0.972,232,148
CW500042,2024-06,NE,0.983,177,133
CW500042,2024-06,MA,0.957,293,169
CW500042,2024-06,SE,0.995,119,111
CW500042,2024-06,MW,0.97,177,156
CW500042,2024-06,TX,0.951,258,152
CW500042,2024-06,MTN,0.994,110,184
CW500042,2024-06,PSW,0.966,62,120
CW500042,2024-06,PNW,0.969,237,144
CW500042,2024-07,NE,0.944,241,141
CW500042,2024-07,MA,0.938,244,175
CW500042,2024-07,SE,0.971,113,109
CW500042,2024-07,MW,0.934,218,182
CW500042,2024-07,TX,0.969,163,152
CW500042,2024-07,MTN,0.993,247,168
CW500042,2024-07,PSW,0.977,79,121
CW500042,2024-07,PNW,0.939,127,135
CW500042,2024-08,NE,0.988,114,135
CW500042,2024-08,MA,0.968,291,176
CW500042,2024-08,SE,0.958,185,100
CW500042,2024-08,MW,0.972,279,164
CW500042,2024-08,TX,0.983,126,161
CW500042,2024-08,MTN,0.96,193,179
CW500042,2024-08,PSW,0.937,140,121
CW500042,2024-08,PNW,0.991,260,138
CW500042,2024-09,NE,0.937,79,134
CW500042,2024-09,MA,0.997,263,154
CW500042,2024-09,SE,0.941,64,106
CW500042,2024-09,MW,0.977,249,136
CW500042,2024-09,TX,0.984,81,140
CW500042,2024-09,MTN,0.941,120,162
CW500042,2024-09,PSW,0.978,145,108
CW500042,2024-09,PNW,0.935,151,124
CW500042,2024-10,NE,0.98,143,112
CW500042,2024-10,MA,0.974,98,140
CW500042,2024-10,SE,0.991,125,97
CW500042,2024-10,MW,0.943,77,150
CW500042,2024-10,TX,0.936,236,148
CW500042,2024-10,MTN,0.98,104,133
CW500042,2024-10,PSW,0.932,120,102
CW500042,2024-10,PNW,0.942,147,125
CW500042,2024-11,NE,0.961,100,110
CW500042,2024-11,MA,0.951,262,144
CW500042,2024-11,SE,0.969,76,84
CW500042,2024-11,MW,0.997,266,134
CW500042,2024-11,TX,0.942,209,129
CW500042,2024-11,MTN,0.979,210,145
CW500042,2024-11,PSW,0.952,100,93
CW500042,2024-11,PNW,0.956,131,108
CW500042,2024-12,NE,0.995,81,107
CW500042,2024-12,MA,0.966,139,123
CW500042,2024-12,SE,0.945,123,85
CW500042,2024-12,MW,0.985,170,123
CW500042,2024-12,TX,0.951,112,133
CW500042,2024-12,MTN,0.993,247,133
CW500042,2024-12,PSW,0.986,154,88
CW500042,2024-12,PNW,0.979,155,112
CW500042,2025-01,NE,0.96,166,107
CW500042,2025-01,MA,0.99,83,124
CW500042,2025-01,SE,0.948,74,87
CW500042,2025-01,MW,0.936,76,132
CW500042,2025-01,TX,0.98,63,121
CW500042,2025-01,MTN,0.983,86,148
CW500042,2025-01,PSW,0.941,58,92
CW500042,2025-01,PNW,0.935,79,111
CW500042,2025-02,NE,0.98,151,111
CW500042,2025-02,MA,0.958,284,155
CW500042,2025-02,SE,0.995,58,86
CW500042,2025-02,MW,0.964,65,129
CW500042,2025-02,TX,0.96,269,144
CW500042,2025-02,MTN,0.963,179,143
CW500042,2025-02,PSW,0.973,166,93
CW500042,2025-02,PNW,0.956,150,126
CW500042,2025-03,NE,0.959,189,133
CW500042,2025-03,MA,0.955,125,151
CW500042,2025-03,SE,0.939,71,105
CW500042,2025-03,MW,0.944,157,154
CW500042,2025-03,TX,0.956,234,140
CW500042,2025-03,MTN,0.934,236,157
CW500042,2025-03,PSW,0.968,88,106
CW500042,2025-03,PNW,0.946,116,131
CW_NEW_0042,2025-04,NE,0.959,225,130
CW_NEW_0042,2025-04,MA,0.933,191,175
CW_NEW_0042,2025-04,SE,0.969,112,112
CW_NEW_0042,2025-04,MW,0.993,139,163
CW_NEW_0042,2025-04,TX,0.969,275,164
CW_NEW_0042,2025-04,MTN,0.934,228,171
CW_NEW_0042,2025-04,PSW,0.973,209,112
CW_NEW_0042,2025-04,PNW,0.953,227,153
CW_NEW_0042,2025-05,NE,0.938,172,161
CW_NEW_0042,2025-05,MA,0.973,283,179
CW_NEW_0042,2025-05,SE,0.983,175,124
CW_NEW_0042,2025-05,MW,0.952,90,178
CW_NEW_0042,2025-05,TX,0.995,207,174
CW_NEW_0042,2025-05,MTN,0.947,280,187
CW_NEW_0042,2025-05,PSW,0.941,196,124
CW_NEW_0042,2025-05,PNW,0.944,214,140
CW500042,2025-06,NE,0.961,234,161
CW500042,2025-06,MA,0.984,344,176
CW500042,2025-06,SE,0.988,70,118
CW500042,2025-06,MW,0.967,241,174
CW500042,2025-06,TX,0.944,312,178
CW500042,2025-06,MTN,0.972,174,197
CW500042,2025-06,PSW,0.932,59,126
CW500042,2025-06,PNW,0.956,241,159
CW500042,2025-07,NE,0.943,161,144
CW500042,2025-07,MA,0.94,91,191
CW500042,2025-07,SE,0.964,217,124
CW500042,2025-07,MW,0.956,321,178
CW500042,2025-07,TX,0.953,103,171
CW500042,2025-07,MTN,0.987,331,188
CW500042,2025-07,PSW,0.963,154,129
CW500042,2025-07,PNW,0.961,270,148
CW500042,2025-08,NE,0.951,85,140
CW500042,2025-08,MA,0.986,213,166
CW500042,2025-08,SE,0.977,118,118
CW500042,2025-08,MW,0.942,247,180
CW500042,2025-08,TX,0.93,223,166
CW500042,2025-08,MTN,0.975,192,176
CW500042,2025-08,PSW,0.948,102,121
CW500042,2025-08,PNW,0.961,248,150
CW500042,2025-09,NE,0.975,167,127
CW500042,2025-09,MA,0.961,216,157
CW500042,2025-09,SE,0.985,121,106
CW500042,2025-09,MW,0.936,209,153
CW500042,2025-09,TX,0.972,308,161
CW500042,2025-09,MTN,0.977,138,176
CW500042,2025-09,PSW,0.979,188,109
CW500042,2025-09,PNW,0.965,217,143
CW500042,2025-10,NE,0.977,233,124
CW500042,2025-10,MA,0.963,290,153
CW500042,2025-10,SE,0.981,126,92
CW500042,2025-10,MW,0.994,159,138
CW500042,2025-10,TX,0.941,261,154
CW500042,2025-10,MTN,0.947,162,146
CW500042,2025-10,PSW,0.973,99,95
CW500042,2025-10,PNW,0.968,99,124
CW500042,2025-11,NE,0.952,163,127
CW500042,2025-11,MA,0.934,70,139
CW500042,2025-11,SE,0.957,99,94
CW500042,2025-11,MW,0.967,210,144
CW500042,2025-11,TX,0.941,96,142
CW500042,2025-11,MTN,0.931,144,153
CW500042,2025-11,PSW,0.937,171,92
CW500042,2025-11,PNW,0.989,232,118
CW500042,2025-12,NE,0.94,173,123
CW500042,2025-12,MA,0.94,85,144
CW500042,2025-12,SE,0.976,42,87
CW500042,2025-12,MW,0.941,100,148
CW500042,2025-12,TX,0.96,113,130
CW500042,2025-12,MTN,0.991,185,148
CW500042,2025-12,PSW,0.948,92,99
CW500042,2025-12,PNW,0.973,121,120
CW500045,2024-01,NE,0.947,142,123
CW500045,2024-01,MA,0.942,93,120
CW500045,2024-01,SE,0.95,166,90
CW500045,2024-01,MW,0.93,65,131
CW500045,2024-01,TX,0.98,205,129
CW500045,2024-01,MTN,0.995,126,100
CW500045,2024-01,PSW,0.956,250,143
CW500045,2024-01,PNW,0.986,143,111
CW500045,2024-02,NE,0.931,148,155
CW500045,2024-02,MA,0.97,270,144
CW500045,2024-02,SE,0.974,78,92
CW500045,2024-02,MW,0.948,147,145
CW500045,2024-02,TX,0.985,256,149
CW500045,2024-02,MTN,0.932,191,108
CW500045,2024-02,PSW,0.971,191,157
CW500045,2024-02,PNW,0.951,145,130
CW500045,2024-03,NE,0.969,111,139
CW500045,2024-03,MA,0.952,245,143
CW500045,2024-03,SE,0.972,155,110
CW500045,2024-03,MW,1.0,273,147
CW500045,2024-03,TX,0.995,135,143
CW500045,2024-03,MTN,0.97,137,110
CW500045,2024-03,PSW,0.939,202,156
CW500045,2024-03,PNW,0.945,180,130
CW500045,2024-04,NE,0.995,196,155
CW500045,2024-04,MA,0.988,135,164
CW500045,2024-04,SE,0.966,185,123
CW500045,2024-04,MW,0.981,331,177
CW500045,2024-04,TX,0.974,86,151
CW500045,2024-04,MTN,0.941,232,128
CW500045,2024-04,PSW,0.995,194,181
CW500045,2024-04,PNW,0.998,243,151
CW500045,2024-05,NE,0.997,177,165
CW500045,2024-05,MA,0.939,163,175
CW500045,2024-05,SE,0.999,183,111
CW500045,2024-05,MW,0.948,207,176
CW500045,2024-05,TX,0.985,239,159
CW500045,2024-05,MTN,0.986,138,136
CW500045,2024-05,PSW,0.98,222,193
CW500045,2024-05,PNW,0.96,200,163
CW500045,2024-06,NE,0.993,329,181
CW500045,2024-06,MA,0.935,134,174
CW500045,2024-06,SE,0.938,86,127
CW500045,2024-06,MW,0.97,253,188
CW500045,2024-06,TX,0.972,149,191
CW500045,2024-06,MTN,0.954,168,139
CW500045,2024-06,PSW,0.977,170,200
CW500045,2024-06,PNW,0.973,144,162
CW500045,2024-07,NE,0.97,284,178
CW500045,2024-07,MA,0.939,268,190
CW500045,2024-07,SE,0.951,162,128
CW500045,2024-07,MW,0.947,94,191
CW500045,2024-07,TX,0.969,253,176
CW500045,2024-07,MTN,0.965,175,141
CW500045,2024-07,PSW,0.964,311,194
CW500045,2024-07,PNW,0.998,279,159
CW500045,2024-08,NE,0.942,132,177
CW500045,2024-08,MA,0.967,101,164
CW500045,2024-08,SE,0.933,92,122
CW500045,2024-08,MW,0.957,258,174
CW500045,2024-08,TX,0.998,109,171
CW500045,2024-08,MTN,0.946,90,140
CW500045,2024-08,PSW,0.932,176,174
CW500045,2024-08,PNW,0.949,199,148
CW500045,2024-09,NE,0.956,213,161
CW500045,2024-09,MA,0.97,165,152
CW500045,2024-09,SE,0.99,150,103
CW500045,2024-09,MW,0.945,128,171
CW500045,2024-09,TX,0.954,192,165
CW500045,2024-09,MTN,0.966,194,122
CW500045,2024-09,PSW,0.993,249,174
CW500045,2024-09,PNW,0.934,151,150
CW500045,2024-10,NE,0.961,85,144
CW500045,2024-10,MA,0.996,254,132
CW500045,2024-10,SE,0.975,103,104
CW500045,2024-10,MW,0.966,233,146
CW500045,2024-10,TX,0.997,209,141
CW500045,2024-10,MTN,0.947,110,118
CW500045,2024-10,PSW,0.977,126,157
CW500045,2024-10,PNW,0.987,234,126
CW500045,2024-11,NE,0.988,162,130
CW500045,2024-11,MA,0.981,73,141
CW500045,2024-11,SE,0.967,175,95
CW500045,2024-11,MW,0.945,122,140
CW500045,2024-11,TX,0.994,111,126
CW500045,2024-11,MTN,0.993,78,99
CW500045,2024-11,PSW,0.988,188,145
CW500045,2024-11,PNW,0.963,159,117
CW500045,2024-12,NE,0.952,117,145
CW500045,2024-12,MA,0.967,209,123
CW500045,2024-12,SE,0.949,76,90
CW500045,2024-12,MW,0.948,118,137
CW500045,2024-12,TX,0.994,76,135
CW500045,2024-12,MTN,0.973,156,104
CW500045,2024-12,PSW,0.936,138,142
CW500045,2024-12,PNW,0.968,197,120
CW500045,2025-01,NE,0.961,166,132
CW500045,2025-01,MA,0.968,252,135
CW500045,2025-01,SE,0.954,99,105
CW500045,2025-01,MW,0.985,170,140
CW500045,2025-01,TX,0.976,96,141
CW500045,2025-01,MTN,0.966,114,105
CW500045,2025-01,PSW,0.931,224,152
CW500045,2025-01,PNW,0.934,164,138
CW500045,2025-02,NE,0.961,268,159
CW500045,2025-02,MA,0.942,263,140
CW500045,2025-02,SE,0.952,67,104
CW500045,2025-02,MW,0.943,254,153
CW500045,2025-02,TX,0.944,256,166
CW500045,2025-02,MTN,0.996,150,120
CW500045,2025-02,PSW,0.948,289,162
CW500045,2025-02,PNW,0.979,112,139
CW500045,2025-03,NE,0.997,248,145
CW500045,2025-03,MA,0.993,98,164
CW500045,2025-03,SE,0.998,132,110
CW500045,2025-03,MW,0.956,108,179
CW500045,2025-03,TX,0.964,221,173
CW500045,2025-03,MTN,0.975,173,114
CW500045,2025-03,PSW,0.986,99,164
CW500045,2025-03,PNW,0.991,186,147
CW500045,2025-04,NE,0.933,184,170
CW500045,2025-04,MA,0.972,165,166
CW500045,2025-04,SE,0.982,101,130
CW500045,2025-04,MW,0.957,105,180
CW500045,2025-04,TX,0.944,159,173
CW500045,2025-04,MTN,0.995,276,139
CW500045,2025-04,PSW,0.957,165,189
CW500045,2025-04,PNW,0.993,92,163
CW500045,2025-05,NE,0.965,181,177
CW500045,2025-05,MA,0.944,222,175
CW500045,2025-05,SE,0.999,131,127
CW500045,2025-05,MW,0.993,158,185
CW500045,2025-05,TX,0.985,300,199
CW500045,2025-05,MTN,0.991,122,139
CW500045,2025-05,PSW,0.983,334,212
CW500045,2025-05,PNW,0.969,116,175
CW500045,2025-06,NE,0.932,277,206
CW500045,2025-06,MA,0.934,281,192
CW500045,2025-06,SE,0.984,221,130
CW500045,2025-06,MW,0.952,197,198
CW500045,2025-06,TX,0.949,106,207
CW500045,2025-06,MTN,0.937,183,151
CW500045,2025-06,PSW,0.977,381,219
CW500045,2025-06,PNW,0.995,239,169
CW500045,2025-07,NE,0.998,232,183
CW500045,2025-07,MA,0.945,291,180
CW500045,2025-07,SE,0.937,223,141
CW500045,2025-07,MW,0.943,333,199
CW500045,2025-07,TX,0.97,274,201
CW500045,2025-07,MTN,0.943,102,155
CW500045,2025-07,PSW,0.942,150,223
CW500045,2025-07,PNW,0.94,129,184
CW500045,2025-08,NE,0.55,179,205
CW500045,2025-08,MA,0.55,96,209
CW500045,2025-08,SE,0.55,69,141
CW500045,2025-08,MW,0.55,145,223
CW500045,2025-08,TX,0.55,57,209
CW500045,2025-08,MTN,0.55,83,170
CW500045,2025-08,PSW,0.55,156,214
CW500045,2025-08,PNW,0.55,139,179
CW500045,2025-09,NE,0.55,148,189
CW500045,2025-09,MA,0.55,194,185
CW500045,2025-09,SE,0.55,76,138
CW500045,2025-09,MW,0.55,63,205
CW500045,2025-09,TX,0.55,140,187
CW500045,2025-09,MTN,0.55,44,156
CW500045,2025-09,PSW,0.55,191,219
CW500045,2025-09,PNW,0.55,134,187
CW500045,2025-10,NE,0.997,181,144
CW500045,2025-10,MA,0.978,267,151
CW500045,2025-10,SE,0.95,150,106
CW500045,2025-10,MW,0.983,207,169
CW500045,2025-10,TX,0.977,154,154
CW500045,2025-10,MTN,0.962,137,125
CW500045,2025-10,PSW,0.973,302,165
CW500045,2025-10,PNW,0.988,183,130
CW500045,2025-11,NE,1.0,234,131
CW500045,2025-11,MA,0.933,266,146
CW500045,2025-11,SE,0.997,116,94
CW500045,2025-11,MW,0.95,180,154
CW500045,2025-11,TX,1.0,262,147
CW500045,2025-11,MTN,0.99,121,118
CW500045,2025-11,PSW,0.941,236,166
CW500045,2025-11,PNW,0.995,139,120
CW500045,2025-12,NE,0.97,107,145
CW500045,2025-12,MA,0.931,143,154
CW500045,2025-12,SE,0.943,147,109
CW500045,2025-12,MW,0.943,213,155
CW500045,2025-12,TX,0.969,105,135
CW500045,2025-12,MTN,0.965,131,104
CW500045,2025-12,PSW,0.979,148,151
CW500045,2025-12,PNW,0.94,123,133
CW500048,2024-01,NE,0.975,34,65
CW500048,2024-01,MA,0.979,50,51
CW500048,2024-01,SE,0.974,100,55
CW500048,2024-01,MW,0.942,79,49
CW500048,2024-01,TX,0.987,76,66
CW500048,2024-01,MTN,0.952,81,50
CW500048,2024-01,PSW,0.986,50,59
CW500048,2024-01,PNW,0.935,44,53
CW500048,2024-02,NE,0.939,111,71
CW500048,2024-02,MA,0.987,34,55
CW500048,2024-02,SE,0.988,102,58
CW500048,2024-02,MW,0.997,25,48
CW500048,2024-02,TX,0.968,56,71
CW500048,2024-02,MTN,0.993,68,50
CW500048,2024-02,PSW,0.997,109,57
CW500048,2024-02,PNW,0.955,57,59
CW500048,2024-03,NE,0.936,63,86
CW500048,2024-03,MA,0.997,71,53
CW500048,2024-03,SE,0.951,91,68
CW500048,2024-03,MW,0.984,78,57
CW500048,2024-03,TX,0.937,112,86
CW500048,2024-03,MTN,0.979,111,59
CW500048,2024-03,PSW,0.943,63,64
CW500048,2024-03,PNW,0.969,124,64
CW500048,2024-04,NE,0.955,48,80
CW500048,2024-04,MA,0.999,108,63
CW500048,2024-04,SE,0.957,57,76
CW500048,2024-04,MW,0.931,86,61
CW500048,2024-04,TX,0.985,46,87
CW500048,2024-04,MTN,0.999,44,65
CW500048,2024-04,PSW,0.941,108,69
CW500048,2024-04,PNW,0.972,119,68
CW500048,2024-05,NE,0.976,49,95
CW500048,2024-05,MA,0.982,65,64
CW500048,2024-05,SE,0.963,149,78
CW500048,2024-05,MW,0.98,55,59
CW500048,2024-05,TX,0.972,160,94
CW500048,2024-05,MTN,0.963,42,73
CW500048,2024-05,PSW,0.978,65,78
CW500048,2024-05,PNW,0.962,119,77
CW500048,2024-06,NE,1.0,150,85
CW500048,2024-06,MA,0.967,36,68
CW500048,2024-06,SE,0.968,141,75
CW500048,2024-06,MW,0.997,52,61
CW500048,2024-06,TX,0.983,159,95
CW500048,2024-06,MTN,0.975,54,68
CW500048,2024-06,PSW,0.976,120,77
CW500048,2024-06,PNW,0.996,78,69
CW500048,2024-07,NE,0.944,116,94
CW500048,2024-07,MA,0.992,87,66
CW500048,2024-07,SE,0.983,63,73
CW500048,2024-07,MW,0.986,81,61
CW500048,2024-07,TX,0.965,97,95
CW500048,2024-07,MTN,0.942,129,74
CW500048,2024-07,PSW,0.995,105,77
CW500048,2024-07,PNW,0.932,71,70
CW500048,2024-08,NE,0.972,147,82
CW500048,2024-08,MA,0.991,80,59
CW500048,2024-08,SE,0.952,118,72
CW500048,2024-08,MW,0.97,89,62
CW500048,2024-08,TX,0.984,145,87
CW500048,2024-08,MTN,0.976,66,64
CW500048,2024-08,PSW,0.948,38,75
CW500048,2024-08,PNW,0.967,116,75
CW500048,2024-09,NE,0.968,126,80
CW500048,2024-09,MA,0.965,43,63
CW500048,2024-09,SE,0.98,60,63
CW500048,2024-09,MW,0.976,63,58
CW500048,2024-09,TX,0.982,102,75
CW500048,2024-09,MTN,0.97,90,65
CW500048,2024-09,PSW,0.993,60,72
CW500048,2024-09,PNW,0.984,123,63
CW500048,2024-10,NE,0.957,70,80
CW500048,2024-10,MA,0.949,50,53
CW500048,2024-10,SE,0.953,98,60
CW500048,2024-10,MW,0.98,41,51
CW500048,2024-10,TX,0.94,99,84
CW500048,2024-10,MTN,0.932,44,59
CW500048,2024-10,PSW,0.981,65,64
CW500048,2024-10,PNW,0.991,55,62
CW500048,2024-11,NE,0.994,51,64
CW500048,2024-11,MA,0.98,44,53
CW500048,2024-11,SE,0.999,58,56
CW500048,2024-11,MW,0.949,79,49
CW500048,2024-11,TX,0.99,111,75
CW500048,2024-11,MTN,0.936,37,56
CW500048,2024-11,PSW,0.963,103,65
CW500048,2024-11,PNW,0.949,30,62
CW500048,2024-12,NE,0.982,69,67
CW500048,2024-12,MA,0.972,29,52
CW500048,2024-12,SE,0.948,81,62
CW500048,2024-12,MW,0.946,61,53
CW500048,2024-12,TX,0.938,84,75
CW500048,2024-12,MTN,0.949,62,54
CW500048,2024-12,PSW,0.94,30,58
CW500048,2024-12,PNW,0.932,63,55
CW500048,2025-01,NE,0.955,61,75
CW500048,2025-01,MA,0.97,68,54
CW500048,2025-01,SE,0.974,117,63
CW500048,2025-01,MW,0.946,50,52
CW500048,2025-01,TX,0.975,38,66
CW500048,2025-01,MTN,0.96,46,56
CW500048,2025-01,PSW,0.941,65,66
CW500048,2025-01,PNW,0.949,93,61
CW500048,2025-02,NE,0.983,58,69
CW500048,2025-02,MA,0.948,39,62
CW500048,2025-02,SE,0.938,31,66
CW500048,2025-02,MW,0.965,95,51
CW500048,2025-02,TX,0.997,120,79
CW500048,2025-02,MTN,0.937,34,62
CW500048,2025-02,PSW,0.968,117,66
CW500048,2025-02,PNW,0.983,68,59
CW500048,2025-03,NE,0.932,97,83
CW500048,2025-03,MA,0.973,96,58
CW500048,2025-03,SE,0.983,126,66
CW500048,2025-03,MW,0.989,79,59
CW500048,2025-03,TX,0.977,138,82
CW500048,2025-03,MTN,0.967,78,63
CW500048,2025-03,PSW,0.995,44,64
CW500048,2025-03,PNW,0.972,82,66
CW500048,2025-04,NE,0.969,129,84
CW500048,2025-04,MA,0.941,63,72
CW500048,2025-04,SE,0.993,149,78
CW500048,2025-04,MW,0.947,94,64
CW500048,2025-04,TX,0.992,125,91
CW500048,2025-04,MTN,0.943,84,67
CW500048,2025-04,PSW,0.997,145,74
CW500048,2025-04,PNW,0.976,42,72
CW500048,2025-05,NE,0.941,170,99
CW500048,2025-05,MA,0.946,96,77
CW500048,2025-05,SE,0.949,48,84
CW500048,2025-05,MW,0.969,85,72
CW500048,2025-05,TX,0.942,67,98
CW500048,2025-05,MTN,0.982,70,68
CW500048,2025-05,PSW,1.0,100,84
CW500048,2025-05,PNW,0.979,125,81
CW500048,2025-06,NE,0.996,117,89
CW500048,2025-06,MA,0.959,80,76
CW500048,2025-06,SE,0.948,87,85
CW500048,2025-06,MW,0.987,76,69
CW500048,2025-06,TX,0.995,107,101
CW500048,2025-06,MTN,0.971,92,79
CW500048,2025-06,PSW,0.946,156,86
CW500048,2025-06,PNW,0.99,119,77
CW500048,2025-07,NE,0.943,149,91
CW500048,2025-07,MA,0.99,122,71
CW500048,2025-07,SE,0.992,105,80
CW500048,2025-07,MW,0.938,103,69
CW500048,2025-07,TX,0.994,139,98
CW500048,2025-07,MTN,0.936,109,76
CW500048,2025-07,PSW,0.942,45,81
CW500048,2025-07,PNW,0.952,80,85
CW500048,2025-08,NE,0.55,74,114
CW500048,2025-08,MA,0.55,61,76
CW500048,2025-08,SE,0.55,87,94
CW500048,2025-08,MW,0.55,82,78
CW500048,2025-08,TX,0.55,58,116
CW500048,2025-08,MTN,0.55,42,81
CW500048,2025-08,PSW,0.55,94,87
CW500048,2025-08,PNW,0.55,27,87
CW500048,2025-09,NE,0.55,32,101
CW500048,2025-09,MA,0.55,47,81
CW500048,2025-09,SE,0.55,60,83
CW500048,2025-09,MW,0.55,75,69
CW500048,2025-09,TX,0.55,89,107
CW500048,2025-09,MTN,0.55,47,85
CW500048,2025-09,PSW,0.55,26,87
CW500048,2025-09,PNW,0.55,87,80
CW500048,2025-10,NE,0.951,134,81
CW500048,2025-10,MA,0.975,83,59
CW500048,2025-10,SE,0.978,33,64
CW500048,2025-10,MW,0.993,99,58
CW500048,2025-10,TX,0.977,133,80
CW500048,2025-10,MTN,0.984,86,61
CW500048,2025-10,PSW,0.953,77,65
CW500048,2025-10,PNW,0.934,63,64
CW500048,2025-11,NE,0.977,47,74
CW500048,2025-11,MA,0.941,102,61
CW500048,2025-11,SE,0.952,57,68
CW500048,2025-11,MW,0.984,30,50
CW500048,2025-11,TX,0.941,48,75
CW500048,2025-11,MTN,0.961,37,61
CW500048,2025-11,PSW,0.975,64,65
CW500048,2025-11,PNW,0.981,81,58
CW500048,2025-12,NE,0.972,126,75
CW500048,2025-12,MA,0.937,69,58
CW500048,2025-12,SE,0.98,93,66
CW500048,2025-12,MW,0.995,64,48
CW500048,2025-12,TX,0.945,123,78
CW500048,2025-12,MTN,0.998,37,53
CW500048,2025-12,PSW,0.951,100,62
CW500048,2025-12,PNW,0.948,56,61
CW500051,2024-01,NE,0.963,123,100
CW500051,2024-01,MA,0.962,186,97
CW500051,2024-01,SE,0.971,108,116
CW500051,2024-01,MW,0.995,162,97
CW500051,2024-01,TX,0.995,45,87
CW500051,2024-01,MTN,0.965,55,100
CW500051,2024-01,PSW,0.96,138,110
CW500051,2024-01,PNW,0.948,128,84
CW500051,2024-02,NE,0.948,142,105
CW500051,2024-02,MA,0.938,152,108
CW500051,2024-02,SE,0.962,193,112
CW500051,2024-02,MW,0.936,176,111
CW500051,2024-02,TX,0.96,82,97
CW500051,2024-02,MTN,0.977,98,105
CW500051,2024-02,PSW,0.993,86,100
CW500051,2024-02,PNW,0.952,92,91
CW500051,2024-03,NE,0.955,169,119
CW500051,2024-03,MA,0.983,123,109
CW500051,2024-03,SE,0.932,73,140
CW500051,2024-03,MW,0.941,94,121
CW500051,2024-03,TX,0.975,198,106
CW500051,2024-03,MTN,0.968,175,105
CW500051,2024-03,PSW,0.997,126,110
CW500051,2024-03,PNW,0.975,91,98
CW500051,2024-04,NE,0.939,216,125
CW500051,2024-04,MA,0.956,201,125
CW500051,2024-04,SE,0.998,87,140
CW500051,2024-04,MW,0.931,213,137
CW500051,2024-04,TX,0.936,102,115
CW500051,2024-04,MTN,0.974,103,112
CW500051,2024-04,PSW,0.984,211,129
CW500051,2024-04,PNW,0.979,195,105
CW500051,2024-05,NE,0.935,99,139
CW500051,2024-05,MA,0.976,138,134
CW500051,2024-05,SE,0.965,193,151
CW500051,2024-05,MW,0.965,160,132
CW500051,2024-05,TX,0.995,213,115
CW500051,2024-05,MTN,0.938,97,142
CW500051,2024-05,PSW,0.983,184,139
CW500051,2024-05,PNW,0.945,69,112
CW500051,2024-06,NE,0.999,103,132
CW500051,2024-06,MA,0.956,190,139
CW500051,2024-06,SE,0.986,239,137
CW500051,2024-06,MW,0.96,247,143
CW500051,2024-06,TX,0.968,144,129
CW500051,2024-06,MTN,0.931,189,125
CW500051,2024-06,PSW,0.94,255,138
CW500051,2024-06,PNW,0.997,83,106
CW500051,2024-07,NE,0.962,181,135
CW500051,2024-07,MA,0.961,248,145
CW500051,2024-07,SE,0.969,260,143
CW500051,2024-07,MW,0.963,228,126
CW500051,2024-07,TX,0.963,173,124
CW500051,2024-07,MTN,0.977,122,135
CW500051,2024-07,PSW,0.965,80,139
CW500051,2024-07,PNW,0.966,205,106
CW500051,2024-08,NE,0.962,105,130
CW500051,2024-08,MA,0.937,115,125
CW500051,2024-08,SE,0.957,266,139
CW500051,2024-08,MW,0.994,205,119
CW500051,2024-08,TX,0.962,93,126
CW500051,2024-08,MTN,0.986,123,125
CW500051,2024-08,PSW,0.959,165,132
CW500051,2024-08,PNW,0.944,70,108
CW500051,2024-09,NE,0.969,207,119
CW500051,2024-09,MA,0.953,178,130
CW500051,2024-09,SE,0.934,67,140
CW500051,2024-09,MW,0.995,93,123
CW500051,2024-09,TX,0.951,63,109
CW500051,2024-09,MTN,0.939,196,127
CW500051,2024-09,PSW,0.997,110,112
CW500051,2024-09,PNW,0.957,153,95
CW500051,2024-10,NE,0.981,59,107
CW500051,2024-10,MA,0.958,220,118
CW500051,2024-10,SE,0.992,137,115
CW500051,2024-10,MW,0.932,115,119
CW500051,2024-10,TX,0.979,61,102
CW500051,2024-10,MTN,0.95,198,117
CW500051,2024-10,PSW,0.961,224,121
CW500051,2024-10,PNW,0.953,156,87
CW500051,2024-11,NE,0.985,202,106
CW500051,2024-11,MA,0.964,179,106
CW500051,2024-11,SE,0.99,194,107
CW500051,2024-11,MW,0.967,198,108
CW500051,2024-11,TX,0.946,122,104
CW500051,2024-11,MTN,0.935,131,102
CW500051,2024-11,PSW,0.968,188,109
CW500051,2024-11,PNW,0.971,127,88
CW500051,2024-12,NE,0.936,95,97
CW500051,2024-12,MA,0.958,88,113
CW500051,2024-12,SE,0.974,132,112
CW500051,2024-12,MW,0.941,85,110
CW500051,2024-12,TX,0.952,69,97
CW500051,2024-12,MTN,0.976,97,93
CW500051,2024-12,PSW,0.961,106,105
CW500051,2024-12,PNW,0.953,99,87
CW500051,2025-01,NE,0.959,196,107
CW500051,2025-01,MA,0.981,144,114
CW500051,2025-01,SE,0.942,233,125
CW500051,2025-01,MW,0.978,138,101
CW500051,2025-01,TX,0.957,202,107
CW500051,2025-01,MTN,0.956,119,112
CW500051,2025-01,PSW,0.961,185,117
CW500051,2025-01,PNW,0.952,66,89
CW500051,2025-02,NE,0.944,111,63
CW500051,2025-02,MA,0.978,37,59
CW500051,2025-02,SE,0.989,67,67
CW500051,2025-02,MW,0.956,104,59
CW500051,2025-02,TX,0.952,99,58
CW500051,2025-02,MTN,0.989,70,56
CW500051,2025-02,PSW,0.986,34,59
CW500051,2025-02,PNW,0.971,65,54
CW500051,2025-03,NE,0.97,51,61
CW500051,2025-03,MA,0.935,75,78
CW500051,2025-03,SE,0.98,46,72
CW500051,2025-03,MW,0.967,108,62
CW500051,2025-03,TX,0.994,101,59
CW500051,2025-03,MTN,0.984,32,63
CW500051,2025-03,PSW,0.995,105,65
CW500051,2025-03,PNW,0.947,56,54
CW500051,2025-04,NE,0.946,127,76
CW500051,2025-04,MA,0.968,80,71
CW500051,2025-04,SE,0.964,64,79
CW500051,2025-04,MW,0.974,70,74
CW500051,2025-04,TX,0.952,37,66
CW500051,2025-04,MTN,0.947,123,67
CW500051,2025-04,PSW,0.93,128,82
CW500051,2025-04,PNW,0.938,77,61
CW500051,2025-05,NE,0.996,87,135
CW500051,2025-05,MA,0.99,194,145
CW500051,2025-05,SE,0.977,188,148
CW500051,2025-05,MW,0.942,97,144
CW500051,2025-05,TX,0.995,246,131
CW500051,2025-05,MTN,0.995,226,127
CW500051,2025-05,PSW,0.95,257,149
CW500051,2025-05,PNW,0.975,205,117
CW500051,2025-06,NE,0.944,71,131
CW500051,2025-06,MA,0.982,155,136
CW500051,2025-06,SE,0.949,145,170
CW500051,2025-06,MW,0.939,160,136
CW500051,2025-06,TX,0.966,275,147
CW500051,2025-06,MTN,0.996,266,141
CW500051,2025-06,PSW,0.981,212,146
CW500051,2025-06,PNW,0.934,160,124
CW500051,2025-07,NE,0.939,171,147
CW500051,2025-07,MA,0.935,119,162
CW500051,2025-07,SE,0.942,110,157
CW500051,2025-07,MW,0.97,158,130
CW500051,2025-07,TX,0.996,130,126
CW500051,2025-07,MTN,0.968,177,129
CW500051,2025-07,PSW,0.938,256,139
CW500051,2025-07,PNW,0.948,216,124
CW500051,2025-08,NE,0.998,171,121
CW500051,2025-08,MA,0.971,77,140
CW500051,2025-08,SE,0.98,118,157
CW500051,2025-08,MW,0.996,155,137
CW500051,2025-08,TX,0.948,167,138
CW500051,2025-08,MTN,0.981,187,126
CW500051,2025-08,PSW,0.956,214,134
CW500051,2025-08,PNW,0.99,80,108
CW500051,2025-09,NE,0.98,93,120
CW500051,2025-09,MA,0.944,121,138
CW500051,2025-09,SE,0.975,78,147
CW500051,2025-09,MW,0.933,110,135
CW500051,2025-09,TX,1.0,111,112
CW500051,2025-09,MTN,0.938,99,121
CW500051,2025-09,PSW,0.951,189,139
CW500051,2025-09,PNW,0.932,185,112
CW500051,2025-10,NE,0.932,86,125
CW500051,2025-10,MA,0.973,170,112
CW500051,2025-10,SE,0.941,82,141
CW500051,2025-10,MW,0.961,108,122
CW500051,2025-10,TX,0.998,77,118
CW500051,2025-10,MTN,0.957,85,122
CW500051,2025-10,PSW,0.995,91,126
CW500051,2025-10,PNW,0.953,169,93
CW500051,2025-11,NE,0.953,117,114
CW500051,2025-11,MA,0.975,60,119
CW500051,2025-11,SE,0.95,237,130
CW500051,2025-11,MW,0.959,66,109
CW500051,2025-11,TX,0.979,150,106
CW500051,2025-11,MTN,0.942,76,111
CW500051,2025-11,PSW,0.947,87,125
CW500051,2025-11,PNW,0.978,112,95
CW500051,2025-12,NE,0.967,64,112
CW500051,2025-12,MA,0.979,162,112
CW500051,2025-12,SE,0.94,201,135
CW500051,2025-12,MW,0.954,115,104
CW500051,2025-12,TX,0.958,152,99
CW500051,2025-12,MTN,0.968,128,105
CW500051,2025-12,PSW,0.978,153,110
CW500051,2025-12,PNW,0.94,92,93
CW500054,2024-01,NE,0.966,115,79
CW500054,2024-01,MA,0.966,84,95
CW500054,2024-01,SE,0.959,69,117
CW500054,2024-01,MW,0.99,167,88
CW500054,2024-01,TX,0.975,77,96
CW500054,2024-01,MTN,0.956,82,102
CW500054,2024-01,PSW,0.975,170,104
CW500054,2024-01,PNW,0.969,107,78
CW500054,2024-02,NE,0.992,110,83
CW500054,2024-02,MA,0.933,179,111
CW500054,2024-02,SE,0.963,67,117
CW500054,2024-02,MW,0.965,82,99
CW500054,2024-02,TX,0.996,63,102
CW500054,2024-02,MTN,0.997,114,113
CW500054,2024-02,PSW,0.988,193,119
CW500054,2024-02,PNW,0.937,74,87
CW500054,2024-03,NE,0.984,99,87
CW500054,2024-03,MA,0.96,154,126
CW500054,2024-03,SE,0.934,169,134
CW500054,2024-03,MW,0.94,148,111
CW500054,2024-03,TX,0.932,72,121
CW500054,2024-03,MTN,0.974,221,114
CW500054,2024-03,PSW,0.931,153,139
CW500054,2024-03,PNW,0.992,134,86
CW500054,2024-04,NE,0.944,176,106
CW500054,2024-04,MA,0.946,91,138
CW500054,2024-04,SE,1.0,168,133
CW500054,2024-04,MW,0.97,59,115
CW500054,2024-04,TX,0.94,152,122
CW500054,2024-04,MTN,0.99,206,124
CW500054,2024-04,PSW,0.951,106,155
CW500054,2024-04,PNW,0.979,73,94
CW500054,2024-05,NE,0.986,170,109
CW500054,2024-05,MA,0.949,164,142
CW500054,2024-05,SE,0.969,69,142
CW500054,2024-05,MW,0.931,157,131
CW500054,2024-05,TX,0.984,137,121
CW500054,2024-05,MTN,0.944,228,136
CW500054,2024-05,PSW,0.934,233,151
CW500054,2024-05,PNW,0.936,159,116
CW500054,2024-06,NE,0.967,202,110
CW500054,2024-06,MA,0.965,139,150
CW500054,2024-06,SE,0.934,259,150
CW500054,2024-06,MW,0.954,210,145
CW500054,2024-06,TX,0.943,136,136
CW500054,2024-06,MTN,0.996,247,132
CW500054,2024-06,PSW,0.945,108,159
CW500054,2024-06,PNW,0.986,136,106
CW500054,2024-07,NE,0.996,170,96
CW500054,2024-07,MA,0.936,176,147
CW500054,2024-07,SE,0.965,199,160
CW500054,2024-07,MW,0.976,85,137
CW500054,2024-07,TX,0.943,184,125
CW500054,2024-07,MTN,0.969,207,139
CW500054,2024-07,PSW,0.932,277,154
CW500054,2024-07,PNW,0.944,76,105
CW500054,2024-08,NE,0.971,207,107
CW500054,2024-08,MA,0.974,172,139
CW500054,2024-08,SE,0.947,259,146
CW500054,2024-08,MW,0.981,74,128
CW500054,2024-08,TX,0.972,172,125
CW500054,2024-08,MTN,0.937,257,144
CW500054,2024-08,PSW,0.964,248,156
CW500054,2024-08,PNW,0.946,173,114
CW500054,2024-09,NE,0.97,144,93
CW500054,2024-09,MA,0.961,162,131
CW500054,2024-09,SE,0.963,92,132
CW500054,2024-09,MW,0.939,141,118
CW500054,2024-09,TX,0.93,166,109
CW500054,2024-09,MTN,0.966,167,125
CW500054,2024-09,PSW,0.935,60,129
CW500054,2024-09,PNW,0.944,130,104
CW500054,2024-10,NE,0.991,62,89
CW500054,2024-10,MA,0.938,169,126
CW500054,2024-10,SE,0.953,112,126
CW500054,2024-10,MW,0.999,55,98
CW500054,2024-10,TX,0.969,72,106
CW500054,2024-10,MTN,0.951,62,110
CW500054,2024-10,PSW,0.972,111,120
CW500054,2024-10,PNW,0.991,60,91
CW500054,2024-11,NE,0.985,107,80
CW500054,2024-11,MA,0.976,88,110
CW500054,2024-11,SE,0.96,106,120
CW500054,2024-11,MW,0.969,154,100
CW500054,2024-11,TX,0.969,140,96
CW500054,2024-11,MTN,0.955,200,120
CW500054,2024-11,PSW,0.972,152,114
CW500054,2024-11,PNW,0.952,80,86
CW500054,2024-12,NE,0.988,37,75
CW500054,2024-12,MA,0.982,120,106
CW500054,2024-12,SE,0.939,111,123
CW500054,2024-12,MW,0.972,117,102
CW500054,2024-12,TX,0.933,111,98
CW500054,2024-12,MTN,0.96,134,110
CW500054,2024-12,PSW,0.976,201,124
CW500054,2024-12,PNW,0.95,136,88
CW500054,2025-01,NE,0.954,64,93
CW500054,2025-01,MA,0.996,206,114
CW500054,2025-01,SE,0.961,70,115
CW500054,2025-01,MW,0.947,145,102
CW500054,2025-01,TX,0.96,149,102
CW500054,2025-01,MTN,0.983,194,114
CW500054,2025-01,PSW,0.95,120,117
CW500054,2025-01,PNW,0.942,50,92
CW500054,2025-02,NE,0.939,223,133
CW500054,2025-02,MA,0.965,321,177
CW500054,2025-02,SE,0.961,238,174
CW500054,2025-02,MW,0.959,168,157
CW500054,2025-02,TX,0.945,155,151
CW500054,2025-02,MTN,0.976,330,173
CW500054,2025-02,PSW,0.95,268,189
CW500054,2025-02,PNW,0.987,142,139
CW500054,2025-03,NE,0.965,260,146
CW500054,2025-03,MA,0.997,260,182
CW500054,2025-03,SE,0.99,313,202
CW500054,2025-03,MW,0.999,271,170
CW500054,2025-03,TX,0.987,175,179
CW500054,2025-03,MTN,0.971,248,193
CW500054,2025-03,PSW,0.975,325,190
CW500054,2025-03,PNW,0.947,94,145
CW500054,2025-04,NE,0.935,110,162
CW500054,2025-04,MA,0.954,139,199
CW500054,2025-04,SE,0.948,112,219
CW500054,2025-04,MW,0.987,271,186
CW500054,2025-04,TX,0.931,180,186
CW500054,2025-04,MTN,0.944,273,195
CW500054,2025-04,PSW,0.985,286,204
CW500054,2025-04,PNW,0.987,149,164
CW500054,2025-05,NE,0.984,75,110
CW500054,2025-05,MA,0.94,188,157
CW500054,2025-05,SE,0.942,256,162
CW500054,2025-05,MW,0.986,197,142
CW500054,2025-05,TX,0.949,231,130
CW500054,2025-05,MTN,0.949,243,163
CW500054,2025-05,PSW,0.97,141,154
CW500054,2025-05,PNW,0.983,208,122
CW500054,2025-06,NE,0.997,136,115
CW500054,2025-06,MA,0.944,156,160
CW500054,2025-06,SE,0.959,104,170
CW500054,2025-06,MW,0.978,247,130
CW500054,2025-06,TX,0.991,206,143
CW500054,2025-06,MTN,0.971,98,151
CW500054,2025-06,PSW,0.959,105,154
CW500054,2025-06,PNW,0.988,214,125
CW500054,2025-07,NE,0.998,152,114
CW500054,2025-07,MA,0.973,168,137
CW500054,2025-07,SE,0.966,159,161
CW500054,2025-07,MW,0.933,199,145
CW500054,2025-07,TX,0.944,124,132
CW500054,2025-07,MTN,0.982,100,139
CW500054,2025-07,PSW,0.939,83,165
CW500054,2025-07,PNW,0.95,146,115
CW500054,2025-08,NE,0.966,164,108
CW500054,2025-08,MA,0.938,226,138
CW500054,2025-08,SE,0.999,140,151
CW500054,2025-08,MW,0.941,235,144
CW500054,2025-08,TX,0.932,82,129
CW500054,2025-08,MTN,0.986,193,140
CW500054,2025-08,PSW,0.998,275,162
CW500054,2025-08,PNW,0.984,118,109
CW500054,2025-09,NE,0.959,145,100
CW500054,2025-09,MA,0.954,135,137
CW500054,2025-09,SE,0.972,233,152
CW500054,2025-09,MW,0.938,234,139
CW500054,2025-09,TX,0.966,109,115
CW500054,2025-09,MTN,0.931,196,151
CW500054,2025-09,PSW,0.957,211,143
CW500054,2025-09,PNW,0.966,192,104
CW500054,2025-10,NE,0.959,71,99
CW500054,2025-10,MA,0.936,70,126
CW500054,2025-10,SE,0.967,78,138
CW500054,2025-10,MW,0.946,191,115
CW500054,2025-10,TX,0.986,124,106
CW500054,2025-10,MTN,0.969,79,132
CW500054,2025-10,PSW,0.999,147,130
CW500054,2025-10,PNW,0.975,108,98
CW500054,2025-11,NE,0.972,150,87
CW500054,2025-11,MA,0.997,89,121
CW500054,2025-11,SE,0.959,165,116
CW500054,2025-11,MW,0.983,170,102
CW500054,2025-11,TX,0.986,76,103
CW500054,2025-11,MTN,0.966,142,126
CW500054,2025-11,PSW,0.974,205,130
CW500054,2025-11,PNW,0.952,138,97
CW500054,2025-12,NE,0.971,92,90
CW500054,2025-12,MA,0.936,77,120
CW500054,2025-12,SE,0.933,215,133
CW500054,2025-12,MW,0.999,153,112
CW500054,2025-12,TX,0.94,112,111
CW500054,2025-12,MTN,0.972,157,125
CW500054,2025-12,PSW,0.983,95,118
CW500054,2025-12,PNW,0.979,177,95
CW500057,2024-01,NE,0.964,34,50
CW500057,2024-01,MA,0.938,85,55
CW500057,2024-01,SE,0.944,26,34
CW500057,2024-01,MW,0.988,27,37
CW500057,2024-01,TX,0.982,68,49
CW500057,2024-01,MTN,0.949,56,40
CW500057,2024-01,PSW,0.971,52,46
CW500057,2024-01,PNW,0.932,68,46
CW500057,2024-02,NE,0.953,27,52
CW500057,2024-02,MA,0.942,67,50
CW500057,2024-02,SE,0.955,61,40
CW500057,2024-02,MW,0.931,38,47
CW500057,2024-02,TX,0.953,88,51
CW500057,2024-02,MTN,0.946,67,43
CW500057,2024-02,PSW,0.98,45,51
CW500057,2024-02,PNW,0.933,64,48
CW500057,2024-03,NE,0.942,43,61
CW500057,2024-03,MA,0.954,94,62
CW500057,2024-03,SE,0.97,68,40
CW500057,2024-03,MW,0.99,36,43
CW500057,2024-03,TX,0.939,85,62
CW500057,2024-03,MTN,0.964,72,44
CW500057,2024-03,PSW,0.956,61,55
CW500057,2024-03,PNW,0.993,27,50
CW500057,2024-04,NE,0.941,51,68
CW500057,2024-04,MA,0.996,103,65
CW500057,2024-04,SE,0.963,76,45
CW500057,2024-04,MW,0.933,46,53
CW500057,2024-04,TX,0.946,99,68
CW500057,2024-04,MTN,0.97,52,49
CW500057,2024-04,PSW,0.98,64,59
CW500057,2024-04,PNW,0.984,84,53
CW500057,2024-05,NE,0.969,116,64
CW500057,2024-05,MA,0.979,122,69
CW500057,2024-05,SE,0.939,24,44
CW500057,2024-05,MW,0.983,64,51
CW500057,2024-05,TX,0.974,117,67
CW500057,2024-05,MTN,0.955,48,48
CW500057,2024-05,PSW,0.976,35,58
CW500057,2024-05,PNW,0.968,48,58
CW500057,2024-06,NE,0.934,59,70
CW500057,2024-06,MA,0.942,141,75
CW500057,2024-06,SE,0.944,82,46
CW500057,2024-06,MW,0.943,92,53
CW500057,2024-06,TX,0.946,64,70
CW500057,2024-06,MTN,0.995,33,51
CW500057,2024-06,PSW,0.935,109,60
CW500057,2024-06,PNW,0.953,36,61
CW500057,2024-07,NE,0.994,105,68
CW500057,2024-07,MA,0.965,49,71
CW500057,2024-07,SE,0.958,62,48
CW500057,2024-07,MW,0.996,38,54
CW500057,2024-07,TX,0.942,74,70
CW500057,2024-07,MTN,0.947,51,54
CW500057,2024-07,PSW,0.946,33,63
CW500057,2024-07,PNW,0.992,45,59
CW500057,2024-08,NE,0.958,108,63
CW500057,2024-08,MA,0.998,123,65
CW500057,2024-08,SE,0.967,65,45
CW500057,2024-08,MW,0.954,79,52
CW500057,2024-08,TX,0.936,47,65
CW500057,2024-08,MTN,0.979,53,46
CW500057,2024-08,PSW,0.978,56,63
CW500057,2024-08,PNW,0.934,61,54
CW500057,2024-09,NE,0.985,78,58
CW500057,2024-09,MA,0.983,113,62
CW500057,2024-09,SE,0.96,74,39
CW500057,2024-09,MW,0.985,73,50
CW500057,2024-09,TX,0.96,79,64
CW500057,2024-09,MTN,0.944,72,45
CW500057,2024-09,PSW,0.933,58,58
CW500057,2024-09,PNW,0.99,46,52
CW500057,2024-10,NE,0.96,32,54
CW500057,2024-10,MA,0.966,65,57
CW500057,2024-10,SE,0.966,30,37
CW500057,2024-10,MW,0.972,48,43
CW500057,2024-10,TX,0.963,83,53
CW500057,2024-10,MTN,0.966,80,45
CW500057,2024-10,PSW,0.937,92,52
CW500057,2024-10,PNW,0.971,74,52
CW500057,2024-11,NE,0.977,33,54
CW500057,2024-11,MA,0.979,36,52
CW500057,2024-11,SE,0.962,26,35
CW500057,2024-11,MW,0.94,22,41
CW500057,2024-11,TX,0.999,65,50
CW500057,2024-11,MTN,0.932,32,45
CW500057,2024-11,PSW,0.96,45,53
CW500057,2024-11,PNW,0.935,57,45
CW500057,2024-12,NE,0.965,90,50
CW500057,2024-12,MA,0.948,33,52
CW500057,2024-12,SE,0.938,19,39
CW500057,2024-12,MW,0.952,39,40
CW500057,2024-12,TX,0.951,75,54
CW500057,2024-12,MTN,0.981,27,37
CW500057,2024-12,PSW,0.989,35,45
CW500057,2024-12,PNW,0.981,36,42
CW500057,2025-01,NE,0.96,86,53
CW500057,2025-01,MA,0.936,29,54
CW500057,2025-01,SE,0.983,63,37
CW500057,2025-01,MW,0.997,33,38
CW500057,2025-01,TX,0.937,70,57
CW500057,2025-01,MTN,0.988,24,39
CW500057,2025-01,PSW,0.996,88,49
CW500057,2025-01,PNW,0.978,58,43
CW500057,2025-02,NE,0.982,44,54
CW500057,2025-02,MA,0.961,45,53
CW500057,2025-02,SE,0.964,36,39
CW500057,2025-02,MW,0.973,41,45
CW500057,2025-02,TX,0.943,77,56
CW500057,2025-02,MTN,0.932,55,48
CW500057,2025-02,PSW,0.987,49,52
CW500057,2025-02,PNW,0.944,103,56
CW500057,2025-03,NE,0.997,65,58
CW500057,2025-03,MA,0.988,102,63
CW500057,2025-03,SE,0.978,45,40
CW500057,2025-03,MW,0.969,92,52
CW500057,2025-03,TX,0.941,78,59
CW500057,2025-03,MTN,0.968,71,45
CW500057,2025-03,PSW,0.97,90,57
CW500057,2025-03,PNW,0.955,80,53
CW500057,2025-04,NE,0.954,114,66
CW500057,2025-04,MA,0.968,37,71
CW500057,2025-04,SE,0.959,83,51
CW500057,2025-04,MW,0.966,78,51
CW500057,2025-04,TX,0.958,93,67
CW500057,2025-04,MTN,0.937,103,56
CW500057,2025-04,PSW,0.998,58,63
CW500057,2025-04,PNW,0.943,65,59
CW500057,2025-05,NE,0.975,34,66
CW500057,2025-05,MA,0.961,122,76
CW500057,2025-05,SE,0.949,89,48
CW500057,2025-05,MW,0.956,106,61
CW500057,2025-05,TX,0.976,76,69
CW500057,2025-05,MTN,0.931,58,53
CW500057,2025-05,PSW,0.947,42,62
CW500057,2025-05,PNW,0.936,77,59
CW500057,2025-06,NE,0.994,119,66
CW500057,2025-06,MA,0.978,67,75
CW500057,2025-06,SE,0.94,31,51
CW500057,2025-06,MW,0.973,66,54
CW500057,2025-06,TX,0.964,50,70
CW500057,2025-06,MTN,0.997,103,57
CW500057,2025-06,PSW,0.994,65,65
CW500057,2025-06,PNW,0.991,83,62
CW500057,2025-07,NE,0.998,90,71
CW500057,2025-07,MA,0.97,50,73
CW500057,2025-07,SE,0.996,27,50
CW500057,2025-07,MW,0.956,76,54
CW500057,2025-07,TX,0.97,111,67
CW500057,2025-07,MTN,0.964,45,57
CW500057,2025-07,PSW,0.953,61,70
CW500057,2025-07,PNW,0.987,92,63
CW500057,2025-08,NE,0.993,87,66
CW500057,2025-08,MA,0.952,85,65
CW500057,2025-08,SE,0.987,61,45
CW500057,2025-08,MW,0.931,83,59
CW500057,2025-08,TX,0.968,135,71
CW500057,2025-08,MTN,0.937,60,51
CW500057,2025-08,PSW,0.952,46,60
CW500057,2025-08,PNW,0.997,63,55
CW500057,2025-09,NE,0.98,34,62
CW500057,2025-09,MA,0.984,40,62
CW500057,2025-09,SE,0.931,51,45
CW500057,2025-09,MW,0.941,77,50
CW500057,2025-09,TX,0.99,109,63
CW500057,2025-09,MTN,0.962,90,51
CW500057,2025-09,PSW,0.999,54,59
CW500057,2025-09,PNW,0.992,105,57
CW500057,2025-10,NE,0.955,28,57
CW500057,2025-10,MA,0.985,106,62
CW500057,2025-10,SE,0.971,63,44
CW500057,2025-10,MW,0.933,68,51
CW500057,2025-10,TX,0.953,60,57
CW500057,2025-10,MTN,0.988,54,43
CW500057,2025-10,PSW,0.961,28,55
CW500057,2025-10,PNW,0.941,50,55
CW500057,2025-11,NE,0.997,48,50
CW500057,2025-11,MA,0.941,61,57
CW500057,2025-11,SE,0.966,29,42
CW500057,2025-11,MW,0.969,36,47
CW500057,2025-11,TX,0.984,50,56
CW500057,2025-11,MTN,0.982,81,41
CW500057,2025-11,PSW,0.944,70,51
CW500057,2025-11,PNW,0.932,61,49
CW500057,2025-12,NE,0.934,77,61
CW500057,2025-12,MA,0.965,92,53
CW500057,2025-12,SE,0.99,26,40
CW500057,2025-12,MW,0.942,72,45
CW500057,2025-12,TX,0.956,84,57
CW500057,2025-12,MTN,0.931,26,40
CW500057,2025-12,PSW,0.957,28,54
CW500057,2025-12,PNW,0.963,25,45
CW500060,2024-01,NE,0.954,110,142
CW500060,2024-01,MA,0.959,250,183
CW500060,2024-01,SE,0.943,219,116
CW500060,2024-01,MW,0.933,145,171
CW500060,2024-01,TX,0.956,120,171
CW500060,2024-01,MTN,0.958,90,150
CW500060,2024-01,PSW,0.977,111,116
CW500060,2024-01,PNW,0.987,282,143
CW500060,2024-02,NE,0.989,88,141
CW500060,2024-02,MA,0.953,347,188
CW500060,2024-02,SE,0.937,185,121
CW500060,2024-02,MW,0.977,308,166
CW500060,2024-02,TX,0.945,98,170
CW500060,2024-02,MTN,0.934,241,145
CW500060,2024-02,PSW,0.932,213,119
CW500060,2024-02,PNW,0.96,269,158
CW500060,2024-03,NE,0.942,247,150
CW500060,2024-03,MA,0.975,180,181
CW500060,2024-03,SE,0.988,201,127
CW500060,2024-03,MW,0.967,219,176
CW500060,2024-03,TX,0.991,163,192
CW500060,2024-03,MTN,0.99,285,167
CW500060,2024-03,PSW,0.943,206,136
CW500060,2024-03,PNW,0.988,240,170
CW500060,2024-04,NE,0.948,177,165
CW500060,2024-04,MA,0.951,351,229
CW500060,2024-04,SE,0.977,260,139
CW500060,2024-04,MW,0.972,229,199
CW500060,2024-04,TX,0.964,361,196
CW500060,2024-04,MTN,0.994,207,167
CW500060,2024-04,PSW,0.982,80,136
CW500060,2024-04,PNW,0.949,147,178
CW500060,2024-05,NE,0.967,178,170
CW500060,2024-05,MA,0.984,312,225
CW500060,2024-05,SE,0.982,205,133
CW500060,2024-05,MW,0.975,392,203
CW500060,2024-05,TX,0.981,106,205
CW500060,2024-05,MTN,0.974,279,169
CW500060,2024-05,PSW,0.988,145,155
CW500060,2024-05,PNW,0.998,242,184
CW500060,2024-06,NE,0.96,147,199
CW500060,2024-06,MA,0.932,263,243
CW500060,2024-06,SE,0.986,85,149
CW500060,2024-06,MW,0.959,331,239
CW500060,2024-06,TX,0.978,277,210
CW500060,2024-06,MTN,0.969,205,202
CW500060,2024-06,PSW,0.979,81,143
CW500060,2024-06,PNW,0.982,108,178
CW500060,2024-07,NE,0.981,195,191
CW500060,2024-07,MA,0.946,289,233
CW500060,2024-07,SE,0.948,271,160
CW500060,2024-07,MW,0.977,253,216
CW500060,2024-07,TX,0.941,401,224
CW500060,2024-07,MTN,0.978,303,186
CW500060,2024-07,PSW,0.996,217,150
CW500060,2024-07,PNW,0.933,131,190
CW500060,2024-08,NE,0.997,212,181
CW500060,2024-08,MA,0.997,143,214
CW500060,2024-08,SE,0.946,105,145
CW500060,2024-08,MW,0.974,326,220
CW500060,2024-08,TX,0.969,323,188
CW500060,2024-08,MTN,0.986,316,172
CW500060,2024-08,PSW,0.965,99,153
CW500060,2024-08,PNW,0.945,283,195
CW500060,2024-09,NE,0.977,247,162
CW500060,2024-09,MA,0.991,388,196
CW500060,2024-09,SE,0.957,120,142
CW500060,2024-09,MW,0.974,113,194
CW500060,2024-09,TX,0.998,371,197
CW500060,2024-09,MTN,0.937,123,174
CW500060,2024-09,PSW,0.986,184,124
CW500060,2024-09,PNW,0.934,272,179
CW500060,2024-10,NE,0.992,212,156
CW500060,2024-10,MA,0.982,132,197
CW500060,2024-10,SE,0.951,81,135
CW500060,2024-10,MW,0.941,341,182
CW500060,2024-10,TX,0.953,228,174
CW500060,2024-10,MTN,0.957,99,153
CW500060,2024-10,PSW,0.944,143,121
CW500060,2024-10,PNW,0.987,209,160
CW500060,2024-11,NE,0.932,130,139
CW500060,2024-11,MA,0.941,199,193
CW500060,2024-11,SE,0.981,183,114
CW500060,2024-11,MW,0.963,181,167
CW500060,2024-11,TX,0.955,269,159
CW500060,2024-11,MTN,0.931,163,161
CW500060,2024-11,PSW,0.99,92,122
CW500060,2024-11,PNW,0.971,163,142
CW500060,2024-12,NE,0.945,160,136
CW500060,2024-12,MA,0.982,166,165
CW500060,2024-12,SE,0.944,70,112
CW500060,2024-12,MW,0.983,121,176
CW500060,2024-12,TX,0.996,104,162
CW500060,2024-12,MTN,0.984,72,132
CW500060,2024-12,PSW,0.958,192,114
CW500060,2024-12,PNW,0.938,113,139
CW500060,2025-01,NE,0.976,191,149
CW500060,2025-01,MA,0.99,302,177
CW500060,2025-01,SE,0.947,191,127
CW500060,2025-01,MW,0.961,194,173
CW500060,2025-01,TX,0.97,179,170
CW500060,2025-01,MTN,0.977,191,151
CW500060,2025-01,PSW,0.95,180,128
CW500060,2025-01,PNW,0.986,210,143
CW500060,2025-02,NE,0.949,180,148
CW500060,2025-02,MA,0.99,206,202
CW500060,2025-02,SE,0.957,226,122
CW500060,2025-02,MW,0.948,327,198
CW500060,2025-02,TX,0.965,340,191
CW500060,2025-02,MTN,0.952,192,172
CW500060,2025-02,PSW,0.945,79,131
CW500060,2025-02,PNW,0.966,260,165
CW500060,2025-03,NE,0.999,266,166
CW500060,2025-03,MA,0.996,341,199
CW500060,2025-03,SE,0.947,102,145
CW500060,2025-03,MW,0.99,380,203
CW500060,2025-03,TX,0.942,264,209
CW500060,2025-03,MTN,0.953,147,184
CW500060,2025-03,PSW,0.988,140,149
CW500060,2025-03,PNW,0.974,210,179
CW500060,2025-04,NE,0.938,242,182
CW500060,2025-04,MA,0.947,208,251
CW500060,2025-04,SE,0.939,199,147
CW500060,2025-04,MW,0.944,166,210
CW500060,2025-04,TX,0.952,335,202
CW500060,2025-04,MTN,0.945,282,183
CW500060,2025-04,PSW,0.985,241,148
CW500060,2025-04,PNW,0.969,257,202
CW500060,2025-05,NE,0.959,159,201
CW500060,2025-05,MA,0.971,349,237
CW500060,2025-05,SE,0.956,297,155
CW500060,2025-05,MW,0.948,274,220
CW500060,2025-05,TX,0.979,339,214
CW500060,2025-05,MTN,0.948,98,194
CW500060,2025-05,PSW,0.97,284,153
CW500060,2025-05,PNW,0.987,340,200
CW500060,2025-06,NE,0.96,332,186
CW500060,2025-06,MA,0.981,285,226
CW500060,2025-06,SE,0.994,121,165
CW500060,2025-06,MW,0.949,299,248
CW500060,2025-06,TX,0.963,463,247
CW500060,2025-06,MTN,0.963,102,193
CW500060,2025-06,PSW,0.933,185,161
CW500060,2025-06,PNW,0.96,383,209
CW500060,2025-07,NE,0.936,134,188
CW500060,2025-07,MA,0.963,430,259
CW500060,2025-07,SE,0.95,121,154
CW500060,2025-07,MW,0.958,366,242
CW500060,2025-07,TX,0.985,191,238
CW500060,2025-07,MTN,0.997,101,184
CW500060,2025-07,PSW,0.959,276,178
CW500060,2025-07,PNW,0.937,236,201
CW500060,2025-08,NE,0.938,146,201
CW500060,2025-08,MA,0.999,400,244
CW500060,2025-08,SE,0.932,193,162
CW500060,2025-08,MW,0.952,234,231
CW500060,2025-08,TX,0.977,274,207
CW500060,2025-08,MTN,0.997,144,175
CW500060,2025-08,PSW,0.973,184,167
CW500060,2025-08,PNW,0.944,347,208
CW500060,2025-09,NE,0.975,193,179
CW500060,2025-09,MA,0.971,198,218
CW500060,2025-09,SE,0.943,165,141
CW500060,2025-09,MW,0.96,104,200
CW500060,2025-09,TX,0.989,347,190
CW500060,2025-09,MTN,0.992,358,187
CW500060,2025-09,PSW,0.934,153,157
CW500060,2025-09,PNW,0.988,125,167
CW500060,2025-10,NE,0.955,190,156
CW500060,2025-10,MA,0.976,196,194
CW500060,2025-10,SE,0.971,204,135
CW500060,2025-10,MW,0.988,279,195
CW500060,2025-10,TX,0.965,140,181
CW500060,2025-10,MTN,0.935,199,180
CW500060,2025-10,PSW,0.941,188,145
CW500060,2025-10,PNW,0.949,254,178
CW500060,2025-11,NE,0.975,280,153
CW500060,2025-11,MA,0.957,286,182
CW500060,2025-11,SE,0.939,119,122
CW500060,2025-11,MW,0.953,330,201
CW500060,2025-11,TX,0.936,233,179
CW500060,2025-11,MTN,0.945,184,167
CW500060,2025-11,PSW,0.961,187,130
CW500060,2025-11,PNW,0.959,187,148
CW500060,2025-12,NE,0.991,91,149
CW500060,2025-12,MA,0.953,159,202
CW500060,2025-12,SE,0.952,132,115
CW500060,2025-12,MW,0.941,240,193
CW500060,2025-12,TX,0.987,207,167
CW500060,2025-12,MTN,0.974,97,157
CW500060,2025-12,PSW,0.942,200,131
CW500060,2025-12,PNW,0.963,114,151
CW500063,2024-01,NE,0.973,38,29
CW500063,2024-01,MA,0.983,24,18
CW500063,2024-01,SE,0.992,26,21
CW500063,2024-01,MW,0.949,51,32
CW500063,2024-01,TX,0.997,40,23
CW500063,2024-01,MTN,0.942,41,32
CW500063,2024-01,PSW,0.94,37,22
CW500063,2024-01,PNW,0.953,34,25
CW500063,2024-02,NE,0.957,52,34
CW500063,2024-02,MA,0.954,10,22
CW500063,2024-02,SE,0.979,28,24
CW500063,2024-02,MW,1.0,27,32
CW500063,2024-02,TX,0.996,31,24
CW500063,2024-02,MTN,0.995,54,33
CW500063,2024-02,PSW,0.997,28,23
CW500063,2024-02,PNW,0.994,44,29
CW500063,2024-03,NE,0.981,36,34
CW500063,2024-03,MA,0.935,15,22
CW500063,2024-03,SE,0.961,37,24
CW500063,2024-03,MW,0.945,30,33
CW500063,2024-03,TX,0.992,18,27
CW500063,2024-03,MTN,0.964,43,34
CW500063,2024-03,PSW,0.957,41,28
CW500063,2024-03,PNW,0.948,25,32
CW500063,2024-04,NE,0.948,75,40
CW500063,2024-04,MA,0.965,32,23
CW500063,2024-04,SE,0.998,45,25
CW500063,2024-04,MW,0.947,33,41
CW500063,2024-04,TX,0.991,38,27
CW500063,2024-04,MTN,0.978,47,36
CW500063,2024-04,PSW,0.978,24,26
CW500063,2024-04,PNW,0.989,62,33
CW500063,2024-05,NE,0.942,23,38
CW500063,2024-05,MA,0.946,50,27
CW500063,2024-05,SE,0.972,27,29
CW500063,2024-05,MW,0.974,32,40
CW500063,2024-05,TX,0.942,50,35
CW500063,2024-05,MTN,0.981,32,36
CW500063,2024-05,PSW,0.971,39,30
CW500063,2024-05,PNW,0.969,24,37
CW500063,2024-06,NE,0.949,57,42
CW500063,2024-06,MA,0.965,33,25
CW500063,2024-06,SE,0.961,24,29
CW500063,2024-06,MW,0.939,63,40
CW500063,2024-06,TX,0.981,54,33
CW500063,2024-06,MTN,0.961,31,40
CW500063,2024-06,PSW,0.991,37,29
CW500063,2024-06,PNW,0.994,24,32
CW500063,2024-07,NE,0.94,54,38
CW500063,2024-07,MA,0.985,13,25
CW500063,2024-07,SE,0.99,35,26
CW500063,2024-07,MW,0.982,71,40
CW500063,2024-07,TX,0.948,18,31
CW500063,2024-07,MTN,0.932,30,41
CW500063,2024-07,PSW,0.959,57,32
CW500063,2024-07,PNW,0.946,42,36
CW500063,2024-08,NE,0.972,20,40
CW500063,2024-08,MA,0.981,34,26
CW500063,2024-08,SE,0.936,20,28
CW500063,2024-08,MW,0.962,44,39
CW500063,2024-08,TX,0.982,49,28
CW500063,2024-08,MTN,0.972,59,37
CW500063,2024-08,PSW,0.973,44,27
CW500063,2024-08,PNW,0.951,36,34
CW500063,2024-09,NE,0.932,17,36
CW500063,2024-09,MA,0.933,32,23
CW500063,2024-09,SE,0.984,42,24
CW500063,2024-09,MW,0.952,40,36
CW500063,2024-09,TX,0.948,43,30
CW500063,2024-09,MTN,0.987,45,34
CW500063,2024-09,PSW,0.945,12,25
CW500063,2024-09,PNW,0.975,52,32
CW500063,2024-10,NE,0.982,60,33
CW500063,2024-10,MA,0.977,35,20
CW500063,2024-10,SE,0.94,42,25
CW500063,2024-10,MW,0.944,69,37
CW500063,2024-10,TX,0.994,41,25
CW500063,2024-10,MTN,0.945,47,37
CW500063,2024-10,PSW,0.943,29,25
CW500063,2024-10,PNW,0.965,35,27
CW500063,2024-11,NE,0.944,51,33
CW500063,2024-11,MA,0.989,23,20
CW500063,2024-11,SE,0.954,20,25
CW500063,2024-11,MW,0.986,19,29
CW500063,2024-11,TX,0.949,41,27
CW500063,2024-11,MTN,0.942,47,31
CW500063,2024-11,PSW,0.969,29,22
CW500063,2024-11,PNW,0.969,41,26
CW500063,2024-12,NE,0.972,46,28
CW500063,2024-12,MA,0.959,38,20
CW500063,2024-12,SE,0.974,34,20
CW500063,2024-12,MW,0.952,32,30
CW500063,2024-12,TX,0.942,21,25
CW500063,2024-12,MTN,0.998,46,33
CW500063,2024-12,PSW,0.954,26,24
CW500063,2024-12,PNW,0.995,22,28
CW500063,2025-01,NE,0.951,53,33
CW500063,2025-01,MA,0.995,13,19
CW500063,2025-01,SE,0.954,41,22
CW500063,2025-01,MW,0.959,16,31
CW500063,2025-01,TX,0.972,29,25
CW500063,2025-01,MTN,0.933,18,35
CW500063,2025-01,PSW,0.997,27,21
CW500063,2025-01,PNW,0.972,28,26
CW500063,2025-02,NE,0.977,59,36
CW500063,2025-02,MA,0.988,12,23
CW500063,2025-02,SE,0.954,31,24
CW500063,2025-02,MW,0.982,38,35
CW500063,2025-02,TX,0.981,43,25
CW500063,2025-02,MTN,0.968,19,36
CW500063,2025-02,PSW,0.936,42,24
CW500063,2025-02,PNW,0.987,31,30
CW500063,2025-03,NE,0.992,69,39
CW500063,2025-03,MA,0.978,24,22
CW500063,2025-03,SE,0.937,22,27
CW500063,2025-03,MW,0.937,30,41
CW500063,2025-03,TX,0.967,53,32
CW500063,2025-03,MTN,0.997,32,35
CW500063,2025-03,PSW,0.978,13,26
CW500063,2025-03,PNW,0.97,38,31
CW500063,2025-04,NE,0.934,49,43
CW500063,2025-04,MA,0.94,30,24
CW500063,2025-04,SE,0.98,42,26
CW500063,2025-04,MW,0.984,27,37
CW500063,2025-04,TX,0.943,51,36
CW500063,2025-04,MTN,0.974,74,41
CW500063,2025-04,PSW,0.947,37,30
CW500063,2025-04,PNW,0.971,52,35
CW500063,2025-05,NE,0.943,74,42
CW500063,2025-05,MA,0.971,30,26
CW500063,2025-05,SE,0.945,37,30
CW500063,2025-05,MW,0.984,24,40
CW500063,2025-05,TX,0.948,49,33
CW500063,2025-05,MTN,0.99,38,38
CW500063,2025-05,PSW,0.939,26,29
CW500063,2025-05,PNW,0.962,39,38
CW500063,2025-06,NE,0.992,78,44
CW500063,2025-06,MA,0.955,36,30
CW500063,2025-06,SE,0.985,29,29
CW500063,2025-06,MW,0.954,23,44
CW500063,2025-06,TX,0.989,69,35
CW500063,2025-06,MTN,0.934,36,46
CW500063,2025-06,PSW,0.978,20,33
CW500063,2025-06,PNW,0.968,69,38
CW500063,2025-07,NE,0.998,67,41
CW500063,2025-07,MA,0.994,48,26
CW500063,2025-07,SE,0.966,33,30
CW500063,2025-07,MW,0.946,44,45
CW500063,2025-07,TX,0.942,23,36
CW500063,2025-07,MTN,0.989,66,43
CW500063,2025-07,PSW,0.943,51,35
CW500063,2025-07,PNW,0.933,59,38
CW500063,2025-08,NE,0.988,40,38
CW500063,2025-08,MA,0.952,45,27
CW500063,2025-08,SE,0.99,18,28
CW500063,2025-08,MW,0.999,71,43
CW500063,2025-08,TX,0.966,46,31
CW500063,2025-08,MTN,0.97,68,44
CW500063,2025-08,PSW,0.946,41,32
CW500063,2025-08,PNW,0.935,20,35
CW500063,2025-09,NE,0.953,75,40
CW500063,2025-09,MA,0.968,41,24
CW500063,2025-09,SE,0.941,48,27
CW500063,2025-09,MW,0.98,42,38
CW500063,2025-09,TX,0.952,48,29
CW500063,2025-09,MTN,0.951,30,36
CW500063,2025-09,PSW,0.976,15,26
CW500063,2025-09,PNW,0.942,34,32
CW500063,2025-10,NE,0.938,25,38
CW500063,2025-10,MA,0.947,46,25
CW500063,2025-10,SE,0.964,32,28
CW500063,2025-10,MW,0.946,22,39
CW500063,2025-10,TX,0.932,28,30
CW500063,2025-10,MTN,0.99,30,35
CW500063,2025-10,PSW,0.936,17,25
CW500063,2025-10,PNW,0.969,44,29
CW500063,2025-11,NE,0.972,64,33
CW500063,2025-11,MA,0.952,26,20
CW500063,2025-11,SE,0.931,21,24
CW500063,2025-11,MW,0.993,52,33
CW500063,2025-11,TX,0.973,21,25
CW500063,2025-11,MTN,0.98,28,31
CW500063,2025-11,PSW,0.946,42,24
CW500063,2025-11,PNW,0.98,48,27
CW500063,2025-12,NE,0.939,46,34
CW500063,2025-12,MA,0.98,26,21
CW500063,2025-12,SE,0.973,13,23
CW500063,2025-12,MW,0.976,62,33
CW500063,2025-12,TX,0.946,47,28
CW500063,2025-12,MTN,0.994,25,31
CW500063,2025-12,PSW,0.94,16,25
CW500063,2025-12,PNW,0.984,50,28
CW500066,2024-01,NE,0.937,117,81
CW500066,2024-01,MA,0.965,31,55
CW500066,2024-01,SE,0.941,37,71
CW500066,2024-01,MW,0.936,132,71
CW500066,2024-01,TX,0.936,46,74
CW500066,2024-01,MTN,0.994,34,57
CW500066,2024-01,PSW,0.963,94,63
CW500066,2024-01,PNW,0.931,111,62
CW500066,2024-02,NE,0.966,126,80
CW500066,2024-02,MA,0.998,88,57
CW500066,2024-02,SE,0.966,72,77
CW500066,2024-02,MW,0.956,89,75
CW500066,2024-02,TX,0.93,98,83
CW500066,2024-02,MTN,0.955,77,68
CW500066,2024-02,PSW,0.969,90,68
CW500066,2024-02,PNW,0.983,54,69
CW500066,2024-03,NE,0.931,158,91
CW500066,2024-03,MA,0.997,81,65
CW500066,2024-03,SE,0.945,142,85
CW500066,2024-03,MW,0.988,88,78
CW500066,2024-03,TX,0.968,92,81
CW500066,2024-03,MTN,0.96,104,68
CW500066,2024-03,PSW,0.965,120,72
CW500066,2024-03,PNW,0.956,71,75
CW500066,2024-04,NE,0.935,149,96
CW500066,2024-04,MA,0.944,125,76
CW500066,2024-04,SE,0.942,150,87
CW500066,2024-04,MW,0.939,114,99
CW500066,2024-04,TX,0.967,121,94
CW500066,2024-04,MTN,0.958,38,76
CW500066,2024-04,PSW,0.981,117,83
CW500066,2024-04,PNW,0.985,74,77
CW500066,2024-05,NE,0.991,153,89
CW500066,2024-05,MA,0.993,120,70
CW500066,2024-05,SE,0.971,183,98
CW500066,2024-05,MW,0.988,152,89
CW500066,2024-05,TX,0.952,149,106
CW500066,2024-05,MTN,0.948,128,84
CW500066,2024-05,PSW,0.996,79,77
CW500066,2024-05,PNW,0.976,107,82
CW500066,2024-06,NE,0.967,112,99
CW500066,2024-06,MA,0.967,105,75
CW500066,2024-06,SE,0.966,85,98
CW500066,2024-06,MW,0.968,85,100
CW500066,2024-06,TX,0.974,188,104
CW500066,2024-06,MTN,0.932,45,82
CW500066,2024-06,PSW,0.979,97,81
CW500066,2024-06,PNW,0.975,90,82
CW500066,2024-07,NE,0.999,84,93
CW500066,2024-07,MA,0.971,98,77
CW500066,2024-07,SE,0.978,147,100
CW500066,2024-07,MW,0.988,81,97
CW500066,2024-07,TX,0.972,115,94
CW500066,2024-07,MTN,0.983,103,82
CW500066,2024-07,PSW,0.943,115,92
CW500066,2024-07,PNW,0.976,46,78
CW500066,2024-08,NE,0.936,96,102
CW500066,2024-08,MA,0.944,87,76
CW500066,2024-08,SE,0.967,53,93
CW500066,2024-08,MW,0.98,149,89
CW500066,2024-08,TX,0.939,105,102
CW500066,2024-08,MTN,0.999,105,76
CW500066,2024-08,PSW,0.931,132,79
CW500066,2024-08,PNW,0.953,55,76
CW500066,2024-09,NE,0.975,54,88
CW500066,2024-09,MA,0.932,103,65
CW500066,2024-09,SE,0.936,57,87
CW500066,2024-09,MW,0.955,93,81
CW500066,2024-09,TX,0.999,119,93
CW500066,2024-09,MTN,0.979,126,70
CW500066,2024-09,PSW,0.995,62,78
CW500066,2024-09,PNW,0.975,97,70
CW500066,2024-10,NE,0.966,57,78
CW500066,2024-10,MA,0.943,56,66
CW500066,2024-10,SE,0.997,118,80
CW500066,2024-10,MW,0.941,91,83
CW500066,2024-10,TX,0.994,68,83
CW500066,2024-10,MTN,0.944,117,63
CW500066,2024-10,PSW,0.974,121,69
CW500066,2024-10,PNW,0.933,94,76
CW500066,2024-11,NE,0.937,53,87
CW500066,2024-11,MA,0.945,97,58
CW500066,2024-11,SE,0.94,92,79
CW500066,2024-11,MW,0.973,99,78
CW500066,2024-11,TX,0.945,140,86
CW500066,2024-11,MTN,0.973,120,64
CW500066,2024-11,PSW,0.94,127,73
CW500066,2024-11,PNW,0.933,68,62
CW500066,2024-12,NE,0.992,107,81
CW500066,2024-12,MA,0.978,51,58
CW500066,2024-12,SE,0.951,92,80
CW500066,2024-12,MW,0.988,102,69
CW500066,2024-12,TX,0.999,55,78
CW500066,2024-12,MTN,0.938,71,60
CW500066,2024-12,PSW,0.938,124,73
CW500066,2024-12,PNW,0.942,98,63
CW500066,2025-01,NE,0.986,133,76
CW500066,2025-01,MA,0.976,87,59
CW500066,2025-01,SE,0.951,105,75
CW500066,2025-01,MW,0.955,130,81
CW500066,2025-01,TX,0.976,165,85
CW500066,2025-01,MTN,0.984,106,65
CW500066,2025-01,PSW,0.952,110,69
CW500066,2025-01,PNW,0.966,33,67
CW500066,2025-02,NE,0.967,158,84
CW500066,2025-02,MA,0.994,107,59
CW500066,2025-02,SE,0.968,62,84
CW500066,2025-02,MW,0.937,103,87
CW500066,2025-02,TX,0.959,113,90
CW500066,2025-02,MTN,0.951,120,67
CW500066,2025-02,PSW,0.969,139,73
CW500066,2025-02,PNW,0.992,48,69
CW500066,2025-03,NE,0.944,68,97
CW500066,2025-03,MA,0.98,85,73
CW500066,2025-03,SE,0.971,99,93
CW500066,2025-03,MW,0.999,99,88
CW500066,2025-03,TX,0.991,75,96
CW500066,2025-03,MTN,0.949,55,75
CW500066,2025-03,PSW,0.984,46,79
CW500066,2025-03,PNW,0.939,101,76
CW500066,2025-04,NE,0.932,77,111
CW500066,2025-04,MA,0.964,129,77
CW500066,2025-04,SE,0.991,66,97
CW500066,2025-04,MW,0.97,61,102
CW500066,2025-04,TX,0.974,111,97
CW500066,2025-04,MTN,0.947,47,78
CW500066,2025-04,PSW,0.956,64,88
CW500066,2025-04,PNW,0.936,71,82
CW500066,2025-05,NE,0.938,115,108
CW500066,2025-05,MA,0.968,76,83
CW500066,2025-05,SE,0.982,200,105
CW500066,2025-05,MW,0.956,80,109
CW500066,2025-05,TX,0.937,152,108
CW500066,2025-05,MTN,0.938,77,82
CW500066,2025-05,PSW,0.94,50,96
CW500066,2025-05,PNW,0.968,126,83
CW500066,2025-06,NE,0.96,75,104
CW500066,2025-06,MA,0.968,65,77
CW500066,2025-06,SE,0.944,60,104
CW500066,2025-06,MW,0.941,145,109
CW500066,2025-06,TX,0.949,143,108
CW500066,2025-06,MTN,0.977,65,83
CW500066,2025-06,PSW,0.99,59,94
CW500066,2025-06,PNW,0.997,165,88
CW500066,2025-07,NE,0.987,134,97
CW500066,2025-07,MA,0.984,70,82
CW500066,2025-07,SE,0.994,75,100
CW500066,2025-07,MW,0.959,174,111
CW500066,2025-07,TX,0.965,159,113
CW500066,2025-07,MTN,0.956,53,88
CW500066,2025-07,PSW,0.944,124,86
CW500066,2025-07,PNW,0.989,66,82
CW500066,2025-08,NE,0.954,190,102
CW500066,2025-08,MA,0.98,136,76
CW500066,2025-08,SE,0.934,98,94
CW500066,2025-08,MW,0.971,83,95
CW500066,2025-08,TX,0.942,186,110
CW500066,2025-08,MTN,0.995,96,78
CW500066,2025-08,PSW,0.962,97,87
CW500066,2025-08,PNW,0.997,53,80
CW500066,2025-09,NE,0.968,126,90
CW500066,2025-09,MA,0.991,86,70
CW500066,2025-09,SE,0.97,110,88
CW500066,2025-09,MW,0.958,94,101
CW500066,2025-09,TX,0.957,67,95
CW500066,2025-09,MTN,0.941,134,75
CW500066,2025-09,PSW,0.953,114,80
CW500066,2025-09,PNW,0.946,86,83
CW500066,2025-10,NE,0.971,140,85
CW500066,2025-10,MA,0.989,56,66
CW500066,2025-10,SE,0.947,90,87
CW500066,2025-10,MW,0.982,105,89
CW500066,2025-10,TX,0.993,164,86
CW500066,2025-10,MTN,0.986,52,67
CW500066,2025-10,PSW,0.968,48,77
CW500066,2025-10,PNW,0.938,81,73
CW500066,2025-11,NE,0.974,46,82
CW500066,2025-11,MA,0.995,59,61
CW500066,2025-11,SE,0.938,85,76
CW500066,2025-11,MW,0.988,110,77
CW500066,2025-11,TX,0.992,114,78
CW500066,2025-11,MTN,0.985,77,70
CW500066,2025-11,PSW,0.982,118,74
CW500066,2025-11,PNW,0.958,55,65
CW500066,2025-12,NE,0.999,115,75
CW500066,2025-12,MA,0.975,52,65
CW500066,2025-12,SE,0.951,137,75
CW500066,2025-12,MW,0.994,94,78
CW500066,2025-12,TX,0.971,85,86
CW500066,2025-12,MTN,0.99,40,59
CW500066,2025-12,PSW,0.981,104,74
CW500066,2025-12,PNW,0.978,104,67
CW500069,2024-01,NE,0.935,167,117
CW500069,2024-01,MA,0.987,70,90
CW500069,2024-01,SE,0.977,174,106
CW500069,2024-01,MW,0.951,125,89
CW500069,2024-01,TX,0.968,94,113
CW500069,2024-01,MTN,0.973,187,97
CW500069,2024-01,PSW,0.944,119,75
CW500069,2024-01,PNW,0.962,57,69
CW500069,2024-02,NE,0.999,229,118
CW500069,2024-02,MA,0.976,90,101
CW500069,2024-02,SE,0.969,98,101
CW500069,2024-02,MW,0.969,159,96
CW500069,2024-02,TX,0.97,174,130
CW500069,2024-02,MTN,0.932,60,110
CW500069,2024-02,PSW,0.978,50,81
CW500069,2024-02,PNW,0.962,87,74
CW500069,2024-03,NE,0.932,253,144
CW500069,2024-03,MA,0.957,190,101
CW500069,2024-03,SE,0.961,218,115
CW500069,2024-03,MW,0.967,140,107
CW500069,2024-03,TX,0.955,250,138
CW500069,2024-03,MTN,0.971,121,113
CW500069,2024-03,PSW,0.961,78,90
CW500069,2024-03,PNW,0.939,65,88
CW500069,2024-04,NE,0.971,241,135
CW500069,2024-04,MA,0.996,138,119
CW500069,2024-04,SE,0.99,86,127
CW500069,2024-04,MW,0.973,57,113
CW500069,2024-04,TX,0.99,75,133
CW500069,2024-04,MTN,0.946,152,120
CW500069,2024-04,PSW,0.973,53,87
CW500069,2024-04,PNW,0.958,65,95
CW500069,2024-05,NE,0.981,165,162
CW500069,2024-05,MA,0.975,117,112
CW500069,2024-05,SE,0.95,187,144
CW500069,2024-05,MW,0.968,213,115
CW500069,2024-05,TX,0.956,247,157
CW500069,2024-05,MTN,0.945,214,127
CW500069,2024-05,PSW,0.994,128,96
CW500069,2024-05,PNW,0.944,158,97
CW500069,2024-06,NE,0.965,205,152
CW500069,2024-06,MA,0.948,115,128
CW500069,2024-06,SE,0.989,188,126
CW500069,2024-06,MW,0.932,213,114
CW500069,2024-06,TX,0.978,181,151
CW500069,2024-06,MTN,0.988,217,118
CW500069,2024-06,PSW,0.949,78,105
CW500069,2024-06,PNW,0.938,179,96
CW500069,2024-07,NE,0.943,96,163
CW500069,2024-07,MA,0.943,223,125
CW500069,2024-07,SE,0.964,82,128
CW500069,2024-07,MW,0.936,187,120
CW500069,2024-07,TX,0.987,112,144
CW500069,2024-07,MTN,0.969,198,114
CW500069,2024-07,PSW,0.979,182,102
CW500069,2024-07,PNW,0.974,163,94
CW500069,2024-08,NE,0.975,90,146
CW500069,2024-08,MA,0.962,113,122
CW500069,2024-08,SE,0.944,160,139
CW500069,2024-08,MW,0.944,90,123
CW500069,2024-08,TX,0.941,215,159
CW500069,2024-08,MTN,0.995,209,112
CW500069,2024-08,PSW,0.963,83,104
CW500069,2024-08,PNW,0.989,143,96
CW500069,2024-09,NE,0.985,135,135
CW500069,2024-09,MA,0.945,120,105
CW500069,2024-09,SE,0.933,221,124
CW500069,2024-09,MW,0.974,165,108
CW500069,2024-09,TX,0.997,194,146
CW500069,2024-09,MTN,0.963,57,117
CW500069,2024-09,PSW,0.99,148,84
CW500069,2024-09,PNW,0.943,79,86
CW500069,2024-10,NE,0.979,241,125
CW500069,2024-10,MA,0.965,160,103
CW500069,2024-10,SE,0.98,180,114
CW500069,2024-10,MW,0.962,130,97
CW500069,2024-10,TX,0.984,125,131
CW500069,2024-10,MTN,0.968,209,109
CW500069,2024-10,PSW,0.939,104,84
CW500069,2024-10,PNW,0.974,63,78
CW500069,2024-11,NE,0.974,212,119
CW500069,2024-11,MA,0.988,167,92
CW500069,2024-11,SE,0.959,76,104
CW500069,2024-11,MW,0.994,127,90
CW500069,2024-11,TX,0.991,157,115
CW500069,2024-11,MTN,0.952,131,94
CW500069,2024-11,PSW,0.941,50,81
CW500069,2024-11,PNW,0.947,98,72
CW500069,2024-12,NE,0.956,180,126
CW500069,2024-12,MA,0.962,151,93
CW500069,2024-12,SE,0.964,56,104
CW500069,2024-12,MW,0.983,156,86
CW500069,2024-12,TX,0.984,191,123
CW500069,2024-12,MTN,0.97,124,102
CW500069,2024-12,PSW,0.94,80,86
CW500069,2024-12,PNW,0.986,68,67
CW500069,2025-01,NE,0.977,97,127
CW500069,2025-01,MA,0.932,49,100
CW500069,2025-01,SE,0.966,121,113
CW500069,2025-01,MW,0.939,87,94
CW500069,2025-01,TX,0.97,222,128
CW500069,2025-01,MTN,0.982,64,90
CW500069,2025-01,PSW,0.933,132,78
CW500069,2025-01,PNW,0.96,144,79
CW500069,2025-02,NE,0.997,165,130
CW500069,2025-02,MA,0.969,130,98
CW500069,2025-02,SE,0.993,227,120
CW500069,2025-02,MW,0.955,90,100
CW500069,2025-02,TX,0.969,69,131
CW500069,2025-02,MTN,0.992,136,95
CW500069,2025-02,PSW,0.977,172,91
CW500069,2025-02,PNW,0.985,91,81
CW500069,2025-03,NE,0.987,230,142
CW500069,2025-03,MA,0.974,58,110
CW500069,2025-03,SE,0.971,173,130
CW500069,2025-03,MW,0.942,164,108
CW500069,2025-03,TX,0.967,250,155
CW500069,2025-03,MTN,0.949,66,113
CW500069,2025-03,PSW,0.974,50,98
CW500069,2025-03,PNW,0.974,144,94
CW500069,2025-04,NE,0.984,186,147
CW500069,2025-04,MA,0.956,198,127
CW500069,2025-04,SE,0.993,255,128
CW500069,2025-04,MW,0.957,164,122
CW500069,2025-04,TX,0.98,258,148
CW500069,2025-04,MTN,0.939,175,133
CW500069,2025-04,PSW,0.97,85,102
CW500069,2025-04,PNW,0.976,107,100
CW500069,2025-05,NE,0.96,319,171
CW500069,2025-05,MA,0.941,63,132
CW500069,2025-05,SE,0.953,255,148
CW500069,2025-05,MW,0.982,201,121
CW500069,2025-05,TX,0.994,84,157
CW500069,2025-05,MTN,0.931,188,136
CW500069,2025-05,PSW,0.933,105,102
CW500069,2025-05,PNW,0.978,137,97
CW500069,2025-06,NE,0.996,304,167
CW500069,2025-06,MA,0.971,257,140
CW500069,2025-06,SE,0.952,259,149
CW500069,2025-06,MW,0.946,71,138
CW500069,2025-06,TX,0.94,270,177
CW500069,2025-06,MTN,0.939,127,136
CW500069,2025-06,PSW,0.988,131,115
CW500069,2025-06,PNW,0.986,98,108
CW500069,2025-07,NE,0.955,83,159
CW500069,2025-07,MA,0.993,128,131
CW500069,2025-07,SE,0.981,140,137
CW500069,2025-07,MW,0.96,219,132
CW500069,2025-07,TX,0.954,115,181
CW500069,2025-07,MTN,0.938,100,141
CW500069,2025-07,PSW,0.995,138,113
CW500069,2025-07,PNW,0.966,192,109
CW500069,2025-08,NE,0.95,182,149
CW500069,2025-08,MA,0.998,179,126
CW500069,2025-08,SE,0.97,160,137
CW500069,2025-08,MW,0.978,211,118
CW500069,2025-08,TX,0.998,262,150
CW500069,2025-08,MTN,0.947,191,121
CW500069,2025-08,PSW,0.985,113,109
CW500069,2025-08,PNW,0.935,47,99
CW500069,2025-09,NE,0.931,193,165
CW500069,2025-09,MA,0.99,152,120
CW500069,2025-09,SE,0.961,177,132
CW500069,2025-09,MW,0.993,151,114
CW500069,2025-09,TX,0.971,170,147
CW500069,2025-09,MTN,0.958,95,116
CW500069,2025-09,PSW,0.946,168,99
CW500069,2025-09,PNW,0.933,139,94
CW500069,2025-10,NE,0.983,113,145
CW500069,2025-10,MA,0.955,168,105
CW500069,2025-10,SE,0.963,110,126
CW500069,2025-10,MW,0.934,106,108
CW500069,2025-10,TX,0.961,69,130
CW500069,2025-10,MTN,0.959,69,110
CW500069,2025-10,PSW,0.978,71,93
CW500069,2025-10,PNW,0.972,154,88
CW500069,2025-11,NE,0.966,199,120
CW500069,2025-11,MA,0.991,55,100
CW500069,2025-11,SE,0.935,103,111
CW500069,2025-11,MW,0.947,177,105
CW500069,2025-11,TX,0.949,235,133
CW500069,2025-11,MTN,0.942,178,104
CW500069,2025-11,PSW,0.945,51,84
CW500069,2025-11,PNW,0.948,122,80
CW500069,2025-12,NE,0.964,187,136
CW500069,2025-12,MA,0.941,83,107
CW500069,2025-12,SE,0.985,82,108
CW500069,2025-12,MW,0.996,53,91
CW500069,2025-12,TX,0.943,138,143
CW500069,2025-12,MTN,0.99,88,95
CW500069,2025-12,PSW,0.967,117,80
CW500069,2025-12,PNW,0.952,75,75
CW500072,2024-01,NE,0.938,96,56
CW500072,2024-01,MA,0.949,23,45
CW500072,2024-01,SE,0.983,33,46
CW500072,2024-01,MW,0.953,54,44
CW500072,2024-01,TX,0.932,79,45
CW500072,2024-01,MTN,0.955,27,48
CW500072,2024-01,PSW,0.936,39,49
CW500072,2024-01,PNW,0.958,30,45
CW500072,2024-02,NE,0.999,89,60
CW500072,2024-02,MA,0.932,36,48
CW500072,2024-02,SE,0.931,72,53
CW500072,2024-02,MW,0.967,74,44
CW500072,2024-02,TX,0.95,50,51
CW500072,2024-02,MTN,0.948,25,51
CW500072,2024-02,PSW,0.945,87,56
CW500072,2024-02,PNW,0.984,48,45
CW500072,2024-03,NE,0.936,86,63
CW500072,2024-03,MA,0.976,76,48
CW500072,2024-03,SE,0.93,70,55
CW500072,2024-03,MW,0.942,48,46
CW500072,2024-03,TX,0.956,27,53
CW500072,2024-03,MTN,0.949,40,49
CW500072,2024-03,PSW,0.993,82,52
CW500072,2024-03,PNW,0.938,104,57
CW500072,2024-04,NE,0.977,50,69
CW500072,2024-04,MA,0.973,78,53
CW500072,2024-04,SE,0.974,93,63
CW500072,2024-04,MW,0.992,29,51
CW500072,2024-04,TX,1.0,88,53
CW500072,2024-04,MTN,0.998,56,52
CW500072,2024-04,PSW,0.951,104,58
CW500072,2024-04,PNW,0.944,56,56
CW500072,2024-05,NE,0.962,124,71
CW500072,2024-05,MA,0.996,101,59
CW500072,2024-05,SE,0.973,110,66
CW500072,2024-05,MW,0.965,49,56
CW500072,2024-05,TX,0.98,48,56
CW500072,2024-05,MTN,0.951,65,55
CW500072,2024-05,PSW,0.952,82,69
CW500072,2024-05,PNW,0.996,103,57
CW500072,2024-06,NE,0.955,91,83
CW500072,2024-06,MA,0.955,102,62
CW500072,2024-06,SE,0.944,78,70
CW500072,2024-06,MW,0.946,79,59
CW500072,2024-06,TX,0.981,38,62
CW500072,2024-06,MTN,0.995,72,61
CW500072,2024-06,PSW,0.972,65,65
CW500072,2024-06,PNW,0.965,65,61
CW500072,2024-07,NE,0.959,141,81
CW500072,2024-07,MA,0.971,95,58
CW500072,2024-07,SE,0.959,97,67
CW500072,2024-07,MW,0.984,27,55
CW500072,2024-07,TX,0.94,29,58
CW500072,2024-07,MTN,0.957,37,56
CW500072,2024-07,PSW,0.957,49,71
CW500072,2024-07,PNW,0.977,90,57
CW500072,2024-08,NE,0.946,108,75
CW500072,2024-08,MA,0.956,37,54
CW500072,2024-08,SE,0.949,116,65
CW500072,2024-08,MW,0.983,93,53
CW500072,2024-08,TX,0.954,59,56
CW500072,2024-08,MTN,0.991,48,51
CW500072,2024-08,PSW,0.937,104,65
CW500072,2024-08,PNW,0.993,90,62
CW500072,2024-09,NE,0.934,67,65
CW500072,2024-09,MA,0.964,27,54
CW500072,2024-09,SE,0.943,72,62
CW500072,2024-09,MW,0.972,61,45
CW500072,2024-09,TX,0.978,28,50
CW500072,2024-09,MTN,0.954,46,50
CW500072,2024-09,PSW,0.979,77,53
CW500072,2024-09,PNW,0.971,69,54
CW500072,2024-10,NE,0.976,89,66
CW500072,2024-10,MA,0.989,67,43
CW500072,2024-10,SE,0.98,47,50
CW500072,2024-10,MW,0.96,64,46
CW500072,2024-10,TX,0.989,89,45
CW500072,2024-10,MTN,0.984,61,47
CW500072,2024-10,PSW,0.957,36,57
CW500072,2024-10,PNW,0.942,47,48
CW500072,2024-11,NE,0.965,68,60
CW500072,2024-11,MA,1.0,72,45
CW500072,2024-11,SE,0.967,88,51
CW500072,2024-11,MW,0.974,37,42
CW500072,2024-11,TX,0.962,81,48
CW500072,2024-11,MTN,0.95,45,49
CW500072,2024-11,PSW,0.988,72,48
CW500072,2024-11,PNW,0.953,75,48
CW500072,2024-12,NE,0.955,102,56
CW500072,2024-12,MA,0.972,38,44
CW500072,2024-12,SE,0.946,67,53
CW500072,2024-12,MW,0.992,62,41
CW500072,2024-12,TX,0.953,52,49
CW500072,2024-12,MTN,0.98,43,47
CW500072,2024-12,PSW,0.973,37,46
CW500072,2024-12,PNW,0.951,75,52
CW500072,2025-01,NE,0.964,108,63
CW500072,2025-01,MA,0.932,84,51
CW500072,2025-01,SE,0.989,62,50
CW500072,2025-01,MW,0.969,61,45
CW500072,2025-01,TX,0.93,78,50
CW500072,2025-01,MTN,0.949,59,49
CW500072,2025-01,PSW,0.99,51,50
CW500072,2025-01,PNW,0.952,79,51
CW500072,2025-02,NE,0.999,101,66
CW500072,2025-02,MA,0.993,94,50
CW500072,2025-02,SE,0.992,59,56
CW500072,2025-02,MW,0.967,59,48
CW500072,2025-02,TX,0.969,63,52
CW500072,2025-02,MTN,0.984,78,51
CW500072,2025-02,PSW,0.965,94,52
CW500072,2025-02,PNW,0.989,38,48
CW500072,2025-03,NE,0.959,108,75
CW500072,2025-03,MA,0.995,55,54
CW500072,2025-03,SE,0.935,56,63
CW500072,2025-03,MW,0.959,89,47
CW500072,2025-03,TX,0.991,52,58
CW500072,2025-03,MTN,0.963,31,59
CW500072,2025-03,PSW,0.977,30,58
CW500072,2025-03,PNW,0.977,38,56
CW500072,2025-04,NE,0.988,123,74
CW500072,2025-04,MA,0.989,100,60
CW500072,2025-04,SE,0.998,78,67
CW500072,2025-04,MW,0.974,50,50
CW500072,2025-04,TX,0.959,108,57
CW500072,2025-04,MTN,0.937,69,59
CW500072,2025-04,PSW,0.952,109,63
CW500072,2025-04,PNW,0.982,77,64
CW500072,2025-05,NE,0.987,147,85
CW500072,2025-05,MA,0.953,106,58
CW500072,2025-05,SE,0.961,64,72
CW500072,2025-05,MW,0.931,106,57
CW500072,2025-05,TX,0.95,49,63
CW500072,2025-05,MTN,0.941,117,69
CW500072,2025-05,PSW,0.959,91,70
CW500072,2025-05,PNW,0.978,90,64
CW500072,2025-06,NE,0.936,130,80
CW500072,2025-06,MA,0.955,31,58
CW500072,2025-06,SE,0.958,75,66
CW500072,2025-06,MW,0.941,41,57
CW500072,2025-06,TX,0.958,53,69
CW500072,2025-06,MTN,0.988,78,60
CW500072,2025-06,PSW,0.963,70,72
CW500072,2025-06,PNW,0.932,91,69
CW500072,2025-07,NE,0.985,139,77
CW500072,2025-07,MA,0.937,94,60
CW500072,2025-07,SE,0.983,53,66
CW500072,2025-07,MW,0.934,37,58
CW500072,2025-07,TX,0.953,123,68
CW500072,2025-07,MTN,0.935,112,70
CW500072,2025-07,PSW,0.942,52,77
CW500072,2025-07,PNW,0.932,133,72
CW500072,2025-08,NE,0.947,96,81
CW500072,2025-08,MA,0.952,109,61
CW500072,2025-08,SE,0.943,92,65
CW500072,2025-08,MW,0.964,70,55
CW500072,2025-08,TX,0.977,61,65
CW500072,2025-08,MTN,0.995,90,57
CW500072,2025-08,PSW,0.99,62,62
CW500072,2025-08,PNW,0.966,95,62
CW500072,2025-09,NE,0.964,91,78
CW500072,2025-09,MA,0.951,76,52
CW500072,2025-09,SE,0.986,71,63
CW500072,2025-09,MW,0.988,38,52
CW500072,2025-09,TX,0.966,61,54
CW500072,2025-09,MTN,0.958,107,57
CW500072,2025-09,PSW,0.999,49,61
CW500072,2025-09,PNW,0.98,78,58
CW500072,2025-10,NE,0.972,67,68
CW500072,2025-10,MA,0.948,85,52
CW500072,2025-10,SE,0.976,106,57
CW500072,2025-10,MW,0.947,25,45
CW500072,2025-10,TX,0.931,98,59
CW500072,2025-10,MTN,0.99,59,50
CW500072,2025-10,PSW,0.987,62,56
CW500072,2025-10,PNW,0.992,46,55
CW500072,2025-11,NE,0.95,67,61
CW500072,2025-11,MA,0.952,89,49
CW500072,2025-11,SE,0.962,71,58
CW500072,2025-11,MW,0.979,32,47
CW500072,2025-11,TX,0.98,24,50
CW500072,2025-11,MTN,0.934,71,48
CW500072,2025-11,PSW,0.959,91,56
CW500072,2025-11,PNW,0.989,36,48
CW500072,2025-12,NE,0.982,72,58
CW500072,2025-12,MA,0.984,75,43
CW500072,2025-12,SE,0.947,58,50
CW500072,2025-12,MW,0.956,45,42
CW500072,2025-12,TX,0.976,83,51
CW500072,2025-12,MTN,0.949,32,54
CW500072,2025-12,PSW,0.955,106,57
CW500072,2025-12,PNW,0.966,92,49
CW500075,2024-01,NE,0.996,98,88
CW500075,2024-01,MA,0.98,155,88
CW500075,2024-01,SE,0.98,68,110
CW500075,2024-01,MW,0.939,46,88
CW500075,2024-01,TX,0.977,50,86
CW500075,2024-01,MTN,0.954,91,119
CW500075,2024-01,PSW,0.945,87,98
CW500075,2024-01,PNW,0.963,131,132
CW500075,2024-02,NE,0.969,154,94
CW500075,2024-02,MA,0.951,85,92
CW500075,2024-02,SE,0.968,148,105
CW500075,2024-02,MW,0.942,147,94
CW500075,2024-02,TX,0.966,128,95
CW500075,2024-02,MTN,0.979,187,117
CW500075,2024-02,PSW,0.958,65,97
CW500075,2024-02,PNW,1.0,264,133
CW500075,2024-03,NE,0.943,145,86
CW500075,2024-03,MA,0.96,59,88
CW500075,2024-03,SE,0.975,132,114
CW500075,2024-03,MW,0.975,64,87
CW500075,2024-03,TX,0.936,91,91
CW500075,2024-03,MTN,0.979,199,123
CW500075,2024-03,PSW,0.975,159,103
CW500075,2024-03,PNW,0.981,130,141
CW500075,2024-04,NE,0.946,73,88
CW500075,2024-04,MA,0.951,77,93
CW500075,2024-04,SE,0.99,106,106
CW500075,2024-04,MW,0.949,62,89
CW500075,2024-04,TX,0.985,125,96
CW500075,2024-04,MTN,0.946,78,125
CW500075,2024-04,PSW,0.935,54,105
CW500075,2024-04,PNW,0.985,213,129
CW500075,2024-05,NE,0.965,108,90
CW500075,2024-05,MA,0.971,60,99
CW500075,2024-05,SE,0.955,85,120
CW500075,2024-05,MW,0.962,103,86
CW500075,2024-05,TX,0.961,145,89
CW500075,2024-05,MTN,0.941,88,132
CW500075,2024-05,PSW,0.935,190,109
CW500075,2024-05,PNW,0.947,117,148
CW500075,2024-06,NE,0.955,59,87
CW500075,2024-06,MA,0.97,135,87
CW500075,2024-06,SE,0.999,64,115
CW500075,2024-06,MW,0.984,105,81
CW500075,2024-06,TX,0.989,91,86
CW500075,2024-06,MTN,0.937,177,129
CW500075,2024-06,PSW,0.997,143,101
CW500075,2024-06,PNW,0.987,148,134
CW500075,2024-07,NE,0.958,184,100
CW500075,2024-07,MA,0.978,156,87
CW500075,2024-07,SE,0.987,217,112
CW500075,2024-07,MW,0.993,57,82
CW500075,2024-07,TX,0.964,87,92
CW500075,2024-07,MTN,0.937,175,120
CW500075,2024-07,PSW,0.99,79,109
CW500075,2024-07,PNW,0.977,179,147
CW500075,2024-08,NE,0.943,95,97
CW500075,2024-08,MA,0.997,92,91
CW500075,2024-08,SE,0.959,198,109
CW500075,2024-08,MW,0.978,82,81
CW500075,2024-08,TX,0.967,159,101
CW500075,2024-08,MTN,0.931,165,135
CW500075,2024-08,PSW,0.947,133,100
CW500075,2024-08,PNW,0.973,91,135
CW500075,2024-09,NE,0.934,119,93
CW500075,2024-09,MA,0.934,70,94
CW500075,2024-09,SE,0.999,100,106
CW500075,2024-09,MW,0.971,130,82
CW500075,2024-09,TX,0.934,45,96
CW500075,2024-09,MTN,0.936,206,127
CW500075,2024-09,PSW,0.983,82,110
CW500075,2024-09,PNW,0.946,162,136
CW500075,2024-10,NE,0.954,109,96
CW500075,2024-10,MA,0.944,84,99
CW500075,2024-10,SE,0.936,82,118
CW500075,2024-10,MW,0.947,66,92
CW500075,2024-10,TX,0.999,145,90
CW500075,2024-10,MTN,0.942,196,123
CW500075,2024-10,PSW,0.966,122,102
CW500075,2024-10,PNW,0.972,162,149
CW500075,2024-11,NE,0.969,159,99
CW500075,2024-11,MA,0.979,99,94
CW500075,2024-11,SE,0.985,219,118
CW500075,2024-11,MW,0.992,116,93
CW500075,2024-11,TX,0.974,104,90
CW500075,2024-11,MTN,0.963,145,125
CW500075,2024-11,PSW,0.99,121,103
CW500075,2024-11,PNW,0.953,123,137
CW500075,2024-12,NE,0.969,165,98
CW500075,2024-12,MA,0.998,110,95
CW500075,2024-12,SE,0.978,161,110
CW500075,2024-12,MW,0.95,96,92
CW500075,2024-12,TX,0.998,198,101
CW500075,2024-12,MTN,0.976,155,117
CW500075,2024-12,PSW,0.94,119,113
CW500075,2024-12,PNW,0.976,132,130
CW500075,2025-01,NE,0.982,144,101
CW500075,2025-01,MA,0.99,173,91
CW500075,2025-01,SE,0.991,164,121
CW500075,2025-01,MW,0.93,60,101
CW500075,2025-01,TX,0.987,102,104
CW500075,2025-01,MTN,0.971,169,128
CW500075,2025-01,PSW,0.992,96,100
CW500075,2025-01,PNW,0.975,152,131
CW500075,2025-02,NE,0.984,98,102
CW500075,2025-02,MA,0.976,96,90
CW500075,2025-02,SE,0.983,166,123
CW500075,2025-02,MW,0.941,158,88
CW500075,2025-02,TX,0.995,160,102
CW500075,2025-02,MTN,0.979,129,128
CW500075,2025-02,PSW,0.997,103,108
CW500075,2025-02,PNW,0.97,167,150
CW500075,2025-03,NE,0.983,166,90
CW500075,2025-03,MA,0.987,188,98
CW500075,2025-03,SE,0.96,229,127
CW500075,2025-03,MW,0.947,54,96
CW500075,2025-03,TX,0.942,168,100
CW500075,2025-03,MTN,0.962,95,122
CW500075,2025-03,PSW,0.944,76,108
CW500075,2025-03,PNW,0.992,195,138
CW500075,2025-04,NE,0.97,187,96
CW500075,2025-04,MA,0.971,135,96
CW500075,2025-04,SE,0.981,162,120
CW500075,2025-04,MW,0.991,90,94
CW500075,2025-04,TX,0.974,182,105
CW500075,2025-04,MTN,0.956,111,140
CW500075,2025-04,PSW,0.94,94,104
CW500075,2025-04,PNW,1.0,200,129
CW500075,2025-05,NE,0.988,140,90
CW500075,2025-05,MA,0.949,99,99
CW500075,2025-05,SE,0.974,228,125
CW500075,2025-05,MW,0.939,147,94
CW500075,2025-05,TX,0.992,70,99
CW500075,2025-05,MTN,0.98,218,135
CW500075,2025-05,PSW,0.996,195,105
CW500075,2025-05,PNW,0.992,94,132
CW500075,2025-06,NE,0.994,164,94
CW500075,2025-06,MA,0.988,140,99
CW500075,2025-06,SE,0.98,229,122
CW500075,2025-06,MW,0.984,105,96
CW500075,2025-06,TX,0.984,153,93
CW500075,2025-06,MTN,0.964,204,122
CW500075,2025-06,PSW,0.962,154,107
CW500075,2025-06,PNW,0.968,211,137
CW500075,2025-07,NE,0.975,167,103
CW500075,2025-07,MA,0.949,156,109
CW500075,2025-07,SE,0.965,205,118
CW500075,2025-07,MW,0.958,153,97
CW500075,2025-07,TX,0.969,95,107
CW500075,2025-07,MTN,0.973,149,123
CW500075,2025-07,PSW,0.942,209,121
CW500075,2025-07,PNW,0.979,253,137
CW500075,2025-08,NE,0.961,108,95
CW500075,2025-08,MA,0.97,160,107
CW500075,2025-08,SE,0.995,116,110
CW500075,2025-08,MW,0.995,85,95
CW500075,2025-08,TX,0.981,177,98
CW500075,2025-08,MTN,0.967,242,130
CW500075,2025-08,PSW,0.956,91,110
CW500075,2025-08,PNW,0.938,142,151
CW500075,2025-09,NE,0.983,151,104
CW500075,2025-09,MA,0.976,89,103
CW500075,2025-09,SE,0.966,103,127
CW500075,2025-09,MW,0.957,126,104
CW500075,2025-09,TX,0.989,83,101
CW500075,2025-09,MTN,0.99,182,122
CW500075,2025-09,PSW,0.947,149,108
CW500075,2025-09,PNW,0.958,273,156
CW500075,2025-10,NE,0.954,154,101
CW500075,2025-10,MA,0.988,150,104
CW500075,2025-10,SE,0.985,105,119
CW500075,2025-10,MW,0.947,134,96
CW500075,2025-10,TX,0.984,181,106
CW500075,2025-10,MTN,0.932,272,150
CW500075,2025-10,PSW,0.99,72,112
CW500075,2025-10,PNW,0.947,181,149
CW500075,2025-11,NE,0.994,75,104
CW500075,2025-11,MA,0.994,192,102
CW500075,2025-11,SE,0.958,210,126
CW500075,2025-11,MW,0.999,76,92
CW500075,2025-11,TX,0.96,154,112
CW500075,2025-11,MTN,0.965,174,136
CW500075,2025-11,PSW,0.982,67,104
CW500075,2025-11,PNW,0.94,156,166
CW500075,2025-12,NE,0.97,119,94
CW500075,2025-12,MA,0.999,51,99
CW500075,2025-12,SE,0.958,187,136
CW500075,2025-12,MW,0.955,141,94
CW500075,2025-12,TX,0.971,57,111
CW500075,2025-12,MTN,0.94,222,143
CW500075,2025-12,PSW,0.945,192,120
CW500075,2025-12,PNW,0.935,148,159
CW500078,2024-01,NE,0.972,144,127
CW500078,2024-01,MA,0.991,259,142
CW500078,2024-01,SE,0.995,166,105
CW500078,2024-01,MW,0.941,243,147
CW500078,2024-01,TX,0.995,238,149
CW500078,2024-01,MTN,0.974,271,146
CW500078,2024-01,PSW,0.948,107,172
CW500078,2024-01,PNW,0.978,209,172
CW500078,2024-02,NE,0.977,101,125
CW500078,2024-02,MA,0.964,271,152
CW500078,2024-02,SE,0.976,158,117
CW500078,2024-02,MW,0.969,130,141
CW500078,2024-02,TX,0.98,316,165
CW500078,2024-02,MTN,0.958,225,163
CW500078,2024-02,PSW,0.94,152,170
CW500078,2024-02,PNW,0.93,113,169
CW500078,2024-03,NE,0.974,116,129
CW500078,2024-03,MA,0.972,239,160
CW500078,2024-03,SE,0.948,74,109
CW500078,2024-03,MW,0.985,145,139
CW500078,2024-03,TX,0.99,244,153
CW500078,2024-03,MTN,0.995,136,147
CW500078,2024-03,PSW,0.972,303,170
CW500078,2024-03,PNW,0.948,116,164
CW500078,2024-04,NE,0.944,165,135
CW500078,2024-04,MA,0.952,105,157
CW500078,2024-04,SE,0.93,121,124
CW500078,2024-04,MW,0.958,275,152
CW500078,2024-04,TX,0.945,91,177
CW500078,2024-04,MTN,0.978,232,165
CW500078,2024-04,PSW,0.935,133,178
CW500078,2024-04,PNW,0.948,202,157
CW500078,2024-05,NE,0.948,119,127
CW500078,2024-05,MA,0.93,191,172
CW500078,2024-05,SE,0.96,118,114
CW500078,2024-05,MW,0.941,173,158
CW500078,2024-05,TX,0.949,138,153
CW500078,2024-05,MTN,0.933,312,173
CW500078,2024-05,PSW,0.96,231,172
CW500078,2024-05,PNW,0.937,266,176
CW500078,2024-06,NE,0.989,100,116
CW500078,2024-06,MA,0.998,178,157
CW500078,2024-06,SE,0.964,122,116
CW500078,2024-06,MW,0.966,97,157
CW500078,2024-06,TX,0.977,236,163
CW500078,2024-06,MTN,0.956,99,169
CW500078,2024-06,PSW,0.999,209,158
CW500078,2024-06,PNW,0.937,197,181
CW500078,2024-07,NE,0.971,208,124
CW500078,2024-07,MA,0.953,88,168
CW500078,2024-07,SE,0.942,73,115
CW500078,2024-07,MW,0.945,297,158
CW500078,2024-07,TX,0.961,257,168
CW500078,2024-07,MTN,0.961,132,170
CW500078,2024-07,PSW,0.94,135,172
CW500078,2024-07,PNW,0.964,169,174
CW500078,2024-08,NE,0.949,89,131
CW500078,2024-08,MA,0.933,98,166
CW500078,2024-08,SE,0.985,75,112
CW500078,2024-08,MW,0.968,178,153
CW500078,2024-08,TX,0.976,168,169
CW500078,2024-08,MTN,0.968,237,161
CW500078,2024-08,PSW,0.99,216,163
CW500078,2024-08,PNW,0.931,161,187
CW500078,2024-09,NE,0.994,136,113
CW500078,2024-09,MA,0.936,201,158
CW500078,2024-09,SE,0.936,60,126
CW500078,2024-09,MW,0.985,191,158
CW500078,2024-09,TX,0.935,94,167
CW500078,2024-09,MTN,0.947,160,178
CW500078,2024-09,PSW,0.932,238,173
CW500078,2024-09,PNW,0.959,157,183
CW500078,2024-10,NE,0.932,135,140
CW500078,2024-10,MA,0.995,90,163
CW500078,2024-10,SE,0.991,193,113
CW500078,2024-10,MW,0.936,194,168
CW500078,2024-10,TX,0.948,104,160
CW500078,2024-10,MTN,0.97,84,172
CW500078,2024-10,PSW,0.996,233,168
CW500078,2024-10,PNW,0.988,285,169
CW500078,2024-11,NE,0.999,158,115
CW500078,2024-11,MA,0.977,264,172
CW500078,2024-11,SE,0.94,138,127
CW500078,2024-11,MW,0.988,124,150
CW500078,2024-11,TX,0.967,105,164
CW500078,2024-11,MTN,0.933,155,179
CW500078,2024-11,PSW,0.939,244,171
CW500078,2024-11,PNW,0.996,215,178
CW500078,2024-12,NE,0.933,245,140
CW500078,2024-12,MA,0.936,276,167
CW500078,2024-12,SE,0.998,160,124
CW500078,2024-12,MW,0.951,153,165
CW500078,2024-12,TX,0.964,115,179
CW500078,2024-12,MTN,0.985,302,162
CW500078,2024-12,PSW,0.992,329,190
CW500078,2024-12,PNW,0.972,135,167
CW500078,2025-01,NE,0.991,168,118
CW500078,2025-01,MA,0.964,305,170
CW500078,2025-01,SE,0.981,163,122
CW500078,2025-01,MW,0.942,266,169
CW500078,2025-01,TX,0.943,84,166
CW500078,2025-01,MTN,0.972,279,162
CW500078,2025-01,PSW,0.944,248,174
CW500078,2025-01,PNW,0.971,216,175
CW500078,2025-02,NE,0.942,228,125
CW500078,2025-02,MA,0.937,181,170
CW500078,2025-02,SE,0.954,83,118
CW500078,2025-02,MW,0.962,107,165
CW500078,2025-02,TX,0.943,107,172
CW500078,2025-02,MTN,0.939,208,187
CW500078,2025-02,PSW,0.934,175,203
CW500078,2025-02,PNW,0.958,196,181
CW500078,2025-03,NE,0.986,192,124
CW500078,2025-03,MA,0.954,243,173
CW500078,2025-03,SE,0.982,235,120
CW500078,2025-03,MW,0.96,149,150
CW500078,2025-03,TX,0.951,151,184
CW500078,2025-03,MTN,0.974,234,179
CW500078,2025-03,PSW,0.96,313,190
CW500078,2025-03,PNW,0.934,115,191
CW500078,2025-04,NE,0.985,142,131
CW500078,2025-04,MA,0.935,102,180
CW500078,2025-04,SE,0.957,219,126
CW500078,2025-04,MW,0.97,175,170
CW500078,2025-04,TX,0.968,188,166
CW500078,2025-04,MTN,0.974,217,181
CW500078,2025-04,PSW,0.964,181,191
CW500078,2025-04,PNW,0.985,348,180
CW500078,2025-05,NE,0.95,76,134
CW500078,2025-05,MA,0.936,238,170
CW500078,2025-05,SE,0.955,105,116
CW500078,2025-05,MW,0.969,221,155
CW500078,2025-05,TX,0.993,125,163
CW500078,2025-05,MTN,0.966,122,179
CW500078,2025-05,PSW,0.977,104,192
CW500078,2025-05,PNW,0.998,185,166
CW500078,2025-06,NE,0.96,109,142
CW500078,2025-06,MA,0.954,97,161
CW500078,2025-06,SE,0.982,209,122
CW500078,2025-06,MW,0.969,266,152
CW500078,2025-06,TX,0.983,238,161
CW500078,2025-06,MTN,0.931,300,172
CW500078,2025-06,PSW,0.962,112,200
CW500078,2025-06,PNW,0.948,274,192
CW500078,2025-07,NE,0.977,110,133
CW500078,2025-07,MA,0.977,188,162
CW500078,2025-07,SE,0.983,60,115
CW500078,2025-07,MW,0.97,307,167
CW500078,2025-07,TX,0.952,174,168
CW500078,2025-07,MTN,0.933,160,167
CW500078,2025-07,PSW,0.978,249,200
CW500078,2025-07,PNW,0.965,265,192
CW500078,2025-08,NE,0.942,241,145
CW500078,2025-08,MA,0.967,248,166
CW500078,2025-08,SE,0.965,131,126
CW500078,2025-08,MW,0.984,137,161
CW500078,2025-08,TX,0.99,267,160
CW500078,2025-08,MTN,0.945,192,182
CW500078,2025-08,PSW,0.965,231,190
CW500078,2025-08,PNW,0.963,180,192
CW500078,2025-09,NE,0.944,97,129
CW500078,2025-09,MA,0.959,244,178
CW500078,2025-09,SE,0.981,104,121
CW500078,2025-09,MW,0.997,153,148
CW500078,2025-09,TX,0.96,117,189
CW500078,2025-09,MTN,0.973,137,186
CW500078,2025-09,PSW,0.956,191,201
CW500078,2025-09,PNW,0.99,251,181
CW500078,2025-10,NE,0.99,221,136
CW500078,2025-10,MA,0.94,137,172
CW500078,2025-10,SE,0.96,133,116
CW500078,2025-10,MW,0.997,214,161
CW500078,2025-10,TX,0.943,240,184
CW500078,2025-10,MTN,0.999,196,166
CW500078,2025-10,PSW,0.939,333,199
CW500078,2025-10,PNW,0.958,143,177
CW500078,2025-11,NE,0.988,145,125
CW500078,2025-11,MA,0.944,169,183
CW500078,2025-11,SE,0.955,209,124
CW500078,2025-11,MW,0.96,154,162
CW500078,2025-11,TX,0.995,176,162
CW500078,2025-11,MTN,0.986,106,188
CW500078,2025-11,PSW,0.967,149,186
CW500078,2025-11,PNW,0.934,276,176
CW500078,2025-12,NE,0.97,192,135
CW500078,2025-12,MA,0.991,229,178
CW500078,2025-12,SE,0.968,112,137
CW500078,2025-12,MW,0.99,105,173
CW500078,2025-12,TX,0.951,189,173
CW500078,2025-12,MTN,0.947,140,173
CW500078,2025-12,PSW,0.945,164,183
CW500078,2025-12,PNW,0.953,244,194
CW500081,2024-01,NE,0.994,36,33
CW500081,2024-01,MA,0.961,47,38
CW500081,2024-01,SE,0.938,45,39
CW500081,2024-01,MW,0.945,42,31
CW500081,2024-01,TX,0.956,64,36
CW500081,2024-01,MTN,0.989,19,29
CW500081,2024-01,PSW,0.936,54,39
CW500081,2024-01,PNW,0.956,28,38
CW500081,2024-02,NE,0.982,49,35
CW500081,2024-02,MA,0.953,65,36
CW500081,2024-02,SE,0.955,54,41
CW500081,2024-02,MW,0.938,20,33
CW500081,2024-02,TX,0.938,60,35
CW500081,2024-02,MTN,0.955,50,29
CW500081,2024-02,PSW,0.96,31,38
CW500081,2024-02,PNW,0.957,49,35
CW500081,2024-03,NE,0.944,62,40
CW500081,2024-03,MA,0.962,45,34
CW500081,2024-03,SE,0.984,55,38
CW500081,2024-03,MW,0.991,49,35
CW500081,2024-03,TX,0.932,32,37
CW500081,2024-03,MTN,0.988,52,29
CW500081,2024-03,PSW,0.973,72,39
CW500081,2024-03,PNW,0.967,60,36
CW500081,2024-04,NE,0.959,24,36
CW500081,2024-04,MA,0.991,28,37
CW500081,2024-04,SE,0.941,57,42
CW500081,2024-04,MW,0.958,48,36
CW500081,2024-04,TX,0.988,53,34
CW500081,2024-04,MTN,0.988,54,28
CW500081,2024-04,PSW,0.956,41,39
CW500081,2024-04,PNW,0.962,58,36
CW500081,2024-05,NE,0.968,33,35
CW500081,2024-05,MA,0.951,60,39
CW500081,2024-05,SE,0.936,48,39
CW500081,2024-05,MW,0.991,20,31
CW500081,2024-05,TX,0.943,46,38
CW500081,2024-05,MTN,0.965,49,27
CW500081,2024-05,PSW,0.951,65,39
CW500081,2024-05,PNW,0.978,42,36
CW500081,2024-06,NE,0.948,39,34
CW500081,2024-06,MA,0.988,53,36
CW500081,2024-06,SE,0.997,29,38
CW500081,2024-06,MW,0.978,21,32
CW500081,2024-06,TX,0.962,57,36
CW500081,2024-06,MTN,0.991,46,27
CW500081,2024-06,PSW,0.989,68,40
CW500081,2024-06,PNW,0.972,43,37
CW500081,2024-07,NE,0.955,50,37
CW500081,2024-07,MA,0.951,17,34
CW500081,2024-07,SE,0.95,68,38
CW500081,2024-07,MW,0.935,31,38
CW500081,2024-07,TX,0.998,32,36
CW500081,2024-07,MTN,0.98,20,28
CW500081,2024-07,PSW,0.97,51,37
CW500081,2024-07,PNW,0.985,55,35
CW500081,2024-08,NE,0.956,41,35
CW500081,2024-08,MA,0.952,59,36
CW500081,2024-08,SE,0.984,27,38
CW500081,2024-08,MW,0.995,27,32
CW500081,2024-08,TX,0.978,30,38
CW500081,2024-08,MTN,0.944,36,28
CW500081,2024-08,PSW,0.952,69,38
CW500081,2024-08,PNW,0.949,22,36
CW500081,2024-09,NE,0.968,61,39
CW500081,2024-09,MA,0.984,62,34
CW500081,2024-09,SE,0.984,72,41
CW500081,2024-09,MW,0.993,54,32
CW500081,2024-09,TX,0.994,23,35
CW500081,2024-09,MTN,0.95,46,30
CW500081,2024-09,PSW,0.994,63,42
CW500081,2024-09,PNW,0.973,50,39
CW500081,2024-10,NE,0.94,57,38
CW500081,2024-10,MA,0.941,39,36
CW500081,2024-10,SE,0.988,34,41
CW500081,2024-10,MW,0.959,55,33
CW500081,2024-10,TX,0.983,42,35
CW500081,2024-10,MTN,0.99,57,29
CW500081,2024-10,PSW,0.949,36,41
CW500081,2024-10,PNW,0.996,21,39
CW500081,2024-11,NE,0.962,64,39
CW500081,2024-11,MA,0.941,30,38
CW500081,2024-11,SE,0.994,62,39
CW500081,2024-11,MW,0.946,22,34
CW500081,2024-11,TX,0.957,23,40
CW500081,2024-11,MTN,0.957,32,27
CW500081,2024-11,PSW,0.997,66,37
CW500081,2024-11,PNW,0.938,50,38
CW500081,2024-12,NE,0.971,33,37
CW500081,2024-12,MA,0.936,31,38
CW500081,2024-12,SE,0.967,63,42
CW500081,2024-12,MW,0.998,32,33
CW500081,2024-12,TX,0.943,68,40
CW500081,2024-12,MTN,0.977,43,28
CW500081,2024-12,PSW,0.939,65,42
CW500081,2024-12,PNW,0.933,30,43
CW500081,2025-01,NE,0.948,73,42
CW500081,2025-01,MA,0.974,55,38
CW500081,2025-01,SE,0.965,71,43
CW500081,2025-01,MW,0.939,65,36
CW500081,2025-01,TX,0.943,45,42
CW500081,2025-01,MTN,0.977,51,30
CW500081,2025-01,PSW,0.967,61,42
CW500081,2025-01,PNW,0.997,35,38
CW500081,2025-02,NE,0.967,65,36
CW500081,2025-02,MA,0.97,57,35
CW500081,2025-02,SE,0.964,68,41
CW500081,2025-02,MW,0.945,28,34
CW500081,2025-02,TX,0.973,53,37
CW500081,2025-02,MTN,0.958,23,30
CW500081,2025-02,PSW,0.995,63,38
CW500081,2025-02,PNW,0.963,71,40
CW500081,2025-03,NE,0.965,73,38
CW500081,2025-03,MA,0.988,39,35
CW500081,2025-03,SE,0.979,47,40
CW500081,2025-03,MW,0.99,31,34
CW500081,2025-03,TX,0.98,75,40
CW500081,2025-03,MTN,0.934,47,29
CW500081,2025-03,PSW,0.962,44,44
CW500081,2025-03,PNW,0.982,61,40
CW500081,2025-04,NE,0.995,22,39
CW500081,2025-04,MA,0.957,69,36
CW500081,2025-04,SE,0.942,27,41
CW500081,2025-04,MW,0.99,61,38
CW500081,2025-04,TX,0.934,72,43
CW500081,2025-04,MTN,0.999,42,29
CW500081,2025-04,PSW,0.963,71,42
CW500081,2025-04,PNW,0.987,73,42
CW500081,2025-05,NE,0.952,27,39
CW500081,2025-05,MA,0.97,41,36
CW500081,2025-05,SE,0.99,50,44
CW500081,2025-05,MW,0.933,26,37
CW500081,2025-05,TX,0.958,54,41
CW500081,2025-05,MTN,0.978,50,28
CW500081,2025-05,PSW,0.958,33,42
CW500081,2025-05,PNW,0.977,46,37
CW500081,2025-06,NE,0.985,71,38
CW500081,2025-06,MA,0.99,31,35
CW500081,2025-06,SE,0.976,62,40
CW500081,2025-06,MW,0.995,68,35
CW500081,2025-06,TX,0.975,59,37
CW500081,2025-06,MTN,0.952,45,29
CW500081,2025-06,PSW,0.931,21,45
CW500081,2025-06,PNW,0.976,37,38
CW500081,2025-07,NE,0.991,75,40
CW500081,2025-07,MA,0.968,61,37
CW500081,2025-07,SE,0.937,48,44
CW500081,2025-07,MW,0.943,57,37
CW500081,2025-07,TX,0.947,45,44
CW500081,2025-07,MTN,0.967,53,31
CW500081,2025-07,PSW,0.958,72,44
CW500081,2025-07,PNW,0.932,68,41
CW500081,2025-08,NE,0.988,51,38
CW500081,2025-08,MA,0.948,56,43
CW500081,2025-08,SE,0.979,68,42
CW500081,2025-08,MW,0.959,56,39
CW500081,2025-08,TX,0.948,51,39
CW500081,2025-08,MTN,0.939,42,30
CW500081,2025-08,PSW,0.961,34,42
CW500081,2025-08,PNW,0.944,33,45
CW500081,2025-09,NE,0.957,56,40
CW500081,2025-09,MA,0.979,54,36
CW500081,2025-09,SE,0.957,78,45
CW500081,2025-09,MW,0.969,30,36
CW500081,2025-09,TX,0.988,69,39
CW500081,2025-09,MTN,0.938,17,31
CW500081,2025-09,PSW,0.95,44,44
CW500081,2025-09,PNW,0.981,42,39
CW500081,2025-10,NE,0.938,54,39
CW500081,2025-10,MA,0.969,34,41
CW500081,2025-10,SE,0.95,43,47
CW500081,2025-10,MW,0.968,71,37
CW500081,2025-10,TX,0.974,33,37
CW500081,2025-10,MTN,0.953,32,29
CW500081,2025-10,PSW,0.99,33,42
CW500081,2025-10,PNW,0.964,45,44
CW500081,2025-11,NE,0.961,60,42
CW500081,2025-11,MA,0.956,69,37
CW500081,2025-11,SE,0.994,63,44
CW500081,2025-11,MW,0.973,36,37
CW500081,2025-11,TX,0.942,35,44
CW500081,2025-11,MTN,0.975,57,31
CW500081,2025-11,PSW,0.988,65,40
CW500081,2025-11,PNW,0.957,36,42
CW500081,2025-12,NE,0.966,36,40
CW500081,2025-12,MA,0.952,67,40
CW500081,2025-12,SE,0.944,43,42
CW500081,2025-12,MW,0.936,35,36
CW500081,2025-12,TX,0.975,60,39
CW500081,2025-12,MTN,0.994,65,33
CW500081,2025-12,PSW,0.952,64,46
CW500081,2025-12,PNW,0.939,77,45
CW500084,2024-01,NE,0.988,185,207
CW500084,2024-01,MA,0.998,286,147
CW500084,2024-01,SE,0.98,285,184
CW500084,2024-01,MW,0.955,299,159
CW500084,2024-01,TX,0.974,260,178
CW500084,2024-01,MTN,0.931,216,211
CW500084,2024-01,PSW,0.968,249,184
CW500084,2024-01,PNW,0.951,251,188
CW500084,2024-02,NE,0.989,113,216
CW500084,2024-02,MA,0.954,166,156
CW500084,2024-02,SE,0.964,334,182
CW500084,2024-02,MW,0.992,244,137
CW500084,2024-02,TX,0.962,189,173
CW500084,2024-02,MTN,0.962,341,210
CW500084,2024-02,PSW,0.953,251,184
CW500084,2024-02,PNW,0.954,126,173
CW500084,2024-03,NE,0.979,345,211
CW500084,2024-03,MA,0.937,95,165
CW500084,2024-03,SE,0.944,137,192
CW500084,2024-03,MW,0.951,251,158
CW500084,2024-03,TX,0.992,189,160
CW500084,2024-03,MTN,0.942,257,202
CW500084,2024-03,PSW,0.947,267,181
CW500084,2024-03,PNW,0.969,82,166
CW500084,2024-04,NE,0.982,141,223
CW500084,2024-04,MA,0.998,140,164
CW500084,2024-04,SE,0.962,104,191
CW500084,2024-04,MW,0.944,112,146
CW500084,2024-04,TX,0.948,284,172
CW500084,2024-04,MTN,0.988,230,205
CW500084,2024-04,PSW,0.973,116,182
CW500084,2024-04,PNW,0.991,163,178
CW500084,2024-05,NE,0.948,306,214
CW500084,2024-05,MA,0.995,272,160
CW500084,2024-05,SE,0.961,348,183
CW500084,2024-05,MW,0.98,170,140
CW500084,2024-05,TX,0.985,114,162
CW500084,2024-05,MTN,0.992,364,195
CW500084,2024-05,PSW,0.984,247,182
CW500084,2024-05,PNW,0.951,286,166
CW500084,2024-06,NE,0.963,257,203
CW500084,2024-06,MA,0.987,190,153
CW500084,2024-06,SE,0.955,202,174
CW500084,2024-06,MW,0.953,73,148
CW500084,2024-06,TX,0.944,272,164
CW500084,2024-06,MTN,0.941,319,229
CW500084,2024-06,PSW,0.977,255,192
CW500084,2024-06,PNW,0.973,299,165
CW500084,2024-07,NE,0.937,191,222
CW500084,2024-07,MA,0.933,158,177
CW500084,2024-07,SE,0.957,294,183
CW500084,2024-07,MW,0.93,108,169
CW500084,2024-07,TX,0.943,200,174
CW500084,2024-07,MTN,0.998,358,218
CW500084,2024-07,PSW,0.934,178,182
CW500084,2024-07,PNW,0.943,227,170
CW500084,2024-08,NE,0.974,410,229
CW500084,2024-08,MA,0.942,136,174
CW500084,2024-08,SE,0.985,195,179
CW500084,2024-08,MW,0.959,280,167
CW500084,2024-08,TX,0.996,209,155
CW500084,2024-08,MTN,0.948,328,218
CW500084,2024-08,PSW,0.943,143,202
CW500084,2024-08,PNW,0.969,228,184
CW500084,2024-09,NE,0.937,222,213
CW500084,2024-09,MA,0.995,120,172
CW500084,2024-09,SE,0.965,205,180
CW500084,2024-09,MW,0.937,95,156
CW500084,2024-09,TX,0.989,148,175
CW500084,2024-09,MTN,0.951,144,224
CW500084,2024-09,PSW,0.961,307,192
CW500084,2024-09,PNW,0.995,240,176
CW500084,2024-10,NE,0.97,186,205
CW500084,2024-10,MA,0.989,220,166
CW500084,2024-10,SE,0.931,122,182
CW500084,2024-10,MW,0.958,177,155
CW500084,2024-10,TX,0.973,299,178
CW500084,2024-10,MTN,0.992,360,223
CW500084,2024-10,PSW,0.965,321,199
CW500084,2024-10,PNW,0.936,229,189
CW500084,2024-11,NE,0.99,318,218
CW500084,2024-11,MA,0.965,171,157
CW500084,2024-11,SE,0.994,245,168
CW500084,2024-11,MW,0.943,174,167
CW500084,2024-11,TX,0.963,137,166
CW500084,2024-11,MTN,0.937,174,214
CW500084,2024-11,PSW,0.977,358,190
CW500084,2024-11,PNW,0.976,264,169
CW500084,2024-12,NE,0.99,234,211
CW500084,2024-12,MA,0.973,270,173
CW500084,2024-12,SE,0.984,252,198
CW500084,2024-12,MW,0.954,136,164
CW500084,2024-12,TX,0.958,300,165
CW500084,2024-12,MTN,0.994,420,223
CW500084,2024-12,PSW,0.96,260,189
CW500084,2024-12,PNW,0.975,219,182
CW500084,2025-01,NE,0.993,153,206
CW500084,2025-01,MA,0.949,235,176
CW500084,2025-01,SE,0.992,235,187
CW500084,2025-01,MW,0.999,228,162
CW500084,2025-01,TX,0.959,157,181
CW500084,2025-01,MTN,0.994,313,208
CW500084,2025-01,PSW,0.968,332,186
CW500084,2025-01,PNW,0.938,357,201
CW500084,2025-02,NE,0.964,141,236
CW500084,2025-02,MA,0.993,193,163
CW500084,2025-02,SE,0.976,298,182
CW500084,2025-02,MW,0.937,275,179
CW500084,2025-02,TX,0.933,327,189
CW500084,2025-02,MTN,0.972,305,212
CW500084,2025-02,PSW,0.996,128,198
CW500084,2025-02,PNW,0.951,141,198
CW500084,2025-03,NE,0.94,121,224
CW500084,2025-03,MA,0.948,135,163
CW500084,2025-03,SE,0.971,279,192
CW500084,2025-03,MW,0.959,171,152
CW500084,2025-03,TX,0.97,197,185
CW500084,2025-03,MTN,0.94,253,245
CW500084,2025-03,PSW,1.0,203,191
CW500084,2025-03,PNW,0.95,173,193
CW500084,2025-04,NE,0.959,166,224
CW500084,2025-04,MA,0.989,145,180
CW500084,2025-04,SE,0.934,366,198
CW500084,2025-04,MW,0.941,152,155
CW500084,2025-04,TX,0.955,296,191
CW500084,2025-04,MTN,0.945,299,225
CW500084,2025-04,PSW,0.981,113,182
CW500084,2025-04,PNW,0.976,89,176
CW500084,2025-05,NE,0.977,236,241
CW500084,2025-05,MA,0.979,259,161
CW500084,2025-05,SE,0.951,377,206
CW500084,2025-05,MW,0.968,158,160
CW500084,2025-05,TX,0.985,200,189
CW500084,2025-05,MTN,0.959,193,238
CW500084,2025-05,PSW,0.971,142,204
CW500084,2025-05,PNW,0.998,221,186
CW500084,2025-06,NE,0.961,108,217
CW500084,2025-06,MA,0.948,89,181
CW500084,2025-06,SE,0.97,139,180
CW500084,2025-06,MW,0.949,164,181
CW500084,2025-06,TX,0.935,325,179
CW500084,2025-06,MTN,0.946,334,230
CW500084,2025-06,PSW,0.946,330,195
CW500084,2025-06,PNW,0.942,301,204
CW500084,2025-07,NE,0.957,241,249
CW500084,2025-07,MA,0.98,237,169
CW500084,2025-07,SE,0.95,193,199
CW500084,2025-07,MW,0.957,104,170
CW500084,2025-07,TX,0.99,94,185
CW500084,2025-07,MTN,0.958,458,247
CW500084,2025-07,PSW,0.982,116,204
CW500084,2025-07,PNW,0.935,260,198
CW500084,2025-08,NE,0.947,295,245
CW500084,2025-08,MA,0.94,265,183
CW500084,2025-08,SE,0.959,266,200
CW500084,2025-08,MW,0.999,250,159
CW500084,2025-08,TX,0.984,331,188
CW500084,2025-08,MTN,0.955,136,245
CW500084,2025-08,PSW,0.996,90,179
CW500084,2025-08,PNW,0.95,324,188
CW500084,2025-09,NE,0.969,282,238
CW500084,2025-09,MA,0.964,169,175
CW500084,2025-09,SE,0.957,211,191
CW500084,2025-09,MW,0.957,283,157
CW500084,2025-09,TX,0.998,228,186
CW500084,2025-09,MTN,0.961,234,230
CW500084,2025-09,PSW,0.964,288,208
CW500084,2025-09,PNW,0.948,207,196
CW500084,2025-10,NE,0.993,415,226
CW500084,2025-10,MA,0.936,108,172
CW500084,2025-10,SE,0.995,306,199
CW500084,2025-10,MW,0.967,191,169
CW500084,2025-10,TX,0.966,170,194
CW500084,2025-10,MTN,0.998,176,240
CW500084,2025-10,PSW,0.953,107,219
CW500084,2025-10,PNW,0.979,344,205
CW500084,2025-11,NE,0.937,163,244
CW500084,2025-11,MA,0.959,278,187
CW500084,2025-11,SE,0.998,241,207
CW500084,2025-11,MW,0.982,291,167
CW500084,2025-11,TX,0.95,149,191
CW500084,2025-11,MTN,0.951,360,246
CW500084,2025-11,PSW,0.955,113,202
CW500084,2025-11,PNW,0.983,247,205
CW500084,2025-12,NE,0.931,405,239
CW500084,2025-12,MA,0.959,95,180
CW500084,2025-12,SE,0.986,181,211
CW500084,2025-12,MW,0.99,156,159
CW500084,2025-12,TX,0.979,311,172
CW500084,2025-12,MTN,0.951,234,257
CW500084,2025-12,PSW,0.959,267,218
CW500084,2025-12,PNW,0.975,225,209
CW500087,2024-01,NE,0.954,72,121
CW500087,2024-01,MA,0.979,256,135
CW500087,2024-01,SE,0.986,257,162
CW500087,2024-01,MW,0.966,77,141
CW500087,2024-01,TX,0.963,175,142
CW500087,2024-01,MTN,0.932,311,169
CW500087,2024-01,PSW,0.961,84,150
CW500087,2024-01,PNW,0.97,239,194
CW500087,2024-02,NE,0.993,129,131
CW500087,2024-02,MA,0.956,184,156
CW500087,2024-02,SE,0.947,247,171
CW500087,2024-02,MW,0.968,132,143
CW500087,2024-02,TX,0.999,157,135
CW500087,2024-02,MTN,0.939,199,166
CW500087,2024-02,PSW,0.962,278,146
CW500087,2024-02,PNW,0.932,320,183
CW500087,2024-03,NE,0.954,231,132
CW500087,2024-03,MA,0.984,96,139
CW500087,2024-03,SE,0.992,140,168
CW500087,2024-03,MW,0.998,99,138
CW500087,2024-03,TX,0.945,219,137
CW500087,2024-03,MTN,0.946,236,174
CW500087,2024-03,PSW,0.985,123,133
CW500087,2024-03,PNW,0.939,308,199
CW500087,2024-04,NE,0.985,181,126
CW500087,2024-04,MA,0.96,190,148
CW500087,2024-04,SE,0.971,295,160
CW500087,2024-04,MW,0.934,185,149
CW500087,2024-04,TX,0.976,194,133
CW500087,2024-04,MTN,0.961,216,182
CW500087,2024-04,PSW,0.974,75,136
CW500087,2024-04,PNW,0.981,230,184
CW500087,2024-05,NE,0.938,244,141
CW500087,2024-05,MA,0.99,97,142
CW500087,2024-05,SE,0.977,234,153
CW500087,2024-05,MW,0.972,188,148
CW500087,2024-05,TX,0.932,194,130
CW500087,2024-05,MTN,0.965,128,164
CW500087,2024-05,PSW,0.943,242,155
CW500087,2024-05,PNW,0.944,152,185
CW500087,2024-06,NE,0.957,75,142
CW500087,2024-06,MA,0.982,238,153
CW500087,2024-06,SE,0.966,212,166
CW500087,2024-06,MW,0.943,85,147
CW500087,2024-06,TX,0.957,157,140
CW500087,2024-06,MTN,0.932,248,171
CW500087,2024-06,PSW,0.937,234,163
CW500087,2024-06,PNW,0.962,284,188
CW500087,2024-07,NE,0.957,108,132
CW500087,2024-07,MA,0.997,238,145
CW500087,2024-07,SE,0.996,75,151
CW500087,2024-07,MW,0.941,108,138
CW500087,2024-07,TX,0.954,186,138
CW500087,2024-07,MTN,0.953,149,176
CW500087,2024-07,PSW,0.936,140,163
CW500087,2024-07,PNW,0.942,210,205
CW500087,2024-08,NE,0.937,90,128
CW500087,2024-08,MA,0.957,205,161
CW500087,2024-08,SE,0.977,86,154
CW500087,2024-08,MW,0.976,230,143
CW500087,2024-08,TX,0.991,130,124
CW500087,2024-08,MTN,0.932,301,187
CW500087,2024-08,PSW,0.998,258,141
CW500087,2024-08,PNW,0.932,142,195
CW500087,2024-09,NE,0.993,229,121
CW500087,2024-09,MA,0.947,133,161
CW500087,2024-09,SE,0.944,293,167
CW500087,2024-09,MW,0.959,172,138
CW500087,2024-09,TX,0.948,144,140
CW500087,2024-09,MTN,0.961,153,192
CW500087,2024-09,PSW,0.968,162,148
CW500087,2024-09,PNW,0.964,339,197
CW500087,2024-10,NE,0.989,237,124
CW500087,2024-10,MA,0.959,208,148
CW500087,2024-10,SE,0.961,205,162
CW500087,2024-10,MW,0.936,253,146
CW500087,2024-10,TX,0.999,238,139
CW500087,2024-10,MTN,0.993,141,181
CW500087,2024-10,PSW,0.982,114,140
CW500087,2024-10,PNW,0.999,352,193
CW500087,2024-11,NE,0.981,223,128
CW500087,2024-11,MA,0.964,205,150
CW500087,2024-11,SE,0.943,132,185
CW500087,2024-11,MW,0.975,129,148
CW500087,2024-11,TX,0.948,84,145
CW500087,2024-11,MTN,0.932,124,174
CW500087,2024-11,PSW,0.969,297,156
CW500087,2024-11,PNW,0.944,384,221
CW500087,2024-12,NE,0.955,88,148
CW500087,2024-12,MA,0.998,96,140
CW500087,2024-12,SE,0.986,107,164
CW500087,2024-12,MW,0.964,100,142
CW500087,2024-12,TX,0.995,155,138
CW500087,2024-12,MTN,0.939,163,182
CW500087,2024-12,PSW,0.996,103,146
CW500087,2024-12,PNW,0.964,134,190
CW500087,2025-01,NE,0.999,150,136
CW500087,2025-01,MA,0.944,247,149
CW500087,2025-01,SE,0.95,295,164
CW500087,2025-01,MW,0.94,196,154
CW500087,2025-01,TX,0.935,73,141
CW500087,2025-01,MTN,0.96,311,185
CW500087,2025-01,PSW,0.937,218,158
CW500087,2025-01,PNW,0.97,360,196
CW500087,2025-02,NE,0.979,249,131
CW500087,2025-02,MA,0.983,242,161
CW500087,2025-02,SE,0.966,225,184
CW500087,2025-02,MW,0.934,153,161
CW500087,2025-02,TX,0.95,246,142
CW500087,2025-02,MTN,0.964,225,191
CW500087,2025-02,PSW,0.966,296,155
CW500087,2025-02,PNW,0.963,218,200
CW500087,2025-03,NE,0.984,239,128
CW500087,2025-03,MA,0.932,192,172
CW500087,2025-03,SE,0.957,206,165
CW500087,2025-03,MW,0.993,199,147
CW500087,2025-03,TX,0.952,82,138
CW500087,2025-03,MTN,0.98,192,179
CW500087,2025-03,PSW,0.972,181,163
CW500087,2025-03,PNW,0.961,382,219
CW500087,2025-04,NE,0.988,106,144
CW500087,2025-04,MA,0.956,172,168
CW500087,2025-04,SE,0.974,289,181
CW500087,2025-04,MW,0.966,195,141
CW500087,2025-04,TX,0.981,87,148
CW500087,2025-04,MTN,0.942,262,181
CW500087,2025-04,PSW,0.949,126,167
CW500087,2025-04,PNW,0.971,267,204
CW500087,2025-05,NE,0.947,247,148
CW500087,2025-05,MA,0.976,109,154
CW500087,2025-05,SE,0.984,324,173
CW500087,2025-05,MW,0.934,173,148
CW500087,2025-05,TX,0.95,260,152
CW500087,2025-05,MTN,0.945,102,178
CW500087,2025-05,PSW,0.973,80,150
CW500087,2025-05,PNW,0.959,180,199
CW500087,2025-06,NE,0.984,264,147
CW500087,2025-06,MA,0.953,115,159
CW500087,2025-06,SE,0.973,160,172
CW500087,2025-06,MW,0.988,95,146
CW500087,2025-06,TX,0.979,146,133
CW500087,2025-06,MTN,0.962,223,177
CW500087,2025-06,PSW,0.977,187,158
CW500087,2025-06,PNW,0.99,109,195
CW500087,2025-07,NE,0.964,95,142
CW500087,2025-07,MA,0.982,213,163
CW500087,2025-07,SE,0.951,162,173
CW500087,2025-07,MW,0.995,91,148
CW500087,2025-07,TX,0.952,99,157
CW500087,2025-07,MTN,0.995,111,187
CW500087,2025-07,PSW,0.966,85,155
CW500087,2025-07,PNW,0.961,248,198
CW500087,2025-08,NE,0.997,166,147
CW500087,2025-08,MA,0.952,146,159
CW500087,2025-08,SE,0.988,139,163
CW500087,2025-08,MW,0.993,211,148
CW500087,2025-08,TX,0.967,167,158
CW500087,2025-08,MTN,0.965,128,188
CW500087,2025-08,PSW,0.964,198,166
CW500087,2025-08,PNW,0.966,393,209
CW500087,2025-09,NE,0.947,109,151
CW500087,2025-09,MA,0.991,286,163
CW500087,2025-09,SE,0.992,131,184
CW500087,2025-09,MW,0.933,74,151
CW500087,2025-09,TX,0.948,224,156
CW500087,2025-09,MTN,0.963,243,182
CW500087,2025-09,PSW,0.963,109,154
CW500087,2025-09,PNW,0.973,167,225
CW500087,2025-10,NE,0.937,274,154
CW500087,2025-10,MA,0.936,108,178
CW500087,2025-10,SE,0.958,317,190
CW500087,2025-10,MW,0.995,108,140
CW500087,2025-10,TX,0.971,136,154
CW500087,2025-10,MTN,0.95,274,208
CW500087,2025-10,PSW,0.953,203,173
CW500087,2025-10,PNW,0.978,192,214
CW500087,2025-11,NE,0.961,130,135
CW500087,2025-11,MA,0.996,301,159
CW500087,2025-11,SE,0.99,234,180
CW500087,2025-11,MW,0.95,234,153
CW500087,2025-11,TX,0.967,180,147
CW500087,2025-11,MTN,0.935,204,198
CW500087,2025-11,PSW,0.931,288,170
CW500087,2025-11,PNW,0.973,396,228
CW500087,2025-12,NE,0.956,236,149
CW500087,2025-12,MA,0.951,143,179
CW500087,2025-12,SE,0.993,108,178
CW500087,2025-12,MW,0.941,239,150
CW500087,2025-12,TX,0.967,244,155
CW500087,2025-12,MTN,0.938,303,204
CW500087,2025-12,PSW,0.973,256,153
CW500087,2025-12,PNW,0.977,376,220
CW500090,2024-01,NE,0.962,25,39
CW500090,2024-01,MA,0.994,36,41
CW500090,2024-01,SE,0.962,29,48
CW500090,2024-01,MW,0.934,68,48
CW500090,2024-01,TX,0.97,49,42
CW500090,2024-01,MTN,0.955,76,54
CW500090,2024-01,PSW,0.993,31,47
CW500090,2024-01,PNW,0.962,70,37
CW500090,2024-02,NE,0.936,40,46
CW500090,2024-02,MA,0.981,22,43
CW500090,2024-02,SE,0.985,84,51
CW500090,2024-02,MW,0.948,72,45
CW500090,2024-02,TX,0.968,83,45
CW500090,2024-02,MTN,0.982,98,54
CW500090,2024-02,PSW,0.959,49,47
CW500090,2024-02,PNW,0.984,33,38
CW500090,2024-03,NE,0.94,77,45
CW500090,2024-03,MA,0.931,73,46
CW500090,2024-03,SE,0.959,68,49
CW500090,2024-03,MW,0.981,57,44
CW500090,2024-03,TX,0.937,24,46
CW500090,2024-03,MTN,0.97,99,57
CW500090,2024-03,PSW,0.96,39,44
CW500090,2024-03,PNW,0.953,36,39
CW500090,2024-04,NE,0.931,39,42
CW500090,2024-04,MA,0.957,62,44
CW500090,2024-04,SE,0.999,60,54
CW500090,2024-04,MW,0.977,41,41
CW500090,2024-04,TX,0.973,28,43
CW500090,2024-04,MTN,0.991,60,54
CW500090,2024-04,PSW,0.976,47,44
CW500090,2024-04,PNW,0.941,26,37
CW500090,2024-05,NE,0.963,36,45
CW500090,2024-05,MA,0.946,23,43
CW500090,2024-05,SE,0.943,54,53
CW500090,2024-05,MW,0.949,33,47
CW500090,2024-05,TX,0.978,22,42
CW500090,2024-05,MTN,0.986,26,53
CW500090,2024-05,PSW,0.97,32,44
CW500090,2024-05,PNW,0.943,20,38
CW500090,2024-06,NE,0.974,72,45
CW500090,2024-06,MA,0.99,43,42
CW500090,2024-06,SE,0.984,42,49
CW500090,2024-06,MW,0.955,84,49
CW500090,2024-06,TX,0.956,66,44
CW500090,2024-06,MTN,0.973,34,57
CW500090,2024-06,PSW,0.954,56,46
CW500090,2024-06,PNW,0.945,37,41
CW500090,2024-07,NE,0.958,25,44
CW500090,2024-07,MA,0.938,53,41
CW500090,2024-07,SE,0.971,58,54
CW500090,2024-07,MW,0.965,43,49
CW500090,2024-07,TX,0.936,56,44
CW500090,2024-07,MTN,0.949,111,58
CW500090,2024-07,PSW,0.981,51,48
CW500090,2024-07,PNW,0.933,59,39
CW500090,2024-08,NE,0.992,66,45
CW500090,2024-08,MA,0.967,44,46
CW500090,2024-08,SE,0.999,49,55
CW500090,2024-08,MW,0.971,86,45
CW500090,2024-08,TX,0.997,64,41
CW500090,2024-08,MTN,0.986,32,59
CW500090,2024-08,PSW,0.999,92,49
CW500090,2024-08,PNW,0.941,29,43
CW500090,2024-09,NE,0.947,72,49
CW500090,2024-09,MA,0.947,31,47
CW500090,2024-09,SE,0.989,84,50
CW500090,2024-09,MW,0.981,52,43
CW500090,2024-09,TX,0.954,70,48
CW500090,2024-09,MTN,0.96,33,54
CW500090,2024-09,PSW,0.982,90,48
CW500090,2024-09,PNW,0.974,50,41
CW500090,2024-10,NE,0.93,63,42
CW500090,2024-10,MA,0.931,77,47
CW500090,2024-10,SE,0.932,38,54
CW500090,2024-10,MW,0.993,44,48
CW500090,2024-10,TX,0.974,68,48
CW500090,2024-10,MTN,0.979,39,53
CW500090,2024-10,PSW,0.934,59,53
CW500090,2024-10,PNW,0.992,39,40
CW500090,2024-11,NE,0.994,44,42
CW500090,2024-11,MA,0.957,31,44
CW500090,2024-11,SE,0.935,67,53
CW500090,2024-11,MW,0.953,97,51
CW500090,2024-11,TX,0.991,36,43
CW500090,2024-11,MTN,0.966,50,60
CW500090,2024-11,PSW,0.968,37,50
CW500090,2024-11,PNW,0.952,63,37
CW500090,2024-12,NE,0.935,43,43
CW500090,2024-12,MA,1.0,46,45
CW500090,2024-12,SE,0.933,61,56
CW500090,2024-12,MW,0.994,38,48
CW500090,2024-12,TX,0.962,80,47
CW500090,2024-12,MTN,0.986,52,58
CW500090,2024-12,PSW,0.96,56,47
CW500090,2024-12,PNW,0.997,56,38
CW500090,2025-01,NE,0.936,63,45
CW500090,2025-01,MA,0.986,42,45
CW500090,2025-01,SE,0.984,89,50
CW500090,2025-01,MW,0.942,46,49
CW500090,2025-01,TX,0.953,55,45
CW500090,2025-01,MTN,0.93,78,62
CW500090,2025-01,PSW,0.987,86,50
CW500090,2025-01,PNW,0.997,34,42
CW500090,2025-02,NE,0.952,46,48
CW500090,2025-02,MA,0.992,67,42
CW500090,2025-02,SE,0.987,87,56
CW500090,2025-02,MW,0.983,81,50
CW500090,2025-02,TX,0.988,57,42
CW500090,2025-02,MTN,0.999,94,59
CW500090,2025-02,PSW,0.97,81,46
CW500090,2025-02,PNW,0.959,28,39
CW500090,2025-03,NE,0.961,45,49
CW500090,2025-03,MA,0.972,47,42
CW500090,2025-03,SE,0.983,63,55
CW500090,2025-03,MW,0.939,60,48
CW500090,2025-03,TX,0.948,29,49
CW500090,2025-03,MTN,0.966,97,58
CW500090,2025-03,PSW,0.941,94,52
CW500090,2025-03,PNW,0.978,44,39
CW500090,2025-04,NE,0.977,29,45
CW500090,2025-04,MA,0.967,34,47
CW500090,2025-04,SE,0.998,58,54
CW500090,2025-04,MW,0.935,54,51
CW500090,2025-04,TX,0.973,59,46
CW500090,2025-04,MTN,0.996,79,58
CW500090,2025-04,PSW,0.995,27,50
CW500090,2025-04,PNW,0.96,44,41
CW500090,2025-05,NE,0.999,59,46
CW500090,2025-05,MA,0.938,89,47
CW500090,2025-05,SE,0.979,81,59
CW500090,2025-05,MW,0.959,97,53
CW500090,2025-05,TX,0.934,82,49
CW500090,2025-05,MTN,0.969,84,61
CW500090,2025-05,PSW,0.94,85,54
CW500090,2025-05,PNW,0.977,78,44
CW500090,2025-06,NE,0.97,79,43
CW500090,2025-06,MA,0.971,59,42
CW500090,2025-06,SE,0.957,100,53
CW500090,2025-06,MW,0.993,54,45
CW500090,2025-06,TX,0.966,55,46
CW500090,2025-06,MTN,0.947,108,61
CW500090,2025-06,PSW,0.981,100,54
CW500090,2025-06,PNW,0.96,56,39
CW500090,2025-07,NE,0.958,66,51
CW500090,2025-07,MA,0.979,29,47
CW500090,2025-07,SE,0.954,62,58
CW500090,2025-07,MW,0.977,71,52
CW500090,2025-07,TX,0.95,65,45
CW500090,2025-07,MTN,0.961,84,58
CW500090,2025-07,PSW,0.957,52,49
CW500090,2025-07,PNW,0.944,65,42
CW500090,2025-08,NE,0.951,63,46
CW500090,2025-08,MA,0.936,27,51
CW500090,2025-08,SE,0.98,36,58
CW500090,2025-08,MW,0.958,35,53
CW500090,2025-08,TX,0.937,80,53
CW500090,2025-08,MTN,0.952,100,57
CW500090,2025-08,PSW,0.963,54,48
CW500090,2025-08,PNW,0.943,43,40
CW500090,2025-09,NE,0.982,56,44
CW500090,2025-09,MA,0.938,32,52
CW500090,2025-09,SE,0.991,40,54
CW500090,2025-09,MW,0.936,91,50
CW500090,2025-09,TX,0.99,83,47
CW500090,2025-09,MTN,0.969,75,65
CW500090,2025-09,PSW,0.979,29,53
CW500090,2025-09,PNW,0.954,77,45
CW500090,2025-10,NE,0.953,92,49
CW500090,2025-10,MA,0.967,76,45
CW500090,2025-10,SE,0.997,31,56
CW500090,2025-10,MW,0.967,78,47
CW500090,2025-10,TX,0.972,24,46
CW500090,2025-10,MTN,0.986,69,56
CW500090,2025-10,PSW,0.987,88,53
CW500090,2025-10,PNW,0.988,66,41
CW500090,2025-11,NE,0.945,77,53
CW500090,2025-11,MA,0.971,89,48
CW500090,2025-11,SE,0.957,94,56
CW500090,2025-11,MW,0.955,53,55
CW500090,2025-11,TX,0.959,80,46
CW500090,2025-11,MTN,0.937,42,64
CW500090,2025-11,PSW,0.95,33,54
CW500090,2025-11,PNW,0.991,72,39
CW500090,2025-12,NE,0.985,72,47
CW500090,2025-12,MA,0.944,88,48
CW500090,2025-12,SE,0.943,52,60
CW500090,2025-12,MW,0.954,43,50
CW500090,2025-12,TX,0.947,56,47
CW500090,2025-12,MTN,0.973,69,57
CW500090,2025-12,PSW,0.993,85,48
CW500090,2025-12,PNW,0.932,59,41
CW500093,2024-01,NE,0.992,37,32
CW500093,2024-01,MA,0.935,45,32
CW500093,2024-01,SE,0.959,31,20
CW500093,2024-01,MW,0.974,18,32
CW500093,2024-01,TX,0.974,17,27
CW500093,2024-01,MTN,0.986,47,27
CW500093,2024-01,PSW,0.981,55,28
CW500093,2024-01,PNW,0.964,30,25
CW500093,2024-02,NE,0.983,18,30
CW500093,2024-02,MA,0.967,15,31
CW500093,2024-02,SE,0.97,31,21
CW500093,2024-02,MW,0.961,25,30
CW500093,2024-02,TX,0.959,18,28
CW500093,2024-02,MTN,0.964,16,24
CW500093,2024-02,PSW,0.948,43,27
CW500093,2024-02,PNW,0.967,42,26
CW500093,2024-03,NE,0.975,55,33
CW500093,2024-03,MA,0.975,50,30
CW500093,2024-03,SE,0.939,25,24
CW500093,2024-03,MW,0.939,52,31
CW500093,2024-03,TX,0.973,15,24
CW500093,2024-03,MTN,0.995,33,26
CW500093,2024-03,PSW,0.976,17,28
CW500093,2024-03,PNW,0.979,15,25
CW500093,2024-04,NE,0.974,31,35
CW500093,2024-04,MA,0.969,36,33
CW500093,2024-04,SE,0.984,20,20
CW500093,2024-04,MW,0.949,24,32
CW500093,2024-04,TX,0.962,21,25
CW500093,2024-04,MTN,0.999,38,26
CW500093,2024-04,PSW,0.984,22,27
CW500093,2024-04,PNW,0.993,43,25
CW500093,2024-05,NE,0.972,33,31
CW500093,2024-05,MA,0.987,58,35
CW500093,2024-05,SE,0.953,12,23
CW500093,2024-05,MW,0.994,54,29
CW500093,2024-05,TX,0.992,18,27
CW500093,2024-05,MTN,0.969,25,24
CW500093,2024-05,PSW,0.981,55,29
CW500093,2024-05,PNW,0.931,37,28
CW500093,2024-06,NE,0.954,45,32
CW500093,2024-06,MA,0.93,68,37
CW500093,2024-06,SE,0.971,26,21
CW500093,2024-06,MW,0.953,48,35
CW500093,2024-06,TX,0.943,13,28
CW500093,2024-06,MTN,0.983,20,26
CW500093,2024-06,PSW,0.937,46,29
CW500093,2024-06,PNW,1.0,30,27
CW500093,2024-07,NE,0.957,44,35
CW500093,2024-07,MA,0.957,34,35
CW500093,2024-07,SE,0.98,19,22
CW500093,2024-07,MW,0.969,22,30
CW500093,2024-07,TX,0.948,48,28
CW500093,2024-07,MTN,0.941,16,27
CW500093,2024-07,PSW,0.975,34,30
CW500093,2024-07,PNW,0.969,34,27
CW500093,2024-08,NE,0.965,23,33
CW500093,2024-08,MA,0.933,70,38
CW500093,2024-08,SE,0.983,30,21
CW500093,2024-08,MW,0.943,55,34
CW500093,2024-08,TX,0.934,35,29
CW500093,2024-08,MTN,0.992,20,24
CW500093,2024-08,PSW,0.934,44,31
CW500093,2024-08,PNW,0.936,31,29
CW500093,2024-09,NE,0.953,26,32
CW500093,2024-09,MA,0.995,58,34
CW500093,2024-09,SE,0.948,34,22
CW500093,2024-09,MW,0.932,49,36
CW500093,2024-09,TX,0.935,30,29
CW500093,2024-09,MTN,0.946,27,25
CW500093,2024-09,PSW,0.961,28,31
CW500093,2024-09,PNW,0.931,35,30
CW500093,2024-10,NE,0.97,30,36
CW500093,2024-10,MA,0.942,70,38
CW500093,2024-10,SE,0.983,33,23
CW500093,2024-10,MW,0.992,17,30
CW500093,2024-10,TX,0.937,50,27
CW500093,2024-10,MTN,0.962,46,30
CW500093,2024-10,PSW,0.954,18,29
CW500093,2024-10,PNW,0.995,46,29
CW500093,2024-11,NE,0.961,58,33
CW500093,2024-11,MA,0.991,26,33
CW500093,2024-11,SE,0.945,24,23
CW500093,2024-11,MW,0.951,57,35
CW500093,2024-11,TX,0.981,26,26
CW500093,2024-11,MTN,0.972,41,27
CW500093,2024-11,PSW,0.955,22,32
CW500093,2024-11,PNW,0.999,44,27
CW500093,2024-12,NE,0.958,32,33
CW500093,2024-12,MA,0.993,36,35
CW500093,2024-12,SE,0.974,34,22
CW500093,2024-12,MW,0.965,49,32
CW500093,2024-12,TX,0.931,48,30
CW500093,2024-12,MTN,0.956,44,27
CW500093,2024-12,PSW,0.964,44,30
CW500093,2024-12,PNW,0.953,59,31
CW500093,2025-01,NE,0.984,22,34
CW500093,2025-01,MA,0.984,64,33
CW500093,2025-01,SE,0.996,32,21
CW500093,2025-01,MW,0.932,42,33
CW500093,2025-01,TX,0.99,30,25
CW500093,2025-01,MTN,0.992,35,26
CW500093,2025-01,PSW,0.96,16,31
CW500093,2025-01,PNW,0.978,24,29
CW500093,2025-02,NE,0.937,63,39
CW500093,2025-02,MA,0.933,68,39
CW500093,2025-02,SE,0.948,12,24
CW500093,2025-02,MW,0.952,42,35
CW500093,2025-02,TX,0.951,20,30
CW500093,2025-02,MTN,0.966,34,25
CW500093,2025-02,PSW,1.0,43,30
CW500093,2025-02,PNW,0.958,46,29
CW500093,2025-03,NE,0.931,62,36
CW500093,2025-03,MA,0.982,43,33
CW500093,2025-03,SE,0.973,35,24
CW500093,2025-03,MW,0.938,37,36
CW500093,2025-03,TX,0.952,45,28
CW500093,2025-03,MTN,0.944,36,28
CW500093,2025-03,PSW,0.954,38,33
CW500093,2025-03,PNW,0.979,16,27
CW500093,2025-04,NE,0.962,57,33
CW500093,2025-04,MA,0.996,30,36
CW500093,2025-04,SE,0.979,38,23
CW500093,2025-04,MW,0.983,57,34
CW500093,2025-04,TX,0.961,20,27
CW500093,2025-04,MTN,0.996,21,28
CW500093,2025-04,PSW,0.978,24,29
CW500093,2025-04,PNW,0.972,24,29
CW500093,2025-05,NE,0.934,64,35
CW500093,2025-05,MA,0.993,53,33
CW500093,2025-05,SE,0.957,22,25
CW500093,2025-05,MW,0.998,35,34
CW500093,2025-05,TX,0.965,20,26
CW500093,2025-05,MTN,0.972,41,28
CW500093,2025-05,PSW,0.983,49,29
CW500093,2025-05,PNW,0.956,41,28
CW500093,2025-06,NE,0.977,47,37
CW500093,2025-06,MA,0.99,57,37
CW500093,2025-06,SE,0.986,19,22
CW500093,2025-06,MW,0.997,37,33
CW500093,2025-06,TX,0.954,15,27
CW500093,2025-06,MTN,0.956,17,28
CW500093,2025-06,PSW,0.957,43,29
CW500093,2025-06,PNW,0.935,27,29
CW500093,2025-07,NE,0.935,47,37
CW500093,2025-07,MA,0.945,56,37
CW500093,2025-07,SE,0.971,17,24
CW500093,2025-07,MW,0.959,36,34
CW500093,2025-07,TX,0.977,14,27
CW500093,2025-07,MTN,0.959,58,31
CW500093,2025-07,PSW,0.964,60,34
CW500093,2025-07,PNW,0.952,49,28
CW500093,2025-08,NE,0.968,17,35
CW500093,2025-08,MA,0.973,29,38
CW500093,2025-08,SE,0.956,32,25
CW500093,2025-08,MW,0.987,19,33
CW500093,2025-08,TX,0.991,51,30
CW500093,2025-08,MTN,0.991,48,26
CW500093,2025-08,PSW,0.937,43,34
CW500093,2025-08,PNW,0.962,32,28
CW500093,2025-09,NE,0.998,48,34
CW500093,2025-09,MA,0.953,61,37
CW500093,2025-09,SE,0.947,37,24
CW500093,2025-09,MW,0.95,30,36
CW500093,2025-09,TX,0.964,47,30
CW500093,2025-09,MTN,0.972,31,26
CW500093,2025-09,PSW,0.974,32,31
CW500093,2025-09,PNW,0.931,31,33
CW500093,2025-10,NE,0.947,58,38
CW500093,2025-10,MA,0.993,46,37
CW500093,2025-10,SE,0.956,27,24
CW500093,2025-10,MW,0.989,61,35
CW500093,2025-10,TX,0.974,52,29
CW500093,2025-10,MTN,0.995,42,28
CW500093,2025-10,PSW,0.966,42,34
CW500093,2025-10,PNW,0.976,30,29
CW500093,2025-11,NE,0.934,65,36
CW500093,2025-11,MA,0.952,69,36
CW500093,2025-11,SE,0.963,44,24
CW500093,2025-11,MW,0.961,29,33
CW500093,2025-11,TX,0.955,56,31
CW500093,2025-11,MTN,0.948,46,32
CW500093,2025-11,PSW,0.96,44,31
CW500093,2025-11,PNW,0.948,43,29
CW500093,2025-12,NE,0.96,21,35
CW500093,2025-12,MA,0.995,41,39
CW500093,2025-12,SE,0.952,22,25
CW500093,2025-12,MW,0.974,37,37
CW500093,2025-12,TX,0.943,58,32
CW500093,2025-12,MTN,0.99,35,27
CW500093,2025-12,PSW,0.983,26,30
CW500093,2025-12,PNW,0.977,18,30
CW500096,2024-01,NE,0.976,60,39
CW500096,2024-01,MA,0.949,44,30
CW500096,2024-01,SE,0.99,77,41
CW500096,2024-01,MW,0.985,60,34
CW500096,2024-01,TX,0.935,50,27
CW500096,2024-01,MTN,0.991,56,29
CW500096,2024-01,PSW,0.975,18,32
CW500096,2024-01,PNW,0.956,46,29
CW500096,2024-02,NE,0.947,60,40
CW500096,2024-02,MA,0.947,40,29
CW500096,2024-02,SE,0.939,25,39
CW500096,2024-02,MW,0.96,35,35
CW500096,2024-02,TX,0.955,47,32
CW500096,2024-02,MTN,0.939,37,30
CW500096,2024-02,PSW,0.984,25,30
CW500096,2024-02,PNW,0.979,52,28
CW500096,2024-03,NE,0.957,22,38
CW500096,2024-03,MA,0.997,37,29
CW500096,2024-03,SE,0.961,83,44
CW500096,2024-03,MW,0.948,29,36
CW500096,2024-03,TX,0.988,28,27
CW500096,2024-03,MTN,0.952,39,31
CW500096,2024-03,PSW,0.957,38,33
CW500096,2024-03,PNW,0.943,19,30
CW500096,2024-04,NE,0.988,59,35
CW500096,2024-04,MA,0.998,50,26
CW500096,2024-04,SE,0.999,56,38
CW500096,2024-04,MW,0.968,33,35
CW500096,2024-04,TX,0.952,49,30
CW500096,2024-04,MTN,0.962,32,28
CW500096,2024-04,PSW,0.943,21,32
CW500096,2024-04,PNW,0.936,58,32
CW500096,2024-05,NE,0.947,34,39
CW500096,2024-05,MA,0.99,35,29
CW500096,2024-05,SE,0.969,54,39
CW500096,2024-05,MW,0.98,49,34
CW500096,2024-05,TX,0.944,40,29
CW500096,2024-05,MTN,0.975,43,28
CW500096,2024-05,PSW,0.99,57,32
CW500096,2024-05,PNW,0.95,26,31
CW500096,2024-06,NE,0.937,64,41
CW500096,2024-06,MA,0.972,15,27
CW500096,2024-06,SE,0.939,55,41
CW500096,2024-06,MW,0.955,26,37
CW500096,2024-06,TX,0.968,26,31
CW500096,2024-06,MTN,0.962,20,29
CW500096,2024-06,PSW,0.97,24,32
CW500096,2024-06,PNW,0.987,49,29
CW500096,2024-07,NE,0.98,24,37
CW500096,2024-07,MA,0.968,23,27
CW500096,2024-07,SE,0.946,82,44
CW500096,2024-07,MW,0.932,45,39
CW500096,2024-07,TX,0.945,42,31
CW500096,2024-07,MTN,0.987,55,31
CW500096,2024-07,PSW,0.988,35,33
CW500096,2024-07,PNW,0.99,38,28
CW500096,2024-08,NE,0.988,44,39
CW500096,2024-08,MA,0.964,37,28
CW500096,2024-08,SE,0.976,47,44
CW500096,2024-08,MW,0.976,42,38
CW500096,2024-08,TX,0.942,59,32
CW500096,2024-08,MTN,0.966,29,31
CW500096,2024-08,PSW,0.951,29,33
CW500096,2024-08,PNW,0.936,17,34
CW500096,2024-09,NE,0.973,37,39
CW500096,2024-09,MA,0.962,20,30
CW500096,2024-09,SE,0.976,28,45
CW500096,2024-09,MW,0.983,42,37
CW500096,2024-09,TX,0.942,56,30
CW500096,2024-09,MTN,0.981,41,28
CW500096,2024-09,PSW,0.95,51,34
CW500096,2024-09,PNW,0.988,52,31
CW500096,2024-10,NE,0.966,69,37
CW500096,2024-10,MA,0.959,29,31
CW500096,2024-10,SE,0.987,74,38
CW500096,2024-10,MW,0.931,58,38
CW500096,2024-10,TX,0.95,35,29
CW500096,2024-10,MTN,0.945,14,29
CW500096,2024-10,PSW,0.94,55,32
CW500096,2024-10,PNW,0.955,24,31
CW500096,2024-11,NE,0.931,37,44
CW500096,2024-11,MA,0.945,47,30
CW500096,2024-11,SE,0.949,82,44
CW500096,2024-11,MW,0.986,57,34
CW500096,2024-11,TX,0.95,55,33
CW500096,2024-11,MTN,0.988,18,31
CW500096,2024-11,PSW,0.935,16,34
CW500096,2024-11,PNW,0.987,31,32
CW500096,2024-12,NE,0.961,40,41
CW500096,2024-12,MA,0.974,34,28
CW500096,2024-12,SE,0.94,76,44
CW500096,2024-12,MW,0.985,79,40
CW500096,2024-12,TX,0.935,30,29
CW500096,2024-12,MTN,0.965,17,31
CW500096,2024-12,PSW,0.984,46,31
CW500096,2024-12,PNW,0.961,47,32
CW500096,2025-01,NE,0.979,22,39
CW500096,2025-01,MA,0.958,55,31
CW500096,2025-01,SE,0.965,53,46
CW500096,2025-01,MW,0.945,28,40
CW500096,2025-01,TX,0.945,34,30
CW500096,2025-01,MTN,0.992,44,32
CW500096,2025-01,PSW,0.938,24,37
CW500096,2025-01,PNW,0.986,30,29
CW500096,2025-02,NE,0.944,58,41
CW500096,2025-02,MA,0.971,30,30
CW500096,2025-02,SE,0.949,25,43
CW500096,2025-02,MW,0.988,21,37
CW500096,2025-02,TX,0.947,56,34
CW500096,2025-02,MTN,0.976,24,28
CW500096,2025-02,PSW,0.996,24,35
CW500096,2025-02,PNW,1.0,20,30
CW500096,2025-03,NE,0.985,76,40
CW500096,2025-03,MA,0.942,22,31
CW500096,2025-03,SE,0.973,55,47
CW500096,2025-03,MW,0.992,24,39
CW500096,2025-03,TX,0.985,29,32
CW500096,2025-03,MTN,0.962,18,29
CW500096,2025-03,PSW,0.995,36,31
CW500096,2025-03,PNW,0.936,67,36
CW500096,2025-04,NE,0.933,74,42
CW500096,2025-04,MA,0.995,29,29
CW500096,2025-04,SE,0.972,39,45
CW500096,2025-04,MW,0.984,27,41
CW500096,2025-04,TX,0.953,52,30
CW500096,2025-04,MTN,0.999,56,32
CW500096,2025-04,PSW,0.964,35,34
CW500096,2025-04,PNW,0.988,47,32
CW500096,2025-05,NE,0.956,37,40
CW500096,2025-05,MA,0.965,26,29
CW500096,2025-05,SE,0.959,78,46
CW500096,2025-05,MW,0.987,28,39
CW500096,2025-05,TX,0.936,40,33
CW500096,2025-05,MTN,0.956,53,31
CW500096,2025-05,PSW,0.942,30,37
CW500096,2025-05,PNW,0.931,53,32
CW500096,2025-06,NE,0.986,31,41
CW500096,2025-06,MA,0.959,31,30
CW500096,2025-06,SE,0.952,22,47
CW500096,2025-06,MW,0.966,67,39
CW500096,2025-06,TX,0.98,25,30
CW500096,2025-06,MTN,0.998,57,31
CW500096,2025-06,PSW,0.973,59,34
CW500096,2025-06,PNW,0.979,40,31
CW500096,2025-07,NE,0.967,23,41
CW500096,2025-07,MA,0.972,24,28
CW500096,2025-07,SE,0.975,32,44
CW500096,2025-07,MW,0.951,46,37
CW500096,2025-07,TX,0.96,44,32
CW500096,2025-07,MTN,0.975,27,33
CW500096,2025-07,PSW,0.951,66,36
CW500096,2025-07,PNW,0.965,22,34
CW500096,2025-08,NE,0.954,62,44
CW500096,2025-08,MA,0.97,36,31
CW500096,2025-08,SE,0.984,26,42
CW500096,2025-08,MW,0.995,30,36
CW500096,2025-08,TX,0.974,25,32
CW500096,2025-08,MTN,0.941,55,32
CW500096,2025-08,PSW,0.949,23,36
CW500096,2025-08,PNW,0.946,55,37
CW500096,2025-09,NE,0.968,64,44
CW500096,2025-09,MA,0.942,26,33
CW500096,2025-09,SE,0.987,51,41
CW500096,2025-09,MW,0.985,31,39
CW500096,2025-09,TX,0.978,33,31
CW500096,2025-09,MTN,0.984,23,29
CW500096,2025-09,PSW,0.955,42,35
CW500096,2025-09,PNW,1.0,30,32
CW500096,2025-10,NE,0.977,26,44
CW500096,2025-10,MA,0.962,31,31
CW500096,2025-10,SE,0.959,51,43
CW500096,2025-10,MW,0.959,21,40
CW500096,2025-10,TX,0.993,41,30
CW500096,2025-10,MTN,0.957,45,33
CW500096,2025-10,PSW,0.942,48,33
CW500096,2025-10,PNW,0.948,23,33
CW500096,2025-11,NE,0.984,77,41
CW500096,2025-11,MA,0.98,45,29
CW500096,2025-11,SE,0.97,34,44
CW500096,2025-11,MW,0.98,58,40
CW500096,2025-11,TX,0.986,62,32
CW500096,2025-11,MTN,0.967,43,34
CW500096,2025-11,PSW,0.965,53,33
CW500096,2025-11,PNW,0.956,24,33
CW500096,2025-12,NE,0.999,53,42
CW500096,2025-12,MA,0.996,24,30
CW500096,2025-12,SE,0.99,35,47
CW500096,2025-12,MW,0.991,38,38
CW500096,2025-12,TX,0.961,57,34
CW500096,2025-12,MTN,0.945,53,34
CW500096,2025-12,PSW,0.979,26,35
CW500096,2025-12,PNW,0.955,18,32
