TRANSACTION_PRODUCT_ID,DATE_POSTING,SHIP_STATE,TRANSACTION_QUANTITY,TRANSACTION_UNIT_PRICE,TRANSACTION_EXTENDED_AMOUNT
BI100007,2024-01-15,NE,19,23.16,440.04
BI100007,2024-01-15,MA,19,23.16,440.04
BI100007,2024-01-15,SE,12,23.16,277.92
BI100007,2024-01-15,SE,12,23.16,277.92
BI100007,2024-01-15,MW,17,23.16,393.72
BI100007,2024-01-15,TX,23,23.16,532.68
BI100007,2024-01-15,MTN,13,23.16,301.08
BI100007,2024-01-15,MTN,14,23.16,324.24
BI100007,2024-01-15,PSW,22,23.16,509.52
BI100007,2024-01-15,PNW,23,23.16,532.68
BI100007,2024-02-15,NE,22,23.16,509.52
BI100007,2024-02-15,MA,19,23.16,440.04
BI100007,2024-02-15,SE,15,23.16,347.4
BI100007,2024-02-15,SE,15,23.16,347.4
BI100007,2024-02-15,MW,20,23.16,463.2
BI100007,2024-02-15,TX,12,23.16,277.92
BI100007,2024-02-15,TX,13,23.16,301.08
BI100007,2024-02-15,MTN,13,23.16,301.08
BI100007,2024-02-15,MTN,14,23.16,324.24
BI100007,2024-02-15,PSW,13,23.16,301.08
BI100007,2024-02-15,PSW,13,23.16,301.08
BI100007,2024-02-15,PNW,14,23.16,324.24
BI100007,2024-02-15,PNW,14,23.16,324.24
BI100007,2024-03-15,NE,12,23.16,277.92
BI100007,2024-03-15,NE,12,23.16,277.92
BI100007,2024-03-15,MA,23,23.16,532.68
BI100007,2024-03-15,SE,17,23.16,393.72
BI100007,2024-03-15,SE,18,23.16,416.88
BI100007,2024-03-15,MW,12,23.16,277.92
BI100007,2024-03-15,MW,13,23.16,301.08
BI100007,2024-03-15,TX,15,23.16,347.4
BI100007,2024-03-15,TX,16,23.16,370.56
BI100007,2024-03-15,MTN,16,23.16,370.56
BI100007,2024-03-15,MTN,16,23.16,370.56
BI100007,2024-03-15,PSW,13,23.16,301.08
BI100007,2024-03-15,PSW,14,23.16,324.24
BI100007,2024-03-15,PNW,14,23.16,324.24
BI100007,2024-03-15,PNW,15,23.16,347.4
BI100007,2024-04-15,NE,13,23.16,301.08
BI100007,2024-04-15,NE,13,23.16,301.08
BI100007,2024-04-15,MA,13,23.16,301.08
BI100007,2024-04-15,MA,13,23.16,301.08
BI100007,2024-04-15,SE,13,23.16,301.08
BI100007,2024-04-15,SE,13,23.16,301.08
BI100007,2024-04-15,SE,13,23.16,301.08
BI100007,2024-04-15,MW,12,23.16,277.92
BI100007,2024-04-15,MW,12,23.16,277.92
BI100007,2024-04-15,TX,12,23.16,277.92
BI100007,2024-04-15,TX,12,23.16,277.92
BI100007,2024-04-15,TX,13,23.16,301.08
BI100007,2024-04-15,MTN,17,23.16,393.72
BI100007,2024-04-15,MTN,18,23.16,416.88
BI100007,2024-04-15,PSW,16,23.16,370.56
BI100007,2024-04-15,PSW,16,23.16,370.56
BI100007,2024-04-15,PNW,17,23.16,393.72
BI100007,2024-04-15,PNW,18,23.16,416.88
BI100007,2024-05-15,NE,15,23.16,347.4
BI100007,2024-05-15,NE,16,23.16,370.56
BI100007,2024-05-15,MA,14,23.16,324.24
BI100007,2024-05-15,MA,15,23.16,347.4
BI100007,2024-05-15,SE,12,23.16,277.92
BI100007,2024-05-15,SE,13,23.16,301.08
BI100007,2024-05-15,SE,13,23.16,301.08
BI100007,2024-05-15,MW,13,23.16,301.08
BI100007,2024-05-15,MW,13,23.16,301.08
BI100007,2024-05-15,TX,13,23.16,301.08
BI100007,2024-05-15,TX,13,23.16,301.08
BI100007,2024-05-15,TX,13,23.16,301.08
BI100007,2024-05-15,MTN,14,23.16,324.24
BI100007,2024-05-15,MTN,14,23.16,324.24
BI100007,2024-05-15,MTN,14,23.16,324.24
BI100007,2024-05-15,PSW,17,23.16,393.72
BI100007,2024-05-15,PSW,18,23.16,416.88
BI100007,2024-05-15,PNW,12,23.16,277.92
BI100007,2024-05-15,PNW,12,23.16,277.92
BI100007,2024-05-15,PNW,12,23.16,277.92
BI100007,2024-06-15,NE,16,23.16,370.56
BI100007,2024-06-15,NE,17,23.16,393.72
BI100007,2024-06-15,MA,14,23.16,324.24
BI100007,2024-06-15,MA,15,23.16,347.4
BI100007,2024-06-15,SE,13,23.16,301.08
BI100007,2024-06-15,SE,13,23.16,301.08
BI100007,2024-06-15,SE,14,23.16,324.24
BI100007,2024-06-15,MW,14,23.16,324.24
BI100007,2024-06-15,MW,15,23.16,347.4
BI100007,2024-06-15,TX,12,23.16,277.92
BI100007,2024-06-15,TX,12,23.16,277.92
BI100007,2024-06-15,TX,12,23.16,277.92
BI100007,2024-06-15,MTN,15,23.16,347.4
BI100007,2024-06-15,MTN,15,23.16,347.4
BI100007,2024-06-15,MTN,15,23.16,347.4
BI100007,2024-06-15,PSW,17,23.16,393.72
BI100007,2024-06-15,PSW,18,23.16,416.88
BI100007,2024-06-15,PNW,12,23.16,277.92
BI100007,2024-06-15,PNW,12,23.16,277.92
BI100007,2024-06-15,PNW,13,23.16,301.08
BI100007,2024-07-15,NE,14,23.16,324.24
BI100007,2024-07-15,NE,15,23.16,347.4
BI100007,2024-07-15,MA,14,23.16,324.24
BI100007,2024-07-15,MA,14,23.16,324.24
BI100007,2024-07-15,SE,14,23.16,324.24
BI100007,2024-07-15,SE,14,23.16,324.24
BI100007,2024-07-15,SE,15,23.16,347.4
BI100007,2024-07-15,MW,13,23.16,301.08
BI100007,2024-07-15,MW,14,23.16,324.24
BI100007,2024-07-15,TX,13,23.16,301.08
BI100007,2024-07-15,TX,13,23.16,301.08
BI100007,2024-07-15,TX,13,23.16,301.08
BI100007,2024-07-15,MTN,13,23.16,301.08
BI100007,2024-07-15,MTN,14,23.16,324.24
BI100007,2024-07-15,MTN,14,23.16,324.24
BI100007,2024-07-15,PSW,12,23.16,277.92
BI100007,2024-07-15,PSW,12,23.16,277.92
BI100007,2024-07-15,PSW,13,23.16,301.08
BI100007,2024-07-15,PNW,12,23.16,277.92
BI100007,2024-07-15,PNW,13,23.16,301.08
BI100007,2024-07-15,PNW,13,23.16,301.08
BI100007,2024-08-15,NE,14,23.16,324.24
BI100007,2024-08-15,NE,14,23.16,324.24
BI100007,2024-08-15,MA,13,23.16,301.08
BI100007,2024-08-15,MA,13,23.16,301.08
BI100007,2024-08-15,SE,12,23.16,277.92
BI100007,2024-08-15,SE,12,23.16,277.92
BI100007,2024-08-15,SE,13,23.16,301.08
BI100007,2024-08-15,MW,13,23.16,301.08
BI100007,2024-08-15,MW,14,23.16,324.24
BI100007,2024-08-15,TX,16,23.16,370.56
BI100007,2024-08-15,TX,17,23.16,393.72
BI100007,2024-08-15,MTN,12,23.16,277.92
BI100007,2024-08-15,MTN,12,23.16,277.92
BI100007,2024-08-15,MTN,13,23.16,301.08
BI100007,2024-08-15,PSW,12,23.16,277.92
BI100007,2024-08-15,PSW,12,23.16,277.92
BI100007,2024-08-15,PSW,12,23.16,277.92
BI100007,2024-08-15,PNW,12,23.16,277.92
BI100007,2024-08-15,PNW,13,23.16,301.08
BI100007,2024-08-15,PNW,13,23.16,301.08
BI100007,2024-09-15,NE,13,23.16,301.08
BI100007,2024-09-15,NE,14,23.16,324.24
BI100007,2024-09-15,MA,12,23.16,277.92
BI100007,2024-09-15,MA,13,23.16,301.08
BI100007,2024-09-15,SE,16,23.16,370.56
BI100007,2024-09-15,SE,17,23.16,393.72
BI100007,2024-09-15,MW,23,23.16,532.68
BI100007,2024-09-15,TX,14,23.16,324.24
BI100007,2024-09-15,TX,15,23.16,347.4
BI100007,2024-09-15,MTN,16,23.16,370.56
BI100007,2024-09-15,MTN,16,23.16,370.56
BI100007,2024-09-15,PSW,15,23.16,347.4
BI100007,2024-09-15,PSW,16,23.16,370.56
BI100007,2024-09-15,PNW,16,23.16,370.56
BI100007,2024-09-15,PNW,17,23.16,393.72
BI100007,2024-10-15,NE,22,23.16,509.52
BI100007,2024-10-15,MA,22,23.16,509.52
BI100007,2024-10-15,SE,15,23.16,347.4
BI100007,2024-10-15,SE,16,23.16,370.56
BI100007,2024-10-15,MW,21,23.16,486.36
BI100007,2024-10-15,TX,13,23.16,301.08
BI100007,2024-10-15,TX,13,23.16,301.08
BI100007,2024-10-15,MTN,15,23.16,347.4
BI100007,2024-10-15,MTN,15,23.16,347.4
BI100007,2024-10-15,PSW,13,23.16,301.08
BI100007,2024-10-15,PSW,14,23.16,324.24
BI100007,2024-10-15,PNW,14,23.16,324.24
BI100007,2024-10-15,PNW,14,23.16,324.24
BI100007,2024-11-15,NE,21,23.16,486.36
BI100007,2024-11-15,MA,19,23.16,440.04
BI100007,2024-11-15,SE,12,23.16,277.92
BI100007,2024-11-15,SE,13,23.16,301.08
BI100007,2024-11-15,MW,18,23.16,416.88
BI100007,2024-11-15,TX,12,23.16,277.92
BI100007,2024-11-15,TX,13,23.16,301.08
BI100007,2024-11-15,MTN,14,23.16,324.24
BI100007,2024-11-15,MTN,14,23.16,324.24
BI100007,2024-11-15,PSW,23,23.16,532.68
BI100007,2024-11-15,PNW,13,23.16,301.08
BI100007,2024-11-15,PNW,13,23.16,301.08
BI100007,2024-12-15,NE,18,23.16,416.88
BI100007,2024-12-15,MA,18,23.16,416.88
BI100007,2024-12-15,SE,12,23.16,277.92
BI100007,2024-12-15,SE,13,23.16,301.08
BI100007,2024-12-15,MW,19,23.16,440.04
BI100007,2024-12-15,TX,22,23.16,509.52
BI100007,2024-12-15,MTN,14,23.16,324.24
BI100007,2024-12-15,MTN,14,23.16,324.24
BI100007,2024-12-15,PSW,12,23.16,277.92
BI100007,2024-12-15,PSW,12,23.16,277.92
BI100007,2024-12-15,PNW,23,23.16,532.68
BI100007,2025-01-15,NE,21,23.16,486.36
BI100007,2025-01-15,MA,19,23.16,440.04
BI100007,2025-01-15,SE,12,23.16,277.92
BI100007,2025-01-15,SE,13,23.16,301.08
BI100007,2025-01-15,MW,18,23.16,416.88
BI100007,2025-01-15,TX,17,27.33,464.61
BI100007,2025-01-15,MTN,13,23.16,301.08
BI100007,2025-01-15,MTN,13,23.16,301.08
BI100007,2025-01-15,PSW,12,23.16,277.92
BI100007,2025-01-15,PSW,12,23.16,277.92
BI100007,2025-01-15,PNW,12,23.16,277.92
BI100007,2025-01-15,PNW,12,23.16,277.92
BI100007,2025-02-15,NE,22,23.16,509.52
BI100007,2025-02-15,MA,20,23.16,463.2
BI100007,2025-02-15,SE,16,23.16,370.56
BI100007,2025-02-15,SE,17,23.16,393.72
BI100007,2025-02-15,MW,21,23.16,486.36
BI100007,2025-02-15,TX,22,27.33,601.26
BI100007,2025-02-15,MTN,15,23.16,347.4
BI100007,2025-02-15,MTN,15,23.16,347.4
BI100007,2025-02-15,PSW,14,23.16,324.24
BI100007,2025-02-15,PSW,14,23.16,324.24
BI100007,2025-02-15,PNW,15,23.16,347.4
BI100007,2025-02-15,PNW,15,23.16,347.4
BI100007,2025-03-15,NE,12,23.16,277.92
BI100007,2025-03-15,NE,12,23.16,277.92
BI100007,2025-03-15,MA,13,23.16,301.08
BI100007,2025-03-15,MA,13,23.16,301.08
BI100007,2025-03-15,SE,17,23.16,393.72
BI100007,2025-03-15,SE,17,23.16,393.72
BI100007,2025-03-15,MW,12,23.16,277.92
BI100007,2025-03-15,MW,13,23.16,301.08
BI100007,2025-03-15,TX,16,23.16,370.56
BI100007,2025-03-15,TX,16,23.16,370.56
BI100007,2025-03-15,MTN,12,23.16,277.92
BI100007,2025-03-15,MTN,12,23.16,277.92
BI100007,2025-03-15,MTN,12,23.16,277.92
BI100007,2025-03-15,PSW,15,23.16,347.4
BI100007,2025-03-15,PSW,15,23.16,347.4
BI100007,2025-03-15,PNW,17,23.16,393.72
BI100007,2025-03-15,PNW,17,23.16,393.72
BI100007,2025-04-15,NE,15,23.16,347.4
BI100007,2025-04-15,NE,16,23.16,370.56
BI100007,2025-04-15,MA,14,23.16,324.24
BI100007,2025-04-15,MA,14,23.16,324.24
BI100007,2025-04-15,SE,13,23.16,301.08
BI100007,2025-04-15,SE,14,23.16,324.24
BI100007,2025-04-15,SE,14,23.16,324.24
BI100007,2025-04-15,MW,14,23.16,324.24
BI100007,2025-04-15,MW,15,23.16,347.4
BI100007,2025-04-15,TX,17,23.16,393.72
BI100007,2025-04-15,TX,18,23.16,416.88
BI100007,2025-04-15,MTN,13,23.16,301.08
BI100007,2025-04-15,MTN,13,23.16,301.08
BI100007,2025-04-15,MTN,14,23.16,324.24
BI100007,2025-04-15,PSW,17,23.16,393.72
BI100007,2025-04-15,PSW,17,23.16,393.72
BI100007,2025-04-15,PNW,13,23.16,301.08
BI100007,2025-04-15,PNW,13,23.16,301.08
BI100007,2025-04-15,PNW,13,23.16,301.08
BI100007,2025-05-15,NE,16,23.16,370.56
BI100007,2025-05-15,NE,17,23.16,393.72
BI100007,2025-05-15,MA,14,23.16,324.24
BI100007,2025-05-15,MA,15,23.16,347.4
BI100007,2025-05-15,SE,15,23.16,347.4
BI100007,2025-05-15,SE,15,23.16,347.4
BI100007,2025-05-15,SE,16,23.16,370.56
BI100007,2025-05-15,MW,15,23.16,347.4
BI100007,2025-05-15,MW,16,23.16,370.56
BI100007,2025-05-15,TX,13,23.16,301.08
BI100007,2025-05-15,TX,13,23.16,301.08
BI100007,2025-05-15,TX,13,23.16,301.08
BI100007,2025-05-15,MTN,13,23.16,301.08
BI100007,2025-05-15,MTN,14,23.16,324.24
BI100007,2025-05-15,MTN,14,23.16,324.24
BI100007,2025-05-15,PSW,13,23.16,301.08
BI100007,2025-05-15,PSW,13,23.16,301.08
BI100007,2025-05-15,PSW,14,23.16,324.24
BI100007,2025-05-15,PNW,12,23.16,277.92
BI100007,2025-05-15,PNW,13,23.16,301.08
BI100007,2025-05-15,PNW,13,23.16,301.08
BI100007,2025-06-15,NE,16,23.16,370.56
BI100007,2025-06-15,NE,16,23.16,370.56
BI100007,2025-06-15,MA,15,23.16,347.4
BI100007,2025-06-15,MA,15,23.16,347.4
BI100007,2025-06-15,SE,15,23.16,347.4
BI100007,2025-06-15,SE,15,23.16,347.4
BI100007,2025-06-15,SE,15,23.16,347.4
BI100007,2025-06-15,MW,15,23.16,347.4
BI100007,2025-06-15,MW,15,23.16,347.4
BI100007,2025-06-15,TX,13,23.16,301.08
BI100007,2025-06-15,TX,14,23.16,324.24
BI100007,2025-06-15,TX,14,23.16,324.24
BI100007,2025-06-15,MTN,15,23.16,347.4
BI100007,2025-06-15,MTN,16,23.16,370.56
BI100007,2025-06-15,MTN,16,23.16,370.56
BI100007,2025-06-15,PSW,14,23.16,324.24
BI100007,2025-06-15,PSW,14,23.16,324.24
BI100007,2025-06-15,PSW,14,23.16,324.24
BI100007,2025-06-15,PNW,14,23.16,324.24
BI100007,2025-06-15,PNW,14,23.16,324.24
BI100007,2025-06-15,PNW,15,23.16,347.4
BI100007,2025-07-15,NE,15,23.16,347.4
BI100007,2025-07-15,NE,16,23.16,370.56
BI100007,2025-07-15,MA,14,23.16,324.24
BI100007,2025-07-15,MA,14,23.16,324.24
BI100007,2025-07-15,SE,14,23.16,324.24
BI100007,2025-07-15,SE,15,23.16,347.4
BI100007,2025-07-15,SE,15,23.16,347.4
BI100007,2025-07-15,MW,16,23.16,370.56
BI100007,2025-07-15,MW,16,23.16,370.56
BI100007,2025-07-15,TX,13,23.16,301.08
BI100007,2025-07-15,TX,14,23.16,324.24
BI100007,2025-07-15,TX,14,23.16,324.24
BI100007,2025-07-15,MTN,15,23.16,347.4
BI100007,2025-07-15,MTN,15,23.16,347.4
BI100007,2025-07-15,MTN,15,23.16,347.4
BI100007,2025-07-15,PSW,12,23.16,277.92
BI100007,2025-07-15,PSW,12,23.16,277.92
BI100007,2025-07-15,PSW,12,23.16,277.92
BI100007,2025-07-15,PNW,13,23.16,301.08
BI100007,2025-07-15,PNW,13,23.16,301.08
BI100007,2025-07-15,PNW,14,23.16,324.24
BI100007,2025-08-15,NE,15,23.16,347.4
BI100007,2025-08-15,NE,15,23.16,347.4
BI100007,2025-08-15,MA,14,23.16,324.24
BI100007,2025-08-15,MA,14,23.16,324.24
BI100007,2025-08-15,SE,13,23.16,301.08
BI100007,2025-08-15,SE,14,23.16,324.24
BI100007,2025-08-15,SE,14,23.16,324.24
BI100007,2025-08-15,MW,14,23.16,324.24
BI100007,2025-08-15,MW,15,23.16,347.4
BI100007,2025-08-15,TX,17,23.16,393.72
BI100007,2025-08-15,TX,18,23.16,416.88
BI100007,2025-08-15,MTN,13,23.16,301.08
BI100007,2025-08-15,MTN,14,23.16,324.24
BI100007,2025-08-15,MTN,14,23.16,324.24
BI100007,2025-08-15,PSW,12,23.16,277.92
BI100007,2025-08-15,PSW,12,23.16,277.92
BI100007,2025-08-15,PSW,13,23.16,301.08
BI100007,2025-08-15,PNW,12,23.16,277.92
BI100007,2025-08-15,PNW,12,23.16,277.92
BI100007,2025-08-15,PNW,12,23.16,277.92
BI100007,2025-09-15,NE,12,23.16,277.92
BI100007,2025-09-15,NE,13,23.16,301.08
BI100007,2025-09-15,MA,13,23.16,301.08
BI100007,2025-09-15,MA,14,23.16,324.24
BI100007,2025-09-15,SE,17,23.16,393.72
BI100007,2025-09-15,SE,18,23.16,416.88
BI100007,2025-09-15,MW,13,23.16,301.08
BI100007,2025-09-15,MW,14,23.16,324.24
BI100007,2025-09-15,TX,17,23.16,393.72
BI100007,2025-09-15,TX,18,23.16,416.88
BI100007,2025-09-15,MTN,12,23.16,277.92
BI100007,2025-09-15,MTN,12,23.16,277.92
BI100007,2025-09-15,MTN,13,23.16,301.08
BI100007,2025-09-15,PSW,15,23.16,347.4
BI100007,2025-09-15,PSW,15,23.16,347.4
BI100007,2025-09-15,PNW,16,23.16,370.56
BI100007,2025-09-15,PNW,17,23.16,393.72
BI100007,2025-10-15,NE,12,23.16,277.92
BI100007,2025-10-15,NE,13,23.16,301.08
BI100007,2025-10-15,MA,12,23.16,277.92
BI100007,2025-10-15,MA,12,23.16,277.92
BI100007,2025-10-15,SE,15,23.16,347.4
BI100007,2025-10-15,SE,16,23.16,370.56
BI100007,2025-10-15,MW,23,23.16,532.68
BI100007,2025-10-15,TX,15,23.16,347.4
BI100007,2025-10-15,TX,15,23.16,347.4
BI100007,2025-10-15,MTN,15,23.16,347.4
BI100007,2025-10-15,MTN,16,23.16,370.56
BI100007,2025-10-15,PSW,15,23.16,347.4
BI100007,2025-10-15,PSW,15,23.16,347.4
BI100007,2025-10-15,PNW,14,23.16,324.24
BI100007,2025-10-15,PNW,14,23.16,324.24
BI100007,2025-11-15,NE,23,23.16,532.68
BI100007,2025-11-15,MA,20,23.16,463.2
BI100007,2025-11-15,SE,14,23.16,324.24
BI100007,2025-11-15,SE,15,23.16,347.4
BI100007,2025-11-15,MW,21,23.16,486.36
BI100007,2025-11-15,TX,13,23.16,301.08
BI100007,2025-11-15,TX,13,23.16,301.08
BI100007,2025-11-15,MTN,14,23.16,324.24
BI100007,2025-11-15,MTN,15,23.16,347.4
BI100007,2025-11-15,PSW,13,23.16,301.08
BI100007,2025-11-15,PSW,14,23.16,324.24
BI100007,2025-11-15,PNW,14,23.16,324.24
BI100007,2025-11-15,PNW,14,23.16,324.24
BI100007,2025-12-15,NE,22,23.16,509.52
BI100007,2025-12-15,MA,19,23.16,440.04
BI100007,2025-12-15,SE,14,23.16,324.24
BI100007,2025-12-15,SE,14,23.16,324.24
BI100007,2025-12-15,MW,19,23.16,440.04
BI100007,2025-12-15,TX,12,23.16,277.92
BI100007,2025-12-15,TX,13,23.16,301.08
BI100007,2025-12-15,MTN,14,23.16,324.24
BI100007,2025-12-15,MTN,14,23.16,324.24
BI100007,2025-12-15,PSW,22,23.16,509.52
BI100007,2025-12-15,PNW,12,23.16,277.92
BI100007,2025-12-15,PNW,12,23.16,277.92
BI100014,2024-01-15,NE,14,51.05,714.7
BI100014,2024-01-15,NE,14,51.05,714.7
BI100014,2024-01-15,NE,14,51.05,714.7
BI100014,2024-01-15,NE,14,51.05,714.7
BI100014,2024-01-15,MA,13,51.05,663.65
BI100014,2024-01-15,MA,13,51.05,663.65
BI100014,2024-01-15,MA,14,51.05,714.7
BI100014,2024-01-15,MA,14,51.05,714.7
BI100014,2024-01-15,MA,14,51.05,714.7
BI100014,2024-01-15,SE,13,51.05,663.65
BI100014,2024-01-15,SE,14,51.05,714.7
BI100014,2024-01-15,SE,14,51.05,714.7
BI100014,2024-01-15,MW,13,51.05,663.65
BI100014,2024-01-15,MW,13,51.05,663.65
BI100014,2024-01-15,MW,13,51.05,663.65
BI100014,2024-01-15,TX,13,51.05,663.65
BI100014,2024-01-15,TX,14,51.05,714.7
BI100014,2024-01-15,TX,14,51.05,714.7
BI100014,2024-01-15,MTN,15,51.05,765.75
BI100014,2024-01-15,MTN,15,51.05,765.75
BI100014,2024-01-15,MTN,15,51.05,765.75
BI100014,2024-01-15,PSW,14,51.05,714.7
BI100014,2024-01-15,PSW,14,51.05,714.7
BI100014,2024-01-15,PSW,14,51.05,714.7
BI100014,2024-01-15,PSW,15,51.05,765.75
BI100014,2024-01-15,PNW,12,51.05,612.6
BI100014,2024-01-15,PNW,12,51.05,612.6
BI100014,2024-01-15,PNW,12,51.05,612.6
BI100014,2024-01-15,PNW,12,51.05,612.6
BI100014,2024-02-15,NE,14,51.05,714.7
BI100014,2024-02-15,NE,14,51.05,714.7
BI100014,2024-02-15,NE,14,51.05,714.7
BI100014,2024-02-15,NE,14,51.05,714.7
BI100014,2024-02-15,NE,14,51.05,714.7
BI100014,2024-02-15,MA,12,51.05,612.6
BI100014,2024-02-15,MA,13,51.05,663.65
BI100014,2024-02-15,MA,13,51.05,663.65
BI100014,2024-02-15,MA,13,51.05,663.65
BI100014,2024-02-15,MA,13,51.05,663.65
BI100014,2024-02-15,MA,13,51.05,663.65
BI100014,2024-02-15,SE,12,51.05,612.6
BI100014,2024-02-15,SE,12,51.05,612.6
BI100014,2024-02-15,SE,12,51.05,612.6
BI100014,2024-02-15,SE,13,51.05,663.65
BI100014,2024-02-15,MW,15,51.05,765.75
BI100014,2024-02-15,MW,15,51.05,765.75
BI100014,2024-02-15,MW,15,51.05,765.75
BI100014,2024-02-15,TX,12,51.05,612.6
BI100014,2024-02-15,TX,12,51.05,612.6
BI100014,2024-02-15,TX,12,51.05,612.6
BI100014,2024-02-15,TX,12,51.05,612.6
BI100014,2024-02-15,MTN,13,51.05,663.65
BI100014,2024-02-15,MTN,13,51.05,663.65
BI100014,2024-02-15,MTN,13,51.05,663.65
BI100014,2024-02-15,MTN,14,51.05,714.7
BI100014,2024-02-15,PSW,13,51.05,663.65
BI100014,2024-02-15,PSW,14,51.05,714.7
BI100014,2024-02-15,PSW,14,51.05,714.7
BI100014,2024-02-15,PSW,14,51.05,714.7
BI100014,2024-02-15,PSW,14,51.05,714.7
BI100014,2024-02-15,PNW,14,51.05,714.7
BI100014,2024-02-15,PNW,14,51.05,714.7
BI100014,2024-02-15,PNW,14,51.05,714.7
BI100014,2024-02-15,PNW,14,51.05,714.7
BI100014,2024-03-15,NE,12,51.05,612.6
BI100014,2024-03-15,NE,12,51.05,612.6
BI100014,2024-03-15,NE,12,51.05,612.6
BI100014,2024-03-15,NE,13,51.05,663.65
BI100014,2024-03-15,NE,13,51.05,663.65
BI100014,2024-03-15,NE,13,51.05,663.65
BI100014,2024-03-15,MA,12,51.05,612.6
BI100014,2024-03-15,MA,12,51.05,612.6
BI100014,2024-03-15,MA,12,51.05,612.6
BI100014,2024-03-15,MA,13,51.05,663.65
BI100014,2024-03-15,MA,13,51.05,663.65
BI100014,2024-03-15,MA,13,51.05,663.65
BI100014,2024-03-15,MA,13,51.05,663.65
BI100014,2024-03-15,SE,13,51.05,663.65
BI100014,2024-03-15,SE,13,51.05,663.65
BI100014,2024-03-15,SE,13,51.05,663.65
BI100014,2024-03-15,SE,13,51.05,663.65
BI100014,2024-03-15,MW,13,51.05,663.65
BI100014,2024-03-15,MW,13,51.05,663.65
BI100014,2024-03-15,MW,13,51.05,663.65
BI100014,2024-03-15,MW,13,51.05,663.65
BI100014,2024-03-15,TX,14,51.05,714.7
BI100014,2024-03-15,TX,15,51.05,765.75
BI100014,2024-03-15,TX,15,51.05,765.75
BI100014,2024-03-15,TX,15,51.05,765.75
BI100014,2024-03-15,MTN,12,51.05,612.6
BI100014,2024-03-15,MTN,13,51.05,663.65
BI100014,2024-03-15,MTN,13,51.05,663.65
BI100014,2024-03-15,MTN,13,51.05,663.65
BI100014,2024-03-15,MTN,13,51.05,663.65
BI100014,2024-03-15,PSW,13,51.05,663.65
BI100014,2024-03-15,PSW,14,51.05,714.7
BI100014,2024-03-15,PSW,14,51.05,714.7
BI100014,2024-03-15,PSW,14,51.05,714.7
BI100014,2024-03-15,PSW,14,51.05,714.7
BI100014,2024-03-15,PSW,14,51.05,714.7
BI100014,2024-03-15,PNW,13,51.05,663.65
BI100014,2024-03-15,PNW,13,51.05,663.65
BI100014,2024-03-15,PNW,13,51.05,663.65
BI100014,2024-03-15,PNW,13,51.05,663.65
BI100014,2024-03-15,PNW,13,51.05,663.65
BI100014,2024-04-15,NE,12,51.05,612.6
BI100014,2024-04-15,NE,12,51.05,612.6
BI100014,2024-04-15,NE,12,51.05,612.6
BI100014,2024-04-15,NE,12,51.05,612.6
BI100014,2024-04-15,NE,13,51.05,663.65
BI100014,2024-04-15,NE,13,51.05,663.65
BI100014,2024-04-15,NE,13,51.05,663.65
BI100014,2024-04-15,MA,12,51.05,612.6
BI100014,2024-04-15,MA,12,51.05,612.6
BI100014,2024-04-15,MA,12,51.05,612.6
BI100014,2024-04-15,MA,12,51.05,612.6
BI100014,2024-04-15,MA,12,51.05,612.6
BI100014,2024-04-15,MA,12,51.05,612.6
BI100014,2024-04-15,MA,13,51.05,663.65
BI100014,2024-04-15,MA,13,51.05,663.65
BI100014,2024-04-15,SE,12,51.05,612.6
BI100014,2024-04-15,SE,12,51.05,612.6
BI100014,2024-04-15,SE,12,51.05,612.6
BI100014,2024-04-15,SE,12,51.05,612.6
BI100014,2024-04-15,SE,12,51.05,612.6
BI100014,2024-04-15,MW,13,51.05,663.65
BI100014,2024-04-15,MW,13,51.05,663.65
BI100014,2024-04-15,MW,14,51.05,714.7
BI100014,2024-04-15,MW,14,51.05,714.7
BI100014,2024-04-15,TX,13,51.05,663.65
BI100014,2024-04-15,TX,14,51.05,714.7
BI100014,2024-04-15,TX,14,51.05,714.7
BI100014,2024-04-15,TX,14,51.05,714.7
BI100014,2024-04-15,TX,14,51.05,714.7
BI100014,2024-04-15,MTN,13,51.05,663.65
BI100014,2024-04-15,MTN,13,51.05,663.65
BI100014,2024-04-15,MTN,13,51.05,663.65
BI100014,2024-04-15,MTN,14,51.05,714.7
BI100014,2024-04-15,MTN,14,51.05,714.7
BI100014,2024-04-15,PSW,13,51.05,663.65
BI100014,2024-04-15,PSW,13,51.05,663.65
BI100014,2024-04-15,PSW,13,51.05,663.65
BI100014,2024-04-15,PSW,13,51.05,663.65
BI100014,2024-04-15,PSW,13,51.05,663.65
BI100014,2024-04-15,PSW,14,51.05,714.7
BI100014,2024-04-15,PSW,14,51.05,714.7
BI100014,2024-04-15,PNW,13,51.05,663.65
BI100014,2024-04-15,PNW,13,51.05,663.65
BI100014,2024-04-15,PNW,13,51.05,663.65
BI100014,2024-04-15,PNW,13,51.05,663.65
BI100014,2024-04-15,PNW,13,51.05,663.65
BI100014,2024-04-15,PNW,13,51.05,663.65
BI100014,2024-05-15,NE,13,51.05,663.65
BI100014,2024-05-15,NE,13,51.05,663.65
BI100014,2024-05-15,NE,13,51.05,663.65
BI100014,2024-05-15,NE,13,51.05,663.65
BI100014,2024-05-15,NE,14,51.05,714.7
BI100014,2024-05-15,NE,14,51.05,714.7
BI100014,2024-05-15,NE,14,51.05,714.7
BI100014,2024-05-15,MA,12,51.05,612.6
BI100014,2024-05-15,MA,12,51.05,612.6
BI100014,2024-05-15,MA,12,51.05,612.6
BI100014,2024-05-15,MA,12,51.05,612.6
BI100014,2024-05-15,MA,12,51.05,612.6
BI100014,2024-05-15,MA,12,51.05,612.6
BI100014,2024-05-15,MA,12,51.05,612.6
BI100014,2024-05-15,MA,12,51.05,612.6
BI100014,2024-05-15,MA,13,51.05,663.65
BI100014,2024-05-15,SE,12,51.05,612.6
BI100014,2024-05-15,SE,12,51.05,612.6
BI100014,2024-05-15,SE,12,51.05,612.6
BI100014,2024-05-15,SE,12,51.05,612.6
BI100014,2024-05-15,SE,12,51.05,612.6
BI100014,2024-05-15,SE,12,51.05,612.6
BI100014,2024-05-15,MW,12,51.05,612.6
BI100014,2024-05-15,MW,12,51.05,612.6
BI100014,2024-05-15,MW,13,51.05,663.65
BI100014,2024-05-15,MW,13,51.05,663.65
BI100014,2024-05-15,MW,13,51.05,663.65
BI100014,2024-05-15,TX,13,51.05,663.65
BI100014,2024-05-15,TX,13,51.05,663.65
BI100014,2024-05-15,TX,13,51.05,663.65
BI100014,2024-05-15,TX,13,51.05,663.65
BI100014,2024-05-15,TX,14,51.05,714.7
BI100014,2024-05-15,MTN,13,51.05,663.65
BI100014,2024-05-15,MTN,13,51.05,663.65
BI100014,2024-05-15,MTN,14,51.05,714.7
BI100014,2024-05-15,MTN,14,51.05,714.7
BI100014,2024-05-15,MTN,14,51.05,714.7
BI100014,2024-05-15,MTN,14,51.05,714.7
BI100014,2024-05-15,PSW,12,51.05,612.6
BI100014,2024-05-15,PSW,12,51.05,612.6
BI100014,2024-05-15,PSW,12,51.05,612.6
BI100014,2024-05-15,PSW,13,51.05,663.65
BI100014,2024-05-15,PSW,13,51.05,663.65
BI100014,2024-05-15,PSW,13,51.05,663.65
BI100014,2024-05-15,PSW,13,51.05,663.65
BI100014,2024-05-15,PSW,13,51.05,663.65
BI100014,2024-05-15,PNW,13,51.05,663.65
BI100014,2024-05-15,PNW,13,51.05,663.65
BI100014,2024-05-15,PNW,13,51.05,663.65
BI100014,2024-05-15,PNW,14,51.05,714.7
BI100014,2024-05-15,PNW,14,51.05,714.7
BI100014,2024-05-15,PNW,14,51.05,714.7
BI100014,2024-06-15,NE,13,51.05,663.65
BI100014,2024-06-15,NE,13,51.05,663.65
BI100014,2024-06-15,NE,13,51.05,663.65
BI100014,2024-06-15,NE,13,51.05,663.65
BI100014,2024-06-15,NE,13,51.05,663.65
BI100014,2024-06-15,NE,13,51.05,663.65
BI100014,2024-06-15,NE,13,51.05,663.65
BI100014,2024-06-15,NE,13,51.05,663.65
BI100014,2024-06-15,MA,13,51.05,663.65
BI100014,2024-06-15,MA,13,51.05,663.65
BI100014,2024-06-15,MA,13,51.05,663.65
BI100014,2024-06-15,MA,13,51.05,663.65
BI100014,2024-06-15,MA,13,51.05,663.65
BI100014,2024-06-15,MA,13,51.05,663.65
BI100014,2024-06-15,MA,13,51.05,663.65
BI100014,2024-06-15,MA,13,51.05,663.65
BI100014,2024-06-15,SE,13,51.05,663.65
BI100014,2024-06-15,SE,13,51.05,663.65
BI100014,2024-06-15,SE,13,51.05,663.65
BI100014,2024-06-15,SE,13,51.05,663.65
BI100014,2024-06-15,SE,13,51.05,663.65
BI100014,2024-06-15,MW,12,51.05,612.6
BI100014,2024-06-15,MW,12,51.05,612.6
BI100014,2024-06-15,MW,12,51.05,612.6
BI100014,2024-06-15,MW,12,51.05,612.6
BI100014,2024-06-15,MW,13,51.05,663.65
BI100014,2024-06-15,TX,13,51.05,663.65
BI100014,2024-06-15,TX,13,51.05,663.65
BI100014,2024-06-15,TX,13,51.05,663.65
BI100014,2024-06-15,TX,13,51.05,663.65
BI100014,2024-06-15,TX,13,51.05,663.65
BI100014,2024-06-15,TX,13,51.05,663.65
BI100014,2024-06-15,MTN,12,51.05,612.6
BI100014,2024-06-15,MTN,12,51.05,612.6
BI100014,2024-06-15,MTN,12,51.05,612.6
BI100014,2024-06-15,MTN,12,51.05,612.6
BI100014,2024-06-15,MTN,12,51.05,612.6
BI100014,2024-06-15,MTN,13,51.05,663.65
BI100014,2024-06-15,MTN,13,51.05,663.65
BI100014,2024-06-15,PSW,13,51.05,663.65
BI100014,2024-06-15,PSW,13,51.05,663.65
BI100014,2024-06-15,PSW,13,51.05,663.65
BI100014,2024-06-15,PSW,13,51.05,663.65
BI100014,2024-06-15,PSW,13,51.05,663.65
BI100014,2024-06-15,PSW,13,51.05,663.65
BI100014,2024-06-15,PSW,14,51.05,714.7
BI100014,2024-06-15,PNW,13,51.05,663.65
BI100014,2024-06-15,PNW,13,51.05,663.65
BI100014,2024-06-15,PNW,13,51.05,663.65
BI100014,2024-06-15,PNW,13,51.05,663.65
BI100014,2024-06-15,PNW,13,51.05,663.65
BI100014,2024-06-15,PNW,13,51.05,663.65
BI100014,2024-07-15,NE,13,51.05,663.65
BI100014,2024-07-15,NE,13,51.05,663.65
BI100014,2024-07-15,NE,13,51.05,663.65
BI100014,2024-07-15,NE,13,51.05,663.65
BI100014,2024-07-15,NE,14,51.05,714.7
BI100014,2024-07-15,NE,14,51.05,714.7
BI100014,2024-07-15,NE,14,51.05,714.7
BI100014,2024-07-15,MA,12,51.05,612.6
BI100014,2024-07-15,MA,12,51.05,612.6
BI100014,2024-07-15,MA,12,51.05,612.6
BI100014,2024-07-15,MA,12,51.05,612.6
BI100014,2024-07-15,MA,12,51.05,612.6
BI100014,2024-07-15,MA,13,51.05,663.65
BI100014,2024-07-15,MA,13,51.05,663.65
BI100014,2024-07-15,MA,13,51.05,663.65
BI100014,2024-07-15,MA,13,51.05,663.65
BI100014,2024-07-15,SE,12,51.05,612.6
BI100014,2024-07-15,SE,12,51.05,612.6
BI100014,2024-07-15,SE,12,51.05,612.6
BI100014,2024-07-15,SE,12,51.05,612.6
BI100014,2024-07-15,SE,13,51.05,663.65
BI100014,2024-07-15,SE,13,51.05,663.65
BI100014,2024-07-15,MW,13,51.05,663.65
BI100014,2024-07-15,MW,13,51.05,663.65
BI100014,2024-07-15,MW,14,51.05,714.7
BI100014,2024-07-15,MW,14,51.05,714.7
BI100014,2024-07-15,MW,14,51.05,714.7
BI100014,2024-07-15,TX,14,51.05,714.7
BI100014,2024-07-15,TX,14,51.05,714.7
BI100014,2024-07-15,TX,14,51.05,714.7
BI100014,2024-07-15,TX,14,51.05,714.7
BI100014,2024-07-15,TX,15,51.05,765.75
BI100014,2024-07-15,MTN,13,51.05,663.65
BI100014,2024-07-15,MTN,13,51.05,663.65
BI100014,2024-07-15,MTN,13,51.05,663.65
BI100014,2024-07-15,MTN,13,51.05,663.65
BI100014,2024-07-15,MTN,14,51.05,714.7
BI100014,2024-07-15,MTN,14,51.05,714.7
BI100014,2024-07-15,PSW,13,51.05,663.65
BI100014,2024-07-15,PSW,13,51.05,663.65
BI100014,2024-07-15,PSW,13,51.05,663.65
BI100014,2024-07-15,PSW,14,51.05,714.7
BI100014,2024-07-15,PSW,14,51.05,714.7
BI100014,2024-07-15,PSW,14,51.05,714.7
BI100014,2024-07-15,PSW,14,51.05,714.7
BI100014,2024-07-15,PNW,12,51.05,612.6
BI100014,2024-07-15,PNW,13,51.05,663.65
BI100014,2024-07-15,PNW,13,51.05,663.65
BI100014,2024-07-15,PNW,13,51.05,663.65
BI100014,2024-07-15,PNW,13,51.05,663.65
BI100014,2024-07-15,PNW,13,51.05,663.65
BI100014,2024-08-15,NE,12,51.05,612.6
BI100014,2024-08-15,NE,12,51.05,612.6
BI100014,2024-08-15,NE,12,51.05,612.6
BI100014,2024-08-15,NE,12,51.05,612.6
BI100014,2024-08-15,NE,13,51.05,663.65
BI100014,2024-08-15,NE,13,51.05,663.65
BI100014,2024-08-15,NE,13,51.05,663.65
BI100014,2024-08-15,MA,12,51.05,612.6
BI100014,2024-08-15,MA,12,51.05,612.6
BI100014,2024-08-15,MA,12,51.05,612.6
BI100014,2024-08-15,MA,12,51.05,612.6
BI100014,2024-08-15,MA,12,51.05,612.6
BI100014,2024-08-15,MA,12,51.05,612.6
BI100014,2024-08-15,MA,13,51.05,663.65
BI100014,2024-08-15,MA,13,51.05,663.65
BI100014,2024-08-15,SE,12,51.05,612.6
BI100014,2024-08-15,SE,12,51.05,612.6
BI100014,2024-08-15,SE,12,51.05,612.6
BI100014,2024-08-15,SE,12,51.05,612.6
BI100014,2024-08-15,SE,12,51.05,612.6
BI100014,2024-08-15,MW,12,51.05,612.6
BI100014,2024-08-15,MW,12,51.05,612.6
BI100014,2024-08-15,MW,12,51.05,612.6
BI100014,2024-08-15,MW,13,51.05,663.65
BI100014,2024-08-15,MW,13,51.05,663.65
BI100014,2024-08-15,TX,13,51.05,663.65
BI100014,2024-08-15,TX,13,51.05,663.65
BI100014,2024-08-15,TX,13,51.05,663.65
BI100014,2024-08-15,TX,13,51.05,663.65
BI100014,2024-08-15,TX,13,51.05,663.65
BI100014,2024-08-15,MTN,12,51.05,612.6
BI100014,2024-08-15,MTN,12,51.05,612.6
BI100014,2024-08-15,MTN,12,51.05,612.6
BI100014,2024-08-15,MTN,12,51.05,612.6
BI100014,2024-08-15,MTN,13,51.05,663.65
BI100014,2024-08-15,MTN,13,51.05,663.65
BI100014,2024-08-15,PSW,12,51.05,612.6
BI100014,2024-08-15,PSW,12,51.05,612.6
BI100014,2024-08-15,PSW,12,51.05,612.6
BI100014,2024-08-15,PSW,12,51.05,612.6
BI100014,2024-08-15,PSW,12,51.05,612.6
BI100014,2024-08-15,PSW,12,51.05,612.6
BI100014,2024-08-15,PSW,12,51.05,612.6
BI100014,2024-08-15,PSW,13,51.05,663.65
BI100014,2024-08-15,PNW,13,51.05,663.65
BI100014,2024-08-15,PNW,13,51.05,663.65
BI100014,2024-08-15,PNW,13,51.05,663.65
BI100014,2024-08-15,PNW,14,51.05,714.7
BI100014,2024-08-15,PNW,14,51.05,714.7
BI100014,2024-08-15,PNW,14,51.05,714.7
BI100014,2024-09-15,NE,13,51.05,663.65
BI100014,2024-09-15,NE,14,51.05,714.7
BI100014,2024-09-15,NE,14,51.05,714.7
BI100014,2024-09-15,NE,14,51.05,714.7
BI100014,2024-09-15,NE,14,51.05,714.7
BI100014,2024-09-15,NE,14,51.05,714.7
BI100014,2024-09-15,MA,12,51.05,612.6
BI100014,2024-09-15,MA,12,51.05,612.6
BI100014,2024-09-15,MA,12,51.05,612.6
BI100014,2024-09-15,MA,13,51.05,663.65
BI100014,2024-09-15,MA,13,51.05,663.65
BI100014,2024-09-15,MA,13,51.05,663.65
BI100014,2024-09-15,MA,13,51.05,663.65
BI100014,2024-09-15,SE,12,51.05,612.6
BI100014,2024-09-15,SE,12,51.05,612.6
BI100014,2024-09-15,SE,12,51.05,612.6
BI100014,2024-09-15,SE,12,51.05,612.6
BI100014,2024-09-15,SE,12,51.05,612.6
BI100014,2024-09-15,MW,13,51.05,663.65
BI100014,2024-09-15,MW,14,51.05,714.7
BI100014,2024-09-15,MW,14,51.05,714.7
BI100014,2024-09-15,MW,14,51.05,714.7
BI100014,2024-09-15,TX,12,51.05,612.6
BI100014,2024-09-15,TX,12,51.05,612.6
BI100014,2024-09-15,TX,13,51.05,663.65
BI100014,2024-09-15,TX,13,51.05,663.65
BI100014,2024-09-15,TX,13,51.05,663.65
BI100014,2024-09-15,MTN,13,51.05,663.65
BI100014,2024-09-15,MTN,14,51.05,714.7
BI100014,2024-09-15,MTN,14,51.05,714.7
BI100014,2024-09-15,MTN,14,51.05,714.7
BI100014,2024-09-15,MTN,14,51.05,714.7
BI100014,2024-09-15,PSW,12,51.05,612.6
BI100014,2024-09-15,PSW,12,51.05,612.6
BI100014,2024-09-15,PSW,12,51.05,612.6
BI100014,2024-09-15,PSW,12,51.05,612.6
BI100014,2024-09-15,PSW,12,51.05,612.6
BI100014,2024-09-15,PSW,12,51.05,612.6
BI100014,2024-09-15,PSW,13,51.05,663.65
BI100014,2024-09-15,PNW,12,51.05,612.6
BI100014,2024-09-15,PNW,12,51.05,612.6
BI100014,2024-09-15,PNW,12,51.05,612.6
BI100014,2024-09-15,PNW,12,51.05,612.6
BI100014,2024-09-15,PNW,12,51.05,612.6
BI100014,2024-09-15,PNW,13,51.05,663.65
BI100014,2024-10-15,NE,14,51.05,714.7
BI100014,2024-10-15,NE,14,51.05,714.7
BI100014,2024-10-15,NE,14,51.05,714.7
BI100014,2024-10-15,NE,14,51.05,714.7
BI100014,2024-10-15,NE,15,51.05,765.75
BI100014,2024-10-15,MA,13,51.05,663.65
BI100014,2024-10-15,MA,13,51.05,663.65
BI100014,2024-10-15,MA,13,51.05,663.65
BI100014,2024-10-15,MA,13,51.05,663.65
BI100014,2024-10-15,MA,13,51.05,663.65
BI100014,2024-10-15,MA,13,51.05,663.65
BI100014,2024-10-15,SE,15,51.05,765.75
BI100014,2024-10-15,SE,16,51.05,816.8
BI100014,2024-10-15,SE,16,51.05,816.8
BI100014,2024-10-15,MW,12,51.05,612.6
BI100014,2024-10-15,MW,12,51.05,612.6
BI100014,2024-10-15,MW,12,51.05,612.6
BI100014,2024-10-15,MW,13,51.05,663.65
BI100014,2024-10-15,TX,12,51.05,612.6
BI100014,2024-10-15,TX,12,51.05,612.6
BI100014,2024-10-15,TX,12,51.05,612.6
BI100014,2024-10-15,TX,13,51.05,663.65
BI100014,2024-10-15,MTN,12,51.05,612.6
BI100014,2024-10-15,MTN,12,51.05,612.6
BI100014,2024-10-15,MTN,12,51.05,612.6
BI100014,2024-10-15,MTN,12,51.05,612.6
BI100014,2024-10-15,MTN,12,51.05,612.6
BI100014,2024-10-15,PSW,13,51.05,663.65
BI100014,2024-10-15,PSW,13,51.05,663.65
BI100014,2024-10-15,PSW,13,51.05,663.65
BI100014,2024-10-15,PSW,13,51.05,663.65
BI100014,2024-10-15,PSW,14,51.05,714.7
BI100014,2024-10-15,PNW,12,51.05,612.6
BI100014,2024-10-15,PNW,12,51.05,612.6
BI100014,2024-10-15,PNW,12,51.05,612.6
BI100014,2024-10-15,PNW,13,51.05,663.65
BI100014,2024-10-15,PNW,13,51.05,663.65
BI100014,2024-11-15,NE,12,51.05,612.6
BI100014,2024-11-15,NE,12,51.05,612.6
BI100014,2024-11-15,NE,12,51.05,612.6
BI100014,2024-11-15,NE,13,51.05,663.65
BI100014,2024-11-15,NE,13,51.05,663.65
BI100014,2024-11-15,MA,14,51.05,714.7
BI100014,2024-11-15,MA,14,51.05,714.7
BI100014,2024-11-15,MA,14,51.05,714.7
BI100014,2024-11-15,MA,14,51.05,714.7
BI100014,2024-11-15,MA,15,51.05,765.75
BI100014,2024-11-15,SE,12,51.05,612.6
BI100014,2024-11-15,SE,12,51.05,612.6
BI100014,2024-11-15,SE,12,51.05,612.6
BI100014,2024-11-15,SE,12,51.05,612.6
BI100014,2024-11-15,MW,13,51.05,663.65
BI100014,2024-11-15,MW,13,51.05,663.65
BI100014,2024-11-15,MW,13,51.05,663.65
BI100014,2024-11-15,TX,15,51.05,765.75
BI100014,2024-11-15,TX,15,51.05,765.75
BI100014,2024-11-15,TX,15,51.05,765.75
BI100014,2024-11-15,MTN,12,51.05,612.6
BI100014,2024-11-15,MTN,12,51.05,612.6
BI100014,2024-11-15,MTN,12,51.05,612.6
BI100014,2024-11-15,MTN,13,51.05,663.65
BI100014,2024-11-15,PSW,13,51.05,663.65
BI100014,2024-11-15,PSW,14,51.05,714.7
BI100014,2024-11-15,PSW,14,51.05,714.7
BI100014,2024-11-15,PSW,14,51.05,714.7
BI100014,2024-11-15,PSW,14,51.05,714.7
BI100014,2024-11-15,PNW,14,51.05,714.7
BI100014,2024-11-15,PNW,15,51.05,765.75
BI100014,2024-11-15,PNW,15,51.05,765.75
BI100014,2024-11-15,PNW,15,51.05,765.75
BI100014,2024-12-15,NE,14,51.05,714.7
BI100014,2024-12-15,NE,14,51.05,714.7
BI100014,2024-12-15,NE,15,51.05,765.75
BI100014,2024-12-15,NE,15,51.05,765.75
BI100014,2024-12-15,MA,13,51.05,663.65
BI100014,2024-12-15,MA,13,51.05,663.65
BI100014,2024-12-15,MA,14,51.05,714.7
BI100014,2024-12-15,MA,14,51.05,714.7
BI100014,2024-12-15,MA,14,51.05,714.7
BI100014,2024-12-15,SE,13,51.05,663.65
BI100014,2024-12-15,SE,13,51.05,663.65
BI100014,2024-12-15,SE,14,51.05,714.7
BI100014,2024-12-15,MW,14,51.05,714.7
BI100014,2024-12-15,MW,14,51.05,714.7
BI100014,2024-12-15,MW,14,51.05,714.7
BI100014,2024-12-15,TX,15,51.05,765.75
BI100014,2024-12-15,TX,15,51.05,765.75
BI100014,2024-12-15,TX,15,51.05,765.75
BI100014,2024-12-15,MTN,13,51.05,663.65
BI100014,2024-12-15,MTN,13,51.05,663.65
BI100014,2024-12-15,MTN,13,51.05,663.65
BI100014,2024-12-15,MTN,14,51.05,714.7
BI100014,2024-12-15,PSW,13,51.05,663.65
BI100014,2024-12-15,PSW,13,51.05,663.65
BI100014,2024-12-15,PSW,13,51.05,663.65
BI100014,2024-12-15,PSW,13,51.05,663.65
BI100014,2024-12-15,PSW,14,51.05,714.7
BI100014,2024-12-15,PNW,12,51.05,612.6
BI100014,2024-12-15,PNW,12,51.05,612.6
BI100014,2024-12-15,PNW,13,51.05,663.65
BI100014,2024-12-15,PNW,13,51.05,663.65
BI100014,2025-01-15,NE,13,51.05,663.65
BI100014,2025-01-15,NE,13,51.05,663.65
BI100014,2025-01-15,NE,13,51.05,663.65
BI100014,2025-01-15,NE,13,51.05,663.65
BI100014,2025-01-15,NE,13,51.05,663.65
BI100014,2025-01-15,MA,12,51.05,612.6
BI100014,2025-01-15,MA,12,51.05,612.6
BI100014,2025-01-15,MA,12,51.05,612.6
BI100014,2025-01-15,MA,12,51.05,612.6
BI100014,2025-01-15,MA,13,51.05,663.65
BI100014,2025-01-15,MA,13,51.05,663.65
BI100014,2025-01-15,SE,15,51.05,765.75
BI100014,2025-01-15,SE,15,51.05,765.75
BI100014,2025-01-15,SE,15,51.05,765.75
BI100014,2025-01-15,MW,13,51.05,663.65
BI100014,2025-01-15,MW,13,51.05,663.65
BI100014,2025-01-15,MW,14,51.05,714.7
BI100014,2025-01-15,TX,17,60.24,1024.08
BI100014,2025-01-15,TX,18,60.24,1084.32
BI100014,2025-01-15,MTN,12,51.05,612.6
BI100014,2025-01-15,MTN,12,51.05,612.6
BI100014,2025-01-15,MTN,12,51.05,612.6
BI100014,2025-01-15,MTN,13,51.05,663.65
BI100014,2025-01-15,PSW,12,51.05,612.6
BI100014,2025-01-15,PSW,12,51.05,612.6
BI100014,2025-01-15,PSW,12,51.05,612.6
BI100014,2025-01-15,PSW,13,51.05,663.65
BI100014,2025-01-15,PSW,13,51.05,663.65
BI100014,2025-01-15,PNW,14,51.05,714.7
BI100014,2025-01-15,PNW,14,51.05,714.7
BI100014,2025-01-15,PNW,14,51.05,714.7
BI100014,2025-01-15,PNW,14,51.05,714.7
BI100014,2025-02-15,NE,14,51.05,714.7
BI100014,2025-02-15,NE,14,51.05,714.7
BI100014,2025-02-15,NE,14,51.05,714.7
BI100014,2025-02-15,NE,14,51.05,714.7
BI100014,2025-02-15,NE,14,51.05,714.7
BI100014,2025-02-15,MA,12,51.05,612.6
BI100014,2025-02-15,MA,12,51.05,612.6
BI100014,2025-02-15,MA,12,51.05,612.6
BI100014,2025-02-15,MA,12,51.05,612.6
BI100014,2025-02-15,MA,12,51.05,612.6
BI100014,2025-02-15,MA,13,51.05,663.65
BI100014,2025-02-15,SE,13,51.05,663.65
BI100014,2025-02-15,SE,13,51.05,663.65
BI100014,2025-02-15,SE,14,51.05,714.7
BI100014,2025-02-15,SE,14,51.05,714.7
BI100014,2025-02-15,MW,15,51.05,765.75
BI100014,2025-02-15,MW,16,51.05,816.8
BI100014,2025-02-15,MW,16,51.05,816.8
BI100014,2025-02-15,TX,13,60.24,783.12
BI100014,2025-02-15,TX,13,60.24,783.12
BI100014,2025-02-15,TX,14,60.24,843.36
BI100014,2025-02-15,MTN,14,51.05,714.7
BI100014,2025-02-15,MTN,14,51.05,714.7
BI100014,2025-02-15,MTN,14,51.05,714.7
BI100014,2025-02-15,MTN,14,51.05,714.7
BI100014,2025-02-15,PSW,13,51.05,663.65
BI100014,2025-02-15,PSW,13,51.05,663.65
BI100014,2025-02-15,PSW,13,51.05,663.65
BI100014,2025-02-15,PSW,14,51.05,714.7
BI100014,2025-02-15,PSW,14,51.05,714.7
BI100014,2025-02-15,PNW,12,51.05,612.6
BI100014,2025-02-15,PNW,12,51.05,612.6
BI100014,2025-02-15,PNW,12,51.05,612.6
BI100014,2025-02-15,PNW,12,51.05,612.6
BI100014,2025-02-15,PNW,12,51.05,612.6
BI100014,2025-03-15,NE,12,51.05,612.6
BI100014,2025-03-15,NE,12,51.05,612.6
BI100014,2025-03-15,NE,12,51.05,612.6
BI100014,2025-03-15,NE,12,51.05,612.6
BI100014,2025-03-15,NE,12,51.05,612.6
BI100014,2025-03-15,NE,13,51.05,663.65
BI100014,2025-03-15,NE,13,51.05,663.65
BI100014,2025-03-15,MA,12,51.05,612.6
BI100014,2025-03-15,MA,12,51.05,612.6
BI100014,2025-03-15,MA,12,51.05,612.6
BI100014,2025-03-15,MA,12,51.05,612.6
BI100014,2025-03-15,MA,12,51.05,612.6
BI100014,2025-03-15,MA,13,51.05,663.65
BI100014,2025-03-15,MA,13,51.05,663.65
BI100014,2025-03-15,SE,14,51.05,714.7
BI100014,2025-03-15,SE,15,51.05,765.75
BI100014,2025-03-15,SE,15,51.05,765.75
BI100014,2025-03-15,SE,15,51.05,765.75
BI100014,2025-03-15,MW,14,51.05,714.7
BI100014,2025-03-15,MW,14,51.05,714.7
BI100014,2025-03-15,MW,14,51.05,714.7
BI100014,2025-03-15,MW,15,51.05,765.75
BI100014,2025-03-15,TX,14,51.05,714.7
BI100014,2025-03-15,TX,15,51.05,765.75
BI100014,2025-03-15,TX,15,51.05,765.75
BI100014,2025-03-15,TX,15,51.05,765.75
BI100014,2025-03-15,MTN,13,51.05,663.65
BI100014,2025-03-15,MTN,13,51.05,663.65
BI100014,2025-03-15,MTN,13,51.05,663.65
BI100014,2025-03-15,MTN,13,51.05,663.65
BI100014,2025-03-15,MTN,13,51.05,663.65
BI100014,2025-03-15,PSW,12,51.05,612.6
BI100014,2025-03-15,PSW,12,51.05,612.6
BI100014,2025-03-15,PSW,12,51.05,612.6
BI100014,2025-03-15,PSW,12,51.05,612.6
BI100014,2025-03-15,PSW,12,51.05,612.6
BI100014,2025-03-15,PSW,13,51.05,663.65
BI100014,2025-03-15,PSW,13,51.05,663.65
BI100014,2025-03-15,PNW,12,51.05,612.6
BI100014,2025-03-15,PNW,12,51.05,612.6
BI100014,2025-03-15,PNW,12,51.05,612.6
BI100014,2025-03-15,PNW,12,51.05,612.6
BI100014,2025-03-15,PNW,12,51.05,612.6
BI100014,2025-03-15,PNW,12,51.05,612.6
BI100014,2025-04-15,NE,12,51.05,612.6
BI100014,2025-04-15,NE,12,51.05,612.6
BI100014,2025-04-15,NE,13,51.05,663.65
BI100014,2025-04-15,NE,13,51.05,663.65
BI100014,2025-04-15,NE,13,51.05,663.65
BI100014,2025-04-15,NE,13,51.05,663.65
BI100014,2025-04-15,NE,13,51.05,663.65
BI100014,2025-04-15,MA,13,51.05,663.65
BI100014,2025-04-15,MA,13,51.05,663.65
BI100014,2025-04-15,MA,13,51.05,663.65
BI100014,2025-04-15,MA,14,51.05,714.7
BI100014,2025-04-15,MA,14,51.05,714.7
BI100014,2025-04-15,MA,14,51.05,714.7
BI100014,2025-04-15,MA,14,51.05,714.7
BI100014,2025-04-15,SE,13,51.05,663.65
BI100014,2025-04-15,SE,13,51.05,663.65
BI100014,2025-04-15,SE,13,51.05,663.65
BI100014,2025-04-15,SE,13,51.05,663.65
BI100014,2025-04-15,SE,14,51.05,714.7
BI100014,2025-04-15,MW,14,51.05,714.7
BI100014,2025-04-15,MW,14,51.05,714.7
BI100014,2025-04-15,MW,15,51.05,765.75
BI100014,2025-04-15,MW,15,51.05,765.75
BI100014,2025-04-15,TX,13,51.05,663.65
BI100014,2025-04-15,TX,14,51.05,714.7
BI100014,2025-04-15,TX,14,51.05,714.7
BI100014,2025-04-15,TX,14,51.05,714.7
BI100014,2025-04-15,TX,14,51.05,714.7
BI100014,2025-04-15,MTN,13,51.05,663.65
BI100014,2025-04-15,MTN,13,51.05,663.65
BI100014,2025-04-15,MTN,13,51.05,663.65
BI100014,2025-04-15,MTN,14,51.05,714.7
BI100014,2025-04-15,MTN,14,51.05,714.7
BI100014,2025-04-15,MTN,14,51.05,714.7
BI100014,2025-04-15,PSW,12,51.05,612.6
BI100014,2025-04-15,PSW,12,51.05,612.6
BI100014,2025-04-15,PSW,12,51.05,612.6
BI100014,2025-04-15,PSW,13,51.05,663.65
BI100014,2025-04-15,PSW,13,51.05,663.65
BI100014,2025-04-15,PSW,13,51.05,663.65
BI100014,2025-04-15,PSW,13,51.05,663.65
BI100014,2025-04-15,PSW,13,51.05,663.65
BI100014,2025-04-15,PNW,13,51.05,663.65
BI100014,2025-04-15,PNW,13,51.05,663.65
BI100014,2025-04-15,PNW,13,51.05,663.65
BI100014,2025-04-15,PNW,13,51.05,663.65
BI100014,2025-04-15,PNW,13,51.05,663.65
BI100014,2025-04-15,PNW,14,51.05,714.7
BI100014,2025-05-15,NE,13,51.05,663.65
BI100014,2025-05-15,NE,13,51.05,663.65
BI100014,2025-05-15,NE,13,51.05,663.65
BI100014,2025-05-15,NE,13,51.05,663.65
BI100014,2025-05-15,NE,13,51.05,663.65
BI100014,2025-05-15,NE,13,51.05,663.65
BI100014,2025-05-15,NE,13,51.05,663.65
BI100014,2025-05-15,NE,14,51.05,714.7
BI100014,2025-05-15,MA,12,51.05,612.6
BI100014,2025-05-15,MA,12,51.05,612.6
BI100014,2025-05-15,MA,12,51.05,612.6
BI100014,2025-05-15,MA,12,51.05,612.6
BI100014,2025-05-15,MA,12,51.05,612.6
BI100014,2025-05-15,MA,12,51.05,612.6
BI100014,2025-05-15,MA,13,51.05,663.65
BI100014,2025-05-15,MA,13,51.05,663.65
BI100014,2025-05-15,MA,13,51.05,663.65
BI100014,2025-05-15,SE,12,51.05,612.6
BI100014,2025-05-15,SE,13,51.05,663.65
BI100014,2025-05-15,SE,13,51.05,663.65
BI100014,2025-05-15,SE,13,51.05,663.65
BI100014,2025-05-15,SE,13,51.05,663.65
BI100014,2025-05-15,SE,13,51.05,663.65
BI100014,2025-05-15,MW,12,51.05,612.6
BI100014,2025-05-15,MW,12,51.05,612.6
BI100014,2025-05-15,MW,12,51.05,612.6
BI100014,2025-05-15,MW,12,51.05,612.6
BI100014,2025-05-15,MW,13,51.05,663.65
BI100014,2025-05-15,TX,13,51.05,663.65
BI100014,2025-05-15,TX,14,51.05,714.7
BI100014,2025-05-15,TX,14,51.05,714.7
BI100014,2025-05-15,TX,14,51.05,714.7
BI100014,2025-05-15,TX,14,51.05,714.7
BI100014,2025-05-15,MTN,13,51.05,663.65
BI100014,2025-05-15,MTN,13,51.05,663.65
BI100014,2025-05-15,MTN,13,51.05,663.65
BI100014,2025-05-15,MTN,14,51.05,714.7
BI100014,2025-05-15,MTN,14,51.05,714.7
BI100014,2025-05-15,MTN,14,51.05,714.7
BI100014,2025-05-15,PSW,13,51.05,663.65
BI100014,2025-05-15,PSW,13,51.05,663.65
BI100014,2025-05-15,PSW,13,51.05,663.65
BI100014,2025-05-15,PSW,14,51.05,714.7
BI100014,2025-05-15,PSW,14,51.05,714.7
BI100014,2025-05-15,PSW,14,51.05,714.7
BI100014,2025-05-15,PSW,14,51.05,714.7
BI100014,2025-05-15,PNW,13,51.05,663.65
BI100014,2025-05-15,PNW,13,51.05,663.65
BI100014,2025-05-15,PNW,13,51.05,663.65
BI100014,2025-05-15,PNW,13,51.05,663.65
BI100014,2025-05-15,PNW,13,51.05,663.65
BI100014,2025-05-15,PNW,13,51.05,663.65
BI100014,2025-05-15,PNW,13,51.05,663.65
BI100014,2025-06-15,NE,13,51.05,663.65
BI100014,2025-06-15,NE,13,51.05,663.65
BI100014,2025-06-15,NE,13,51.05,663.65
BI100014,2025-06-15,NE,13,51.05,663.65
BI100014,2025-06-15,NE,13,51.05,663.65
BI100014,2025-06-15,NE,13,51.05,663.65
BI100014,2025-06-15,NE,13,51.05,663.65
BI100014,2025-06-15,NE,13,51.05,663.65
BI100014,2025-06-15,MA,12,51.05,612.6
BI100014,2025-06-15,MA,12,51.05,612.6
BI100014,2025-06-15,MA,12,51.05,612.6
BI100014,2025-06-15,MA,12,51.05,612.6
BI100014,2025-06-15,MA,12,51.05,612.6
BI100014,2025-06-15,MA,12,51.05,612.6
BI100014,2025-06-15,MA,12,51.05,612.6
BI100014,2025-06-15,MA,12,51.05,612.6
BI100014,2025-06-15,MA,13,51.05,663.65
BI100014,2025-06-15,MA,13,51.05,663.65
BI100014,2025-06-15,SE,14,51.05,714.7
BI100014,2025-06-15,SE,14,51.05,714.7
BI100014,2025-06-15,SE,14,51.05,714.7
BI100014,2025-06-15,SE,14,51.05,714.7
BI100014,2025-06-15,SE,14,51.05,714.7
BI100014,2025-06-15,MW,13,51.05,663.65
BI100014,2025-06-15,MW,13,51.05,663.65
BI100014,2025-06-15,MW,14,51.05,714.7
BI100014,2025-06-15,MW,14,51.05,714.7
BI100014,2025-06-15,MW,14,51.05,714.7
BI100014,2025-06-15,TX,12,51.05,612.6
BI100014,2025-06-15,TX,12,51.05,612.6
BI100014,2025-06-15,TX,12,51.05,612.6
BI100014,2025-06-15,TX,12,51.05,612.6
BI100014,2025-06-15,TX,13,51.05,663.65
BI100014,2025-06-15,TX,13,51.05,663.65
BI100014,2025-06-15,MTN,12,51.05,612.6
BI100014,2025-06-15,MTN,12,51.05,612.6
BI100014,2025-06-15,MTN,12,51.05,612.6
BI100014,2025-06-15,MTN,12,51.05,612.6
BI100014,2025-06-15,MTN,13,51.05,663.65
BI100014,2025-06-15,MTN,13,51.05,663.65
BI100014,2025-06-15,MTN,13,51.05,663.65
BI100014,2025-06-15,PSW,13,51.05,663.65
BI100014,2025-06-15,PSW,13,51.05,663.65
BI100014,2025-06-15,PSW,13,51.05,663.65
BI100014,2025-06-15,PSW,13,51.05,663.65
BI100014,2025-06-15,PSW,13,51.05,663.65
BI100014,2025-06-15,PSW,13,51.05,663.65
BI100014,2025-06-15,PSW,13,51.05,663.65
BI100014,2025-06-15,PSW,13,51.05,663.65
BI100014,2025-06-15,PNW,13,51.05,663.65
BI100014,2025-06-15,PNW,13,51.05,663.65
BI100014,2025-06-15,PNW,13,51.05,663.65
BI100014,2025-06-15,PNW,13,51.05,663.65
BI100014,2025-06-15,PNW,13,51.05,663.65
BI100014,2025-06-15,PNW,13,51.05,663.65
BI100014,2025-06-15,PNW,14,51.05,714.7
BI100014,2025-07-15,NE,12,51.05,612.6
BI100014,2025-07-15,NE,12,51.05,612.6
BI100014,2025-07-15,NE,12,51.05,612.6
BI100014,2025-07-15,NE,12,51.05,612.6
BI100014,2025-07-15,NE,12,51.05,612.6
BI100014,2025-07-15,NE,12,51.05,612.6
BI100014,2025-07-15,NE,12,51.05,612.6
BI100014,2025-07-15,NE,13,51.05,663.65
BI100014,2025-07-15,MA,12,51.05,612.6
BI100014,2025-07-15,MA,13,51.05,663.65
BI100014,2025-07-15,MA,13,51.05,663.65
BI100014,2025-07-15,MA,13,51.05,663.65
BI100014,2025-07-15,MA,13,51.05,663.65
BI100014,2025-07-15,MA,13,51.05,663.65
BI100014,2025-07-15,MA,13,51.05,663.65
BI100014,2025-07-15,MA,13,51.05,663.65
BI100014,2025-07-15,MA,13,51.05,663.65
BI100014,2025-07-15,SE,12,51.05,612.6
BI100014,2025-07-15,SE,12,51.05,612.6
BI100014,2025-07-15,SE,13,51.05,663.65
BI100014,2025-07-15,SE,13,51.05,663.65
BI100014,2025-07-15,SE,13,51.05,663.65
BI100014,2025-07-15,SE,13,51.05,663.65
BI100014,2025-07-15,MW,13,51.05,663.65
BI100014,2025-07-15,MW,14,51.05,714.7
BI100014,2025-07-15,MW,14,51.05,714.7
BI100014,2025-07-15,MW,14,51.05,714.7
BI100014,2025-07-15,MW,14,51.05,714.7
BI100014,2025-07-15,TX,12,51.05,612.6
BI100014,2025-07-15,TX,12,51.05,612.6
BI100014,2025-07-15,TX,12,51.05,612.6
BI100014,2025-07-15,TX,12,51.05,612.6
BI100014,2025-07-15,TX,12,51.05,612.6
BI100014,2025-07-15,TX,12,51.05,612.6
BI100014,2025-07-15,MTN,12,51.05,612.6
BI100014,2025-07-15,MTN,12,51.05,612.6
BI100014,2025-07-15,MTN,13,51.05,663.65
BI100014,2025-07-15,MTN,13,51.05,663.65
BI100014,2025-07-15,MTN,13,51.05,663.65
BI100014,2025-07-15,MTN,13,51.05,663.65
BI100014,2025-07-15,MTN,13,51.05,663.65
BI100014,2025-07-15,PSW,12,51.05,612.6
BI100014,2025-07-15,PSW,12,51.05,612.6
BI100014,2025-07-15,PSW,13,51.05,663.65
BI100014,2025-07-15,PSW,13,51.05,663.65
BI100014,2025-07-15,PSW,13,51.05,663.65
BI100014,2025-07-15,PSW,13,51.05,663.65
BI100014,2025-07-15,PSW,13,51.05,663.65
BI100014,2025-07-15,PSW,13,51.05,663.65
BI100014,2025-07-15,PNW,12,51.05,612.6
BI100014,2025-07-15,PNW,13,51.05,663.65
BI100014,2025-07-15,PNW,13,51.05,663.65
BI100014,2025-07-15,PNW,13,51.05,663.65
BI100014,2025-07-15,PNW,13,51.05,663.65
BI100014,2025-07-15,PNW,13,51.05,663.65
BI100014,2025-07-15,PNW,13,51.05,663.65
BI100014,2025-08-15,NE,13,51.05,663.65
BI100014,2025-08-15,NE,13,51.05,663.65
BI100014,2025-08-15,NE,13,51.05,663.65
BI100014,2025-08-15,NE,13,51.05,663.65
BI100014,2025-08-15,NE,13,51.05,663.65
BI100014,2025-08-15,NE,14,51.05,714.7
BI100014,2025-08-15,NE,14,51.05,714.7
BI100014,2025-08-15,MA,13,51.05,663.65
BI100014,2025-08-15,MA,13,51.05,663.65
BI100014,2025-08-15,MA,13,51.05,663.65
BI100014,2025-08-15,MA,13,51.05,663.65
BI100014,2025-08-15,MA,13,51.05,663.65
BI100014,2025-08-15,MA,13,51.05,663.65
BI100014,2025-08-15,MA,13,51.05,663.65
BI100014,2025-08-15,MA,13,51.05,663.65
BI100014,2025-08-15,SE,12,51.05,612.6
BI100014,2025-08-15,SE,12,51.05,612.6
BI100014,2025-08-15,SE,12,51.05,612.6
BI100014,2025-08-15,SE,12,51.05,612.6
BI100014,2025-08-15,SE,12,51.05,612.6
BI100014,2025-08-15,SE,12,51.05,612.6
BI100014,2025-08-15,MW,13,51.05,663.65
BI100014,2025-08-15,MW,13,51.05,663.65
BI100014,2025-08-15,MW,13,51.05,663.65
BI100014,2025-08-15,MW,13,51.05,663.65
BI100014,2025-08-15,MW,14,51.05,714.7
BI100014,2025-08-15,TX,12,51.05,612.6
BI100014,2025-08-15,TX,12,51.05,612.6
BI100014,2025-08-15,TX,12,51.05,612.6
BI100014,2025-08-15,TX,13,51.05,663.65
BI100014,2025-08-15,TX,13,51.05,663.65
BI100014,2025-08-15,TX,13,51.05,663.65
BI100014,2025-08-15,MTN,12,51.05,612.6
BI100014,2025-08-15,MTN,12,51.05,612.6
BI100014,2025-08-15,MTN,12,51.05,612.6
BI100014,2025-08-15,MTN,13,51.05,663.65
BI100014,2025-08-15,MTN,13,51.05,663.65
BI100014,2025-08-15,MTN,13,51.05,663.65
BI100014,2025-08-15,PSW,12,51.05,612.6
BI100014,2025-08-15,PSW,12,51.05,612.6
BI100014,2025-08-15,PSW,12,51.05,612.6
BI100014,2025-08-15,PSW,12,51.05,612.6
BI100014,2025-08-15,PSW,13,51.05,663.65
BI100014,2025-08-15,PSW,13,51.05,663.65
BI100014,2025-08-15,PSW,13,51.05,663.65
BI100014,2025-08-15,PSW,13,51.05,663.65
BI100014,2025-08-15,PNW,12,51.05,612.6
BI100014,2025-08-15,PNW,13,51.05,663.65
BI100014,2025-08-15,PNW,13,51.05,663.65
BI100014,2025-08-15,PNW,13,51.05,663.65
BI100014,2025-08-15,PNW,13,51.05,663.65
BI100014,2025-08-15,PNW,13,51.05,663.65
BI100014,2025-09-15,NE,13,51.05,663.65
BI100014,2025-09-15,NE,13,51.05,663.65
BI100014,2025-09-15,NE,13,51.05,663.65
BI100014,2025-09-15,NE,14,51.05,714.7
BI100014,2025-09-15,NE,14,51.05,714.7
BI100014,2025-09-15,NE,14,51.05,714.7
BI100014,2025-09-15,MA,12,51.05,612.6
BI100014,2025-09-15,MA,12,51.05,612.6
BI100014,2025-09-15,MA,12,51.05,612.6
BI100014,2025-09-15,MA,12,51.05,612.6
BI100014,2025-09-15,MA,12,51.05,612.6
BI100014,2025-09-15,MA,13,51.05,663.65
BI100014,2025-09-15,MA,13,51.05,663.65
BI100014,2025-09-15,MA,13,51.05,663.65
BI100014,2025-09-15,SE,12,51.05,612.6
BI100014,2025-09-15,SE,13,51.05,663.65
BI100014,2025-09-15,SE,13,51.05,663.65
BI100014,2025-09-15,SE,13,51.05,663.65
BI100014,2025-09-15,SE,13,51.05,663.65
BI100014,2025-09-15,MW,14,51.05,714.7
BI100014,2025-09-15,MW,14,51.05,714.7
BI100014,2025-09-15,MW,14,51.05,714.7
BI100014,2025-09-15,MW,14,51.05,714.7
BI100014,2025-09-15,TX,14,51.05,714.7
BI100014,2025-09-15,TX,14,51.05,714.7
BI100014,2025-09-15,TX,15,51.05,765.75
BI100014,2025-09-15,TX,15,51.05,765.75
BI100014,2025-09-15,MTN,13,51.05,663.65
BI100014,2025-09-15,MTN,13,51.05,663.65
BI100014,2025-09-15,MTN,14,51.05,714.7
BI100014,2025-09-15,MTN,14,51.05,714.7
BI100014,2025-09-15,MTN,14,51.05,714.7
BI100014,2025-09-15,PSW,13,51.05,663.65
BI100014,2025-09-15,PSW,13,51.05,663.65
BI100014,2025-09-15,PSW,13,51.05,663.65
BI100014,2025-09-15,PSW,13,51.05,663.65
BI100014,2025-09-15,PSW,13,51.05,663.65
BI100014,2025-09-15,PSW,14,51.05,714.7
BI100014,2025-09-15,PSW,14,51.05,714.7
BI100014,2025-09-15,PNW,12,51.05,612.6
BI100014,2025-09-15,PNW,12,51.05,612.6
BI100014,2025-09-15,PNW,13,51.05,663.65
BI100014,2025-09-15,PNW,13,51.05,663.65
BI100014,2025-09-15,PNW,13,51.05,663.65
BI100014,2025-09-15,PNW,13,51.05,663.65
BI100014,2025-10-15,NE,13,51.05,663.65
BI100014,2025-10-15,NE,13,51.05,663.65
BI100014,2025-10-15,NE,13,51.05,663.65
BI100014,2025-10-15,NE,13,51.05,663.65
BI100014,2025-10-15,NE,13,51.05,663.65
BI100014,2025-10-15,NE,14,51.05,714.7
BI100014,2025-10-15,MA,13,51.05,663.65
BI100014,2025-10-15,MA,13,51.05,663.65
BI100014,2025-10-15,MA,13,51.05,663.65
BI100014,2025-10-15,MA,13,51.05,663.65
BI100014,2025-10-15,MA,13,51.05,663.65
BI100014,2025-10-15,MA,13,51.05,663.65
BI100014,2025-10-15,SE,13,51.05,663.65
BI100014,2025-10-15,SE,13,51.05,663.65
BI100014,2025-10-15,SE,14,51.05,714.7
BI100014,2025-10-15,SE,14,51.05,714.7
BI100014,2025-10-15,MW,12,51.05,612.6
BI100014,2025-10-15,MW,12,51.05,612.6
BI100014,2025-10-15,MW,12,51.05,612.6
BI100014,2025-10-15,MW,13,51.05,663.65
BI100014,2025-10-15,TX,13,51.05,663.65
BI100014,2025-10-15,TX,14,51.05,714.7
BI100014,2025-10-15,TX,14,51.05,714.7
BI100014,2025-10-15,TX,14,51.05,714.7
BI100014,2025-10-15,MTN,14,51.05,714.7
BI100014,2025-10-15,MTN,15,51.05,765.75
BI100014,2025-10-15,MTN,15,51.05,765.75
BI100014,2025-10-15,MTN,15,51.05,765.75
BI100014,2025-10-15,PSW,12,51.05,612.6
BI100014,2025-10-15,PSW,13,51.05,663.65
BI100014,2025-10-15,PSW,13,51.05,663.65
BI100014,2025-10-15,PSW,13,51.05,663.65
BI100014,2025-10-15,PSW,13,51.05,663.65
BI100014,2025-10-15,PSW,13,51.05,663.65
BI100014,2025-10-15,PNW,14,51.05,714.7
BI100014,2025-10-15,PNW,14,51.05,714.7
BI100014,2025-10-15,PNW,14,51.05,714.7
BI100014,2025-10-15,PNW,14,51.05,714.7
BI100014,2025-10-15,PNW,14,51.05,714.7
BI100014,2025-11-15,NE,13,51.05,663.65
BI100014,2025-11-15,NE,13,51.05,663.65
BI100014,2025-11-15,NE,13,51.05,663.65
BI100014,2025-11-15,NE,13,51.05,663.65
BI100014,2025-11-15,NE,14,51.05,714.7
BI100014,2025-11-15,MA,13,51.05,663.65
BI100014,2025-11-15,MA,13,51.05,663.65
BI100014,2025-11-15,MA,13,51.05,663.65
BI100014,2025-11-15,MA,13,51.05,663.65
BI100014,2025-11-15,MA,13,51.05,663.65
BI100014,2025-11-15,MA,13,51.05,663.65
BI100014,2025-11-15,SE,12,51.05,612.6
BI100014,2025-11-15,SE,12,51.05,612.6
BI100014,2025-11-15,SE,12,51.05,612.6
BI100014,2025-11-15,SE,12,51.05,612.6
BI100014,2025-11-15,MW,15,51.05,765.75
BI100014,2025-11-15,MW,15,51.05,765.75
BI100014,2025-11-15,MW,15,51.05,765.75
BI100014,2025-11-15,TX,12,51.05,612.6
BI100014,2025-11-15,TX,12,51.05,612.6
BI100014,2025-11-15,TX,13,51.05,663.65
BI100014,2025-11-15,TX,13,51.05,663.65
BI100014,2025-11-15,MTN,12,51.05,612.6
BI100014,2025-11-15,MTN,13,51.05,663.65
BI100014,2025-11-15,MTN,13,51.05,663.65
BI100014,2025-11-15,MTN,13,51.05,663.65
BI100014,2025-11-15,PSW,12,51.05,612.6
BI100014,2025-11-15,PSW,12,51.05,612.6
BI100014,2025-11-15,PSW,12,51.05,612.6
BI100014,2025-11-15,PSW,12,51.05,612.6
BI100014,2025-11-15,PSW,12,51.05,612.6
BI100014,2025-11-15,PSW,13,51.05,663.65
BI100014,2025-11-15,PNW,12,51.05,612.6
BI100014,2025-11-15,PNW,12,51.05,612.6
BI100014,2025-11-15,PNW,12,51.05,612.6
BI100014,2025-11-15,PNW,12,51.05,612.6
BI100014,2025-11-15,PNW,12,51.05,612.6
BI100014,2025-12-15,NE,12,51.05,612.6
BI100014,2025-12-15,NE,12,51.05,612.6
BI100014,2025-12-15,NE,12,51.05,612.6
BI100014,2025-12-15,NE,13,51.05,663.65
BI100014,2025-12-15,NE,13,51.05,663.65
BI100014,2025-12-15,MA,12,51.05,612.6
BI100014,2025-12-15,MA,12,51.05,612.6
BI100014,2025-12-15,MA,12,51.05,612.6
BI100014,2025-12-15,MA,12,51.05,612.6
BI100014,2025-12-15,MA,12,51.05,612.6
BI100014,2025-12-15,MA,13,51.05,663.65
BI100014,2025-12-15,SE,12,51.05,612.6
BI100014,2025-12-15,SE,12,51.05,612.6
BI100014,2025-12-15,SE,12,51.05,612.6
BI100014,2025-12-15,SE,12,51.05,612.6
BI100014,2025-12-15,MW,13,51.05,663.65
BI100014,2025-12-15,MW,14,51.05,714.7
BI100014,2025-12-15,MW,14,51.05,714.7
BI100014,2025-12-15,TX,15,51.05,765.75
BI100014,2025-12-15,TX,15,51.05,765.75
BI100014,2025-12-15,TX,16,51.05,816.8
BI100014,2025-12-15,MTN,13,51.05,663.65
BI100014,2025-12-15,MTN,13,51.05,663.65
BI100014,2025-12-15,MTN,13,51.05,663.65
BI100014,2025-12-15,MTN,14,51.05,714.7
BI100014,2025-12-15,PSW,12,51.05,612.6
BI100014,2025-12-15,PSW,13,51.05,663.65
BI100014,2025-12-15,PSW,13,51.05,663.65
BI100014,2025-12-15,PSW,13,51.05,663.65
BI100014,2025-12-15,PSW,13,51.05,663.65
BI100014,2025-12-15,PNW,14,51.05,714.7
BI100014,2025-12-15,PNW,14,51.05,714.7
BI100014,2025-12-15,PNW,14,51.05,714.7
BI100014,2025-12-15,PNW,14,51.05,714.7
BI100021,2024-01-15,NE,13,188.58,2451.54
BI100021,2024-01-15,NE,13,188.58,2451.54
BI100021,2024-01-15,MA,12,188.58,2262.96
BI100021,2024-01-15,MA,12,188.58,2262.96
BI100021,2024-01-15,SE,21,188.58,3960.18
BI100021,2024-01-15,MW,13,188.58,2451.54
BI100021,2024-01-15,MW,13,188.58,2451.54
BI100021,2024-01-15,TX,18,188.58,3394.44
BI100021,2024-01-15,MTN,13,188.58,2451.54
BI100021,2024-01-15,MTN,13,188.58,2451.54
BI100021,2024-01-15,PSW,13,188.58,2451.54
BI100021,2024-01-15,PSW,13,188.58,2451.54
BI100021,2024-01-15,PNW,13,188.58,2451.54
BI100021,2024-01-15,PNW,14,188.58,2640.12
BI100021,2024-02-15,NE,16,188.58,3017.28
BI100021,2024-02-15,NE,16,188.58,3017.28
BI100021,2024-02-15,MA,14,188.58,2640.12
BI100021,2024-02-15,MA,14,188.58,2640.12
BI100021,2024-02-15,SE,12,188.58,2262.96
BI100021,2024-02-15,SE,12,188.58,2262.96
BI100021,2024-02-15,MW,14,188.58,2640.12
BI100021,2024-02-15,MW,14,188.58,2640.12
BI100021,2024-02-15,TX,20,188.58,3771.6
BI100021,2024-02-15,MTN,14,188.58,2640.12
BI100021,2024-02-15,MTN,14,188.58,2640.12
BI100021,2024-02-15,PSW,14,188.58,2640.12
BI100021,2024-02-15,PSW,15,188.58,2828.7
BI100021,2024-02-15,PNW,13,188.58,2451.54
BI100021,2024-02-15,PNW,14,188.58,2640.12
BI100021,2024-03-15,NE,17,188.58,3205.86
BI100021,2024-03-15,NE,18,188.58,3394.44
BI100021,2024-03-15,MA,17,188.58,3205.86
BI100021,2024-03-15,MA,18,188.58,3394.44
BI100021,2024-03-15,SE,13,188.58,2451.54
BI100021,2024-03-15,SE,14,188.58,2640.12
BI100021,2024-03-15,MW,12,188.58,2262.96
BI100021,2024-03-15,MW,12,188.58,2262.96
BI100021,2024-03-15,MW,12,188.58,2262.96
BI100021,2024-03-15,TX,12,188.58,2262.96
BI100021,2024-03-15,TX,12,188.58,2262.96
BI100021,2024-03-15,MTN,17,188.58,3205.86
BI100021,2024-03-15,MTN,17,188.58,3205.86
BI100021,2024-03-15,PSW,16,188.58,3017.28
BI100021,2024-03-15,PSW,16,188.58,3017.28
BI100021,2024-03-15,PNW,15,188.58,2828.7
BI100021,2024-03-15,PNW,16,188.58,3017.28
BI100021,2024-04-15,NE,13,188.58,2451.54
BI100021,2024-04-15,NE,14,188.58,2640.12
BI100021,2024-04-15,NE,14,188.58,2640.12
BI100021,2024-04-15,MA,13,188.58,2451.54
BI100021,2024-04-15,MA,13,188.58,2451.54
BI100021,2024-04-15,MA,14,188.58,2640.12
BI100021,2024-04-15,SE,16,188.58,3017.28
BI100021,2024-04-15,SE,16,188.58,3017.28
BI100021,2024-04-15,MW,13,188.58,2451.54
BI100021,2024-04-15,MW,14,188.58,2640.12
BI100021,2024-04-15,MW,14,188.58,2640.12
BI100021,2024-04-15,TX,14,188.58,2640.12
BI100021,2024-04-15,TX,14,188.58,2640.12
BI100021,2024-04-15,MTN,17,188.58,3205.86
BI100021,2024-04-15,MTN,17,188.58,3205.86
BI100021,2024-04-15,PSW,17,188.58,3205.86
BI100021,2024-04-15,PSW,17,188.58,3205.86
BI100021,2024-04-15,PNW,12,188.58,2262.96
BI100021,2024-04-15,PNW,12,188.58,2262.96
BI100021,2024-04-15,PNW,12,188.58,2262.96
BI100021,2024-05-15,NE,13,188.58,2451.54
BI100021,2024-05-15,NE,13,188.58,2451.54
BI100021,2024-05-15,NE,13,188.58,2451.54
BI100021,2024-05-15,MA,13,188.58,2451.54
BI100021,2024-05-15,MA,13,188.58,2451.54
BI100021,2024-05-15,MA,13,188.58,2451.54
BI100021,2024-05-15,SE,17,188.58,3205.86
BI100021,2024-05-15,SE,18,188.58,3394.44
BI100021,2024-05-15,MW,13,188.58,2451.54
BI100021,2024-05-15,MW,14,188.58,2640.12
BI100021,2024-05-15,MW,14,188.58,2640.12
BI100021,2024-05-15,TX,13,188.58,2451.54
BI100021,2024-05-15,TX,13,188.58,2451.54
BI100021,2024-05-15,MTN,14,188.58,2640.12
BI100021,2024-05-15,MTN,14,188.58,2640.12
BI100021,2024-05-15,MTN,14,188.58,2640.12
BI100021,2024-05-15,PSW,13,188.58,2451.54
BI100021,2024-05-15,PSW,13,188.58,2451.54
BI100021,2024-05-15,PSW,14,188.58,2640.12
BI100021,2024-05-15,PNW,13,188.58,2451.54
BI100021,2024-05-15,PNW,13,188.58,2451.54
BI100021,2024-05-15,PNW,13,188.58,2451.54
BI100021,2024-06-15,NE,14,188.58,2640.12
BI100021,2024-06-15,NE,14,188.58,2640.12
BI100021,2024-06-15,NE,14,188.58,2640.12
BI100021,2024-06-15,MA,13,188.58,2451.54
BI100021,2024-06-15,MA,14,188.58,2640.12
BI100021,2024-06-15,MA,14,188.58,2640.12
BI100021,2024-06-15,SE,16,188.58,3017.28
BI100021,2024-06-15,SE,17,188.58,3205.86
BI100021,2024-06-15,MW,13,188.58,2451.54
BI100021,2024-06-15,MW,13,188.58,2451.54
BI100021,2024-06-15,MW,14,188.58,2640.12
BI100021,2024-06-15,TX,13,188.58,2451.54
BI100021,2024-06-15,TX,14,188.58,2640.12
BI100021,2024-06-15,MTN,13,188.58,2451.54
BI100021,2024-06-15,MTN,13,188.58,2451.54
BI100021,2024-06-15,MTN,14,188.58,2640.12
BI100021,2024-06-15,PSW,13,188.58,2451.54
BI100021,2024-06-15,PSW,13,188.58,2451.54
BI100021,2024-06-15,PSW,13,188.58,2451.54
BI100021,2024-06-15,PNW,15,188.58,2828.7
BI100021,2024-06-15,PNW,15,188.58,2828.7
BI100021,2024-06-15,PNW,15,188.58,2828.7
BI100021,2024-07-15,NE,15,188.58,2828.7
BI100021,2024-07-15,NE,15,188.58,2828.7
BI100021,2024-07-15,NE,15,188.58,2828.7
BI100021,2024-07-15,MA,13,188.58,2451.54
BI100021,2024-07-15,MA,13,188.58,2451.54
BI100021,2024-07-15,MA,14,188.58,2640.12
BI100021,2024-07-15,SE,17,188.58,3205.86
BI100021,2024-07-15,SE,18,188.58,3394.44
BI100021,2024-07-15,MW,14,188.58,2640.12
BI100021,2024-07-15,MW,14,188.58,2640.12
BI100021,2024-07-15,MW,14,188.58,2640.12
BI100021,2024-07-15,TX,15,188.58,2828.7
BI100021,2024-07-15,TX,15,188.58,2828.7
BI100021,2024-07-15,MTN,13,188.58,2451.54
BI100021,2024-07-15,MTN,14,188.58,2640.12
BI100021,2024-07-15,MTN,14,188.58,2640.12
BI100021,2024-07-15,PSW,12,188.58,2262.96
BI100021,2024-07-15,PSW,12,188.58,2262.96
BI100021,2024-07-15,PSW,13,188.58,2451.54
BI100021,2024-07-15,PNW,14,188.58,2640.12
BI100021,2024-07-15,PNW,14,188.58,2640.12
BI100021,2024-07-15,PNW,14,188.58,2640.12
BI100021,2024-08-15,NE,13,188.58,2451.54
BI100021,2024-08-15,NE,14,188.58,2640.12
BI100021,2024-08-15,NE,14,188.58,2640.12
BI100021,2024-08-15,MA,13,188.58,2451.54
BI100021,2024-08-15,MA,13,188.58,2451.54
BI100021,2024-08-15,MA,14,188.58,2640.12
BI100021,2024-08-15,SE,16,188.58,3017.28
BI100021,2024-08-15,SE,16,188.58,3017.28
BI100021,2024-08-15,MW,13,188.58,2451.54
BI100021,2024-08-15,MW,13,188.58,2451.54
BI100021,2024-08-15,MW,14,188.58,2640.12
BI100021,2024-08-15,TX,12,188.58,2262.96
BI100021,2024-08-15,TX,12,188.58,2262.96
BI100021,2024-08-15,MTN,17,188.58,3205.86
BI100021,2024-08-15,MTN,18,188.58,3394.44
BI100021,2024-08-15,PSW,17,188.58,3205.86
BI100021,2024-08-15,PSW,17,188.58,3205.86
BI100021,2024-08-15,PNW,14,188.58,2640.12
BI100021,2024-08-15,PNW,14,188.58,2640.12
BI100021,2024-08-15,PNW,14,188.58,2640.12
BI100021,2024-09-15,NE,17,188.58,3205.86
BI100021,2024-09-15,NE,18,188.58,3394.44
BI100021,2024-09-15,MA,17,188.58,3205.86
BI100021,2024-09-15,MA,17,188.58,3205.86
BI100021,2024-09-15,SE,14,188.58,2640.12
BI100021,2024-09-15,SE,15,188.58,2828.7
BI100021,2024-09-15,MW,17,188.58,3205.86
BI100021,2024-09-15,MW,18,188.58,3394.44
BI100021,2024-09-15,TX,22,188.58,4148.76
BI100021,2024-09-15,MTN,16,188.58,3017.28
BI100021,2024-09-15,MTN,17,188.58,3205.86
BI100021,2024-09-15,PSW,17,188.58,3205.86
BI100021,2024-09-15,PSW,17,188.58,3205.86
BI100021,2024-09-15,PNW,16,188.58,3017.28
BI100021,2024-09-15,PNW,17,188.58,3205.86
BI100021,2024-10-15,NE,14,188.58,2640.12
BI100021,2024-10-15,NE,15,188.58,2828.7
BI100021,2024-10-15,MA,15,188.58,2828.7
BI100021,2024-10-15,MA,15,188.58,2828.7
BI100021,2024-10-15,SE,12,188.58,2262.96
BI100021,2024-10-15,SE,13,188.58,2451.54
BI100021,2024-10-15,MW,15,188.58,2828.7
BI100021,2024-10-15,MW,15,188.58,2828.7
BI100021,2024-10-15,TX,21,188.58,3960.18
BI100021,2024-10-15,MTN,15,188.58,2828.7
BI100021,2024-10-15,MTN,15,188.58,2828.7
BI100021,2024-10-15,PSW,13,188.58,2451.54
BI100021,2024-10-15,PSW,13,188.58,2451.54
BI100021,2024-10-15,PNW,15,188.58,2828.7
BI100021,2024-10-15,PNW,15,188.58,2828.7
BI100021,2024-11-15,NE,13,188.58,2451.54
BI100021,2024-11-15,NE,13,188.58,2451.54
BI100021,2024-11-15,MA,14,188.58,2640.12
BI100021,2024-11-15,MA,14,188.58,2640.12
BI100021,2024-11-15,SE,23,188.58,4337.34
BI100021,2024-11-15,MW,14,188.58,2640.12
BI100021,2024-11-15,MW,15,188.58,2828.7
BI100021,2024-11-15,TX,19,188.58,3583.02
BI100021,2024-11-15,MTN,12,188.58,2262.96
BI100021,2024-11-15,MTN,13,188.58,2451.54
BI100021,2024-11-15,PSW,13,188.58,2451.54
BI100021,2024-11-15,PSW,14,188.58,2640.12
BI100021,2024-11-15,PNW,14,188.58,2640.12
BI100021,2024-11-15,PNW,15,188.58,2828.7
BI100021,2024-12-15,NE,13,188.58,2451.54
BI100021,2024-12-15,NE,13,188.58,2451.54
BI100021,2024-12-15,MA,12,188.58,2262.96
BI100021,2024-12-15,MA,12,188.58,2262.96
BI100021,2024-12-15,SE,22,188.58,4148.76
BI100021,2024-12-15,MW,12,188.58,2262.96
BI100021,2024-12-15,MW,13,188.58,2451.54
BI100021,2024-12-15,TX,18,188.58,3394.44
BI100021,2024-12-15,MTN,12,188.58,2262.96
BI100021,2024-12-15,MTN,12,188.58,2262.96
BI100021,2024-12-15,PSW,12,188.58,2262.96
BI100021,2024-12-15,PSW,12,188.58,2262.96
BI100021,2024-12-15,PNW,13,188.58,2451.54
BI100021,2024-12-15,PNW,14,188.58,2640.12
BI100021,2025-01-15,NE,14,188.58,2640.12
BI100021,2025-01-15,NE,15,188.58,2828.7
BI100021,2025-01-15,MA,12,188.58,2262.96
BI100021,2025-01-15,MA,13,188.58,2451.54
BI100021,2025-01-15,SE,12,188.58,2262.96
BI100021,2025-01-15,SE,12,188.58,2262.96
BI100021,2025-01-15,MW,14,188.58,2640.12
BI100021,2025-01-15,MW,14,188.58,2640.12
BI100021,2025-01-15,TX,14,222.52,3115.28
BI100021,2025-01-15,MTN,12,188.58,2262.96
BI100021,2025-01-15,MTN,13,188.58,2451.54
BI100021,2025-01-15,PSW,13,188.58,2451.54
BI100021,2025-01-15,PSW,13,188.58,2451.54
BI100021,2025-01-15,PNW,15,188.58,2828.7
BI100021,2025-01-15,PNW,15,188.58,2828.7
BI100021,2025-02-15,NE,15,188.58,2828.7
BI100021,2025-02-15,NE,16,188.58,3017.28
BI100021,2025-02-15,MA,16,188.58,3017.28
BI100021,2025-02-15,MA,16,188.58,3017.28
BI100021,2025-02-15,SE,12,188.58,2262.96
BI100021,2025-02-15,SE,13,188.58,2451.54
BI100021,2025-02-15,MW,17,188.58,3205.86
BI100021,2025-02-15,MW,17,188.58,3205.86
BI100021,2025-02-15,TX,17,222.52,3782.84
BI100021,2025-02-15,MTN,14,188.58,2640.12
BI100021,2025-02-15,MTN,14,188.58,2640.12
BI100021,2025-02-15,PSW,14,188.58,2640.12
BI100021,2025-02-15,PSW,14,188.58,2640.12
BI100021,2025-02-15,PNW,16,188.58,3017.28
BI100021,2025-02-15,PNW,16,188.58,3017.28
BI100021,2025-03-15,NE,13,188.58,2451.54
BI100021,2025-03-15,NE,13,188.58,2451.54
BI100021,2025-03-15,NE,13,188.58,2451.54
BI100021,2025-03-15,MA,12,188.58,2262.96
BI100021,2025-03-15,MA,12,188.58,2262.96
BI100021,2025-03-15,MA,13,188.58,2451.54
BI100021,2025-03-15,SE,15,188.58,2828.7
BI100021,2025-03-15,SE,16,188.58,3017.28
BI100021,2025-03-15,MW,17,188.58,3205.86
BI100021,2025-03-15,MW,17,188.58,3205.86
BI100021,2025-03-15,TX,13,188.58,2451.54
BI100021,2025-03-15,TX,13,188.58,2451.54
BI100021,2025-03-15,MTN,17,188.58,3205.86
BI100021,2025-03-15,MTN,18,188.58,3394.44
BI100021,2025-03-15,PSW,15,188.58,2828.7
BI100021,2025-03-15,PSW,16,188.58,3017.28
BI100021,2025-03-15,PNW,12,188.58,2262.96
BI100021,2025-03-15,PNW,12,188.58,2262.96
BI100021,2025-03-15,PNW,12,188.58,2262.96
BI100021,2025-04-15,NE,14,188.58,2640.12
BI100021,2025-04-15,NE,15,188.58,2828.7
BI100021,2025-04-15,NE,15,188.58,2828.7
BI100021,2025-04-15,MA,14,188.58,2640.12
BI100021,2025-04-15,MA,14,188.58,2640.12
BI100021,2025-04-15,MA,14,188.58,2640.12
BI100021,2025-04-15,SE,12,188.58,2262.96
BI100021,2025-04-15,SE,12,188.58,2262.96
BI100021,2025-04-15,SE,12,188.58,2262.96
BI100021,2025-04-15,MW,14,188.58,2640.12
BI100021,2025-04-15,MW,15,188.58,2828.7
BI100021,2025-04-15,MW,15,188.58,2828.7
BI100021,2025-04-15,TX,14,188.58,2640.12
BI100021,2025-04-15,TX,14,188.58,2640.12
BI100021,2025-04-15,MTN,12,188.58,2262.96
BI100021,2025-04-15,MTN,13,188.58,2451.54
BI100021,2025-04-15,MTN,13,188.58,2451.54
BI100021,2025-04-15,PSW,12,188.58,2262.96
BI100021,2025-04-15,PSW,12,188.58,2262.96
BI100021,2025-04-15,PSW,13,188.58,2451.54
BI100021,2025-04-15,PNW,14,188.58,2640.12
BI100021,2025-04-15,PNW,15,188.58,2828.7
BI100021,2025-04-15,PNW,15,188.58,2828.7
BI100021,2025-05-15,NE,12,188.58,2262.96
BI100021,2025-05-15,NE,12,188.58,2262.96
BI100021,2025-05-15,NE,12,188.58,2262.96
BI100021,2025-05-15,NE,12,188.58,2262.96
BI100021,2025-05-15,MA,14,188.58,2640.12
BI100021,2025-05-15,MA,14,188.58,2640.12
BI100021,2025-05-15,MA,15,188.58,2828.7
BI100021,2025-05-15,SE,12,188.58,2262.96
BI100021,2025-05-15,SE,12,188.58,2262.96
BI100021,2025-05-15,SE,13,188.58,2451.54
BI100021,2025-05-15,MW,14,188.58,2640.12
BI100021,2025-05-15,MW,14,188.58,2640.12
BI100021,2025-05-15,MW,15,188.58,2828.7
BI100021,2025-05-15,TX,16,188.58,3017.28
BI100021,2025-05-15,TX,16,188.58,3017.28
BI100021,2025-05-15,MTN,15,188.58,2828.7
BI100021,2025-05-15,MTN,15,188.58,2828.7
BI100021,2025-05-15,MTN,15,188.58,2828.7
BI100021,2025-05-15,PSW,13,188.58,2451.54
BI100021,2025-05-15,PSW,13,188.58,2451.54
BI100021,2025-05-15,PSW,14,188.58,2640.12
BI100021,2025-05-15,PNW,14,188.58,2640.12
BI100021,2025-05-15,PNW,15,188.58,2828.7
BI100021,2025-05-15,PNW,15,188.58,2828.7
BI100021,2025-06-15,NE,15,188.58,2828.7
BI100021,2025-06-15,NE,15,188.58,2828.7
BI100021,2025-06-15,NE,16,188.58,3017.28
BI100021,2025-06-15,MA,12,188.58,2262.96
BI100021,2025-06-15,MA,12,188.58,2262.96
BI100021,2025-06-15,MA,12,188.58,2262.96
BI100021,2025-06-15,MA,12,188.58,2262.96
BI100021,2025-06-15,SE,13,188.58,2451.54
BI100021,2025-06-15,SE,13,188.58,2451.54
BI100021,2025-06-15,SE,13,188.58,2451.54
BI100021,2025-06-15,MW,14,188.58,2640.12
BI100021,2025-06-15,MW,15,188.58,2828.7
BI100021,2025-06-15,MW,15,188.58,2828.7
BI100021,2025-06-15,TX,16,188.58,3017.28
BI100021,2025-06-15,TX,17,188.58,3205.86
BI100021,2025-06-15,MTN,15,188.58,2828.7
BI100021,2025-06-15,MTN,15,188.58,2828.7
BI100021,2025-06-15,MTN,15,188.58,2828.7
BI100021,2025-06-15,PSW,13,188.58,2451.54
BI100021,2025-06-15,PSW,13,188.58,2451.54
BI100021,2025-06-15,PSW,14,188.58,2640.12
BI100021,2025-06-15,PNW,12,188.58,2262.96
BI100021,2025-06-15,PNW,12,188.58,2262.96
BI100021,2025-06-15,PNW,12,188.58,2262.96
BI100021,2025-06-15,PNW,12,188.58,2262.96
BI100021,2025-07-15,NE,14,188.58,2640.12
BI100021,2025-07-15,NE,14,188.58,2640.12
BI100021,2025-07-15,NE,14,188.58,2640.12
BI100021,2025-07-15,MA,14,188.58,2640.12
BI100021,2025-07-15,MA,14,188.58,2640.12
BI100021,2025-07-15,MA,14,188.58,2640.12
BI100021,2025-07-15,SE,12,188.58,2262.96
BI100021,2025-07-15,SE,13,188.58,2451.54
BI100021,2025-07-15,SE,13,188.58,2451.54
BI100021,2025-07-15,MW,14,188.58,2640.12
BI100021,2025-07-15,MW,14,188.58,2640.12
BI100021,2025-07-15,MW,14,188.58,2640.12
BI100021,2025-07-15,TX,15,188.58,2828.7
BI100021,2025-07-15,TX,15,188.58,2828.7
BI100021,2025-07-15,MTN,14,188.58,2640.12
BI100021,2025-07-15,MTN,14,188.58,2640.12
BI100021,2025-07-15,MTN,15,188.58,2828.7
BI100021,2025-07-15,PSW,14,188.58,2640.12
BI100021,2025-07-15,PSW,15,188.58,2828.7
BI100021,2025-07-15,PSW,15,188.58,2828.7
BI100021,2025-07-15,PNW,14,188.58,2640.12
BI100021,2025-07-15,PNW,15,188.58,2828.7
BI100021,2025-07-15,PNW,15,188.58,2828.7
BI100021,2025-08-15,NE,14,188.58,2640.12
BI100021,2025-08-15,NE,14,188.58,2640.12
BI100021,2025-08-15,NE,14,188.58,2640.12
BI100021,2025-08-15,MA,13,188.58,2451.54
BI100021,2025-08-15,MA,13,188.58,2451.54
BI100021,2025-08-15,MA,14,188.58,2640.12
BI100021,2025-08-15,SE,16,188.58,3017.28
BI100021,2025-08-15,SE,17,188.58,3205.86
BI100021,2025-08-15,MW,14,188.58,2640.12
BI100021,2025-08-15,MW,14,188.58,2640.12
BI100021,2025-08-15,MW,15,188.58,2828.7
BI100021,2025-08-15,TX,13,188.58,2451.54
BI100021,2025-08-15,TX,13,188.58,2451.54
BI100021,2025-08-15,MTN,13,188.58,2451.54
BI100021,2025-08-15,MTN,13,188.58,2451.54
BI100021,2025-08-15,MTN,14,188.58,2640.12
BI100021,2025-08-15,PSW,13,188.58,2451.54
BI100021,2025-08-15,PSW,13,188.58,2451.54
BI100021,2025-08-15,PSW,14,188.58,2640.12
BI100021,2025-08-15,PNW,13,188.58,2451.54
BI100021,2025-08-15,PNW,13,188.58,2451.54
BI100021,2025-08-15,PNW,13,188.58,2451.54
BI100021,2025-09-15,NE,17,188.58,3205.86
BI100021,2025-09-15,NE,18,188.58,3394.44
BI100021,2025-09-15,MA,17,188.58,3205.86
BI100021,2025-09-15,MA,17,188.58,3205.86
BI100021,2025-09-15,SE,14,188.58,2640.12
BI100021,2025-09-15,SE,15,188.58,2828.7
BI100021,2025-09-15,MW,12,188.58,2262.96
BI100021,2025-09-15,MW,12,188.58,2262.96
BI100021,2025-09-15,MW,13,188.58,2451.54
BI100021,2025-09-15,TX,12,188.58,2262.96
BI100021,2025-09-15,TX,13,188.58,2451.54
BI100021,2025-09-15,MTN,12,188.58,2262.96
BI100021,2025-09-15,MTN,13,188.58,2451.54
BI100021,2025-09-15,MTN,13,188.58,2451.54
BI100021,2025-09-15,PSW,12,188.58,2262.96
BI100021,2025-09-15,PSW,12,188.58,2262.96
BI100021,2025-09-15,PSW,12,188.58,2262.96
BI100021,2025-09-15,PNW,12,188.58,2262.96
BI100021,2025-09-15,PNW,13,188.58,2451.54
BI100021,2025-09-15,PNW,13,188.58,2451.54
BI100021,2025-10-15,NE,15,188.58,2828.7
BI100021,2025-10-15,NE,16,188.58,3017.28
BI100021,2025-10-15,MA,17,188.58,3205.86
BI100021,2025-10-15,MA,17,188.58,3205.86
BI100021,2025-10-15,SE,12,188.58,2262.96
BI100021,2025-10-15,SE,13,188.58,2451.54
BI100021,2025-10-15,MW,17,188.58,3205.86
BI100021,2025-10-15,MW,17,188.58,3205.86
BI100021,2025-10-15,TX,23,188.58,4337.34
BI100021,2025-10-15,MTN,15,188.58,2828.7
BI100021,2025-10-15,MTN,16,188.58,3017.28
BI100021,2025-10-15,PSW,15,188.58,2828.7
BI100021,2025-10-15,PSW,16,188.58,3017.28
BI100021,2025-10-15,PNW,16,188.58,3017.28
BI100021,2025-10-15,PNW,17,188.58,3205.86
BI100021,2025-11-15,NE,16,188.58,3017.28
BI100021,2025-11-15,NE,16,188.58,3017.28
BI100021,2025-11-15,MA,14,188.58,2640.12
BI100021,2025-11-15,MA,15,188.58,2828.7
BI100021,2025-11-15,SE,23,188.58,4337.34
BI100021,2025-11-15,MW,15,188.58,2828.7
BI100021,2025-11-15,MW,16,188.58,3017.28
BI100021,2025-11-15,TX,19,188.58,3583.02
BI100021,2025-11-15,MTN,13,188.58,2451.54
BI100021,2025-11-15,MTN,14,188.58,2640.12
BI100021,2025-11-15,PSW,13,188.58,2451.54
BI100021,2025-11-15,PSW,14,188.58,2640.12
BI100021,2025-11-15,PNW,16,188.58,3017.28
BI100021,2025-11-15,PNW,16,188.58,3017.28
BI100021,2025-12-15,NE,15,188.58,2828.7
BI100021,2025-12-15,NE,16,188.58,3017.28
BI100021,2025-12-15,MA,13,188.58,2451.54
BI100021,2025-12-15,MA,14,188.58,2640.12
BI100021,2025-12-15,SE,12,188.58,2262.96
BI100021,2025-12-15,SE,13,188.58,2451.54
BI100021,2025-12-15,MW,15,188.58,2828.7
BI100021,2025-12-15,MW,16,188.58,3017.28
BI100021,2025-12-15,TX,20,188.58,3771.6
BI100021,2025-12-15,MTN,13,188.58,2451.54
BI100021,2025-12-15,MTN,14,188.58,2640.12
BI100021,2025-12-15,PSW,14,188.58,2640.12
BI100021,2025-12-15,PSW,14,188.58,2640.12
BI100021,2025-12-15,PNW,13,188.58,2451.54
BI100021,2025-12-15,PNW,14,188.58,2640.12
BI100028,2024-01-15,NE,12,59.14,709.68
BI100028,2024-01-15,NE,13,59.14,768.82
BI100028,2024-01-15,NE,13,59.14,768.82
BI100028,2024-01-15,MA,14,59.14,827.96
BI100028,2024-01-15,MA,14,59.14,827.96
BI100028,2024-01-15,SE,15,59.14,887.1
BI100028,2024-01-15,SE,15,59.14,887.1
BI100028,2024-01-15,MW,12,59.14,709.68
BI100028,2024-01-15,MW,12,59.14,709.68
BI100028,2024-01-15,MW,12,59.14,709.68
BI100028,2024-01-15,TX,15,59.14,887.1
BI100028,2024-01-15,TX,16,59.14,946.24
BI100028,2024-01-15,MTN,12,59.14,709.68
BI100028,2024-01-15,MTN,12,59.14,709.68
BI100028,2024-01-15,MTN,13,59.14,768.82
BI100028,2024-01-15,PSW,13,59.14,768.82
BI100028,2024-01-15,PSW,13,59.14,768.82
BI100028,2024-01-15,PNW,13,59.14,768.82
BI100028,2024-01-15,PNW,13,59.14,768.82
BI100028,2024-01-15,PNW,14,59.14,827.96
BI100028,2024-02-15,NE,15,59.14,887.1
BI100028,2024-02-15,NE,15,59.14,887.1
BI100028,2024-02-15,NE,15,59.14,887.1
BI100028,2024-02-15,MA,15,59.14,887.1
BI100028,2024-02-15,MA,16,59.14,946.24
BI100028,2024-02-15,SE,12,59.14,709.68
BI100028,2024-02-15,SE,12,59.14,709.68
BI100028,2024-02-15,SE,12,59.14,709.68
BI100028,2024-02-15,MW,14,59.14,827.96
BI100028,2024-02-15,MW,14,59.14,827.96
BI100028,2024-02-15,MW,15,59.14,887.1
BI100028,2024-02-15,TX,13,59.14,768.82
BI100028,2024-02-15,TX,13,59.14,768.82
BI100028,2024-02-15,TX,13,59.14,768.82
BI100028,2024-02-15,MTN,13,59.14,768.82
BI100028,2024-02-15,MTN,14,59.14,827.96
BI100028,2024-02-15,MTN,14,59.14,827.96
BI100028,2024-02-15,PSW,16,59.14,946.24
BI100028,2024-02-15,PSW,16,59.14,946.24
BI100028,2024-02-15,PNW,13,59.14,768.82
BI100028,2024-02-15,PNW,13,59.14,768.82
BI100028,2024-02-15,PNW,14,59.14,827.96
BI100028,2024-03-15,NE,12,59.14,709.68
BI100028,2024-03-15,NE,13,59.14,768.82
BI100028,2024-03-15,NE,13,59.14,768.82
BI100028,2024-03-15,NE,13,59.14,768.82
BI100028,2024-03-15,MA,12,59.14,709.68
BI100028,2024-03-15,MA,12,59.14,709.68
BI100028,2024-03-15,MA,13,59.14,768.82
BI100028,2024-03-15,SE,14,59.14,827.96
BI100028,2024-03-15,SE,14,59.14,827.96
BI100028,2024-03-15,SE,14,59.14,827.96
BI100028,2024-03-15,MW,15,59.14,887.1
BI100028,2024-03-15,MW,15,59.14,887.1
BI100028,2024-03-15,MW,15,59.14,887.1
BI100028,2024-03-15,TX,13,59.14,768.82
BI100028,2024-03-15,TX,13,59.14,768.82
BI100028,2024-03-15,TX,14,59.14,827.96
BI100028,2024-03-15,MTN,14,59.14,827.96
BI100028,2024-03-15,MTN,15,59.14,887.1
BI100028,2024-03-15,MTN,15,59.14,887.1
BI100028,2024-03-15,PSW,17,59.14,1005.38
BI100028,2024-03-15,PSW,17,59.14,1005.38
BI100028,2024-03-15,PNW,12,59.14,709.68
BI100028,2024-03-15,PNW,12,59.14,709.68
BI100028,2024-03-15,PNW,12,59.14,709.68
BI100028,2024-03-15,PNW,13,59.14,768.82
BI100028,2024-04-15,NE,13,59.14,768.82
BI100028,2024-04-15,NE,13,59.14,768.82
BI100028,2024-04-15,NE,14,59.14,827.96
BI100028,2024-04-15,NE,14,59.14,827.96
BI100028,2024-04-15,MA,15,59.14,887.1
BI100028,2024-04-15,MA,15,59.14,887.1
BI100028,2024-04-15,MA,15,59.14,887.1
BI100028,2024-04-15,SE,12,59.14,709.68
BI100028,2024-04-15,SE,12,59.14,709.68
BI100028,2024-04-15,SE,12,59.14,709.68
BI100028,2024-04-15,SE,13,59.14,768.82
BI100028,2024-04-15,MW,14,59.14,827.96
BI100028,2024-04-15,MW,14,59.14,827.96
BI100028,2024-04-15,MW,15,59.14,887.1
BI100028,2024-04-15,MW,15,59.14,887.1
BI100028,2024-04-15,TX,15,59.14,887.1
BI100028,2024-04-15,TX,15,59.14,887.1
BI100028,2024-04-15,TX,15,59.14,887.1
BI100028,2024-04-15,MTN,13,59.14,768.82
BI100028,2024-04-15,MTN,13,59.14,768.82
BI100028,2024-04-15,MTN,13,59.14,768.82
BI100028,2024-04-15,MTN,13,59.14,768.82
BI100028,2024-04-15,PSW,12,59.14,709.68
BI100028,2024-04-15,PSW,12,59.14,709.68
BI100028,2024-04-15,PSW,13,59.14,768.82
BI100028,2024-04-15,PNW,13,59.14,768.82
BI100028,2024-04-15,PNW,14,59.14,827.96
BI100028,2024-04-15,PNW,14,59.14,827.96
BI100028,2024-04-15,PNW,14,59.14,827.96
BI100028,2024-05-15,NE,14,59.14,827.96
BI100028,2024-05-15,NE,14,59.14,827.96
BI100028,2024-05-15,NE,14,59.14,827.96
BI100028,2024-05-15,NE,14,59.14,827.96
BI100028,2024-05-15,MA,15,59.14,887.1
BI100028,2024-05-15,MA,15,59.14,887.1
BI100028,2024-05-15,MA,15,59.14,887.1
BI100028,2024-05-15,SE,15,59.14,887.1
BI100028,2024-05-15,SE,16,59.14,946.24
BI100028,2024-05-15,SE,16,59.14,946.24
BI100028,2024-05-15,MW,12,59.14,709.68
BI100028,2024-05-15,MW,12,59.14,709.68
BI100028,2024-05-15,MW,12,59.14,709.68
BI100028,2024-05-15,MW,13,59.14,768.82
BI100028,2024-05-15,MW,13,59.14,768.82
BI100028,2024-05-15,TX,12,59.14,709.68
BI100028,2024-05-15,TX,12,59.14,709.68
BI100028,2024-05-15,TX,13,59.14,768.82
BI100028,2024-05-15,TX,13,59.14,768.82
BI100028,2024-05-15,MTN,12,59.14,709.68
BI100028,2024-05-15,MTN,12,59.14,709.68
BI100028,2024-05-15,MTN,12,59.14,709.68
BI100028,2024-05-15,MTN,12,59.14,709.68
BI100028,2024-05-15,MTN,12,59.14,709.68
BI100028,2024-05-15,PSW,15,59.14,887.1
BI100028,2024-05-15,PSW,15,59.14,887.1
BI100028,2024-05-15,PSW,15,59.14,887.1
BI100028,2024-05-15,PNW,14,59.14,827.96
BI100028,2024-05-15,PNW,14,59.14,827.96
BI100028,2024-05-15,PNW,15,59.14,887.1
BI100028,2024-05-15,PNW,15,59.14,887.1
BI100028,2024-06-15,NE,14,59.14,827.96
BI100028,2024-06-15,NE,15,59.14,887.1
BI100028,2024-06-15,NE,15,59.14,887.1
BI100028,2024-06-15,NE,15,59.14,887.1
BI100028,2024-06-15,MA,15,59.14,887.1
BI100028,2024-06-15,MA,15,59.14,887.1
BI100028,2024-06-15,MA,15,59.14,887.1
BI100028,2024-06-15,SE,12,59.14,709.68
BI100028,2024-06-15,SE,12,59.14,709.68
BI100028,2024-06-15,SE,13,59.14,768.82
BI100028,2024-06-15,SE,13,59.14,768.82
BI100028,2024-06-15,MW,14,59.14,827.96
BI100028,2024-06-15,MW,14,59.14,827.96
BI100028,2024-06-15,MW,15,59.14,887.1
BI100028,2024-06-15,MW,15,59.14,887.1
BI100028,2024-06-15,TX,14,59.14,827.96
BI100028,2024-06-15,TX,14,59.14,827.96
BI100028,2024-06-15,TX,14,59.14,827.96
BI100028,2024-06-15,TX,15,59.14,887.1
BI100028,2024-06-15,MTN,14,59.14,827.96
BI100028,2024-06-15,MTN,15,59.14,887.1
BI100028,2024-06-15,MTN,15,59.14,887.1
BI100028,2024-06-15,MTN,15,59.14,887.1
BI100028,2024-06-15,PSW,14,59.14,827.96
BI100028,2024-06-15,PSW,14,59.14,827.96
BI100028,2024-06-15,PSW,14,59.14,827.96
BI100028,2024-06-15,PNW,12,59.14,709.68
BI100028,2024-06-15,PNW,13,59.14,768.82
BI100028,2024-06-15,PNW,13,59.14,768.82
BI100028,2024-06-15,PNW,13,59.14,768.82
BI100028,2024-06-15,PNW,13,59.14,768.82
BI100028,2024-07-15,NE,12,59.14,709.68
BI100028,2024-07-15,NE,12,59.14,709.68
BI100028,2024-07-15,NE,13,59.14,768.82
BI100028,2024-07-15,NE,13,59.14,768.82
BI100028,2024-07-15,NE,13,59.14,768.82
BI100028,2024-07-15,MA,12,59.14,709.68
BI100028,2024-07-15,MA,12,59.14,709.68
BI100028,2024-07-15,MA,13,59.14,768.82
BI100028,2024-07-15,MA,13,59.14,768.82
BI100028,2024-07-15,SE,13,59.14,768.82
BI100028,2024-07-15,SE,13,59.14,768.82
BI100028,2024-07-15,SE,14,59.14,827.96
BI100028,2024-07-15,SE,14,59.14,827.96
BI100028,2024-07-15,MW,12,59.14,709.68
BI100028,2024-07-15,MW,12,59.14,709.68
BI100028,2024-07-15,MW,12,59.14,709.68
BI100028,2024-07-15,MW,12,59.14,709.68
BI100028,2024-07-15,MW,12,59.14,709.68
BI100028,2024-07-15,TX,14,59.14,827.96
BI100028,2024-07-15,TX,14,59.14,827.96
BI100028,2024-07-15,TX,14,59.14,827.96
BI100028,2024-07-15,TX,14,59.14,827.96
BI100028,2024-07-15,MTN,14,59.14,827.96
BI100028,2024-07-15,MTN,14,59.14,827.96
BI100028,2024-07-15,MTN,15,59.14,887.1
BI100028,2024-07-15,MTN,15,59.14,887.1
BI100028,2024-07-15,PSW,13,59.14,768.82
BI100028,2024-07-15,PSW,14,59.14,827.96
BI100028,2024-07-15,PSW,14,59.14,827.96
BI100028,2024-07-15,PNW,12,59.14,709.68
BI100028,2024-07-15,PNW,12,59.14,709.68
BI100028,2024-07-15,PNW,13,59.14,768.82
BI100028,2024-07-15,PNW,13,59.14,768.82
BI100028,2024-07-15,PNW,13,59.14,768.82
BI100028,2024-08-15,NE,12,59.14,709.68
BI100028,2024-08-15,NE,12,59.14,709.68
BI100028,2024-08-15,NE,12,59.14,709.68
BI100028,2024-08-15,NE,12,59.14,709.68
BI100028,2024-08-15,NE,13,59.14,768.82
BI100028,2024-08-15,MA,14,59.14,827.96
BI100028,2024-08-15,MA,14,59.14,827.96
BI100028,2024-08-15,MA,15,59.14,887.1
BI100028,2024-08-15,SE,12,59.14,709.68
BI100028,2024-08-15,SE,12,59.14,709.68
BI100028,2024-08-15,SE,13,59.14,768.82
BI100028,2024-08-15,SE,13,59.14,768.82
BI100028,2024-08-15,MW,13,59.14,768.82
BI100028,2024-08-15,MW,13,59.14,768.82
BI100028,2024-08-15,MW,13,59.14,768.82
BI100028,2024-08-15,MW,14,59.14,827.96
BI100028,2024-08-15,TX,13,59.14,768.82
BI100028,2024-08-15,TX,13,59.14,768.82
BI100028,2024-08-15,TX,13,59.14,768.82
BI100028,2024-08-15,TX,13,59.14,768.82
BI100028,2024-08-15,MTN,14,59.14,827.96
BI100028,2024-08-15,MTN,14,59.14,827.96
BI100028,2024-08-15,MTN,14,59.14,827.96
BI100028,2024-08-15,MTN,14,59.14,827.96
BI100028,2024-08-15,PSW,13,59.14,768.82
BI100028,2024-08-15,PSW,14,59.14,827.96
BI100028,2024-08-15,PSW,14,59.14,827.96
BI100028,2024-08-15,PNW,14,59.14,827.96
BI100028,2024-08-15,PNW,14,59.14,827.96
BI100028,2024-08-15,PNW,14,59.14,827.96
BI100028,2024-08-15,PNW,14,59.14,827.96
BI100028,2024-09-15,NE,13,59.14,768.82
BI100028,2024-09-15,NE,13,59.14,768.82
BI100028,2024-09-15,NE,14,59.14,827.96
BI100028,2024-09-15,NE,14,59.14,827.96
BI100028,2024-09-15,MA,13,59.14,768.82
BI100028,2024-09-15,MA,13,59.14,768.82
BI100028,2024-09-15,MA,14,59.14,827.96
BI100028,2024-09-15,SE,13,59.14,768.82
BI100028,2024-09-15,SE,13,59.14,768.82
BI100028,2024-09-15,SE,14,59.14,827.96
BI100028,2024-09-15,MW,12,59.14,709.68
BI100028,2024-09-15,MW,12,59.14,709.68
BI100028,2024-09-15,MW,12,59.14,709.68
BI100028,2024-09-15,MW,13,59.14,768.82
BI100028,2024-09-15,TX,14,59.14,827.96
BI100028,2024-09-15,TX,15,59.14,887.1
BI100028,2024-09-15,TX,15,59.14,887.1
BI100028,2024-09-15,MTN,12,59.14,709.68
BI100028,2024-09-15,MTN,13,59.14,768.82
BI100028,2024-09-15,MTN,13,59.14,768.82
BI100028,2024-09-15,MTN,13,59.14,768.82
BI100028,2024-09-15,PSW,17,59.14,1005.38
BI100028,2024-09-15,PSW,18,59.14,1064.52
BI100028,2024-09-15,PNW,12,59.14,709.68
BI100028,2024-09-15,PNW,12,59.14,709.68
BI100028,2024-09-15,PNW,13,59.14,768.82
BI100028,2024-09-15,PNW,13,59.14,768.82
BI100028,2024-10-15,NE,14,59.14,827.96
BI100028,2024-10-15,NE,14,59.14,827.96
BI100028,2024-10-15,NE,15,59.14,887.1
BI100028,2024-10-15,MA,12,59.14,709.68
BI100028,2024-10-15,MA,12,59.14,709.68
BI100028,2024-10-15,MA,13,59.14,768.82
BI100028,2024-10-15,SE,17,59.14,1005.38
BI100028,2024-10-15,SE,18,59.14,1064.52
BI100028,2024-10-15,MW,14,59.14,827.96
BI100028,2024-10-15,MW,14,59.14,827.96
BI100028,2024-10-15,MW,14,59.14,827.96
BI100028,2024-10-15,TX,13,59.14,768.82
BI100028,2024-10-15,TX,13,59.14,768.82
BI100028,2024-10-15,TX,14,59.14,827.96
BI100028,2024-10-15,MTN,13,59.14,768.82
BI100028,2024-10-15,MTN,13,59.14,768.82
BI100028,2024-10-15,MTN,14,59.14,827.96
BI100028,2024-10-15,PSW,15,59.14,887.1
BI100028,2024-10-15,PSW,16,59.14,946.24
BI100028,2024-10-15,PNW,15,59.14,887.1
BI100028,2024-10-15,PNW,15,59.14,887.1
BI100028,2024-10-15,PNW,15,59.14,887.1
BI100028,2024-11-15,NE,14,59.14,827.96
BI100028,2024-11-15,NE,15,59.14,887.1
BI100028,2024-11-15,NE,15,59.14,887.1
BI100028,2024-11-15,MA,14,59.14,827.96
BI100028,2024-11-15,MA,15,59.14,887.1
BI100028,2024-11-15,SE,16,59.14,946.24
BI100028,2024-11-15,SE,16,59.14,946.24
BI100028,2024-11-15,MW,12,59.14,709.68
BI100028,2024-11-15,MW,13,59.14,768.82
BI100028,2024-11-15,MW,13,59.14,768.82
BI100028,2024-11-15,TX,12,59.14,709.68
BI100028,2024-11-15,TX,12,59.14,709.68
BI100028,2024-11-15,TX,13,59.14,768.82
BI100028,2024-11-15,MTN,17,59.14,1005.38
BI100028,2024-11-15,MTN,18,59.14,1064.52
BI100028,2024-11-15,PSW,14,59.14,827.96
BI100028,2024-11-15,PSW,15,59.14,887.1
BI100028,2024-11-15,PNW,12,59.14,709.68
BI100028,2024-11-15,PNW,13,59.14,768.82
BI100028,2024-11-15,PNW,13,59.14,768.82
BI100028,2024-12-15,NE,12,59.14,709.68
BI100028,2024-12-15,NE,12,59.14,709.68
BI100028,2024-12-15,NE,12,59.14,709.68
BI100028,2024-12-15,MA,15,59.14,887.1
BI100028,2024-12-15,MA,15,59.14,887.1
BI100028,2024-12-15,SE,15,59.14,887.1
BI100028,2024-12-15,SE,16,59.14,946.24
BI100028,2024-12-15,MW,12,59.14,709.68
BI100028,2024-12-15,MW,12,59.14,709.68
BI100028,2024-12-15,MW,13,59.14,768.82
BI100028,2024-12-15,TX,16,59.14,946.24
BI100028,2024-12-15,TX,17,59.14,1005.38
BI100028,2024-12-15,MTN,17,59.14,1005.38
BI100028,2024-12-15,MTN,18,59.14,1064.52
BI100028,2024-12-15,PSW,13,59.14,768.82
BI100028,2024-12-15,PSW,13,59.14,768.82
BI100028,2024-12-15,PNW,13,59.14,768.82
BI100028,2024-12-15,PNW,13,59.14,768.82
BI100028,2024-12-15,PNW,14,59.14,827.96
BI100028,2025-01-15,NE,13,59.14,768.82
BI100028,2025-01-15,NE,13,59.14,768.82
BI100028,2025-01-15,NE,14,59.14,827.96
BI100028,2025-01-15,MA,15,59.14,887.1
BI100028,2025-01-15,MA,15,59.14,887.1
BI100028,2025-01-15,SE,17,59.14,1005.38
BI100028,2025-01-15,SE,18,59.14,1064.52
BI100028,2025-01-15,MW,13,59.14,768.82
BI100028,2025-01-15,MW,13,59.14,768.82
BI100028,2025-01-15,MW,13,59.14,768.82
BI100028,2025-01-15,TX,13,69.79,907.27
BI100028,2025-01-15,TX,14,69.79,977.06
BI100028,2025-01-15,MTN,13,59.14,768.82
BI100028,2025-01-15,MTN,13,59.14,768.82
BI100028,2025-01-15,MTN,13,59.14,768.82
BI100028,2025-01-15,PSW,14,59.14,827.96
BI100028,2025-01-15,PSW,15,59.14,887.1
BI100028,2025-01-15,PNW,14,59.14,827.96
BI100028,2025-01-15,PNW,14,59.14,827.96
BI100028,2025-01-15,PNW,15,59.14,887.1
BI100028,2025-02-15,NE,12,59.14,709.68
BI100028,2025-02-15,NE,12,59.14,709.68
BI100028,2025-02-15,NE,12,59.14,709.68
BI100028,2025-02-15,NE,13,59.14,768.82
BI100028,2025-02-15,MA,17,59.14,1005.38
BI100028,2025-02-15,MA,17,59.14,1005.38
BI100028,2025-02-15,SE,12,59.14,709.68
BI100028,2025-02-15,SE,12,59.14,709.68
BI100028,2025-02-15,SE,13,59.14,768.82
BI100028,2025-02-15,MW,14,59.14,827.96
BI100028,2025-02-15,MW,14,59.14,827.96
BI100028,2025-02-15,MW,14,59.14,827.96
BI100028,2025-02-15,TX,14,69.79,977.06
BI100028,2025-02-15,TX,15,69.79,1046.85
BI100028,2025-02-15,MTN,14,59.14,827.96
BI100028,2025-02-15,MTN,14,59.14,827.96
BI100028,2025-02-15,MTN,14,59.14,827.96
BI100028,2025-02-15,PSW,16,59.14,946.24
BI100028,2025-02-15,PSW,16,59.14,946.24
BI100028,2025-02-15,PNW,12,59.14,709.68
BI100028,2025-02-15,PNW,12,59.14,709.68
BI100028,2025-02-15,PNW,12,59.14,709.68
BI100028,2025-02-15,PNW,12,59.14,709.68
BI100028,2025-03-15,NE,12,59.14,709.68
BI100028,2025-03-15,NE,12,59.14,709.68
BI100028,2025-03-15,NE,12,59.14,709.68
BI100028,2025-03-15,NE,12,59.14,709.68
BI100028,2025-03-15,MA,14,59.14,827.96
BI100028,2025-03-15,MA,14,59.14,827.96
BI100028,2025-03-15,MA,14,59.14,827.96
BI100028,2025-03-15,SE,15,59.14,887.1
BI100028,2025-03-15,SE,15,59.14,887.1
BI100028,2025-03-15,SE,15,59.14,887.1
BI100028,2025-03-15,MW,12,59.14,709.68
BI100028,2025-03-15,MW,13,59.14,768.82
BI100028,2025-03-15,MW,13,59.14,768.82
BI100028,2025-03-15,MW,13,59.14,768.82
BI100028,2025-03-15,TX,15,59.14,887.1
BI100028,2025-03-15,TX,15,59.14,887.1
BI100028,2025-03-15,TX,15,59.14,887.1
BI100028,2025-03-15,MTN,12,59.14,709.68
BI100028,2025-03-15,MTN,12,59.14,709.68
BI100028,2025-03-15,MTN,12,59.14,709.68
BI100028,2025-03-15,MTN,12,59.14,709.68
BI100028,2025-03-15,PSW,17,59.14,1005.38
BI100028,2025-03-15,PSW,18,59.14,1064.52
BI100028,2025-03-15,PNW,13,59.14,768.82
BI100028,2025-03-15,PNW,13,59.14,768.82
BI100028,2025-03-15,PNW,14,59.14,827.96
BI100028,2025-03-15,PNW,14,59.14,827.96
BI100028,2025-04-15,NE,14,59.14,827.96
BI100028,2025-04-15,NE,14,59.14,827.96
BI100028,2025-04-15,NE,14,59.14,827.96
BI100028,2025-04-15,NE,15,59.14,887.1
BI100028,2025-04-15,MA,14,59.14,827.96
BI100028,2025-04-15,MA,15,59.14,887.1
BI100028,2025-04-15,MA,15,59.14,887.1
BI100028,2025-04-15,SE,15,59.14,887.1
BI100028,2025-04-15,SE,16,59.14,946.24
BI100028,2025-04-15,SE,16,59.14,946.24
BI100028,2025-04-15,MW,14,59.14,827.96
BI100028,2025-04-15,MW,14,59.14,827.96
BI100028,2025-04-15,MW,14,59.14,827.96
BI100028,2025-04-15,MW,15,59.14,887.1
BI100028,2025-04-15,TX,13,59.14,768.82
BI100028,2025-04-15,TX,13,59.14,768.82
BI100028,2025-04-15,TX,13,59.14,768.82
BI100028,2025-04-15,TX,13,59.14,768.82
BI100028,2025-04-15,MTN,14,59.14,827.96
BI100028,2025-04-15,MTN,15,59.14,887.1
BI100028,2025-04-15,MTN,15,59.14,887.1
BI100028,2025-04-15,MTN,15,59.14,887.1
BI100028,2025-04-15,PSW,14,59.14,827.96
BI100028,2025-04-15,PSW,15,59.14,887.1
BI100028,2025-04-15,PSW,15,59.14,887.1
BI100028,2025-04-15,PNW,14,59.14,827.96
BI100028,2025-04-15,PNW,14,59.14,827.96
BI100028,2025-04-15,PNW,14,59.14,827.96
BI100028,2025-04-15,PNW,14,59.14,827.96
BI100028,2025-05-15,NE,12,59.14,709.68
BI100028,2025-05-15,NE,12,59.14,709.68
BI100028,2025-05-15,NE,12,59.14,709.68
BI100028,2025-05-15,NE,12,59.14,709.68
BI100028,2025-05-15,NE,12,59.14,709.68
BI100028,2025-05-15,MA,12,59.14,709.68
BI100028,2025-05-15,MA,13,59.14,768.82
BI100028,2025-05-15,MA,13,59.14,768.82
BI100028,2025-05-15,MA,13,59.14,768.82
BI100028,2025-05-15,SE,13,59.14,768.82
BI100028,2025-05-15,SE,14,59.14,827.96
BI100028,2025-05-15,SE,14,59.14,827.96
BI100028,2025-05-15,SE,14,59.14,827.96
BI100028,2025-05-15,MW,13,59.14,768.82
BI100028,2025-05-15,MW,13,59.14,768.82
BI100028,2025-05-15,MW,13,59.14,768.82
BI100028,2025-05-15,MW,13,59.14,768.82
BI100028,2025-05-15,MW,14,59.14,827.96
BI100028,2025-05-15,TX,14,59.14,827.96
BI100028,2025-05-15,TX,14,59.14,827.96
BI100028,2025-05-15,TX,14,59.14,827.96
BI100028,2025-05-15,TX,15,59.14,887.1
BI100028,2025-05-15,MTN,12,59.14,709.68
BI100028,2025-05-15,MTN,12,59.14,709.68
BI100028,2025-05-15,MTN,13,59.14,768.82
BI100028,2025-05-15,MTN,13,59.14,768.82
BI100028,2025-05-15,MTN,13,59.14,768.82
BI100028,2025-05-15,PSW,15,59.14,887.1
BI100028,2025-05-15,PSW,15,59.14,887.1
BI100028,2025-05-15,PSW,16,59.14,946.24
BI100028,2025-05-15,PNW,12,59.14,709.68
BI100028,2025-05-15,PNW,12,59.14,709.68
BI100028,2025-05-15,PNW,13,59.14,768.82
BI100028,2025-05-15,PNW,13,59.14,768.82
BI100028,2025-05-15,PNW,13,59.14,768.82
BI100028,2025-06-15,NE,13,59.14,768.82
BI100028,2025-06-15,NE,14,59.14,827.96
BI100028,2025-06-15,NE,14,59.14,827.96
BI100028,2025-06-15,NE,14,59.14,827.96
BI100028,2025-06-15,NE,14,59.14,827.96
BI100028,2025-06-15,MA,13,59.14,768.82
BI100028,2025-06-15,MA,13,59.14,768.82
BI100028,2025-06-15,MA,14,59.14,827.96
BI100028,2025-06-15,MA,14,59.14,827.96
BI100028,2025-06-15,SE,13,59.14,768.82
BI100028,2025-06-15,SE,13,59.14,768.82
BI100028,2025-06-15,SE,13,59.14,768.82
BI100028,2025-06-15,SE,14,59.14,827.96
BI100028,2025-06-15,MW,12,59.14,709.68
BI100028,2025-06-15,MW,12,59.14,709.68
BI100028,2025-06-15,MW,12,59.14,709.68
BI100028,2025-06-15,MW,13,59.14,768.82
BI100028,2025-06-15,MW,13,59.14,768.82
BI100028,2025-06-15,TX,13,59.14,768.82
BI100028,2025-06-15,TX,14,59.14,827.96
BI100028,2025-06-15,TX,14,59.14,827.96
BI100028,2025-06-15,TX,14,59.14,827.96
BI100028,2025-06-15,MTN,12,59.14,709.68
BI100028,2025-06-15,MTN,12,59.14,709.68
BI100028,2025-06-15,MTN,12,59.14,709.68
BI100028,2025-06-15,MTN,13,59.14,768.82
BI100028,2025-06-15,MTN,13,59.14,768.82
BI100028,2025-06-15,PSW,12,59.14,709.68
BI100028,2025-06-15,PSW,12,59.14,709.68
BI100028,2025-06-15,PSW,12,59.14,709.68
BI100028,2025-06-15,PSW,12,59.14,709.68
BI100028,2025-06-15,PNW,13,59.14,768.82
BI100028,2025-06-15,PNW,13,59.14,768.82
BI100028,2025-06-15,PNW,13,59.14,768.82
BI100028,2025-06-15,PNW,13,59.14,768.82
BI100028,2025-06-15,PNW,13,59.14,768.82
BI100028,2025-07-15,NE,13,59.14,768.82
BI100028,2025-07-15,NE,13,59.14,768.82
BI100028,2025-07-15,NE,14,59.14,827.96
BI100028,2025-07-15,NE,14,59.14,827.96
BI100028,2025-07-15,NE,14,59.14,827.96
BI100028,2025-07-15,MA,12,59.14,709.68
BI100028,2025-07-15,MA,12,59.14,709.68
BI100028,2025-07-15,MA,13,59.14,768.82
BI100028,2025-07-15,MA,13,59.14,768.82
BI100028,2025-07-15,SE,12,59.14,709.68
BI100028,2025-07-15,SE,13,59.14,768.82
BI100028,2025-07-15,SE,13,59.14,768.82
BI100028,2025-07-15,SE,13,59.14,768.82
BI100028,2025-07-15,MW,12,59.14,709.68
BI100028,2025-07-15,MW,12,59.14,709.68
BI100028,2025-07-15,MW,12,59.14,709.68
BI100028,2025-07-15,MW,13,59.14,768.82
BI100028,2025-07-15,MW,13,59.14,768.82
BI100028,2025-07-15,TX,12,59.14,709.68
BI100028,2025-07-15,TX,12,59.14,709.68
BI100028,2025-07-15,TX,12,59.14,709.68
BI100028,2025-07-15,TX,12,59.14,709.68
BI100028,2025-07-15,TX,12,59.14,709.68
BI100028,2025-07-15,MTN,12,59.14,709.68
BI100028,2025-07-15,MTN,12,59.14,709.68
BI100028,2025-07-15,MTN,12,59.14,709.68
BI100028,2025-07-15,MTN,12,59.14,709.68
BI100028,2025-07-15,MTN,12,59.14,709.68
BI100028,2025-07-15,PSW,12,59.14,709.68
BI100028,2025-07-15,PSW,12,59.14,709.68
BI100028,2025-07-15,PSW,12,59.14,709.68
BI100028,2025-07-15,PSW,12,59.14,709.68
BI100028,2025-07-15,PNW,12,59.14,709.68
BI100028,2025-07-15,PNW,13,59.14,768.82
BI100028,2025-07-15,PNW,13,59.14,768.82
BI100028,2025-07-15,PNW,13,59.14,768.82
BI100028,2025-07-15,PNW,13,59.14,768.82
BI100028,2025-08-15,NE,12,59.14,709.68
BI100028,2025-08-15,NE,12,59.14,709.68
BI100028,2025-08-15,NE,13,59.14,768.82
BI100028,2025-08-15,NE,13,59.14,768.82
BI100028,2025-08-15,NE,13,59.14,768.82
BI100028,2025-08-15,MA,15,59.14,887.1
BI100028,2025-08-15,MA,15,59.14,887.1
BI100028,2025-08-15,MA,15,59.14,887.1
BI100028,2025-08-15,SE,15,59.14,887.1
BI100028,2025-08-15,SE,16,59.14,946.24
BI100028,2025-08-15,SE,16,59.14,946.24
BI100028,2025-08-15,MW,14,59.14,827.96
BI100028,2025-08-15,MW,14,59.14,827.96
BI100028,2025-08-15,MW,14,59.14,827.96
BI100028,2025-08-15,MW,14,59.14,827.96
BI100028,2025-08-15,TX,12,59.14,709.68
BI100028,2025-08-15,TX,13,59.14,768.82
BI100028,2025-08-15,TX,13,59.14,768.82
BI100028,2025-08-15,TX,13,59.14,768.82
BI100028,2025-08-15,MTN,13,59.14,768.82
BI100028,2025-08-15,MTN,14,59.14,827.96
BI100028,2025-08-15,MTN,14,59.14,827.96
BI100028,2025-08-15,MTN,14,59.14,827.96
BI100028,2025-08-15,PSW,15,59.14,887.1
BI100028,2025-08-15,PSW,15,59.14,887.1
BI100028,2025-08-15,PSW,15,59.14,887.1
BI100028,2025-08-15,PNW,14,59.14,827.96
BI100028,2025-08-15,PNW,14,59.14,827.96
BI100028,2025-08-15,PNW,14,59.14,827.96
BI100028,2025-08-15,PNW,15,59.14,887.1
BI100028,2025-09-15,NE,14,59.14,827.96
BI100028,2025-09-15,NE,14,59.14,827.96
BI100028,2025-09-15,NE,14,59.14,827.96
BI100028,2025-09-15,NE,14,59.14,827.96
BI100028,2025-09-15,MA,15,59.14,887.1
BI100028,2025-09-15,MA,15,59.14,887.1
BI100028,2025-09-15,MA,15,59.14,887.1
BI100028,2025-09-15,SE,14,59.14,827.96
BI100028,2025-09-15,SE,14,59.14,827.96
BI100028,2025-09-15,SE,15,59.14,887.1
BI100028,2025-09-15,MW,13,59.14,768.82
BI100028,2025-09-15,MW,13,59.14,768.82
BI100028,2025-09-15,MW,13,59.14,768.82
BI100028,2025-09-15,MW,14,59.14,827.96
BI100028,2025-09-15,TX,12,59.14,709.68
BI100028,2025-09-15,TX,12,59.14,709.68
BI100028,2025-09-15,TX,13,59.14,768.82
BI100028,2025-09-15,TX,13,59.14,768.82
BI100028,2025-09-15,MTN,12,59.14,709.68
BI100028,2025-09-15,MTN,12,59.14,709.68
BI100028,2025-09-15,MTN,12,59.14,709.68
BI100028,2025-09-15,MTN,12,59.14,709.68
BI100028,2025-09-15,PSW,12,59.14,709.68
BI100028,2025-09-15,PSW,12,59.14,709.68
BI100028,2025-09-15,PSW,13,59.14,768.82
BI100028,2025-09-15,PNW,12,59.14,709.68
BI100028,2025-09-15,PNW,12,59.14,709.68
BI100028,2025-09-15,PNW,13,59.14,768.82
BI100028,2025-09-15,PNW,13,59.14,768.82
BI100028,2025-10-15,NE,12,59.14,709.68
BI100028,2025-10-15,NE,12,59.14,709.68
BI100028,2025-10-15,NE,13,59.14,768.82
BI100028,2025-10-15,NE,13,59.14,768.82
BI100028,2025-10-15,MA,12,59.14,709.68
BI100028,2025-10-15,MA,13,59.14,768.82
BI100028,2025-10-15,MA,13,59.14,768.82
BI100028,2025-10-15,SE,12,59.14,709.68
BI100028,2025-10-15,SE,13,59.14,768.82
BI100028,2025-10-15,SE,13,59.14,768.82
BI100028,2025-10-15,MW,15,59.14,887.1
BI100028,2025-10-15,MW,15,59.14,887.1
BI100028,2025-10-15,MW,16,59.14,946.24
BI100028,2025-10-15,TX,14,59.14,827.96
BI100028,2025-10-15,TX,15,59.14,887.1
BI100028,2025-10-15,TX,15,59.14,887.1
BI100028,2025-10-15,MTN,12,59.14,709.68
BI100028,2025-10-15,MTN,12,59.14,709.68
BI100028,2025-10-15,MTN,12,59.14,709.68
BI100028,2025-10-15,MTN,12,59.14,709.68
BI100028,2025-10-15,PSW,12,59.14,709.68
BI100028,2025-10-15,PSW,12,59.14,709.68
BI100028,2025-10-15,PSW,13,59.14,768.82
BI100028,2025-10-15,PNW,15,59.14,887.1
BI100028,2025-10-15,PNW,16,59.14,946.24
BI100028,2025-10-15,PNW,16,59.14,946.24
BI100028,2025-11-15,NE,15,59.14,887.1
BI100028,2025-11-15,NE,15,59.14,887.1
BI100028,2025-11-15,NE,15,59.14,887.1
BI100028,2025-11-15,MA,17,59.14,1005.38
BI100028,2025-11-15,MA,18,59.14,1064.52
BI100028,2025-11-15,SE,17,59.14,1005.38
BI100028,2025-11-15,SE,17,59.14,1005.38
BI100028,2025-11-15,MW,13,59.14,768.82
BI100028,2025-11-15,MW,14,59.14,827.96
BI100028,2025-11-15,MW,14,59.14,827.96
BI100028,2025-11-15,TX,17,59.14,1005.38
BI100028,2025-11-15,TX,18,59.14,1064.52
BI100028,2025-11-15,MTN,13,59.14,768.82
BI100028,2025-11-15,MTN,13,59.14,768.82
BI100028,2025-11-15,MTN,13,59.14,768.82
BI100028,2025-11-15,PSW,15,59.14,887.1
BI100028,2025-11-15,PSW,16,59.14,946.24
BI100028,2025-11-15,PNW,15,59.14,887.1
BI100028,2025-11-15,PNW,15,59.14,887.1
BI100028,2025-11-15,PNW,15,59.14,887.1
BI100028,2025-12-15,NE,14,59.14,827.96
BI100028,2025-12-15,NE,14,59.14,827.96
BI100028,2025-12-15,NE,15,59.14,887.1
BI100028,2025-12-15,MA,15,59.14,887.1
BI100028,2025-12-15,MA,16,59.14,946.24
BI100028,2025-12-15,SE,15,59.14,887.1
BI100028,2025-12-15,SE,16,59.14,946.24
BI100028,2025-12-15,MW,14,59.14,827.96
BI100028,2025-12-15,MW,15,59.14,887.1
BI100028,2025-12-15,MW,15,59.14,887.1
BI100028,2025-12-15,TX,17,59.14,1005.38
BI100028,2025-12-15,TX,17,59.14,1005.38
BI100028,2025-12-15,MTN,13,59.14,768.82
BI100028,2025-12-15,MTN,13,59.14,768.82
BI100028,2025-12-15,MTN,13,59.14,768.82
BI100028,2025-12-15,PSW,15,59.14,887.1
BI100028,2025-12-15,PSW,16,59.14,946.24
BI100028,2025-12-15,PNW,13,59.14,768.82
BI100028,2025-12-15,PNW,13,59.14,768.82
BI100028,2025-12-15,PNW,13,59.14,768.82
BI100035,2024-01-15,NE,14,76.18,1066.52
BI100035,2024-01-15,MA,13,76.18,990.34
BI100035,2024-01-15,SE,11,76.18,837.98
BI100035,2024-01-15,MW,13,76.18,990.34
BI100035,2024-01-15,TX,16,76.18,1218.88
BI100035,2024-01-15,MTN,16,76.18,1218.88
BI100035,2024-01-15,PSW,13,76.18,990.34
BI100035,2024-01-15,PNW,16,76.18,1218.88
BI100035,2024-02-15,NE,18,76.18,1371.24
BI100035,2024-02-15,MA,14,76.18,1066.52
BI100035,2024-02-15,SE,13,76.18,990.34
BI100035,2024-02-15,MW,15,76.18,1142.7
BI100035,2024-02-15,TX,16,76.18,1218.88
BI100035,2024-02-15,MTN,18,76.18,1371.24
BI100035,2024-02-15,PSW,15,76.18,1142.7
BI100035,2024-02-15,PNW,16,76.18,1218.88
BI100035,2024-03-15,NE,18,76.18,1371.24
BI100035,2024-03-15,MA,16,76.18,1218.88
BI100035,2024-03-15,SE,14,76.18,1066.52
BI100035,2024-03-15,MW,17,76.18,1295.06
BI100035,2024-03-15,TX,19,76.18,1447.42
BI100035,2024-03-15,MTN,21,76.18,1599.78
BI100035,2024-03-15,PSW,17,76.18,1295.06
BI100035,2024-03-15,PNW,20,76.18,1523.6
BI100035,2024-04-15,NE,12,76.18,914.16
BI100035,2024-04-15,NE,12,76.18,914.16
BI100035,2024-04-15,MA,19,76.18,1447.42
BI100035,2024-04-15,SE,15,76.18,1142.7
BI100035,2024-04-15,MW,20,76.18,1523.6
BI100035,2024-04-15,TX,23,76.18,1752.14
BI100035,2024-04-15,MTN,12,76.18,914.16
BI100035,2024-04-15,MTN,13,76.18,990.34
BI100035,2024-04-15,PSW,18,76.18,1371.24
BI100035,2024-04-15,PNW,22,76.18,1675.96
BI100035,2024-05-15,NE,13,76.18,990.34
BI100035,2024-05-15,NE,13,76.18,990.34
BI100035,2024-05-15,MA,21,76.18,1599.78
BI100035,2024-05-15,SE,18,76.18,1371.24
BI100035,2024-05-15,MW,23,76.18,1752.14
BI100035,2024-05-15,TX,12,76.18,914.16
BI100035,2024-05-15,TX,12,76.18,914.16
BI100035,2024-05-15,MTN,12,76.18,914.16
BI100035,2024-05-15,MTN,13,76.18,990.34
BI100035,2024-05-15,PSW,20,76.18,1523.6
BI100035,2024-05-15,PNW,22,76.18,1675.96
BI100035,2024-06-15,NE,12,76.18,914.16
BI100035,2024-06-15,NE,12,76.18,914.16
BI100035,2024-06-15,MA,22,76.18,1675.96
BI100035,2024-06-15,SE,19,76.18,1447.42
BI100035,2024-06-15,MW,22,76.18,1675.96
BI100035,2024-06-15,TX,12,76.18,914.16
BI100035,2024-06-15,TX,12,76.18,914.16
BI100035,2024-06-15,MTN,13,76.18,990.34
BI100035,2024-06-15,MTN,13,76.18,990.34
BI100035,2024-06-15,PSW,19,76.18,1447.42
BI100035,2024-06-15,PNW,12,76.18,914.16
BI100035,2024-06-15,PNW,12,76.18,914.16
BI100035,2024-07-15,NE,12,76.18,914.16
BI100035,2024-07-15,NE,13,76.18,990.34
BI100035,2024-07-15,MA,23,76.18,1752.14
BI100035,2024-07-15,SE,16,76.18,1218.88
BI100035,2024-07-15,MW,21,76.18,1599.78
BI100035,2024-07-15,TX,23,76.18,1752.14
BI100035,2024-07-15,MTN,12,76.18,914.16
BI100035,2024-07-15,MTN,12,76.18,914.16
BI100035,2024-07-15,PSW,19,76.18,1447.42
BI100035,2024-07-15,PNW,12,76.18,914.16
BI100035,2024-07-15,PNW,12,76.18,914.16
BI100035,2024-08-15,NE,12,76.18,914.16
BI100035,2024-08-15,NE,12,76.18,914.16
BI100035,2024-08-15,MA,21,76.18,1599.78
BI100035,2024-08-15,SE,17,76.18,1295.06
BI100035,2024-08-15,MW,21,76.18,1599.78
BI100035,2024-08-15,TX,22,76.18,1675.96
BI100035,2024-08-15,MTN,23,76.18,1752.14
BI100035,2024-08-15,PSW,18,76.18,1371.24
BI100035,2024-08-15,PNW,21,76.18,1599.78
BI100035,2024-09-15,NE,20,76.18,1523.6
BI100035,2024-09-15,MA,18,76.18,1371.24
BI100035,2024-09-15,SE,14,76.18,1066.52
BI100035,2024-09-15,MW,18,76.18,1371.24
BI100035,2024-09-15,TX,22,76.18,1675.96
BI100035,2024-09-15,MTN,23,76.18,1752.14
BI100035,2024-09-15,PSW,18,76.18,1371.24
BI100035,2024-09-15,PNW,21,76.18,1599.78
BI100035,2024-10-15,NE,17,76.18,1295.06
BI100035,2024-10-15,MA,15,76.18,1142.7
BI100035,2024-10-15,SE,12,76.18,914.16
BI100035,2024-10-15,MW,17,76.18,1295.06
BI100035,2024-10-15,TX,19,76.18,1447.42
BI100035,2024-10-15,MTN,20,76.18,1523.6
BI100035,2024-10-15,PSW,14,76.18,1066.52
BI100035,2024-10-15,PNW,17,76.18,1295.06
BI100035,2024-11-15,NE,16,76.18,1218.88
BI100035,2024-11-15,MA,14,76.18,1066.52
BI100035,2024-11-15,SE,12,76.18,914.16
BI100035,2024-11-15,MW,14,76.18,1066.52
BI100035,2024-11-15,TX,17,76.18,1295.06
BI100035,2024-11-15,MTN,17,76.18,1295.06
BI100035,2024-11-15,PSW,13,76.18,990.34
BI100035,2024-11-15,PNW,15,76.18,1142.7
BI100035,2024-12-15,NE,16,76.18,1218.88
BI100035,2024-12-15,MA,14,76.18,1066.52
BI100035,2024-12-15,SE,10,76.18,761.8
BI100035,2024-12-15,MW,13,76.18,990.34
BI100035,2024-12-15,TX,15,76.18,1142.7
BI100035,2024-12-15,MTN,16,76.18,1218.88
BI100035,2024-12-15,PSW,12,76.18,914.16
BI100035,2024-12-15,PNW,17,76.18,1295.06
BI100035,2025-01-15,NE,15,76.18,1142.7
BI100035,2025-01-15,MA,14,76.18,1066.52
BI100035,2025-01-15,SE,12,76.18,914.16
BI100035,2025-01-15,MW,14,76.18,1066.52
BI100035,2025-01-15,TX,17,76.18,1295.06
BI100035,2025-01-15,MTN,18,76.18,1371.24
BI100035,2025-01-15,PSW,15,76.18,1142.7
BI100035,2025-01-15,PNW,17,76.18,1295.06
BI100035,2025-02-15,NE,17,76.18,1295.06
BI100035,2025-02-15,MA,17,76.18,1295.06
BI100035,2025-02-15,SE,13,76.18,990.34
BI100035,2025-02-15,MW,17,76.18,1295.06
BI100035,2025-02-15,TX,17,76.18,1295.06
BI100035,2025-02-15,MTN,20,76.18,1523.6
BI100035,2025-02-15,PSW,15,76.18,1142.7
BI100035,2025-02-15,PNW,17,76.18,1295.06
BI100035,2025-03-15,NE,22,76.18,1675.96
BI100035,2025-03-15,MA,19,76.18,1447.42
BI100035,2025-03-15,SE,16,76.18,1218.88
BI100035,2025-03-15,MW,18,76.18,1371.24
BI100035,2025-03-15,TX,20,76.18,1523.6
BI100035,2025-03-15,MTN,22,76.18,1675.96
BI100035,2025-03-15,PSW,17,76.18,1295.06
BI100035,2025-03-15,PNW,20,76.18,1523.6
BI100035,2025-04-15,NE,12,76.18,914.16
BI100035,2025-04-15,NE,12,76.18,914.16
BI100035,2025-04-15,MA,20,76.18,1523.6
BI100035,2025-04-15,SE,16,76.18,1218.88
BI100035,2025-04-15,MW,22,76.18,1675.96
BI100035,2025-04-15,TX,23,76.18,1752.14
BI100035,2025-04-15,MTN,13,76.18,990.34
BI100035,2025-04-15,MTN,13,76.18,990.34
BI100035,2025-04-15,PSW,19,76.18,1447.42
BI100035,2025-04-15,PNW,23,76.18,1752.14
BI100035,2025-05-15,NE,14,76.18,1066.52
BI100035,2025-05-15,NE,14,76.18,1066.52
BI100035,2025-05-15,MA,22,76.18,1675.96
BI100035,2025-05-15,SE,18,76.18,1371.24
BI100035,2025-05-15,MW,12,76.18,914.16
BI100035,2025-05-15,MW,13,76.18,990.34
BI100035,2025-05-15,TX,12,76.18,914.16
BI100035,2025-05-15,TX,13,76.18,990.34
BI100035,2025-05-15,MTN,13,76.18,990.34
BI100035,2025-05-15,MTN,13,76.18,990.34
BI100035,2025-05-15,PSW,20,76.18,1523.6
BI100035,2025-05-15,PNW,12,76.18,914.16
BI100035,2025-05-15,PNW,12,76.18,914.16
BI100035,2025-06-15,NE,13,76.18,990.34
BI100035,2025-06-15,NE,14,76.18,1066.52
BI100035,2025-06-15,MA,12,76.18,914.16
BI100035,2025-06-15,MA,12,76.18,914.16
BI100035,2025-06-15,SE,19,76.18,1447.42
BI100035,2025-06-15,MW,23,76.18,1752.14
BI100035,2025-06-15,TX,13,76.18,990.34
BI100035,2025-06-15,TX,14,76.18,1066.52
BI100035,2025-06-15,MTN,13,76.18,990.34
BI100035,2025-06-15,MTN,14,76.18,1066.52
BI100035,2025-06-15,PSW,21,76.18,1599.78
BI100035,2025-06-15,PNW,12,76.18,914.16
BI100035,2025-06-15,PNW,13,76.18,990.34
BI100035,2025-07-15,NE,13,76.18,990.34
BI100035,2025-07-15,NE,14,76.18,1066.52
BI100035,2025-07-15,MA,22,76.18,1675.96
BI100035,2025-07-15,SE,19,76.18,1447.42
BI100035,2025-07-15,MW,12,76.18,914.16
BI100035,2025-07-15,MW,12,76.18,914.16
BI100035,2025-07-15,TX,12,76.18,914.16
BI100035,2025-07-15,TX,13,76.18,990.34
BI100035,2025-07-15,MTN,14,76.18,1066.52
BI100035,2025-07-15,MTN,15,76.18,1142.7
BI100035,2025-07-15,PSW,22,76.18,1675.96
BI100035,2025-07-15,PNW,13,76.18,990.34
BI100035,2025-07-15,PNW,14,76.18,1066.52
BI100035,2025-08-15,NE,12,76.18,914.16
BI100035,2025-08-15,NE,13,76.18,990.34
BI100035,2025-08-15,MA,20,76.18,1523.6
BI100035,2025-08-15,SE,18,76.18,1371.24
BI100035,2025-08-15,MW,21,76.18,1599.78
BI100035,2025-08-15,TX,12,76.18,914.16
BI100035,2025-08-15,TX,13,76.18,990.34
BI100035,2025-08-15,MTN,12,76.18,914.16
BI100035,2025-08-15,MTN,12,76.18,914.16
BI100035,2025-08-15,PSW,19,76.18,1447.42
BI100035,2025-08-15,PNW,12,76.18,914.16
BI100035,2025-08-15,PNW,13,76.18,990.34
BI100035,2025-09-15,NE,12,76.18,914.16
BI100035,2025-09-15,NE,12,76.18,914.16
BI100035,2025-09-15,MA,19,76.18,1447.42
BI100035,2025-09-15,SE,17,76.18,1295.06
BI100035,2025-09-15,MW,19,76.18,1447.42
BI100035,2025-09-15,TX,20,76.18,1523.6
BI100035,2025-09-15,MTN,21,76.18,1599.78
BI100035,2025-09-15,PSW,19,76.18,1447.42
BI100035,2025-09-15,PNW,22,76.18,1675.96
BI100035,2025-10-15,NE,21,76.18,1599.78
BI100035,2025-10-15,MA,17,76.18,1295.06
BI100035,2025-10-15,SE,14,76.18,1066.52
BI100035,2025-10-15,MW,16,76.18,1218.88
BI100035,2025-10-15,TX,18,76.18,1371.24
BI100035,2025-10-15,MTN,21,76.18,1599.78
BI100035,2025-10-15,PSW,16,76.18,1218.88
BI100035,2025-10-15,PNW,20,76.18,1523.6
BI100035,2025-11-15,NE,18,76.18,1371.24
BI100035,2025-11-15,MA,15,76.18,1142.7
BI100035,2025-11-15,SE,13,76.18,990.34
BI100035,2025-11-15,MW,17,76.18,1295.06
BI100035,2025-11-15,TX,17,76.18,1295.06
BI100035,2025-11-15,MTN,19,76.18,1447.42
BI100035,2025-11-15,PSW,14,76.18,1066.52
BI100035,2025-11-15,PNW,17,76.18,1295.06
BI100035,2025-12-15,NE,16,76.18,1218.88
BI100035,2025-12-15,MA,15,76.18,1142.7
BI100035,2025-12-15,SE,13,76.18,990.34
BI100035,2025-12-15,MW,16,76.18,1218.88
BI100035,2025-12-15,TX,15,76.18,1142.7
BI100035,2025-12-15,MTN,17,76.18,1295.06
BI100035,2025-12-15,PSW,13,76.18,990.34
BI100035,2025-12-15,PNW,16,76.18,1218.88
BI100042,2024-01-15,NE,12,186.99,2243.88
BI100042,2024-01-15,NE,13,186.99,2430.87
BI100042,2024-01-15,NE,13,186.99,2430.87
BI100042,2024-01-15,MA,12,186.99,2243.88
BI100042,2024-01-15,MA,12,186.99,2243.88
BI100042,2024-01-15,MA,12,186.99,2243.88
BI100042,2024-01-15,SE,14,186.99,2617.86
BI100042,2024-01-15,SE,14,186.99,2617.86
BI100042,2024-01-15,SE,14,186.99,2617.86
BI100042,2024-01-15,MW,15,186.99,2804.85
BI100042,2024-01-15,MW,15,186.99,2804.85
BI100042,2024-01-15,MW,15,186.99,2804.85
BI100042,2024-01-15,TX,13,186.99,2430.87
BI100042,2024-01-15,TX,13,186.99,2430.87
BI100042,2024-01-15,TX,14,186.99,2617.86
BI100042,2024-01-15,TX,14,186.99,2617.86
BI100042,2024-01-15,MTN,14,186.99,2617.86
BI100042,2024-01-15,MTN,15,186.99,2804.85
BI100042,2024-01-15,MTN,15,186.99,2804.85
BI100042,2024-01-15,PSW,15,186.99,2804.85
BI100042,2024-01-15,PSW,15,186.99,2804.85
BI100042,2024-01-15,PSW,15,186.99,2804.85
BI100042,2024-01-15,PNW,17,186.99,3178.83
BI100042,2024-01-15,PNW,17,186.99,3178.83
BI100042,2024-02-15,NE,14,186.99,2617.86
BI100042,2024-02-15,NE,14,186.99,2617.86
BI100042,2024-02-15,NE,15,186.99,2804.85
BI100042,2024-02-15,MA,12,186.99,2243.88
BI100042,2024-02-15,MA,13,186.99,2430.87
BI100042,2024-02-15,MA,13,186.99,2430.87
BI100042,2024-02-15,SE,13,186.99,2430.87
BI100042,2024-02-15,SE,13,186.99,2430.87
BI100042,2024-02-15,SE,13,186.99,2430.87
BI100042,2024-02-15,SE,13,186.99,2430.87
BI100042,2024-02-15,MW,12,186.99,2243.88
BI100042,2024-02-15,MW,13,186.99,2430.87
BI100042,2024-02-15,MW,13,186.99,2430.87
BI100042,2024-02-15,MW,13,186.99,2430.87
BI100042,2024-02-15,TX,12,186.99,2243.88
BI100042,2024-02-15,TX,12,186.99,2243.88
BI100042,2024-02-15,TX,12,186.99,2243.88
BI100042,2024-02-15,TX,13,186.99,2430.87
BI100042,2024-02-15,TX,13,186.99,2430.87
BI100042,2024-02-15,MTN,15,186.99,2804.85
BI100042,2024-02-15,MTN,15,186.99,2804.85
BI100042,2024-02-15,MTN,16,186.99,2991.84
BI100042,2024-02-15,PSW,12,186.99,2243.88
BI100042,2024-02-15,PSW,12,186.99,2243.88
BI100042,2024-02-15,PSW,12,186.99,2243.88
BI100042,2024-02-15,PSW,13,186.99,2430.87
BI100042,2024-02-15,PNW,12,186.99,2243.88
BI100042,2024-02-15,PNW,13,186.99,2430.87
BI100042,2024-02-15,PNW,13,186.99,2430.87
BI100042,2024-03-15,NE,15,186.99,2804.85
BI100042,2024-03-15,NE,16,186.99,2991.84
BI100042,2024-03-15,NE,16,186.99,2991.84
BI100042,2024-03-15,MA,15,186.99,2804.85
BI100042,2024-03-15,MA,16,186.99,2991.84
BI100042,2024-03-15,MA,16,186.99,2991.84
BI100042,2024-03-15,SE,14,186.99,2617.86
BI100042,2024-03-15,SE,15,186.99,2804.85
BI100042,2024-03-15,SE,15,186.99,2804.85
BI100042,2024-03-15,SE,15,186.99,2804.85
BI100042,2024-03-15,MW,14,186.99,2617.86
BI100042,2024-03-15,MW,14,186.99,2617.86
BI100042,2024-03-15,MW,15,186.99,2804.85
BI100042,2024-03-15,MW,15,186.99,2804.85
BI100042,2024-03-15,TX,14,186.99,2617.86
BI100042,2024-03-15,TX,14,186.99,2617.86
BI100042,2024-03-15,TX,14,186.99,2617.86
BI100042,2024-03-15,TX,14,186.99,2617.86
BI100042,2024-03-15,TX,14,186.99,2617.86
BI100042,2024-03-15,MTN,13,186.99,2430.87
BI100042,2024-03-15,MTN,13,186.99,2430.87
BI100042,2024-03-15,MTN,13,186.99,2430.87
BI100042,2024-03-15,MTN,14,186.99,2617.86
BI100042,2024-03-15,PSW,13,186.99,2430.87
BI100042,2024-03-15,PSW,14,186.99,2617.86
BI100042,2024-03-15,PSW,14,186.99,2617.86
BI100042,2024-03-15,PSW,14,186.99,2617.86
BI100042,2024-03-15,PNW,14,186.99,2617.86
BI100042,2024-03-15,PNW,14,186.99,2617.86
BI100042,2024-03-15,PNW,14,186.99,2617.86
BI100042,2024-04-15,NE,12,186.99,2243.88
BI100042,2024-04-15,NE,12,186.99,2243.88
BI100042,2024-04-15,NE,13,186.99,2430.87
BI100042,2024-04-15,NE,13,186.99,2430.87
BI100042,2024-04-15,MA,12,186.99,2243.88
BI100042,2024-04-15,MA,12,186.99,2243.88
BI100042,2024-04-15,MA,12,186.99,2243.88
BI100042,2024-04-15,MA,12,186.99,2243.88
BI100042,2024-04-15,SE,12,186.99,2243.88
BI100042,2024-04-15,SE,12,186.99,2243.88
BI100042,2024-04-15,SE,12,186.99,2243.88
BI100042,2024-04-15,SE,13,186.99,2430.87
BI100042,2024-04-15,SE,13,186.99,2430.87
BI100042,2024-04-15,MW,13,186.99,2430.87
BI100042,2024-04-15,MW,14,186.99,2617.86
BI100042,2024-04-15,MW,14,186.99,2617.86
BI100042,2024-04-15,MW,14,186.99,2617.86
BI100042,2024-04-15,MW,14,186.99,2617.86
BI100042,2024-04-15,TX,13,186.99,2430.87
BI100042,2024-04-15,TX,13,186.99,2430.87
BI100042,2024-04-15,TX,13,186.99,2430.87
BI100042,2024-04-15,TX,13,186.99,2430.87
BI100042,2024-04-15,TX,14,186.99,2617.86
BI100042,2024-04-15,TX,14,186.99,2617.86
BI100042,2024-04-15,MTN,13,186.99,2430.87
BI100042,2024-04-15,MTN,13,186.99,2430.87
BI100042,2024-04-15,MTN,14,186.99,2617.86
BI100042,2024-04-15,MTN,14,186.99,2617.86
BI100042,2024-04-15,MTN,14,186.99,2617.86
BI100042,2024-04-15,PSW,13,186.99,2430.87
BI100042,2024-04-15,PSW,13,186.99,2430.87
BI100042,2024-04-15,PSW,13,186.99,2430.87
BI100042,2024-04-15,PSW,14,186.99,2617.86
BI100042,2024-04-15,PSW,14,186.99,2617.86
BI100042,2024-04-15,PNW,12,186.99,2243.88
BI100042,2024-04-15,PNW,13,186.99,2430.87
BI100042,2024-04-15,PNW,13,186.99,2430.87
BI100042,2024-04-15,PNW,13,186.99,2430.87
BI100042,2024-05-15,NE,12,186.99,2243.88
BI100042,2024-05-15,NE,12,186.99,2243.88
BI100042,2024-05-15,NE,12,186.99,2243.88
BI100042,2024-05-15,NE,12,186.99,2243.88
BI100042,2024-05-15,NE,13,186.99,2430.87
BI100042,2024-05-15,MA,14,186.99,2617.86
BI100042,2024-05-15,MA,14,186.99,2617.86
BI100042,2024-05-15,MA,14,186.99,2617.86
BI100042,2024-05-15,MA,14,186.99,2617.86
BI100042,2024-05-15,SE,12,186.99,2243.88
BI100042,2024-05-15,SE,12,186.99,2243.88
BI100042,2024-05-15,SE,12,186.99,2243.88
BI100042,2024-05-15,SE,12,186.99,2243.88
BI100042,2024-05-15,SE,12,186.99,2243.88
BI100042,2024-05-15,SE,13,186.99,2430.87
BI100042,2024-05-15,MW,14,186.99,2617.86
BI100042,2024-05-15,MW,14,186.99,2617.86
BI100042,2024-05-15,MW,14,186.99,2617.86
BI100042,2024-05-15,MW,14,186.99,2617.86
BI100042,2024-05-15,MW,14,186.99,2617.86
BI100042,2024-05-15,TX,13,186.99,2430.87
BI100042,2024-05-15,TX,13,186.99,2430.87
BI100042,2024-05-15,TX,13,186.99,2430.87
BI100042,2024-05-15,TX,13,186.99,2430.87
BI100042,2024-05-15,TX,13,186.99,2430.87
BI100042,2024-05-15,TX,14,186.99,2617.86
BI100042,2024-05-15,MTN,13,186.99,2430.87
BI100042,2024-05-15,MTN,13,186.99,2430.87
BI100042,2024-05-15,MTN,13,186.99,2430.87
BI100042,2024-05-15,MTN,13,186.99,2430.87
BI100042,2024-05-15,MTN,14,186.99,2617.86
BI100042,2024-05-15,PSW,12,186.99,2243.88
BI100042,2024-05-15,PSW,12,186.99,2243.88
BI100042,2024-05-15,PSW,12,186.99,2243.88
BI100042,2024-05-15,PSW,12,186.99,2243.88
BI100042,2024-05-15,PSW,12,186.99,2243.88
BI100042,2024-05-15,PSW,13,186.99,2430.87
BI100042,2024-05-15,PNW,13,186.99,2430.87
BI100042,2024-05-15,PNW,13,186.99,2430.87
BI100042,2024-05-15,PNW,14,186.99,2617.86
BI100042,2024-05-15,PNW,14,186.99,2617.86
BI100042,2024-06-15,NE,14,186.99,2617.86
BI100042,2024-06-15,NE,14,186.99,2617.86
BI100042,2024-06-15,NE,14,186.99,2617.86
BI100042,2024-06-15,NE,15,186.99,2804.85
BI100042,2024-06-15,MA,12,186.99,2243.88
BI100042,2024-06-15,MA,12,186.99,2243.88
BI100042,2024-06-15,MA,12,186.99,2243.88
BI100042,2024-06-15,MA,12,186.99,2243.88
BI100042,2024-06-15,MA,13,186.99,2430.87
BI100042,2024-06-15,SE,12,186.99,2243.88
BI100042,2024-06-15,SE,12,186.99,2243.88
BI100042,2024-06-15,SE,12,186.99,2243.88
BI100042,2024-06-15,SE,12,186.99,2243.88
BI100042,2024-06-15,SE,12,186.99,2243.88
BI100042,2024-06-15,SE,12,186.99,2243.88
BI100042,2024-06-15,MW,13,186.99,2430.87
BI100042,2024-06-15,MW,14,186.99,2617.86
BI100042,2024-06-15,MW,14,186.99,2617.86
BI100042,2024-06-15,MW,14,186.99,2617.86
BI100042,2024-06-15,MW,14,186.99,2617.86
BI100042,2024-06-15,MW,14,186.99,2617.86
BI100042,2024-06-15,TX,12,186.99,2243.88
BI100042,2024-06-15,TX,12,186.99,2243.88
BI100042,2024-06-15,TX,13,186.99,2430.87
BI100042,2024-06-15,TX,13,186.99,2430.87
BI100042,2024-06-15,TX,13,186.99,2430.87
BI100042,2024-06-15,TX,13,186.99,2430.87
BI100042,2024-06-15,TX,13,186.99,2430.87
BI100042,2024-06-15,MTN,13,186.99,2430.87
BI100042,2024-06-15,MTN,14,186.99,2617.86
BI100042,2024-06-15,MTN,14,186.99,2617.86
BI100042,2024-06-15,MTN,14,186.99,2617.86
BI100042,2024-06-15,MTN,14,186.99,2617.86
BI100042,2024-06-15,PSW,14,186.99,2617.86
BI100042,2024-06-15,PSW,14,186.99,2617.86
BI100042,2024-06-15,PSW,14,186.99,2617.86
BI100042,2024-06-15,PSW,14,186.99,2617.86
BI100042,2024-06-15,PSW,14,186.99,2617.86
BI100042,2024-06-15,PNW,13,186.99,2430.87
BI100042,2024-06-15,PNW,14,186.99,2617.86
BI100042,2024-06-15,PNW,14,186.99,2617.86
BI100042,2024-06-15,PNW,14,186.99,2617.86
BI100042,2024-07-15,NE,14,186.99,2617.86
BI100042,2024-07-15,NE,15,186.99,2804.85
BI100042,2024-07-15,NE,15,186.99,2804.85
BI100042,2024-07-15,NE,15,186.99,2804.85
BI100042,2024-07-15,MA,13,186.99,2430.87
BI100042,2024-07-15,MA,14,186.99,2617.86
BI100042,2024-07-15,MA,14,186.99,2617.86
BI100042,2024-07-15,MA,14,186.99,2617.86
BI100042,2024-07-15,SE,12,186.99,2243.88
BI100042,2024-07-15,SE,12,186.99,2243.88
BI100042,2024-07-15,SE,13,186.99,2430.87
BI100042,2024-07-15,SE,13,186.99,2430.87
BI100042,2024-07-15,SE,13,186.99,2430.87
BI100042,2024-07-15,SE,13,186.99,2430.87
BI100042,2024-07-15,MW,13,186.99,2430.87
BI100042,2024-07-15,MW,13,186.99,2430.87
BI100042,2024-07-15,MW,13,186.99,2430.87
BI100042,2024-07-15,MW,13,186.99,2430.87
BI100042,2024-07-15,MW,14,186.99,2617.86
BI100042,2024-07-15,MW,14,186.99,2617.86
BI100042,2024-07-15,TX,12,186.99,2243.88
BI100042,2024-07-15,TX,12,186.99,2243.88
BI100042,2024-07-15,TX,12,186.99,2243.88
BI100042,2024-07-15,TX,12,186.99,2243.88
BI100042,2024-07-15,TX,13,186.99,2430.87
BI100042,2024-07-15,TX,13,186.99,2430.87
BI100042,2024-07-15,TX,13,186.99,2430.87
BI100042,2024-07-15,MTN,14,186.99,2617.86
BI100042,2024-07-15,MTN,14,186.99,2617.86
BI100042,2024-07-15,MTN,14,186.99,2617.86
BI100042,2024-07-15,MTN,14,186.99,2617.86
BI100042,2024-07-15,MTN,15,186.99,2804.85
BI100042,2024-07-15,PSW,12,186.99,2243.88
BI100042,2024-07-15,PSW,12,186.99,2243.88
BI100042,2024-07-15,PSW,12,186.99,2243.88
BI100042,2024-07-15,PSW,12,186.99,2243.88
BI100042,2024-07-15,PSW,12,186.99,2243.88
BI100042,2024-07-15,PSW,13,186.99,2430.87
BI100042,2024-07-15,PNW,14,186.99,2617.86
BI100042,2024-07-15,PNW,14,186.99,2617.86
BI100042,2024-07-15,PNW,14,186.99,2617.86
BI100042,2024-07-15,PNW,15,186.99,2804.85
BI100042,2024-08-15,NE,13,186.99,2430.87
BI100042,2024-08-15,NE,14,186.99,2617.86
BI100042,2024-08-15,NE,14,186.99,2617.86
BI100042,2024-08-15,NE,14,186.99,2617.86
BI100042,2024-08-15,MA,13,186.99,2430.87
BI100042,2024-08-15,MA,13,186.99,2430.87
BI100042,2024-08-15,MA,13,186.99,2430.87
BI100042,2024-08-15,MA,13,186.99,2430.87
BI100042,2024-08-15,SE,13,186.99,2430.87
BI100042,2024-08-15,SE,13,186.99,2430.87
BI100042,2024-08-15,SE,13,186.99,2430.87
BI100042,2024-08-15,SE,13,186.99,2430.87
BI100042,2024-08-15,SE,14,186.99,2617.86
BI100042,2024-08-15,MW,12,186.99,2243.88
BI100042,2024-08-15,MW,12,186.99,2243.88
BI100042,2024-08-15,MW,12,186.99,2243.88
BI100042,2024-08-15,MW,12,186.99,2243.88
BI100042,2024-08-15,MW,12,186.99,2243.88
BI100042,2024-08-15,MW,12,186.99,2243.88
BI100042,2024-08-15,TX,13,186.99,2430.87
BI100042,2024-08-15,TX,13,186.99,2430.87
BI100042,2024-08-15,TX,14,186.99,2617.86
BI100042,2024-08-15,TX,14,186.99,2617.86
BI100042,2024-08-15,TX,14,186.99,2617.86
BI100042,2024-08-15,TX,14,186.99,2617.86
BI100042,2024-08-15,MTN,13,186.99,2430.87
BI100042,2024-08-15,MTN,13,186.99,2430.87
BI100042,2024-08-15,MTN,13,186.99,2430.87
BI100042,2024-08-15,MTN,13,186.99,2430.87
BI100042,2024-08-15,MTN,14,186.99,2617.86
BI100042,2024-08-15,PSW,12,186.99,2243.88
BI100042,2024-08-15,PSW,12,186.99,2243.88
BI100042,2024-08-15,PSW,12,186.99,2243.88
BI100042,2024-08-15,PSW,12,186.99,2243.88
BI100042,2024-08-15,PSW,12,186.99,2243.88
BI100042,2024-08-15,PNW,13,186.99,2430.87
BI100042,2024-08-15,PNW,13,186.99,2430.87
BI100042,2024-08-15,PNW,14,186.99,2617.86
BI100042,2024-08-15,PNW,14,186.99,2617.86
BI100042,2024-09-15,NE,15,186.99,2804.85
BI100042,2024-09-15,NE,16,186.99,2991.84
BI100042,2024-09-15,NE,16,186.99,2991.84
BI100042,2024-09-15,MA,12,186.99,2243.88
BI100042,2024-09-15,MA,12,186.99,2243.88
BI100042,2024-09-15,MA,12,186.99,2243.88
BI100042,2024-09-15,MA,12,186.99,2243.88
BI100042,2024-09-15,SE,14,186.99,2617.86
BI100042,2024-09-15,SE,15,186.99,2804.85
BI100042,2024-09-15,SE,15,186.99,2804.85
BI100042,2024-09-15,SE,15,186.99,2804.85
BI100042,2024-09-15,MW,12,186.99,2243.88
BI100042,2024-09-15,MW,12,186.99,2243.88
BI100042,2024-09-15,MW,12,186.99,2243.88
BI100042,2024-09-15,MW,12,186.99,2243.88
BI100042,2024-09-15,MW,13,186.99,2430.87
BI100042,2024-09-15,TX,13,186.99,2430.87
BI100042,2024-09-15,TX,13,186.99,2430.87
BI100042,2024-09-15,TX,13,186.99,2430.87
BI100042,2024-09-15,TX,14,186.99,2617.86
BI100042,2024-09-15,TX,14,186.99,2617.86
BI100042,2024-09-15,MTN,14,186.99,2617.86
BI100042,2024-09-15,MTN,14,186.99,2617.86
BI100042,2024-09-15,MTN,14,186.99,2617.86
BI100042,2024-09-15,MTN,15,186.99,2804.85
BI100042,2024-09-15,PSW,14,186.99,2617.86
BI100042,2024-09-15,PSW,14,186.99,2617.86
BI100042,2024-09-15,PSW,14,186.99,2617.86
BI100042,2024-09-15,PSW,14,186.99,2617.86
BI100042,2024-09-15,PNW,14,186.99,2617.86
BI100042,2024-09-15,PNW,14,186.99,2617.86
BI100042,2024-09-15,PNW,15,186.99,2804.85
BI100042,2024-10-15,NE,13,186.99,2430.87
BI100042,2024-10-15,NE,14,186.99,2617.86
BI100042,2024-10-15,NE,14,186.99,2617.86
BI100042,2024-10-15,MA,13,186.99,2430.87
BI100042,2024-10-15,MA,13,186.99,2430.87
BI100042,2024-10-15,MA,14,186.99,2617.86
BI100042,2024-10-15,SE,13,186.99,2430.87
BI100042,2024-10-15,SE,13,186.99,2430.87
BI100042,2024-10-15,SE,13,186.99,2430.87
BI100042,2024-10-15,SE,14,186.99,2617.86
BI100042,2024-10-15,MW,13,186.99,2430.87
BI100042,2024-10-15,MW,13,186.99,2430.87
BI100042,2024-10-15,MW,14,186.99,2617.86
BI100042,2024-10-15,MW,14,186.99,2617.86
BI100042,2024-10-15,TX,12,186.99,2243.88
BI100042,2024-10-15,TX,12,186.99,2243.88
BI100042,2024-10-15,TX,12,186.99,2243.88
BI100042,2024-10-15,TX,12,186.99,2243.88
BI100042,2024-10-15,TX,12,186.99,2243.88
BI100042,2024-10-15,MTN,12,186.99,2243.88
BI100042,2024-10-15,MTN,12,186.99,2243.88
BI100042,2024-10-15,MTN,12,186.99,2243.88
BI100042,2024-10-15,MTN,12,186.99,2243.88
BI100042,2024-10-15,PSW,12,186.99,2243.88
BI100042,2024-10-15,PSW,12,186.99,2243.88
BI100042,2024-10-15,PSW,13,186.99,2430.87
BI100042,2024-10-15,PSW,13,186.99,2430.87
BI100042,2024-10-15,PNW,13,186.99,2430.87
BI100042,2024-10-15,PNW,13,186.99,2430.87
BI100042,2024-10-15,PNW,14,186.99,2617.86
BI100042,2024-11-15,NE,13,186.99,2430.87
BI100042,2024-11-15,NE,13,186.99,2430.87
BI100042,2024-11-15,NE,14,186.99,2617.86
BI100042,2024-11-15,MA,13,186.99,2430.87
BI100042,2024-11-15,MA,13,186.99,2430.87
BI100042,2024-11-15,MA,13,186.99,2430.87
BI100042,2024-11-15,SE,15,186.99,2804.85
BI100042,2024-11-15,SE,16,186.99,2991.84
BI100042,2024-11-15,SE,16,186.99,2991.84
BI100042,2024-11-15,MW,12,186.99,2243.88
BI100042,2024-11-15,MW,12,186.99,2243.88
BI100042,2024-11-15,MW,12,186.99,2243.88
BI100042,2024-11-15,MW,12,186.99,2243.88
BI100042,2024-11-15,TX,13,186.99,2430.87
BI100042,2024-11-15,TX,13,186.99,2430.87
BI100042,2024-11-15,TX,14,186.99,2617.86
BI100042,2024-11-15,TX,14,186.99,2617.86
BI100042,2024-11-15,MTN,15,186.99,2804.85
BI100042,2024-11-15,MTN,15,186.99,2804.85
BI100042,2024-11-15,MTN,16,186.99,2991.84
BI100042,2024-11-15,PSW,12,186.99,2243.88
BI100042,2024-11-15,PSW,12,186.99,2243.88
BI100042,2024-11-15,PSW,12,186.99,2243.88
BI100042,2024-11-15,PSW,12,186.99,2243.88
BI100042,2024-11-15,PNW,13,186.99,2430.87
BI100042,2024-11-15,PNW,13,186.99,2430.87
BI100042,2024-11-15,PNW,14,186.99,2617.86
BI100042,2024-12-15,NE,13,186.99,2430.87
BI100042,2024-12-15,NE,13,186.99,2430.87
BI100042,2024-12-15,NE,13,186.99,2430.87
BI100042,2024-12-15,MA,12,186.99,2243.88
BI100042,2024-12-15,MA,13,186.99,2430.87
BI100042,2024-12-15,MA,13,186.99,2430.87
BI100042,2024-12-15,SE,15,186.99,2804.85
BI100042,2024-12-15,SE,15,186.99,2804.85
BI100042,2024-12-15,SE,16,186.99,2991.84
BI100042,2024-12-15,MW,14,186.99,2617.86
BI100042,2024-12-15,MW,15,186.99,2804.85
BI100042,2024-12-15,MW,15,186.99,2804.85
BI100042,2024-12-15,TX,12,186.99,2243.88
BI100042,2024-12-15,TX,12,186.99,2243.88
BI100042,2024-12-15,TX,13,186.99,2430.87
BI100042,2024-12-15,TX,13,186.99,2430.87
BI100042,2024-12-15,MTN,13,186.99,2430.87
BI100042,2024-12-15,MTN,14,186.99,2617.86
BI100042,2024-12-15,MTN,14,186.99,2617.86
BI100042,2024-12-15,PSW,14,186.99,2617.86
BI100042,2024-12-15,PSW,14,186.99,2617.86
BI100042,2024-12-15,PSW,15,186.99,2804.85
BI100042,2024-12-15,PNW,12,186.99,2243.88
BI100042,2024-12-15,PNW,12,186.99,2243.88
BI100042,2024-12-15,PNW,13,186.99,2430.87
BI100042,2025-01-15,NE,12,186.99,2243.88
BI100042,2025-01-15,NE,12,186.99,2243.88
BI100042,2025-01-15,NE,12,186.99,2243.88
BI100042,2025-01-15,MA,12,186.99,2243.88
BI100042,2025-01-15,MA,12,186.99,2243.88
BI100042,2025-01-15,MA,12,186.99,2243.88
BI100042,2025-01-15,SE,12,186.99,2243.88
BI100042,2025-01-15,SE,12,186.99,2243.88
BI100042,2025-01-15,SE,13,186.99,2430.87
BI100042,2025-01-15,SE,13,186.99,2430.87
BI100042,2025-01-15,MW,12,186.99,2243.88
BI100042,2025-01-15,MW,12,186.99,2243.88
BI100042,2025-01-15,MW,12,186.99,2243.88
BI100042,2025-01-15,MW,12,186.99,2243.88
BI100042,2025-01-15,TX,13,186.99,2430.87
BI100042,2025-01-15,TX,13,186.99,2430.87
BI100042,2025-01-15,TX,13,186.99,2430.87
BI100042,2025-01-15,TX,13,186.99,2430.87
BI100042,2025-01-15,MTN,15,186.99,2804.85
BI100042,2025-01-15,MTN,15,186.99,2804.85
BI100042,2025-01-15,MTN,16,186.99,2991.84
BI100042,2025-01-15,PSW,15,186.99,2804.85
BI100042,2025-01-15,PSW,16,186.99,2991.84
BI100042,2025-01-15,PSW,16,186.99,2991.84
BI100042,2025-01-15,PNW,13,186.99,2430.87
BI100042,2025-01-15,PNW,13,186.99,2430.87
BI100042,2025-01-15,PNW,14,186.99,2617.86
BI100042,2025-02-15,NE,14,186.99,2617.86
BI100042,2025-02-15,NE,15,186.99,2804.85
BI100042,2025-02-15,NE,15,186.99,2804.85
BI100042,2025-02-15,MA,13,186.99,2430.87
BI100042,2025-02-15,MA,13,186.99,2430.87
BI100042,2025-02-15,MA,13,186.99,2430.87
BI100042,2025-02-15,SE,14,186.99,2617.86
BI100042,2025-02-15,SE,14,186.99,2617.86
BI100042,2025-02-15,SE,14,186.99,2617.86
BI100042,2025-02-15,SE,14,186.99,2617.86
BI100042,2025-02-15,MW,14,186.99,2617.86
BI100042,2025-02-15,MW,15,186.99,2804.85
BI100042,2025-02-15,MW,15,186.99,2804.85
BI100042,2025-02-15,MW,15,186.99,2804.85
BI100042,2025-02-15,TX,12,186.99,2243.88
BI100042,2025-02-15,TX,13,186.99,2430.87
BI100042,2025-02-15,TX,13,186.99,2430.87
BI100042,2025-02-15,TX,13,186.99,2430.87
BI100042,2025-02-15,TX,13,186.99,2430.87
BI100042,2025-02-15,MTN,12,186.99,2243.88
BI100042,2025-02-15,MTN,12,186.99,2243.88
BI100042,2025-02-15,MTN,12,186.99,2243.88
BI100042,2025-02-15,MTN,13,186.99,2430.87
BI100042,2025-02-15,PSW,12,186.99,2243.88
BI100042,2025-02-15,PSW,12,186.99,2243.88
BI100042,2025-02-15,PSW,13,186.99,2430.87
BI100042,2025-02-15,PSW,13,186.99,2430.87
BI100042,2025-02-15,PNW,15,186.99,2804.85
BI100042,2025-02-15,PNW,15,186.99,2804.85
BI100042,2025-02-15,PNW,15,186.99,2804.85
BI100042,2025-03-15,NE,15,186.99,2804.85
BI100042,2025-03-15,NE,16,186.99,2991.84
BI100042,2025-03-15,NE,16,186.99,2991.84
BI100042,2025-03-15,MA,12,186.99,2243.88
BI100042,2025-03-15,MA,13,186.99,2430.87
BI100042,2025-03-15,MA,13,186.99,2430.87
BI100042,2025-03-15,MA,13,186.99,2430.87
BI100042,2025-03-15,SE,13,186.99,2430.87
BI100042,2025-03-15,SE,13,186.99,2430.87
BI100042,2025-03-15,SE,13,186.99,2430.87
BI100042,2025-03-15,SE,13,186.99,2430.87
BI100042,2025-03-15,SE,14,186.99,2617.86
BI100042,2025-03-15,MW,12,186.99,2243.88
BI100042,2025-03-15,MW,12,186.99,2243.88
BI100042,2025-03-15,MW,12,186.99,2243.88
BI100042,2025-03-15,MW,13,186.99,2430.87
BI100042,2025-03-15,MW,13,186.99,2430.87
BI100042,2025-03-15,TX,12,186.99,2243.88
BI100042,2025-03-15,TX,12,186.99,2243.88
BI100042,2025-03-15,TX,12,186.99,2243.88
BI100042,2025-03-15,TX,12,186.99,2243.88
BI100042,2025-03-15,TX,12,186.99,2243.88
BI100042,2025-03-15,TX,12,186.99,2243.88
BI100042,2025-03-15,MTN,12,186.99,2243.88
BI100042,2025-03-15,MTN,12,186.99,2243.88
BI100042,2025-03-15,MTN,13,186.99,2430.87
BI100042,2025-03-15,MTN,13,186.99,2430.87
BI100042,2025-03-15,MTN,13,186.99,2430.87
BI100042,2025-03-15,PSW,14,186.99,2617.86
BI100042,2025-03-15,PSW,15,186.99,2804.85
BI100042,2025-03-15,PSW,15,186.99,2804.85
BI100042,2025-03-15,PSW,15,186.99,2804.85
BI100042,2025-03-15,PNW,12,186.99,2243.88
BI100042,2025-03-15,PNW,12,186.99,2243.88
BI100042,2025-03-15,PNW,12,186.99,2243.88
BI100042,2025-03-15,PNW,12,186.99,2243.88
BI100042,2025-04-15,NE,13,186.99,2430.87
BI100042,2025-04-15,NE,14,186.99,2617.86
BI100042,2025-04-15,NE,14,186.99,2617.86
BI100042,2025-04-15,NE,14,186.99,2617.86
BI100042,2025-04-15,MA,12,186.99,2243.88
BI100042,2025-04-15,MA,13,186.99,2430.87
BI100042,2025-04-15,MA,13,186.99,2430.87
BI100042,2025-04-15,MA,13,186.99,2430.87
BI100042,2025-04-15,SE,13,186.99,2430.87
BI100042,2025-04-15,SE,14,186.99,2617.86
BI100042,2025-04-15,SE,14,186.99,2617.86
BI100042,2025-04-15,SE,14,186.99,2617.86
BI100042,2025-04-15,SE,14,186.99,2617.86
BI100042,2025-04-15,MW,12,186.99,2243.88
BI100042,2025-04-15,MW,12,186.99,2243.88
BI100042,2025-04-15,MW,13,186.99,2430.87
BI100042,2025-04-15,MW,13,186.99,2430.87
BI100042,2025-04-15,MW,13,186.99,2430.87
BI100042,2025-04-15,MW,13,186.99,2430.87
BI100042,2025-04-15,TX,12,186.99,2243.88
BI100042,2025-04-15,TX,12,186.99,2243.88
BI100042,2025-04-15,TX,12,186.99,2243.88
BI100042,2025-04-15,TX,13,186.99,2430.87
BI100042,2025-04-15,TX,13,186.99,2430.87
BI100042,2025-04-15,TX,13,186.99,2430.87
BI100042,2025-04-15,MTN,12,186.99,2243.88
BI100042,2025-04-15,MTN,12,186.99,2243.88
BI100042,2025-04-15,MTN,12,186.99,2243.88
BI100042,2025-04-15,MTN,12,186.99,2243.88
BI100042,2025-04-15,MTN,12,186.99,2243.88
BI100042,2025-04-15,MTN,12,186.99,2243.88
BI100042,2025-04-15,PSW,13,186.99,2430.87
BI100042,2025-04-15,PSW,14,186.99,2617.86
BI100042,2025-04-15,PSW,14,186.99,2617.86
BI100042,2025-04-15,PSW,14,186.99,2617.86
BI100042,2025-04-15,PSW,14,186.99,2617.86
BI100042,2025-04-15,PNW,12,186.99,2243.88
BI100042,2025-04-15,PNW,13,186.99,2430.87
BI100042,2025-04-15,PNW,13,186.99,2430.87
BI100042,2025-04-15,PNW,13,186.99,2430.87
BI100042,2025-05-15,NE,12,186.99,2243.88
BI100042,2025-05-15,NE,13,186.99,2430.87
BI100042,2025-05-15,NE,13,186.99,2430.87
BI100042,2025-05-15,NE,13,186.99,2430.87
BI100042,2025-05-15,NE,13,186.99,2430.87
BI100042,2025-05-15,MA,14,186.99,2617.86
BI100042,2025-05-15,MA,14,186.99,2617.86
BI100042,2025-05-15,MA,14,186.99,2617.86
BI100042,2025-05-15,MA,15,186.99,2804.85
BI100042,2025-05-15,SE,13,186.99,2430.87
BI100042,2025-05-15,SE,13,186.99,2430.87
BI100042,2025-05-15,SE,13,186.99,2430.87
BI100042,2025-05-15,SE,13,186.99,2430.87
BI100042,2025-05-15,SE,13,186.99,2430.87
BI100042,2025-05-15,SE,14,186.99,2617.86
BI100042,2025-05-15,MW,12,186.99,2243.88
BI100042,2025-05-15,MW,12,186.99,2243.88
BI100042,2025-05-15,MW,12,186.99,2243.88
BI100042,2025-05-15,MW,12,186.99,2243.88
BI100042,2025-05-15,MW,13,186.99,2430.87
BI100042,2025-05-15,MW,13,186.99,2430.87
BI100042,2025-05-15,TX,12,186.99,2243.88
BI100042,2025-05-15,TX,12,186.99,2243.88
BI100042,2025-05-15,TX,13,186.99,2430.87
BI100042,2025-05-15,TX,13,186.99,2430.87
BI100042,2025-05-15,TX,13,186.99,2430.87
BI100042,2025-05-15,TX,13,186.99,2430.87
BI100042,2025-05-15,TX,13,186.99,2430.87
BI100042,2025-05-15,MTN,14,186.99,2617.86
BI100042,2025-05-15,MTN,14,186.99,2617.86
BI100042,2025-05-15,MTN,14,186.99,2617.86
BI100042,2025-05-15,MTN,14,186.99,2617.86
BI100042,2025-05-15,MTN,15,186.99,2804.85
BI100042,2025-05-15,PSW,12,186.99,2243.88
BI100042,2025-05-15,PSW,12,186.99,2243.88
BI100042,2025-05-15,PSW,12,186.99,2243.88
BI100042,2025-05-15,PSW,12,186.99,2243.88
BI100042,2025-05-15,PSW,12,186.99,2243.88
BI100042,2025-05-15,PSW,13,186.99,2430.87
BI100042,2025-05-15,PNW,14,186.99,2617.86
BI100042,2025-05-15,PNW,14,186.99,2617.86
BI100042,2025-05-15,PNW,14,186.99,2617.86
BI100042,2025-05-15,PNW,14,186.99,2617.86
BI100042,2025-06-15,NE,12,186.99,2243.88
BI100042,2025-06-15,NE,12,186.99,2243.88
BI100042,2025-06-15,NE,12,186.99,2243.88
BI100042,2025-06-15,NE,12,186.99,2243.88
BI100042,2025-06-15,NE,13,186.99,2430.87
BI100042,2025-06-15,MA,12,186.99,2243.88
BI100042,2025-06-15,MA,12,186.99,2243.88
BI100042,2025-06-15,MA,12,186.99,2243.88
BI100042,2025-06-15,MA,12,186.99,2243.88
BI100042,2025-06-15,MA,12,186.99,2243.88
BI100042,2025-06-15,SE,13,186.99,2430.87
BI100042,2025-06-15,SE,13,186.99,2430.87
BI100042,2025-06-15,SE,13,186.99,2430.87
BI100042,2025-06-15,SE,13,186.99,2430.87
BI100042,2025-06-15,SE,13,186.99,2430.87
BI100042,2025-06-15,SE,13,186.99,2430.87
BI100042,2025-06-15,MW,13,186.99,2430.87
BI100042,2025-06-15,MW,13,186.99,2430.87
BI100042,2025-06-15,MW,13,186.99,2430.87
BI100042,2025-06-15,MW,14,186.99,2617.86
BI100042,2025-06-15,MW,14,186.99,2617.86
BI100042,2025-06-15,MW,14,186.99,2617.86
BI100042,2025-06-15,TX,12,186.99,2243.88
BI100042,2025-06-15,TX,13,186.99,2430.87
BI100042,2025-06-15,TX,13,186.99,2430.87
BI100042,2025-06-15,TX,13,186.99,2430.87
BI100042,2025-06-15,TX,13,186.99,2430.87
BI100042,2025-06-15,TX,13,186.99,2430.87
BI100042,2025-06-15,TX,13,186.99,2430.87
BI100042,2025-06-15,MTN,12,186.99,2243.88
BI100042,2025-06-15,MTN,12,186.99,2243.88
BI100042,2025-06-15,MTN,12,186.99,2243.88
BI100042,2025-06-15,MTN,12,186.99,2243.88
BI100042,2025-06-15,MTN,12,186.99,2243.88
BI100042,2025-06-15,MTN,13,186.99,2430.87
BI100042,2025-06-15,PSW,13,186.99,2430.87
BI100042,2025-06-15,PSW,13,186.99,2430.87
BI100042,2025-06-15,PSW,13,186.99,2430.87
BI100042,2025-06-15,PSW,13,186.99,2430.87
BI100042,2025-06-15,PSW,13,186.99,2430.87
BI100042,2025-06-15,PSW,13,186.99,2430.87
BI100042,2025-06-15,PNW,13,186.99,2430.87
BI100042,2025-06-15,PNW,13,186.99,2430.87
BI100042,2025-06-15,PNW,13,186.99,2430.87
BI100042,2025-06-15,PNW,13,186.99,2430.87
BI100042,2025-06-15,PNW,14,186.99,2617.86
BI100042,2025-07-15,NE,12,186.99,2243.88
BI100042,2025-07-15,NE,13,186.99,2430.87
BI100042,2025-07-15,NE,13,186.99,2430.87
BI100042,2025-07-15,NE,13,186.99,2430.87
BI100042,2025-07-15,NE,13,186.99,2430.87
BI100042,2025-07-15,MA,14,186.99,2617.86
BI100042,2025-07-15,MA,14,186.99,2617.86
BI100042,2025-07-15,MA,14,186.99,2617.86
BI100042,2025-07-15,MA,14,186.99,2617.86
BI100042,2025-07-15,SE,12,186.99,2243.88
BI100042,2025-07-15,SE,13,186.99,2430.87
BI100042,2025-07-15,SE,13,186.99,2430.87
BI100042,2025-07-15,SE,13,186.99,2430.87
BI100042,2025-07-15,SE,13,186.99,2430.87
BI100042,2025-07-15,SE,13,186.99,2430.87
BI100042,2025-07-15,MW,13,186.99,2430.87
BI100042,2025-07-15,MW,13,186.99,2430.87
BI100042,2025-07-15,MW,13,186.99,2430.87
BI100042,2025-07-15,MW,13,186.99,2430.87
BI100042,2025-07-15,MW,13,186.99,2430.87
BI100042,2025-07-15,MW,13,186.99,2430.87
BI100042,2025-07-15,TX,13,186.99,2430.87
BI100042,2025-07-15,TX,14,186.99,2617.86
BI100042,2025-07-15,TX,14,186.99,2617.86
BI100042,2025-07-15,TX,14,186.99,2617.86
BI100042,2025-07-15,TX,14,186.99,2617.86
BI100042,2025-07-15,TX,14,186.99,2617.86
BI100042,2025-07-15,MTN,12,186.99,2243.88
BI100042,2025-07-15,MTN,13,186.99,2430.87
BI100042,2025-07-15,MTN,13,186.99,2430.87
BI100042,2025-07-15,MTN,13,186.99,2430.87
BI100042,2025-07-15,MTN,13,186.99,2430.87
BI100042,2025-07-15,MTN,13,186.99,2430.87
BI100042,2025-07-15,PSW,13,186.99,2430.87
BI100042,2025-07-15,PSW,13,186.99,2430.87
BI100042,2025-07-15,PSW,13,186.99,2430.87
BI100042,2025-07-15,PSW,13,186.99,2430.87
BI100042,2025-07-15,PSW,13,186.99,2430.87
BI100042,2025-07-15,PSW,14,186.99,2617.86
BI100042,2025-07-15,PNW,13,186.99,2430.87
BI100042,2025-07-15,PNW,13,186.99,2430.87
BI100042,2025-07-15,PNW,13,186.99,2430.87
BI100042,2025-07-15,PNW,13,186.99,2430.87
BI100042,2025-07-15,PNW,13,186.99,2430.87
BI100042,2025-08-15,NE,14,186.99,2617.86
BI100042,2025-08-15,NE,14,186.99,2617.86
BI100042,2025-08-15,NE,15,186.99,2804.85
BI100042,2025-08-15,NE,15,186.99,2804.85
BI100042,2025-08-15,MA,14,186.99,2617.86
BI100042,2025-08-15,MA,14,186.99,2617.86
BI100042,2025-08-15,MA,14,186.99,2617.86
BI100042,2025-08-15,MA,14,186.99,2617.86
BI100042,2025-08-15,SE,12,186.99,2243.88
BI100042,2025-08-15,SE,12,186.99,2243.88
BI100042,2025-08-15,SE,13,186.99,2430.87
BI100042,2025-08-15,SE,13,186.99,2430.87
BI100042,2025-08-15,SE,13,186.99,2430.87
BI100042,2025-08-15,SE,13,186.99,2430.87
BI100042,2025-08-15,MW,12,186.99,2243.88
BI100042,2025-08-15,MW,12,186.99,2243.88
BI100042,2025-08-15,MW,12,186.99,2243.88
BI100042,2025-08-15,MW,12,186.99,2243.88
BI100042,2025-08-15,MW,12,186.99,2243.88
BI100042,2025-08-15,MW,12,186.99,2243.88
BI100042,2025-08-15,TX,13,186.99,2430.87
BI100042,2025-08-15,TX,14,186.99,2617.86
BI100042,2025-08-15,TX,14,186.99,2617.86
BI100042,2025-08-15,TX,14,186.99,2617.86
BI100042,2025-08-15,TX,14,186.99,2617.86
BI100042,2025-08-15,TX,14,186.99,2617.86
BI100042,2025-08-15,MTN,14,186.99,2617.86
BI100042,2025-08-15,MTN,14,186.99,2617.86
BI100042,2025-08-15,MTN,14,186.99,2617.86
BI100042,2025-08-15,MTN,14,186.99,2617.86
BI100042,2025-08-15,MTN,14,186.99,2617.86
BI100042,2025-08-15,PSW,12,186.99,2243.88
BI100042,2025-08-15,PSW,12,186.99,2243.88
BI100042,2025-08-15,PSW,12,186.99,2243.88
BI100042,2025-08-15,PSW,12,186.99,2243.88
BI100042,2025-08-15,PSW,12,186.99,2243.88
BI100042,2025-08-15,PSW,12,186.99,2243.88
BI100042,2025-08-15,PNW,13,186.99,2430.87
BI100042,2025-08-15,PNW,14,186.99,2617.86
BI100042,2025-08-15,PNW,14,186.99,2617.86
BI100042,2025-08-15,PNW,14,186.99,2617.86
BI100042,2025-09-15,NE,13,186.99,2430.87
BI100042,2025-09-15,NE,13,186.99,2430.87
BI100042,2025-09-15,NE,13,186.99,2430.87
BI100042,2025-09-15,NE,14,186.99,2617.86
BI100042,2025-09-15,MA,13,186.99,2430.87
BI100042,2025-09-15,MA,13,186.99,2430.87
BI100042,2025-09-15,MA,13,186.99,2430.87
BI100042,2025-09-15,MA,14,186.99,2617.86
BI100042,2025-09-15,SE,13,186.99,2430.87
BI100042,2025-09-15,SE,13,186.99,2430.87
BI100042,2025-09-15,SE,13,186.99,2430.87
BI100042,2025-09-15,SE,13,186.99,2430.87
BI100042,2025-09-15,SE,13,186.99,2430.87
BI100042,2025-09-15,MW,12,186.99,2243.88
BI100042,2025-09-15,MW,13,186.99,2430.87
BI100042,2025-09-15,MW,13,186.99,2430.87
BI100042,2025-09-15,MW,13,186.99,2430.87
BI100042,2025-09-15,MW,13,186.99,2430.87
BI100042,2025-09-15,TX,12,186.99,2243.88
BI100042,2025-09-15,TX,12,186.99,2243.88
BI100042,2025-09-15,TX,12,186.99,2243.88
BI100042,2025-09-15,TX,12,186.99,2243.88
BI100042,2025-09-15,TX,13,186.99,2430.87
BI100042,2025-09-15,TX,13,186.99,2430.87
BI100042,2025-09-15,MTN,13,186.99,2430.87
BI100042,2025-09-15,MTN,13,186.99,2430.87
BI100042,2025-09-15,MTN,13,186.99,2430.87
BI100042,2025-09-15,MTN,14,186.99,2617.86
BI100042,2025-09-15,MTN,14,186.99,2617.86
BI100042,2025-09-15,PSW,14,186.99,2617.86
BI100042,2025-09-15,PSW,14,186.99,2617.86
BI100042,2025-09-15,PSW,15,186.99,2804.85
BI100042,2025-09-15,PSW,15,186.99,2804.85
BI100042,2025-09-15,PNW,12,186.99,2243.88
BI100042,2025-09-15,PNW,13,186.99,2430.87
BI100042,2025-09-15,PNW,13,186.99,2430.87
BI100042,2025-09-15,PNW,13,186.99,2430.87
BI100042,2025-10-15,NE,14,186.99,2617.86
BI100042,2025-10-15,NE,14,186.99,2617.86
BI100042,2025-10-15,NE,15,186.99,2804.85
BI100042,2025-10-15,MA,14,186.99,2617.86
BI100042,2025-10-15,MA,14,186.99,2617.86
BI100042,2025-10-15,MA,14,186.99,2617.86
BI100042,2025-10-15,SE,14,186.99,2617.86
BI100042,2025-10-15,SE,14,186.99,2617.86
BI100042,2025-10-15,SE,14,186.99,2617.86
BI100042,2025-10-15,SE,15,186.99,2804.85
BI100042,2025-10-15,MW,14,186.99,2617.86
BI100042,2025-10-15,MW,15,186.99,2804.85
BI100042,2025-10-15,MW,15,186.99,2804.85
BI100042,2025-10-15,MW,15,186.99,2804.85
BI100042,2025-10-15,TX,13,186.99,2430.87
BI100042,2025-10-15,TX,14,186.99,2617.86
BI100042,2025-10-15,TX,14,186.99,2617.86
BI100042,2025-10-15,TX,14,186.99,2617.86
BI100042,2025-10-15,TX,14,186.99,2617.86
BI100042,2025-10-15,MTN,12,186.99,2243.88
BI100042,2025-10-15,MTN,13,186.99,2430.87
BI100042,2025-10-15,MTN,13,186.99,2430.87
BI100042,2025-10-15,MTN,13,186.99,2430.87
BI100042,2025-10-15,PSW,13,186.99,2430.87
BI100042,2025-10-15,PSW,13,186.99,2430.87
BI100042,2025-10-15,PSW,13,186.99,2430.87
BI100042,2025-10-15,PSW,14,186.99,2617.86
BI100042,2025-10-15,PNW,14,186.99,2617.86
BI100042,2025-10-15,PNW,14,186.99,2617.86
BI100042,2025-10-15,PNW,14,186.99,2617.86
BI100042,2025-11-15,NE,12,186.99,2243.88
BI100042,2025-11-15,NE,13,186.99,2430.87
BI100042,2025-11-15,NE,13,186.99,2430.87
BI100042,2025-11-15,MA,13,186.99,2430.87
BI100042,2025-11-15,MA,14,186.99,2617.86
BI100042,2025-11-15,MA,14,186.99,2617.86
BI100042,2025-11-15,SE,12,186.99,2243.88
BI100042,2025-11-15,SE,12,186.99,2243.88
BI100042,2025-11-15,SE,13,186.99,2430.87
BI100042,2025-11-15,SE,13,186.99,2430.87
BI100042,2025-11-15,MW,13,186.99,2430.87
BI100042,2025-11-15,MW,13,186.99,2430.87
BI100042,2025-11-15,MW,13,186.99,2430.87
BI100042,2025-11-15,MW,14,186.99,2617.86
BI100042,2025-11-15,TX,14,186.99,2617.86
BI100042,2025-11-15,TX,14,186.99,2617.86
BI100042,2025-11-15,TX,15,186.99,2804.85
BI100042,2025-11-15,TX,15,186.99,2804.85
BI100042,2025-11-15,MTN,13,186.99,2430.87
BI100042,2025-11-15,MTN,13,186.99,2430.87
BI100042,2025-11-15,MTN,13,186.99,2430.87
BI100042,2025-11-15,MTN,14,186.99,2617.86
BI100042,2025-11-15,PSW,12,186.99,2243.88
BI100042,2025-11-15,PSW,13,186.99,2430.87
BI100042,2025-11-15,PSW,13,186.99,2430.87
BI100042,2025-11-15,PSW,13,186.99,2430.87
BI100042,2025-11-15,PNW,13,186.99,2430.87
BI100042,2025-11-15,PNW,13,186.99,2430.87
BI100042,2025-11-15,PNW,13,186.99,2430.87
BI100042,2025-12-15,NE,12,186.99,2243.88
BI100042,2025-12-15,NE,13,186.99,2430.87
BI100042,2025-12-15,NE,13,186.99,2430.87
BI100042,2025-12-15,MA,12,186.99,2243.88
BI100042,2025-12-15,MA,13,186.99,2430.87
BI100042,2025-12-15,MA,13,186.99,2430.87
BI100042,2025-12-15,SE,15,186.99,2804.85
BI100042,2025-12-15,SE,16,186.99,2991.84
BI100042,2025-12-15,SE,16,186.99,2991.84
BI100042,2025-12-15,MW,12,186.99,2243.88
BI100042,2025-12-15,MW,12,186.99,2243.88
BI100042,2025-12-15,MW,13,186.99,2430.87
BI100042,2025-12-15,MW,13,186.99,2430.87
BI100042,2025-12-15,TX,13,186.99,2430.87
BI100042,2025-12-15,TX,14,186.99,2617.86
BI100042,2025-12-15,TX,14,186.99,2617.86
BI100042,2025-12-15,TX,14,186.99,2617.86
BI100042,2025-12-15,MTN,12,186.99,2243.88
BI100042,2025-12-15,MTN,12,186.99,2243.88
BI100042,2025-12-15,MTN,12,186.99,2243.88
BI100042,2025-12-15,MTN,13,186.99,2430.87
BI100042,2025-12-15,PSW,15,186.99,2804.85
BI100042,2025-12-15,PSW,15,186.99,2804.85
BI100042,2025-12-15,PSW,15,186.99,2804.85
BI100042,2025-12-15,PNW,17,186.99,3178.83
BI100042,2025-12-15,PNW,18,186.99,3365.82
BI100049,2024-01-15,NE,12,136.87,1642.44
BI100049,2024-01-15,NE,13,136.87,1779.31
BI100049,2024-01-15,MA,21,136.87,2874.27
BI100049,2024-01-15,SE,17,136.87,2326.79
BI100049,2024-01-15,MW,18,136.87,2463.66
BI100049,2024-01-15,TX,12,136.87,1642.44
BI100049,2024-01-15,TX,13,136.87,1779.31
BI100049,2024-01-15,MTN,12,136.87,1642.44
BI100049,2024-01-15,MTN,13,136.87,1779.31
BI100049,2024-01-15,PSW,19,136.87,2600.53
BI100049,2024-01-15,PNW,18,136.87,2463.66
BI100049,2024-02-15,NE,13,136.87,1779.31
BI100049,2024-02-15,NE,13,136.87,1779.31
BI100049,2024-02-15,MA,12,136.87,1642.44
BI100049,2024-02-15,MA,12,136.87,1642.44
BI100049,2024-02-15,SE,19,136.87,2600.53
BI100049,2024-02-15,MW,19,136.87,2600.53
BI100049,2024-02-15,TX,13,136.87,1779.31
BI100049,2024-02-15,TX,13,136.87,1779.31
BI100049,2024-02-15,MTN,14,136.87,1916.18
BI100049,2024-02-15,MTN,14,136.87,1916.18
BI100049,2024-02-15,PSW,23,136.87,3148.01
BI100049,2024-02-15,PNW,19,136.87,2600.53
BI100049,2024-03-15,NE,16,136.87,2189.92
BI100049,2024-03-15,NE,17,136.87,2326.79
BI100049,2024-03-15,MA,14,136.87,1916.18
BI100049,2024-03-15,MA,15,136.87,2053.05
BI100049,2024-03-15,SE,22,136.87,3011.14
BI100049,2024-03-15,MW,12,136.87,1642.44
BI100049,2024-03-15,MW,12,136.87,1642.44
BI100049,2024-03-15,TX,16,136.87,2189.92
BI100049,2024-03-15,TX,16,136.87,2189.92
BI100049,2024-03-15,MTN,16,136.87,2189.92
BI100049,2024-03-15,MTN,16,136.87,2189.92
BI100049,2024-03-15,PSW,13,136.87,1779.31
BI100049,2024-03-15,PSW,14,136.87,1916.18
BI100049,2024-03-15,PNW,12,136.87,1642.44
BI100049,2024-03-15,PNW,12,136.87,1642.44
BI100049,2024-04-15,NE,16,136.87,2189.92
BI100049,2024-04-15,NE,16,136.87,2189.92
BI100049,2024-04-15,MA,15,136.87,2053.05
BI100049,2024-04-15,MA,15,136.87,2053.05
BI100049,2024-04-15,SE,12,136.87,1642.44
BI100049,2024-04-15,SE,12,136.87,1642.44
BI100049,2024-04-15,MW,12,136.87,1642.44
BI100049,2024-04-15,MW,13,136.87,1779.31
BI100049,2024-04-15,TX,12,136.87,1642.44
BI100049,2024-04-15,TX,12,136.87,1642.44
BI100049,2024-04-15,TX,12,136.87,1642.44
BI100049,2024-04-15,MTN,17,136.87,2326.79
BI100049,2024-04-15,MTN,17,136.87,2326.79
BI100049,2024-04-15,PSW,13,136.87,1779.31
BI100049,2024-04-15,PSW,14,136.87,1916.18
BI100049,2024-04-15,PNW,13,136.87,1779.31
BI100049,2024-04-15,PNW,14,136.87,1916.18
BI100049,2024-05-15,NE,12,136.87,1642.44
BI100049,2024-05-15,NE,12,136.87,1642.44
BI100049,2024-05-15,NE,12,136.87,1642.44
BI100049,2024-05-15,MA,16,136.87,2189.92
BI100049,2024-05-15,MA,17,136.87,2326.79
BI100049,2024-05-15,SE,14,136.87,1916.18
BI100049,2024-05-15,SE,14,136.87,1916.18
BI100049,2024-05-15,MW,14,136.87,1916.18
BI100049,2024-05-15,MW,14,136.87,1916.18
BI100049,2024-05-15,TX,12,136.87,1642.44
BI100049,2024-05-15,TX,12,136.87,1642.44
BI100049,2024-05-15,TX,12,136.87,1642.44
BI100049,2024-05-15,MTN,12,136.87,1642.44
BI100049,2024-05-15,MTN,13,136.87,1779.31
BI100049,2024-05-15,MTN,13,136.87,1779.31
BI100049,2024-05-15,PSW,15,136.87,2053.05
BI100049,2024-05-15,PSW,15,136.87,2053.05
BI100049,2024-05-15,PNW,15,136.87,2053.05
BI100049,2024-05-15,PNW,16,136.87,2189.92
BI100049,2024-06-15,NE,13,136.87,1779.31
BI100049,2024-06-15,NE,13,136.87,1779.31
BI100049,2024-06-15,NE,13,136.87,1779.31
BI100049,2024-06-15,MA,16,136.87,2189.92
BI100049,2024-06-15,MA,17,136.87,2326.79
BI100049,2024-06-15,SE,14,136.87,1916.18
BI100049,2024-06-15,SE,14,136.87,1916.18
BI100049,2024-06-15,MW,15,136.87,2053.05
BI100049,2024-06-15,MW,15,136.87,2053.05
BI100049,2024-06-15,TX,12,136.87,1642.44
BI100049,2024-06-15,TX,12,136.87,1642.44
BI100049,2024-06-15,TX,12,136.87,1642.44
BI100049,2024-06-15,MTN,14,136.87,1916.18
BI100049,2024-06-15,MTN,14,136.87,1916.18
BI100049,2024-06-15,MTN,14,136.87,1916.18
BI100049,2024-06-15,PSW,16,136.87,2189.92
BI100049,2024-06-15,PSW,16,136.87,2189.92
BI100049,2024-06-15,PNW,15,136.87,2053.05
BI100049,2024-06-15,PNW,15,136.87,2053.05
BI100049,2024-07-15,NE,13,136.87,1779.31
BI100049,2024-07-15,NE,13,136.87,1779.31
BI100049,2024-07-15,NE,14,136.87,1916.18
BI100049,2024-07-15,MA,16,136.87,2189.92
BI100049,2024-07-15,MA,17,136.87,2326.79
BI100049,2024-07-15,SE,13,136.87,1779.31
BI100049,2024-07-15,SE,14,136.87,1916.18
BI100049,2024-07-15,MW,14,136.87,1916.18
BI100049,2024-07-15,MW,15,136.87,2053.05
BI100049,2024-07-15,TX,12,136.87,1642.44
BI100049,2024-07-15,TX,12,136.87,1642.44
BI100049,2024-07-15,TX,13,136.87,1779.31
BI100049,2024-07-15,MTN,13,136.87,1779.31
BI100049,2024-07-15,MTN,14,136.87,1916.18
BI100049,2024-07-15,MTN,14,136.87,1916.18
BI100049,2024-07-15,PSW,16,136.87,2189.92
BI100049,2024-07-15,PSW,16,136.87,2189.92
BI100049,2024-07-15,PNW,14,136.87,1916.18
BI100049,2024-07-15,PNW,15,136.87,2053.05
BI100049,2024-08-15,NE,12,136.87,1642.44
BI100049,2024-08-15,NE,12,136.87,1642.44
BI100049,2024-08-15,NE,12,136.87,1642.44
BI100049,2024-08-15,MA,16,136.87,2189.92
BI100049,2024-08-15,MA,16,136.87,2189.92
BI100049,2024-08-15,SE,13,136.87,1779.31
BI100049,2024-08-15,SE,14,136.87,1916.18
BI100049,2024-08-15,MW,13,136.87,1779.31
BI100049,2024-08-15,MW,14,136.87,1916.18
BI100049,2024-08-15,TX,12,136.87,1642.44
BI100049,2024-08-15,TX,12,136.87,1642.44
BI100049,2024-08-15,TX,12,136.87,1642.44
BI100049,2024-08-15,MTN,12,136.87,1642.44
BI100049,2024-08-15,MTN,12,136.87,1642.44
BI100049,2024-08-15,MTN,12,136.87,1642.44
BI100049,2024-08-15,PSW,16,136.87,2189.92
BI100049,2024-08-15,PSW,16,136.87,2189.92
BI100049,2024-08-15,PNW,13,136.87,1779.31
BI100049,2024-08-15,PNW,14,136.87,1916.18
BI100049,2024-09-15,NE,16,136.87,2189.92
BI100049,2024-09-15,NE,17,136.87,2326.79
BI100049,2024-09-15,MA,13,136.87,1779.31
BI100049,2024-09-15,MA,14,136.87,1916.18
BI100049,2024-09-15,SE,22,136.87,3011.14
BI100049,2024-09-15,MW,13,136.87,1779.31
BI100049,2024-09-15,MW,13,136.87,1779.31
BI100049,2024-09-15,TX,14,136.87,1916.18
BI100049,2024-09-15,TX,15,136.87,2053.05
BI100049,2024-09-15,MTN,17,136.87,2326.79
BI100049,2024-09-15,MTN,18,136.87,2463.66
BI100049,2024-09-15,PSW,14,136.87,1916.18
BI100049,2024-09-15,PSW,15,136.87,2053.05
BI100049,2024-09-15,PNW,12,136.87,1642.44
BI100049,2024-09-15,PNW,13,136.87,1779.31
BI100049,2024-10-15,NE,14,136.87,1916.18
BI100049,2024-10-15,NE,15,136.87,2053.05
BI100049,2024-10-15,MA,23,136.87,3148.01
BI100049,2024-10-15,SE,19,136.87,2600.53
BI100049,2024-10-15,MW,23,136.87,3148.01
BI100049,2024-10-15,TX,14,136.87,1916.18
BI100049,2024-10-15,TX,14,136.87,1916.18
BI100049,2024-10-15,MTN,14,136.87,1916.18
BI100049,2024-10-15,MTN,14,136.87,1916.18
BI100049,2024-10-15,PSW,22,136.87,3011.14
BI100049,2024-10-15,PNW,21,136.87,2874.27
BI100049,2024-11-15,NE,13,136.87,1779.31
BI100049,2024-11-15,NE,13,136.87,1779.31
BI100049,2024-11-15,MA,21,136.87,2874.27
BI100049,2024-11-15,SE,19,136.87,2600.53
BI100049,2024-11-15,MW,20,136.87,2737.4
BI100049,2024-11-15,TX,12,136.87,1642.44
BI100049,2024-11-15,TX,12,136.87,1642.44
BI100049,2024-11-15,MTN,12,136.87,1642.44
BI100049,2024-11-15,MTN,13,136.87,1779.31
BI100049,2024-11-15,PSW,22,136.87,3011.14
BI100049,2024-11-15,PNW,18,136.87,2463.66
BI100049,2024-12-15,NE,12,136.87,1642.44
BI100049,2024-12-15,NE,12,136.87,1642.44
BI100049,2024-12-15,MA,21,136.87,2874.27
BI100049,2024-12-15,SE,19,136.87,2600.53
BI100049,2024-12-15,MW,20,136.87,2737.4
BI100049,2024-12-15,TX,13,136.87,1779.31
BI100049,2024-12-15,TX,13,136.87,1779.31
BI100049,2024-12-15,MTN,12,136.87,1642.44
BI100049,2024-12-15,MTN,12,136.87,1642.44
BI100049,2024-12-15,PSW,21,136.87,2874.27
BI100049,2024-12-15,PNW,17,136.87,2326.79
BI100049,2025-01-15,NE,12,136.87,1642.44
BI100049,2025-01-15,NE,12,136.87,1642.44
BI100049,2025-01-15,MA,22,136.87,3011.14
BI100049,2025-01-15,SE,18,136.87,2463.66
BI100049,2025-01-15,MW,20,136.87,2737.4
BI100049,2025-01-15,TX,13,136.87,1779.31
BI100049,2025-01-15,TX,14,136.87,1916.18
BI100049,2025-01-15,MTN,14,136.87,1916.18
BI100049,2025-01-15,MTN,14,136.87,1916.18
BI100049,2025-01-15,PSW,21,136.87,2874.27
BI100049,2025-01-15,PNW,19,136.87,2600.53
BI100049,2025-02-15,NE,14,136.87,1916.18
BI100049,2025-02-15,NE,15,136.87,2053.05
BI100049,2025-02-15,MA,12,136.87,1642.44
BI100049,2025-02-15,MA,12,136.87,1642.44
BI100049,2025-02-15,SE,22,136.87,3011.14
BI100049,2025-02-15,MW,22,136.87,3011.14
BI100049,2025-02-15,TX,14,136.87,1916.18
BI100049,2025-02-15,TX,14,136.87,1916.18
BI100049,2025-02-15,MTN,16,136.87,2189.92
BI100049,2025-02-15,MTN,16,136.87,2189.92
BI100049,2025-02-15,PSW,22,136.87,3011.14
BI100049,2025-02-15,PNW,21,136.87,2874.27
BI100049,2025-03-15,NE,17,136.87,2326.79
BI100049,2025-03-15,NE,18,136.87,2463.66
BI100049,2025-03-15,MA,14,136.87,1916.18
BI100049,2025-03-15,MA,15,136.87,2053.05
BI100049,2025-03-15,SE,13,136.87,1779.31
BI100049,2025-03-15,SE,13,136.87,1779.31
BI100049,2025-03-15,MW,14,136.87,1916.18
BI100049,2025-03-15,MW,14,136.87,1916.18
BI100049,2025-03-15,TX,17,136.87,2326.79
BI100049,2025-03-15,TX,18,136.87,2463.66
BI100049,2025-03-15,MTN,17,136.87,2326.79
BI100049,2025-03-15,MTN,17,136.87,2326.79
BI100049,2025-03-15,PSW,14,136.87,1916.18
BI100049,2025-03-15,PSW,15,136.87,2053.05
BI100049,2025-03-15,PNW,13,136.87,1779.31
BI100049,2025-03-15,PNW,14,136.87,1916.18
BI100049,2025-04-15,NE,13,136.87,1779.31
BI100049,2025-04-15,NE,13,136.87,1779.31
BI100049,2025-04-15,NE,14,136.87,1916.18
BI100049,2025-04-15,MA,17,136.87,2326.79
BI100049,2025-04-15,MA,17,136.87,2326.79
BI100049,2025-04-15,SE,14,136.87,1916.18
BI100049,2025-04-15,SE,15,136.87,2053.05
BI100049,2025-04-15,MW,15,136.87,2053.05
BI100049,2025-04-15,MW,15,136.87,2053.05
BI100049,2025-04-15,TX,12,136.87,1642.44
BI100049,2025-04-15,TX,13,136.87,1779.31
BI100049,2025-04-15,TX,13,136.87,1779.31
BI100049,2025-04-15,MTN,12,136.87,1642.44
BI100049,2025-04-15,MTN,12,136.87,1642.44
BI100049,2025-04-15,MTN,13,136.87,1779.31
BI100049,2025-04-15,PSW,15,136.87,2053.05
BI100049,2025-04-15,PSW,15,136.87,2053.05
BI100049,2025-04-15,PNW,15,136.87,2053.05
BI100049,2025-04-15,PNW,16,136.87,2189.92
BI100049,2025-05-15,NE,13,136.87,1779.31
BI100049,2025-05-15,NE,14,136.87,1916.18
BI100049,2025-05-15,NE,14,136.87,1916.18
BI100049,2025-05-15,MA,12,136.87,1642.44
BI100049,2025-05-15,MA,12,136.87,1642.44
BI100049,2025-05-15,MA,13,136.87,1779.31
BI100049,2025-05-15,SE,16,136.87,2189.92
BI100049,2025-05-15,SE,16,136.87,2189.92
BI100049,2025-05-15,MW,15,136.87,2053.05
BI100049,2025-05-15,MW,16,136.87,2189.92
BI100049,2025-05-15,TX,12,136.87,1642.44
BI100049,2025-05-15,TX,13,136.87,1779.31
BI100049,2025-05-15,TX,13,136.87,1779.31
BI100049,2025-05-15,MTN,13,136.87,1779.31
BI100049,2025-05-15,MTN,13,136.87,1779.31
BI100049,2025-05-15,MTN,14,136.87,1916.18
BI100049,2025-05-15,PSW,12,136.87,1642.44
BI100049,2025-05-15,PSW,12,136.87,1642.44
BI100049,2025-05-15,PSW,12,136.87,1642.44
BI100049,2025-05-15,PNW,15,136.87,2053.05
BI100049,2025-05-15,PNW,15,136.87,2053.05
BI100049,2025-06-15,NE,15,136.87,2053.05
BI100049,2025-06-15,NE,15,136.87,2053.05
BI100049,2025-06-15,NE,15,136.87,2053.05
BI100049,2025-06-15,MA,12,136.87,1642.44
BI100049,2025-06-15,MA,12,136.87,1642.44
BI100049,2025-06-15,MA,12,136.87,1642.44
BI100049,2025-06-15,SE,15,136.87,2053.05
BI100049,2025-06-15,SE,16,136.87,2189.92
BI100049,2025-06-15,MW,17,136.87,2326.79
BI100049,2025-06-15,MW,17,136.87,2326.79
BI100049,2025-06-15,TX,13,136.87,1779.31
BI100049,2025-06-15,TX,14,136.87,1916.18
BI100049,2025-06-15,TX,14,136.87,1916.18
BI100049,2025-06-15,MTN,14,136.87,1916.18
BI100049,2025-06-15,MTN,15,136.87,2053.05
BI100049,2025-06-15,MTN,15,136.87,2053.05
BI100049,2025-06-15,PSW,16,136.87,2189.92
BI100049,2025-06-15,PSW,16,136.87,2189.92
BI100049,2025-06-15,PNW,15,136.87,2053.05
BI100049,2025-06-15,PNW,16,136.87,2189.92
BI100049,2025-07-15,NE,13,136.87,1779.31
BI100049,2025-07-15,NE,13,136.87,1779.31
BI100049,2025-07-15,NE,13,136.87,1779.31
BI100049,2025-07-15,MA,13,136.87,1779.31
BI100049,2025-07-15,MA,13,136.87,1779.31
BI100049,2025-07-15,MA,13,136.87,1779.31
BI100049,2025-07-15,SE,15,136.87,2053.05
BI100049,2025-07-15,SE,16,136.87,2189.92
BI100049,2025-07-15,MW,16,136.87,2189.92
BI100049,2025-07-15,MW,16,136.87,2189.92
BI100049,2025-07-15,TX,12,136.87,1642.44
BI100049,2025-07-15,TX,13,136.87,1779.31
BI100049,2025-07-15,TX,13,136.87,1779.31
BI100049,2025-07-15,MTN,13,136.87,1779.31
BI100049,2025-07-15,MTN,13,136.87,1779.31
BI100049,2025-07-15,MTN,14,136.87,1916.18
BI100049,2025-07-15,PSW,17,136.87,2326.79
BI100049,2025-07-15,PSW,17,136.87,2326.79
BI100049,2025-07-15,PNW,17,136.87,2326.79
BI100049,2025-07-15,PNW,17,136.87,2326.79
BI100049,2025-08-15,NE,13,136.87,1779.31
BI100049,2025-08-15,NE,13,136.87,1779.31
BI100049,2025-08-15,NE,13,136.87,1779.31
BI100049,2025-08-15,MA,16,136.87,2189.92
BI100049,2025-08-15,MA,17,136.87,2326.79
BI100049,2025-08-15,SE,14,136.87,1916.18
BI100049,2025-08-15,SE,15,136.87,2053.05
BI100049,2025-08-15,MW,15,136.87,2053.05
BI100049,2025-08-15,MW,15,136.87,2053.05
BI100049,2025-08-15,TX,13,136.87,1779.31
BI100049,2025-08-15,TX,13,136.87,1779.31
BI100049,2025-08-15,TX,13,136.87,1779.31
BI100049,2025-08-15,MTN,14,136.87,1916.18
BI100049,2025-08-15,MTN,14,136.87,1916.18
BI100049,2025-08-15,MTN,15,136.87,2053.05
BI100049,2025-08-15,PSW,16,136.87,2189.92
BI100049,2025-08-15,PSW,16,136.87,2189.92
BI100049,2025-08-15,PNW,15,136.87,2053.05
BI100049,2025-08-15,PNW,15,136.87,2053.05
BI100049,2025-09-15,NE,17,136.87,2326.79
BI100049,2025-09-15,NE,17,136.87,2326.79
BI100049,2025-09-15,MA,14,136.87,1916.18
BI100049,2025-09-15,MA,14,136.87,1916.18
BI100049,2025-09-15,SE,23,136.87,3148.01
BI100049,2025-09-15,MW,14,136.87,1916.18
BI100049,2025-09-15,MW,14,136.87,1916.18
BI100049,2025-09-15,TX,15,136.87,2053.05
BI100049,2025-09-15,TX,16,136.87,2189.92
BI100049,2025-09-15,MTN,17,136.87,2326.79
BI100049,2025-09-15,MTN,17,136.87,2326.79
BI100049,2025-09-15,PSW,14,136.87,1916.18
BI100049,2025-09-15,PSW,15,136.87,2053.05
BI100049,2025-09-15,PNW,12,136.87,1642.44
BI100049,2025-09-15,PNW,12,136.87,1642.44
BI100049,2025-10-15,NE,15,136.87,2053.05
BI100049,2025-10-15,NE,16,136.87,2189.92
BI100049,2025-10-15,MA,13,136.87,1779.31
BI100049,2025-10-15,MA,14,136.87,1916.18
BI100049,2025-10-15,SE,12,136.87,1642.44
BI100049,2025-10-15,SE,12,136.87,1642.44
BI100049,2025-10-15,MW,22,136.87,3011.14
BI100049,2025-10-15,TX,13,136.87,1779.31
BI100049,2025-10-15,TX,14,136.87,1916.18
BI100049,2025-10-15,MTN,15,136.87,2053.05
BI100049,2025-10-15,MTN,15,136.87,2053.05
BI100049,2025-10-15,PSW,12,136.87,1642.44
BI100049,2025-10-15,PSW,13,136.87,1779.31
BI100049,2025-10-15,PNW,23,136.87,3148.01
BI100049,2025-11-15,NE,14,136.87,1916.18
BI100049,2025-11-15,NE,15,136.87,2053.05
BI100049,2025-11-15,MA,22,136.87,3011.14
BI100049,2025-11-15,SE,21,136.87,2874.27
BI100049,2025-11-15,MW,22,136.87,3011.14
BI100049,2025-11-15,TX,13,136.87,1779.31
BI100049,2025-11-15,TX,14,136.87,1916.18
BI100049,2025-11-15,MTN,13,136.87,1779.31
BI100049,2025-11-15,MTN,13,136.87,1779.31
BI100049,2025-11-15,PSW,23,136.87,3148.01
BI100049,2025-11-15,PNW,20,136.87,2737.4
BI100049,2025-12-15,NE,12,136.87,1642.44
BI100049,2025-12-15,NE,12,136.87,1642.44
BI100049,2025-12-15,MA,21,136.87,2874.27
BI100049,2025-12-15,SE,18,136.87,2463.66
BI100049,2025-12-15,MW,21,136.87,2874.27
BI100049,2025-12-15,TX,13,136.87,1779.31
BI100049,2025-12-15,TX,13,136.87,1779.31
BI100049,2025-12-15,MTN,12,136.87,1642.44
BI100049,2025-12-15,MTN,13,136.87,1779.31
BI100049,2025-12-15,PSW,21,136.87,2874.27
BI100049,2025-12-15,PNW,19,136.87,2600.53
BI100056,2024-01-15,NE,12,165.76,1989.12
BI100056,2024-01-15,NE,12,165.76,1989.12
BI100056,2024-01-15,NE,12,165.76,1989.12
BI100056,2024-01-15,NE,12,165.76,1989.12
BI100056,2024-01-15,NE,12,165.76,1989.12
BI100056,2024-01-15,MA,13,165.76,2154.88
BI100056,2024-01-15,MA,14,165.76,2320.64
BI100056,2024-01-15,MA,14,165.76,2320.64
BI100056,2024-01-15,SE,14,165.76,2320.64
BI100056,2024-01-15,SE,14,165.76,2320.64
BI100056,2024-01-15,SE,15,165.76,2486.4
BI100056,2024-01-15,MW,12,165.76,1989.12
BI100056,2024-01-15,MW,13,165.76,2154.88
BI100056,2024-01-15,MW,13,165.76,2154.88
BI100056,2024-01-15,MW,13,165.76,2154.88
BI100056,2024-01-15,TX,14,165.76,2320.64
BI100056,2024-01-15,TX,14,165.76,2320.64
BI100056,2024-01-15,TX,14,165.76,2320.64
BI100056,2024-01-15,TX,15,165.76,2486.4
BI100056,2024-01-15,MTN,12,165.76,1989.12
BI100056,2024-01-15,MTN,12,165.76,1989.12
BI100056,2024-01-15,MTN,12,165.76,1989.12
BI100056,2024-01-15,MTN,13,165.76,2154.88
BI100056,2024-01-15,PSW,13,165.76,2154.88
BI100056,2024-01-15,PSW,14,165.76,2320.64
BI100056,2024-01-15,PSW,14,165.76,2320.64
BI100056,2024-01-15,PSW,14,165.76,2320.64
BI100056,2024-01-15,PNW,12,165.76,1989.12
BI100056,2024-01-15,PNW,13,165.76,2154.88
BI100056,2024-01-15,PNW,13,165.76,2154.88
BI100056,2024-01-15,PNW,13,165.76,2154.88
BI100056,2024-01-15,PNW,13,165.76,2154.88
BI100056,2024-02-15,NE,13,165.76,2154.88
BI100056,2024-02-15,NE,13,165.76,2154.88
BI100056,2024-02-15,NE,13,165.76,2154.88
BI100056,2024-02-15,NE,13,165.76,2154.88
BI100056,2024-02-15,NE,13,165.76,2154.88
BI100056,2024-02-15,MA,15,165.76,2486.4
BI100056,2024-02-15,MA,16,165.76,2652.16
BI100056,2024-02-15,MA,16,165.76,2652.16
BI100056,2024-02-15,SE,15,165.76,2486.4
BI100056,2024-02-15,SE,16,165.76,2652.16
BI100056,2024-02-15,SE,16,165.76,2652.16
BI100056,2024-02-15,MW,12,165.76,1989.12
BI100056,2024-02-15,MW,12,165.76,1989.12
BI100056,2024-02-15,MW,12,165.76,1989.12
BI100056,2024-02-15,MW,13,165.76,2154.88
BI100056,2024-02-15,TX,12,165.76,1989.12
BI100056,2024-02-15,TX,13,165.76,2154.88
BI100056,2024-02-15,TX,13,165.76,2154.88
BI100056,2024-02-15,TX,13,165.76,2154.88
BI100056,2024-02-15,TX,13,165.76,2154.88
BI100056,2024-02-15,MTN,14,165.76,2320.64
BI100056,2024-02-15,MTN,15,165.76,2486.4
BI100056,2024-02-15,MTN,15,165.76,2486.4
BI100056,2024-02-15,MTN,15,165.76,2486.4
BI100056,2024-02-15,PSW,13,165.76,2154.88
BI100056,2024-02-15,PSW,14,165.76,2320.64
BI100056,2024-02-15,PSW,14,165.76,2320.64
BI100056,2024-02-15,PSW,14,165.76,2320.64
BI100056,2024-02-15,PNW,13,165.76,2154.88
BI100056,2024-02-15,PNW,13,165.76,2154.88
BI100056,2024-02-15,PNW,13,165.76,2154.88
BI100056,2024-02-15,PNW,13,165.76,2154.88
BI100056,2024-02-15,PNW,13,165.76,2154.88
BI100056,2024-03-15,NE,12,165.76,1989.12
BI100056,2024-03-15,NE,13,165.76,2154.88
BI100056,2024-03-15,NE,13,165.76,2154.88
BI100056,2024-03-15,NE,13,165.76,2154.88
BI100056,2024-03-15,NE,13,165.76,2154.88
BI100056,2024-03-15,NE,13,165.76,2154.88
BI100056,2024-03-15,MA,14,165.76,2320.64
BI100056,2024-03-15,MA,14,165.76,2320.64
BI100056,2024-03-15,MA,14,165.76,2320.64
BI100056,2024-03-15,MA,14,165.76,2320.64
BI100056,2024-03-15,SE,14,165.76,2320.64
BI100056,2024-03-15,SE,14,165.76,2320.64
BI100056,2024-03-15,SE,14,165.76,2320.64
BI100056,2024-03-15,SE,14,165.76,2320.64
BI100056,2024-03-15,MW,12,165.76,1989.12
BI100056,2024-03-15,MW,13,165.76,2154.88
BI100056,2024-03-15,MW,13,165.76,2154.88
BI100056,2024-03-15,MW,13,165.76,2154.88
BI100056,2024-03-15,MW,13,165.76,2154.88
BI100056,2024-03-15,TX,12,165.76,1989.12
BI100056,2024-03-15,TX,12,165.76,1989.12
BI100056,2024-03-15,TX,12,165.76,1989.12
BI100056,2024-03-15,TX,12,165.76,1989.12
BI100056,2024-03-15,TX,12,165.76,1989.12
BI100056,2024-03-15,TX,12,165.76,1989.12
BI100056,2024-03-15,TX,12,165.76,1989.12
BI100056,2024-03-15,MTN,12,165.76,1989.12
BI100056,2024-03-15,MTN,12,165.76,1989.12
BI100056,2024-03-15,MTN,13,165.76,2154.88
BI100056,2024-03-15,MTN,13,165.76,2154.88
BI100056,2024-03-15,MTN,13,165.76,2154.88
BI100056,2024-03-15,PSW,13,165.76,2154.88
BI100056,2024-03-15,PSW,13,165.76,2154.88
BI100056,2024-03-15,PSW,13,165.76,2154.88
BI100056,2024-03-15,PSW,14,165.76,2320.64
BI100056,2024-03-15,PSW,14,165.76,2320.64
BI100056,2024-03-15,PNW,12,165.76,1989.12
BI100056,2024-03-15,PNW,12,165.76,1989.12
BI100056,2024-03-15,PNW,12,165.76,1989.12
BI100056,2024-03-15,PNW,12,165.76,1989.12
BI100056,2024-03-15,PNW,12,165.76,1989.12
BI100056,2024-03-15,PNW,12,165.76,1989.12
BI100056,2024-04-15,NE,12,165.76,1989.12
BI100056,2024-04-15,NE,12,165.76,1989.12
BI100056,2024-04-15,NE,12,165.76,1989.12
BI100056,2024-04-15,NE,12,165.76,1989.12
BI100056,2024-04-15,NE,12,165.76,1989.12
BI100056,2024-04-15,NE,12,165.76,1989.12
BI100056,2024-04-15,NE,13,165.76,2154.88
BI100056,2024-04-15,MA,14,165.76,2320.64
BI100056,2024-04-15,MA,14,165.76,2320.64
BI100056,2024-04-15,MA,15,165.76,2486.4
BI100056,2024-04-15,MA,15,165.76,2486.4
BI100056,2024-04-15,SE,12,165.76,1989.12
BI100056,2024-04-15,SE,12,165.76,1989.12
BI100056,2024-04-15,SE,12,165.76,1989.12
BI100056,2024-04-15,SE,12,165.76,1989.12
BI100056,2024-04-15,SE,13,165.76,2154.88
BI100056,2024-04-15,MW,13,165.76,2154.88
BI100056,2024-04-15,MW,14,165.76,2320.64
BI100056,2024-04-15,MW,14,165.76,2320.64
BI100056,2024-04-15,MW,14,165.76,2320.64
BI100056,2024-04-15,MW,14,165.76,2320.64
BI100056,2024-04-15,TX,12,165.76,1989.12
BI100056,2024-04-15,TX,12,165.76,1989.12
BI100056,2024-04-15,TX,12,165.76,1989.12
BI100056,2024-04-15,TX,12,165.76,1989.12
BI100056,2024-04-15,TX,12,165.76,1989.12
BI100056,2024-04-15,TX,12,165.76,1989.12
BI100056,2024-04-15,TX,13,165.76,2154.88
BI100056,2024-04-15,MTN,13,165.76,2154.88
BI100056,2024-04-15,MTN,13,165.76,2154.88
BI100056,2024-04-15,MTN,13,165.76,2154.88
BI100056,2024-04-15,MTN,13,165.76,2154.88
BI100056,2024-04-15,MTN,13,165.76,2154.88
BI100056,2024-04-15,MTN,13,165.76,2154.88
BI100056,2024-04-15,PSW,13,165.76,2154.88
BI100056,2024-04-15,PSW,13,165.76,2154.88
BI100056,2024-04-15,PSW,13,165.76,2154.88
BI100056,2024-04-15,PSW,13,165.76,2154.88
BI100056,2024-04-15,PSW,13,165.76,2154.88
BI100056,2024-04-15,PSW,13,165.76,2154.88
BI100056,2024-04-15,PNW,13,165.76,2154.88
BI100056,2024-04-15,PNW,13,165.76,2154.88
BI100056,2024-04-15,PNW,13,165.76,2154.88
BI100056,2024-04-15,PNW,13,165.76,2154.88
BI100056,2024-04-15,PNW,13,165.76,2154.88
BI100056,2024-04-15,PNW,13,165.76,2154.88
BI100056,2024-04-15,PNW,13,165.76,2154.88
BI100056,2024-05-15,NE,13,165.76,2154.88
BI100056,2024-05-15,NE,13,165.76,2154.88
BI100056,2024-05-15,NE,13,165.76,2154.88
BI100056,2024-05-15,NE,13,165.76,2154.88
BI100056,2024-05-15,NE,13,165.76,2154.88
BI100056,2024-05-15,NE,13,165.76,2154.88
BI100056,2024-05-15,NE,13,165.76,2154.88
BI100056,2024-05-15,MA,12,165.76,1989.12
BI100056,2024-05-15,MA,12,165.76,1989.12
BI100056,2024-05-15,MA,12,165.76,1989.12
BI100056,2024-05-15,MA,12,165.76,1989.12
BI100056,2024-05-15,MA,12,165.76,1989.12
BI100056,2024-05-15,MA,12,165.76,1989.12
BI100056,2024-05-15,SE,13,165.76,2154.88
BI100056,2024-05-15,SE,13,165.76,2154.88
BI100056,2024-05-15,SE,13,165.76,2154.88
BI100056,2024-05-15,SE,14,165.76,2320.64
BI100056,2024-05-15,SE,14,165.76,2320.64
BI100056,2024-05-15,MW,12,165.76,1989.12
BI100056,2024-05-15,MW,13,165.76,2154.88
BI100056,2024-05-15,MW,13,165.76,2154.88
BI100056,2024-05-15,MW,13,165.76,2154.88
BI100056,2024-05-15,MW,13,165.76,2154.88
BI100056,2024-05-15,MW,13,165.76,2154.88
BI100056,2024-05-15,TX,12,165.76,1989.12
BI100056,2024-05-15,TX,12,165.76,1989.12
BI100056,2024-05-15,TX,12,165.76,1989.12
BI100056,2024-05-15,TX,12,165.76,1989.12
BI100056,2024-05-15,TX,12,165.76,1989.12
BI100056,2024-05-15,TX,12,165.76,1989.12
BI100056,2024-05-15,TX,12,165.76,1989.12
BI100056,2024-05-15,TX,12,165.76,1989.12
BI100056,2024-05-15,MTN,12,165.76,1989.12
BI100056,2024-05-15,MTN,12,165.76,1989.12
BI100056,2024-05-15,MTN,12,165.76,1989.12
BI100056,2024-05-15,MTN,12,165.76,1989.12
BI100056,2024-05-15,MTN,12,165.76,1989.12
BI100056,2024-05-15,MTN,12,165.76,1989.12
BI100056,2024-05-15,MTN,13,165.76,2154.88
BI100056,2024-05-15,PSW,12,165.76,1989.12
BI100056,2024-05-15,PSW,12,165.76,1989.12
BI100056,2024-05-15,PSW,12,165.76,1989.12
BI100056,2024-05-15,PSW,12,165.76,1989.12
BI100056,2024-05-15,PSW,13,165.76,2154.88
BI100056,2024-05-15,PSW,13,165.76,2154.88
BI100056,2024-05-15,PSW,13,165.76,2154.88
BI100056,2024-05-15,PNW,12,165.76,1989.12
BI100056,2024-05-15,PNW,12,165.76,1989.12
BI100056,2024-05-15,PNW,12,165.76,1989.12
BI100056,2024-05-15,PNW,12,165.76,1989.12
BI100056,2024-05-15,PNW,12,165.76,1989.12
BI100056,2024-05-15,PNW,13,165.76,2154.88
BI100056,2024-05-15,PNW,13,165.76,2154.88
BI100056,2024-05-15,PNW,13,165.76,2154.88
BI100056,2024-06-15,NE,13,165.76,2154.88
BI100056,2024-06-15,NE,13,165.76,2154.88
BI100056,2024-06-15,NE,13,165.76,2154.88
BI100056,2024-06-15,NE,13,165.76,2154.88
BI100056,2024-06-15,NE,13,165.76,2154.88
BI100056,2024-06-15,NE,14,165.76,2320.64
BI100056,2024-06-15,NE,14,165.76,2320.64
BI100056,2024-06-15,NE,14,165.76,2320.64
BI100056,2024-06-15,MA,14,165.76,2320.64
BI100056,2024-06-15,MA,14,165.76,2320.64
BI100056,2024-06-15,MA,14,165.76,2320.64
BI100056,2024-06-15,MA,14,165.76,2320.64
BI100056,2024-06-15,MA,14,165.76,2320.64
BI100056,2024-06-15,SE,12,165.76,1989.12
BI100056,2024-06-15,SE,12,165.76,1989.12
BI100056,2024-06-15,SE,13,165.76,2154.88
BI100056,2024-06-15,SE,13,165.76,2154.88
BI100056,2024-06-15,SE,13,165.76,2154.88
BI100056,2024-06-15,SE,13,165.76,2154.88
BI100056,2024-06-15,MW,13,165.76,2154.88
BI100056,2024-06-15,MW,14,165.76,2320.64
BI100056,2024-06-15,MW,14,165.76,2320.64
BI100056,2024-06-15,MW,14,165.76,2320.64
BI100056,2024-06-15,MW,14,165.76,2320.64
BI100056,2024-06-15,MW,14,165.76,2320.64
BI100056,2024-06-15,TX,13,165.76,2154.88
BI100056,2024-06-15,TX,13,165.76,2154.88
BI100056,2024-06-15,TX,13,165.76,2154.88
BI100056,2024-06-15,TX,13,165.76,2154.88
BI100056,2024-06-15,TX,14,165.76,2320.64
BI100056,2024-06-15,TX,14,165.76,2320.64
BI100056,2024-06-15,TX,14,165.76,2320.64
BI100056,2024-06-15,MTN,13,165.76,2154.88
BI100056,2024-06-15,MTN,13,165.76,2154.88
BI100056,2024-06-15,MTN,13,165.76,2154.88
BI100056,2024-06-15,MTN,13,165.76,2154.88
BI100056,2024-06-15,MTN,13,165.76,2154.88
BI100056,2024-06-15,MTN,13,165.76,2154.88
BI100056,2024-06-15,MTN,13,165.76,2154.88
BI100056,2024-06-15,PSW,13,165.76,2154.88
BI100056,2024-06-15,PSW,13,165.76,2154.88
BI100056,2024-06-15,PSW,13,165.76,2154.88
BI100056,2024-06-15,PSW,13,165.76,2154.88
BI100056,2024-06-15,PSW,14,165.76,2320.64
BI100056,2024-06-15,PSW,14,165.76,2320.64
BI100056,2024-06-15,PNW,12,165.76,1989.12
BI100056,2024-06-15,PNW,12,165.76,1989.12
BI100056,2024-06-15,PNW,12,165.76,1989.12
BI100056,2024-06-15,PNW,13,165.76,2154.88
BI100056,2024-06-15,PNW,13,165.76,2154.88
BI100056,2024-06-15,PNW,13,165.76,2154.88
BI100056,2024-06-15,PNW,13,165.76,2154.88
BI100056,2024-06-15,PNW,13,165.76,2154.88
BI100056,2024-07-15,NE,13,165.76,2154.88
BI100056,2024-07-15,NE,13,165.76,2154.88
BI100056,2024-07-15,NE,13,165.76,2154.88
BI100056,2024-07-15,NE,13,165.76,2154.88
BI100056,2024-07-15,NE,13,165.76,2154.88
BI100056,2024-07-15,NE,13,165.76,2154.88
BI100056,2024-07-15,NE,13,165.76,2154.88
BI100056,2024-07-15,MA,13,165.76,2154.88
BI100056,2024-07-15,MA,13,165.76,2154.88
BI100056,2024-07-15,MA,13,165.76,2154.88
BI100056,2024-07-15,MA,14,165.76,2320.64
BI100056,2024-07-15,MA,14,165.76,2320.64
BI100056,2024-07-15,SE,13,165.76,2154.88
BI100056,2024-07-15,SE,14,165.76,2320.64
BI100056,2024-07-15,SE,14,165.76,2320.64
BI100056,2024-07-15,SE,14,165.76,2320.64
BI100056,2024-07-15,SE,14,165.76,2320.64
BI100056,2024-07-15,MW,13,165.76,2154.88
BI100056,2024-07-15,MW,13,165.76,2154.88
BI100056,2024-07-15,MW,13,165.76,2154.88
BI100056,2024-07-15,MW,13,165.76,2154.88
BI100056,2024-07-15,MW,14,165.76,2320.64
BI100056,2024-07-15,MW,14,165.76,2320.64
BI100056,2024-07-15,TX,13,165.76,2154.88
BI100056,2024-07-15,TX,13,165.76,2154.88
BI100056,2024-07-15,TX,13,165.76,2154.88
BI100056,2024-07-15,TX,13,165.76,2154.88
BI100056,2024-07-15,TX,13,165.76,2154.88
BI100056,2024-07-15,TX,13,165.76,2154.88
BI100056,2024-07-15,TX,13,165.76,2154.88
BI100056,2024-07-15,MTN,12,165.76,1989.12
BI100056,2024-07-15,MTN,12,165.76,1989.12
BI100056,2024-07-15,MTN,12,165.76,1989.12
BI100056,2024-07-15,MTN,12,165.76,1989.12
BI100056,2024-07-15,MTN,12,165.76,1989.12
BI100056,2024-07-15,MTN,12,165.76,1989.12
BI100056,2024-07-15,MTN,12,165.76,1989.12
BI100056,2024-07-15,PSW,13,165.76,2154.88
BI100056,2024-07-15,PSW,13,165.76,2154.88
BI100056,2024-07-15,PSW,13,165.76,2154.88
BI100056,2024-07-15,PSW,13,165.76,2154.88
BI100056,2024-07-15,PSW,13,165.76,2154.88
BI100056,2024-07-15,PSW,14,165.76,2320.64
BI100056,2024-07-15,PNW,12,165.76,1989.12
BI100056,2024-07-15,PNW,12,165.76,1989.12
BI100056,2024-07-15,PNW,12,165.76,1989.12
BI100056,2024-07-15,PNW,12,165.76,1989.12
BI100056,2024-07-15,PNW,12,165.76,1989.12
BI100056,2024-07-15,PNW,12,165.76,1989.12
BI100056,2024-07-15,PNW,12,165.76,1989.12
BI100056,2024-07-15,PNW,13,165.76,2154.88
BI100056,2024-08-15,NE,12,165.76,1989.12
BI100056,2024-08-15,NE,12,165.76,1989.12
BI100056,2024-08-15,NE,12,165.76,1989.12
BI100056,2024-08-15,NE,12,165.76,1989.12
BI100056,2024-08-15,NE,13,165.76,2154.88
BI100056,2024-08-15,NE,13,165.76,2154.88
BI100056,2024-08-15,NE,13,165.76,2154.88
BI100056,2024-08-15,MA,12,165.76,1989.12
BI100056,2024-08-15,MA,12,165.76,1989.12
BI100056,2024-08-15,MA,12,165.76,1989.12
BI100056,2024-08-15,MA,12,165.76,1989.12
BI100056,2024-08-15,MA,12,165.76,1989.12
BI100056,2024-08-15,SE,12,165.76,1989.12
BI100056,2024-08-15,SE,13,165.76,2154.88
BI100056,2024-08-15,SE,13,165.76,2154.88
BI100056,2024-08-15,SE,13,165.76,2154.88
BI100056,2024-08-15,SE,13,165.76,2154.88
BI100056,2024-08-15,MW,13,165.76,2154.88
BI100056,2024-08-15,MW,13,165.76,2154.88
BI100056,2024-08-15,MW,13,165.76,2154.88
BI100056,2024-08-15,MW,13,165.76,2154.88
BI100056,2024-08-15,MW,14,165.76,2320.64
BI100056,2024-08-15,TX,12,165.76,1989.12
BI100056,2024-08-15,TX,12,165.76,1989.12
BI100056,2024-08-15,TX,12,165.76,1989.12
BI100056,2024-08-15,TX,12,165.76,1989.12
BI100056,2024-08-15,TX,12,165.76,1989.12
BI100056,2024-08-15,TX,12,165.76,1989.12
BI100056,2024-08-15,TX,12,165.76,1989.12
BI100056,2024-08-15,TX,13,165.76,2154.88
BI100056,2024-08-15,MTN,13,165.76,2154.88
BI100056,2024-08-15,MTN,13,165.76,2154.88
BI100056,2024-08-15,MTN,13,165.76,2154.88
BI100056,2024-08-15,MTN,13,165.76,2154.88
BI100056,2024-08-15,MTN,13,165.76,2154.88
BI100056,2024-08-15,MTN,14,165.76,2320.64
BI100056,2024-08-15,PSW,13,165.76,2154.88
BI100056,2024-08-15,PSW,13,165.76,2154.88
BI100056,2024-08-15,PSW,13,165.76,2154.88
BI100056,2024-08-15,PSW,13,165.76,2154.88
BI100056,2024-08-15,PSW,13,165.76,2154.88
BI100056,2024-08-15,PSW,13,165.76,2154.88
BI100056,2024-08-15,PNW,12,165.76,1989.12
BI100056,2024-08-15,PNW,13,165.76,2154.88
BI100056,2024-08-15,PNW,13,165.76,2154.88
BI100056,2024-08-15,PNW,13,165.76,2154.88
BI100056,2024-08-15,PNW,13,165.76,2154.88
BI100056,2024-08-15,PNW,13,165.76,2154.88
BI100056,2024-08-15,PNW,13,165.76,2154.88
BI100056,2024-09-15,NE,13,165.76,2154.88
BI100056,2024-09-15,NE,13,165.76,2154.88
BI100056,2024-09-15,NE,13,165.76,2154.88
BI100056,2024-09-15,NE,14,165.76,2320.64
BI100056,2024-09-15,NE,14,165.76,2320.64
BI100056,2024-09-15,NE,14,165.76,2320.64
BI100056,2024-09-15,MA,14,165.76,2320.64
BI100056,2024-09-15,MA,14,165.76,2320.64
BI100056,2024-09-15,MA,14,165.76,2320.64
BI100056,2024-09-15,MA,15,165.76,2486.4
BI100056,2024-09-15,SE,12,165.76,1989.12
BI100056,2024-09-15,SE,12,165.76,1989.12
BI100056,2024-09-15,SE,12,165.76,1989.12
BI100056,2024-09-15,SE,12,165.76,1989.12
BI100056,2024-09-15,SE,12,165.76,1989.12
BI100056,2024-09-15,MW,12,165.76,1989.12
BI100056,2024-09-15,MW,12,165.76,1989.12
BI100056,2024-09-15,MW,12,165.76,1989.12
BI100056,2024-09-15,MW,12,165.76,1989.12
BI100056,2024-09-15,MW,12,165.76,1989.12
BI100056,2024-09-15,TX,13,165.76,2154.88
BI100056,2024-09-15,TX,13,165.76,2154.88
BI100056,2024-09-15,TX,14,165.76,2320.64
BI100056,2024-09-15,TX,14,165.76,2320.64
BI100056,2024-09-15,TX,14,165.76,2320.64
BI100056,2024-09-15,TX,14,165.76,2320.64
BI100056,2024-09-15,MTN,12,165.76,1989.12
BI100056,2024-09-15,MTN,12,165.76,1989.12
BI100056,2024-09-15,MTN,12,165.76,1989.12
BI100056,2024-09-15,MTN,12,165.76,1989.12
BI100056,2024-09-15,MTN,12,165.76,1989.12
BI100056,2024-09-15,MTN,12,165.76,1989.12
BI100056,2024-09-15,PSW,13,165.76,2154.88
BI100056,2024-09-15,PSW,13,165.76,2154.88
BI100056,2024-09-15,PSW,13,165.76,2154.88
BI100056,2024-09-15,PSW,13,165.76,2154.88
BI100056,2024-09-15,PSW,14,165.76,2320.64
BI100056,2024-09-15,PNW,13,165.76,2154.88
BI100056,2024-09-15,PNW,13,165.76,2154.88
BI100056,2024-09-15,PNW,13,165.76,2154.88
BI100056,2024-09-15,PNW,13,165.76,2154.88
BI100056,2024-09-15,PNW,14,165.76,2320.64
BI100056,2024-09-15,PNW,14,165.76,2320.64
BI100056,2024-10-15,NE,13,165.76,2154.88
BI100056,2024-10-15,NE,13,165.76,2154.88
BI100056,2024-10-15,NE,13,165.76,2154.88
BI100056,2024-10-15,NE,14,165.76,2320.64
BI100056,2024-10-15,NE,14,165.76,2320.64
BI100056,2024-10-15,MA,12,165.76,1989.12
BI100056,2024-10-15,MA,12,165.76,1989.12
BI100056,2024-10-15,MA,12,165.76,1989.12
BI100056,2024-10-15,MA,13,165.76,2154.88
BI100056,2024-10-15,SE,12,165.76,1989.12
BI100056,2024-10-15,SE,12,165.76,1989.12
BI100056,2024-10-15,SE,12,165.76,1989.12
BI100056,2024-10-15,SE,12,165.76,1989.12
BI100056,2024-10-15,MW,14,165.76,2320.64
BI100056,2024-10-15,MW,14,165.76,2320.64
BI100056,2024-10-15,MW,14,165.76,2320.64
BI100056,2024-10-15,MW,15,165.76,2486.4
BI100056,2024-10-15,TX,12,165.76,1989.12
BI100056,2024-10-15,TX,12,165.76,1989.12
BI100056,2024-10-15,TX,12,165.76,1989.12
BI100056,2024-10-15,TX,12,165.76,1989.12
BI100056,2024-10-15,TX,12,165.76,1989.12
BI100056,2024-10-15,TX,12,165.76,1989.12
BI100056,2024-10-15,MTN,12,165.76,1989.12
BI100056,2024-10-15,MTN,12,165.76,1989.12
BI100056,2024-10-15,MTN,12,165.76,1989.12
BI100056,2024-10-15,MTN,13,165.76,2154.88
BI100056,2024-10-15,MTN,13,165.76,2154.88
BI100056,2024-10-15,PSW,12,165.76,1989.12
BI100056,2024-10-15,PSW,12,165.76,1989.12
BI100056,2024-10-15,PSW,12,165.76,1989.12
BI100056,2024-10-15,PSW,12,165.76,1989.12
BI100056,2024-10-15,PSW,13,165.76,2154.88
BI100056,2024-10-15,PNW,14,165.76,2320.64
BI100056,2024-10-15,PNW,14,165.76,2320.64
BI100056,2024-10-15,PNW,14,165.76,2320.64
BI100056,2024-10-15,PNW,14,165.76,2320.64
BI100056,2024-10-15,PNW,15,165.76,2486.4
BI100056,2024-11-15,NE,12,165.76,1989.12
BI100056,2024-11-15,NE,12,165.76,1989.12
BI100056,2024-11-15,NE,12,165.76,1989.12
BI100056,2024-11-15,NE,12,165.76,1989.12
BI100056,2024-11-15,NE,12,165.76,1989.12
BI100056,2024-11-15,MA,15,165.76,2486.4
BI100056,2024-11-15,MA,15,165.76,2486.4
BI100056,2024-11-15,MA,15,165.76,2486.4
BI100056,2024-11-15,SE,12,165.76,1989.12
BI100056,2024-11-15,SE,12,165.76,1989.12
BI100056,2024-11-15,SE,12,165.76,1989.12
BI100056,2024-11-15,SE,12,165.76,1989.12
BI100056,2024-11-15,MW,13,165.76,2154.88
BI100056,2024-11-15,MW,13,165.76,2154.88
BI100056,2024-11-15,MW,13,165.76,2154.88
BI100056,2024-11-15,MW,13,165.76,2154.88
BI100056,2024-11-15,TX,12,165.76,1989.12
BI100056,2024-11-15,TX,12,165.76,1989.12
BI100056,2024-11-15,TX,12,165.76,1989.12
BI100056,2024-11-15,TX,12,165.76,1989.12
BI100056,2024-11-15,TX,13,165.76,2154.88
BI100056,2024-11-15,MTN,13,165.76,2154.88
BI100056,2024-11-15,MTN,14,165.76,2320.64
BI100056,2024-11-15,MTN,14,165.76,2320.64
BI100056,2024-11-15,MTN,14,165.76,2320.64
BI100056,2024-11-15,PSW,14,165.76,2320.64
BI100056,2024-11-15,PSW,14,165.76,2320.64
BI100056,2024-11-15,PSW,14,165.76,2320.64
BI100056,2024-11-15,PSW,15,165.76,2486.4
BI100056,2024-11-15,PNW,14,165.76,2320.64
BI100056,2024-11-15,PNW,14,165.76,2320.64
BI100056,2024-11-15,PNW,15,165.76,2486.4
BI100056,2024-11-15,PNW,15,165.76,2486.4
BI100056,2024-12-15,NE,13,165.76,2154.88
BI100056,2024-12-15,NE,13,165.76,2154.88
BI100056,2024-12-15,NE,13,165.76,2154.88
BI100056,2024-12-15,NE,14,165.76,2320.64
BI100056,2024-12-15,NE,14,165.76,2320.64
BI100056,2024-12-15,MA,13,165.76,2154.88
BI100056,2024-12-15,MA,14,165.76,2320.64
BI100056,2024-12-15,MA,14,165.76,2320.64
BI100056,2024-12-15,SE,15,165.76,2486.4
BI100056,2024-12-15,SE,16,165.76,2652.16
BI100056,2024-12-15,SE,16,165.76,2652.16
BI100056,2024-12-15,MW,13,165.76,2154.88
BI100056,2024-12-15,MW,13,165.76,2154.88
BI100056,2024-12-15,MW,13,165.76,2154.88
BI100056,2024-12-15,MW,13,165.76,2154.88
BI100056,2024-12-15,TX,12,165.76,1989.12
BI100056,2024-12-15,TX,12,165.76,1989.12
BI100056,2024-12-15,TX,12,165.76,1989.12
BI100056,2024-12-15,TX,13,165.76,2154.88
BI100056,2024-12-15,TX,13,165.76,2154.88
BI100056,2024-12-15,MTN,13,165.76,2154.88
BI100056,2024-12-15,MTN,13,165.76,2154.88
BI100056,2024-12-15,MTN,14,165.76,2320.64
BI100056,2024-12-15,MTN,14,165.76,2320.64
BI100056,2024-12-15,PSW,13,165.76,2154.88
BI100056,2024-12-15,PSW,13,165.76,2154.88
BI100056,2024-12-15,PSW,13,165.76,2154.88
BI100056,2024-12-15,PSW,13,165.76,2154.88
BI100056,2024-12-15,PNW,14,165.76,2320.64
BI100056,2024-12-15,PNW,14,165.76,2320.64
BI100056,2024-12-15,PNW,15,165.76,2486.4
BI100056,2024-12-15,PNW,15,165.76,2486.4
BI100056,2025-01-15,NE,13,165.76,2154.88
BI100056,2025-01-15,NE,14,165.76,2320.64
BI100056,2025-01-15,NE,14,165.76,2320.64
BI100056,2025-01-15,NE,14,165.76,2320.64
BI100056,2025-01-15,NE,14,165.76,2320.64
BI100056,2025-01-15,MA,14,165.76,2320.64
BI100056,2025-01-15,MA,14,165.76,2320.64
BI100056,2025-01-15,MA,14,165.76,2320.64
BI100056,2025-01-15,SE,15,165.76,2486.4
BI100056,2025-01-15,SE,16,165.76,2652.16
BI100056,2025-01-15,SE,16,165.76,2652.16
BI100056,2025-01-15,MW,12,165.76,1989.12
BI100056,2025-01-15,MW,12,165.76,1989.12
BI100056,2025-01-15,MW,13,165.76,2154.88
BI100056,2025-01-15,MW,13,165.76,2154.88
BI100056,2025-01-15,TX,12,165.76,1989.12
BI100056,2025-01-15,TX,12,165.76,1989.12
BI100056,2025-01-15,TX,12,165.76,1989.12
BI100056,2025-01-15,TX,13,165.76,2154.88
BI100056,2025-01-15,TX,13,165.76,2154.88
BI100056,2025-01-15,MTN,14,165.76,2320.64
BI100056,2025-01-15,MTN,15,165.76,2486.4
BI100056,2025-01-15,MTN,15,165.76,2486.4
BI100056,2025-01-15,MTN,15,165.76,2486.4
BI100056,2025-01-15,PSW,13,165.76,2154.88
BI100056,2025-01-15,PSW,14,165.76,2320.64
BI100056,2025-01-15,PSW,14,165.76,2320.64
BI100056,2025-01-15,PSW,14,165.76,2320.64
BI100056,2025-01-15,PNW,12,165.76,1989.12
BI100056,2025-01-15,PNW,13,165.76,2154.88
BI100056,2025-01-15,PNW,13,165.76,2154.88
BI100056,2025-01-15,PNW,13,165.76,2154.88
BI100056,2025-01-15,PNW,13,165.76,2154.88
BI100056,2025-02-15,NE,13,165.76,2154.88
BI100056,2025-02-15,NE,14,165.76,2320.64
BI100056,2025-02-15,NE,14,165.76,2320.64
BI100056,2025-02-15,NE,14,165.76,2320.64
BI100056,2025-02-15,NE,14,165.76,2320.64
BI100056,2025-02-15,MA,12,165.76,1989.12
BI100056,2025-02-15,MA,12,165.76,1989.12
BI100056,2025-02-15,MA,13,165.76,2154.88
BI100056,2025-02-15,MA,13,165.76,2154.88
BI100056,2025-02-15,SE,14,165.76,2320.64
BI100056,2025-02-15,SE,14,165.76,2320.64
BI100056,2025-02-15,SE,14,165.76,2320.64
BI100056,2025-02-15,SE,15,165.76,2486.4
BI100056,2025-02-15,MW,14,165.76,2320.64
BI100056,2025-02-15,MW,14,165.76,2320.64
BI100056,2025-02-15,MW,14,165.76,2320.64
BI100056,2025-02-15,MW,14,165.76,2320.64
BI100056,2025-02-15,TX,12,165.76,1989.12
BI100056,2025-02-15,TX,13,165.76,2154.88
BI100056,2025-02-15,TX,13,165.76,2154.88
BI100056,2025-02-15,TX,13,165.76,2154.88
BI100056,2025-02-15,TX,13,165.76,2154.88
BI100056,2025-02-15,TX,13,165.76,2154.88
BI100056,2025-02-15,MTN,13,165.76,2154.88
BI100056,2025-02-15,MTN,13,165.76,2154.88
BI100056,2025-02-15,MTN,13,165.76,2154.88
BI100056,2025-02-15,MTN,13,165.76,2154.88
BI100056,2025-02-15,MTN,13,165.76,2154.88
BI100056,2025-02-15,PSW,13,165.76,2154.88
BI100056,2025-02-15,PSW,13,165.76,2154.88
BI100056,2025-02-15,PSW,13,165.76,2154.88
BI100056,2025-02-15,PSW,13,165.76,2154.88
BI100056,2025-02-15,PSW,13,165.76,2154.88
BI100056,2025-02-15,PNW,13,165.76,2154.88
BI100056,2025-02-15,PNW,14,165.76,2320.64
BI100056,2025-02-15,PNW,14,165.76,2320.64
BI100056,2025-02-15,PNW,14,165.76,2320.64
BI100056,2025-02-15,PNW,14,165.76,2320.64
BI100056,2025-03-15,NE,13,165.76,2154.88
BI100056,2025-03-15,NE,13,165.76,2154.88
BI100056,2025-03-15,NE,13,165.76,2154.88
BI100056,2025-03-15,NE,13,165.76,2154.88
BI100056,2025-03-15,NE,13,165.76,2154.88
BI100056,2025-03-15,NE,13,165.76,2154.88
BI100056,2025-03-15,MA,13,165.76,2154.88
BI100056,2025-03-15,MA,14,165.76,2320.64
BI100056,2025-03-15,MA,14,165.76,2320.64
BI100056,2025-03-15,MA,14,165.76,2320.64
BI100056,2025-03-15,SE,12,165.76,1989.12
BI100056,2025-03-15,SE,12,165.76,1989.12
BI100056,2025-03-15,SE,12,165.76,1989.12
BI100056,2025-03-15,SE,13,165.76,2154.88
BI100056,2025-03-15,SE,13,165.76,2154.88
BI100056,2025-03-15,MW,12,165.76,1989.12
BI100056,2025-03-15,MW,13,165.76,2154.88
BI100056,2025-03-15,MW,13,165.76,2154.88
BI100056,2025-03-15,MW,13,165.76,2154.88
BI100056,2025-03-15,MW,13,165.76,2154.88
BI100056,2025-03-15,TX,12,165.76,1989.12
BI100056,2025-03-15,TX,12,165.76,1989.12
BI100056,2025-03-15,TX,13,165.76,2154.88
BI100056,2025-03-15,TX,13,165.76,2154.88
BI100056,2025-03-15,TX,13,165.76,2154.88
BI100056,2025-03-15,TX,13,165.76,2154.88
BI100056,2025-03-15,TX,13,165.76,2154.88
BI100056,2025-03-15,MTN,12,165.76,1989.12
BI100056,2025-03-15,MTN,12,165.76,1989.12
BI100056,2025-03-15,MTN,12,165.76,1989.12
BI100056,2025-03-15,MTN,12,165.76,1989.12
BI100056,2025-03-15,MTN,13,165.76,2154.88
BI100056,2025-03-15,MTN,13,165.76,2154.88
BI100056,2025-03-15,PSW,12,165.76,1989.12
BI100056,2025-03-15,PSW,12,165.76,1989.12
BI100056,2025-03-15,PSW,12,165.76,1989.12
BI100056,2025-03-15,PSW,12,165.76,1989.12
BI100056,2025-03-15,PSW,13,165.76,2154.88
BI100056,2025-03-15,PSW,13,165.76,2154.88
BI100056,2025-03-15,PNW,13,165.76,2154.88
BI100056,2025-03-15,PNW,13,165.76,2154.88
BI100056,2025-03-15,PNW,13,165.76,2154.88
BI100056,2025-03-15,PNW,13,165.76,2154.88
BI100056,2025-03-15,PNW,13,165.76,2154.88
BI100056,2025-03-15,PNW,13,165.76,2154.88
BI100056,2025-04-15,NE,12,165.76,1989.12
BI100056,2025-04-15,NE,12,165.76,1989.12
BI100056,2025-04-15,NE,12,165.76,1989.12
BI100056,2025-04-15,NE,12,165.76,1989.12
BI100056,2025-04-15,NE,12,165.76,1989.12
BI100056,2025-04-15,NE,13,165.76,2154.88
BI100056,2025-04-15,NE,13,165.76,2154.88
BI100056,2025-04-15,NE,13,165.76,2154.88
BI100056,2025-04-15,MA,13,165.76,2154.88
BI100056,2025-04-15,MA,13,165.76,2154.88
BI100056,2025-04-15,MA,14,165.76,2320.64
BI100056,2025-04-15,MA,14,165.76,2320.64
BI100056,2025-04-15,MA,14,165.76,2320.64
BI100056,2025-04-15,SE,12,165.76,1989.12
BI100056,2025-04-15,SE,12,165.76,1989.12
BI100056,2025-04-15,SE,12,165.76,1989.12
BI100056,2025-04-15,SE,12,165.76,1989.12
BI100056,2025-04-15,SE,13,165.76,2154.88
BI100056,2025-04-15,SE,13,165.76,2154.88
BI100056,2025-04-15,MW,13,165.76,2154.88
BI100056,2025-04-15,MW,14,165.76,2320.64
BI100056,2025-04-15,MW,14,165.76,2320.64
BI100056,2025-04-15,MW,14,165.76,2320.64
BI100056,2025-04-15,MW,14,165.76,2320.64
BI100056,2025-04-15,TX,12,165.76,1989.12
BI100056,2025-04-15,TX,12,165.76,1989.12
BI100056,2025-04-15,TX,12,165.76,1989.12
BI100056,2025-04-15,TX,13,165.76,2154.88
BI100056,2025-04-15,TX,13,165.76,2154.88
BI100056,2025-04-15,TX,13,165.76,2154.88
BI100056,2025-04-15,TX,13,165.76,2154.88
BI100056,2025-04-15,TX,13,165.76,2154.88
BI100056,2025-04-15,MTN,13,165.76,2154.88
BI100056,2025-04-15,MTN,14,165.76,2320.64
BI100056,2025-04-15,MTN,14,165.76,2320.64
BI100056,2025-04-15,MTN,14,165.76,2320.64
BI100056,2025-04-15,MTN,14,165.76,2320.64
BI100056,2025-04-15,MTN,14,165.76,2320.64
BI100056,2025-04-15,PSW,12,165.76,1989.12
BI100056,2025-04-15,PSW,12,165.76,1989.12
BI100056,2025-04-15,PSW,13,165.76,2154.88
BI100056,2025-04-15,PSW,13,165.76,2154.88
BI100056,2025-04-15,PSW,13,165.76,2154.88
BI100056,2025-04-15,PSW,13,165.76,2154.88
BI100056,2025-04-15,PNW,13,165.76,2154.88
BI100056,2025-04-15,PNW,13,165.76,2154.88
BI100056,2025-04-15,PNW,13,165.76,2154.88
BI100056,2025-04-15,PNW,13,165.76,2154.88
BI100056,2025-04-15,PNW,14,165.76,2320.64
BI100056,2025-04-15,PNW,14,165.76,2320.64
BI100056,2025-04-15,PNW,14,165.76,2320.64
BI100056,2025-05-15,NE,12,165.76,1989.12
BI100056,2025-05-15,NE,12,165.76,1989.12
BI100056,2025-05-15,NE,12,165.76,1989.12
BI100056,2025-05-15,NE,12,165.76,1989.12
BI100056,2025-05-15,NE,12,165.76,1989.12
BI100056,2025-05-15,NE,12,165.76,1989.12
BI100056,2025-05-15,NE,13,165.76,2154.88
BI100056,2025-05-15,NE,13,165.76,2154.88
BI100056,2025-05-15,NE,13,165.76,2154.88
BI100056,2025-05-15,MA,12,165.76,1989.12
BI100056,2025-05-15,MA,12,165.76,1989.12
BI100056,2025-05-15,MA,13,165.76,2154.88
BI100056,2025-05-15,MA,13,165.76,2154.88
BI100056,2025-05-15,MA,13,165.76,2154.88
BI100056,2025-05-15,MA,13,165.76,2154.88
BI100056,2025-05-15,SE,13,165.76,2154.88
BI100056,2025-05-15,SE,13,165.76,2154.88
BI100056,2025-05-15,SE,13,165.76,2154.88
BI100056,2025-05-15,SE,13,165.76,2154.88
BI100056,2025-05-15,SE,14,165.76,2320.64
BI100056,2025-05-15,SE,14,165.76,2320.64
BI100056,2025-05-15,MW,13,165.76,2154.88
BI100056,2025-05-15,MW,13,165.76,2154.88
BI100056,2025-05-15,MW,13,165.76,2154.88
BI100056,2025-05-15,MW,14,165.76,2320.64
BI100056,2025-05-15,MW,14,165.76,2320.64
BI100056,2025-05-15,MW,14,165.76,2320.64
BI100056,2025-05-15,TX,12,165.76,1989.12
BI100056,2025-05-15,TX,13,165.76,2154.88
BI100056,2025-05-15,TX,13,165.76,2154.88
BI100056,2025-05-15,TX,13,165.76,2154.88
BI100056,2025-05-15,TX,13,165.76,2154.88
BI100056,2025-05-15,TX,13,165.76,2154.88
BI100056,2025-05-15,TX,13,165.76,2154.88
BI100056,2025-05-15,TX,13,165.76,2154.88
BI100056,2025-05-15,MTN,13,165.76,2154.88
BI100056,2025-05-15,MTN,13,165.76,2154.88
BI100056,2025-05-15,MTN,13,165.76,2154.88
BI100056,2025-05-15,MTN,13,165.76,2154.88
BI100056,2025-05-15,MTN,13,165.76,2154.88
BI100056,2025-05-15,MTN,14,165.76,2320.64
BI100056,2025-05-15,MTN,14,165.76,2320.64
BI100056,2025-05-15,PSW,12,165.76,1989.12
BI100056,2025-05-15,PSW,12,165.76,1989.12
BI100056,2025-05-15,PSW,12,165.76,1989.12
BI100056,2025-05-15,PSW,12,165.76,1989.12
BI100056,2025-05-15,PSW,12,165.76,1989.12
BI100056,2025-05-15,PSW,13,165.76,2154.88
BI100056,2025-05-15,PSW,13,165.76,2154.88
BI100056,2025-05-15,PNW,12,165.76,1989.12
BI100056,2025-05-15,PNW,12,165.76,1989.12
BI100056,2025-05-15,PNW,13,165.76,2154.88
BI100056,2025-05-15,PNW,13,165.76,2154.88
BI100056,2025-05-15,PNW,13,165.76,2154.88
BI100056,2025-05-15,PNW,13,165.76,2154.88
BI100056,2025-05-15,PNW,13,165.76,2154.88
BI100056,2025-05-15,PNW,13,165.76,2154.88
BI100056,2025-06-15,NE,12,165.76,1989.12
BI100056,2025-06-15,NE,12,165.76,1989.12
BI100056,2025-06-15,NE,12,165.76,1989.12
BI100056,2025-06-15,NE,13,165.76,2154.88
BI100056,2025-06-15,NE,13,165.76,2154.88
BI100056,2025-06-15,NE,13,165.76,2154.88
BI100056,2025-06-15,NE,13,165.76,2154.88
BI100056,2025-06-15,NE,13,165.76,2154.88
BI100056,2025-06-15,NE,13,165.76,2154.88
BI100056,2025-06-15,MA,13,165.76,2154.88
BI100056,2025-06-15,MA,13,165.76,2154.88
BI100056,2025-06-15,MA,13,165.76,2154.88
BI100056,2025-06-15,MA,13,165.76,2154.88
BI100056,2025-06-15,MA,13,165.76,2154.88
BI100056,2025-06-15,MA,14,165.76,2320.64
BI100056,2025-06-15,SE,12,165.76,1989.12
BI100056,2025-06-15,SE,12,165.76,1989.12
BI100056,2025-06-15,SE,12,165.76,1989.12
BI100056,2025-06-15,SE,12,165.76,1989.12
BI100056,2025-06-15,SE,12,165.76,1989.12
BI100056,2025-06-15,SE,12,165.76,1989.12
BI100056,2025-06-15,MW,12,165.76,1989.12
BI100056,2025-06-15,MW,12,165.76,1989.12
BI100056,2025-06-15,MW,12,165.76,1989.12
BI100056,2025-06-15,MW,12,165.76,1989.12
BI100056,2025-06-15,MW,12,165.76,1989.12
BI100056,2025-06-15,MW,13,165.76,2154.88
BI100056,2025-06-15,MW,13,165.76,2154.88
BI100056,2025-06-15,TX,13,165.76,2154.88
BI100056,2025-06-15,TX,13,165.76,2154.88
BI100056,2025-06-15,TX,13,165.76,2154.88
BI100056,2025-06-15,TX,13,165.76,2154.88
BI100056,2025-06-15,TX,13,165.76,2154.88
BI100056,2025-06-15,TX,13,165.76,2154.88
BI100056,2025-06-15,TX,13,165.76,2154.88
BI100056,2025-06-15,TX,13,165.76,2154.88
BI100056,2025-06-15,MTN,12,165.76,1989.12
BI100056,2025-06-15,MTN,12,165.76,1989.12
BI100056,2025-06-15,MTN,12,165.76,1989.12
BI100056,2025-06-15,MTN,12,165.76,1989.12
BI100056,2025-06-15,MTN,12,165.76,1989.12
BI100056,2025-06-15,MTN,12,165.76,1989.12
BI100056,2025-06-15,MTN,13,165.76,2154.88
BI100056,2025-06-15,MTN,13,165.76,2154.88
BI100056,2025-06-15,PSW,12,165.76,1989.12
BI100056,2025-06-15,PSW,12,165.76,1989.12
BI100056,2025-06-15,PSW,12,165.76,1989.12
BI100056,2025-06-15,PSW,12,165.76,1989.12
BI100056,2025-06-15,PSW,12,165.76,1989.12
BI100056,2025-06-15,PSW,12,165.76,1989.12
BI100056,2025-06-15,PSW,12,165.76,1989.12
BI100056,2025-06-15,PSW,12,165.76,1989.12
BI100056,2025-06-15,PNW,12,165.76,1989.12
BI100056,2025-06-15,PNW,12,165.76,1989.12
BI100056,2025-06-15,PNW,12,165.76,1989.12
BI100056,2025-06-15,PNW,12,165.76,1989.12
BI100056,2025-06-15,PNW,12,165.76,1989.12
BI100056,2025-06-15,PNW,12,165.76,1989.12
BI100056,2025-06-15,PNW,12,165.76,1989.12
BI100056,2025-06-15,PNW,13,165.76,2154.88
BI100056,2025-07-15,NE,12,165.76,1989.12
BI100056,2025-07-15,NE,12,165.76,1989.12
BI100056,2025-07-15,NE,12,165.76,1989.12
BI100056,2025-07-15,NE,12,165.76,1989.12
BI100056,2025-07-15,NE,12,165.76,1989.12
BI100056,2025-07-15,NE,12,165.76,1989.12
BI100056,2025-07-15,NE,12,165.76,1989.12
BI100056,2025-07-15,NE,12,165.76,1989.12
BI100056,2025-07-15,NE,13,165.76,2154.88
BI100056,2025-07-15,MA,13,165.76,2154.88
BI100056,2025-07-15,MA,13,165.76,2154.88
BI100056,2025-07-15,MA,14,165.76,2320.64
BI100056,2025-07-15,MA,14,165.76,2320.64
BI100056,2025-07-15,MA,14,165.76,2320.64
BI100056,2025-07-15,SE,12,165.76,1989.12
BI100056,2025-07-15,SE,13,165.76,2154.88
BI100056,2025-07-15,SE,13,165.76,2154.88
BI100056,2025-07-15,SE,13,165.76,2154.88
BI100056,2025-07-15,SE,13,165.76,2154.88
BI100056,2025-07-15,SE,13,165.76,2154.88
BI100056,2025-07-15,MW,12,165.76,1989.12
BI100056,2025-07-15,MW,12,165.76,1989.12
BI100056,2025-07-15,MW,13,165.76,2154.88
BI100056,2025-07-15,MW,13,165.76,2154.88
BI100056,2025-07-15,MW,13,165.76,2154.88
BI100056,2025-07-15,MW,13,165.76,2154.88
BI100056,2025-07-15,TX,12,165.76,1989.12
BI100056,2025-07-15,TX,12,165.76,1989.12
BI100056,2025-07-15,TX,12,165.76,1989.12
BI100056,2025-07-15,TX,12,165.76,1989.12
BI100056,2025-07-15,TX,12,165.76,1989.12
BI100056,2025-07-15,TX,12,165.76,1989.12
BI100056,2025-07-15,TX,12,165.76,1989.12
BI100056,2025-07-15,TX,12,165.76,1989.12
BI100056,2025-07-15,TX,12,165.76,1989.12
BI100056,2025-07-15,MTN,13,165.76,2154.88
BI100056,2025-07-15,MTN,13,165.76,2154.88
BI100056,2025-07-15,MTN,13,165.76,2154.88
BI100056,2025-07-15,MTN,13,165.76,2154.88
BI100056,2025-07-15,MTN,14,165.76,2320.64
BI100056,2025-07-15,MTN,14,165.76,2320.64
BI100056,2025-07-15,MTN,14,165.76,2320.64
BI100056,2025-07-15,PSW,13,165.76,2154.88
BI100056,2025-07-15,PSW,13,165.76,2154.88
BI100056,2025-07-15,PSW,13,165.76,2154.88
BI100056,2025-07-15,PSW,13,165.76,2154.88
BI100056,2025-07-15,PSW,14,165.76,2320.64
BI100056,2025-07-15,PSW,14,165.76,2320.64
BI100056,2025-07-15,PSW,14,165.76,2320.64
BI100056,2025-07-15,PNW,12,165.76,1989.12
BI100056,2025-07-15,PNW,12,165.76,1989.12
BI100056,2025-07-15,PNW,12,165.76,1989.12
BI100056,2025-07-15,PNW,12,165.76,1989.12
BI100056,2025-07-15,PNW,12,165.76,1989.12
BI100056,2025-07-15,PNW,12,165.76,1989.12
BI100056,2025-07-15,PNW,12,165.76,1989.12
BI100056,2025-07-15,PNW,12,165.76,1989.12
BI100056,2025-07-15,PNW,13,165.76,2154.88
BI100056,2025-08-15,NE,12,165.76,1989.12
BI100056,2025-08-15,NE,13,165.76,2154.88
BI100056,2025-08-15,NE,13,165.76,2154.88
BI100056,2025-08-15,NE,13,165.76,2154.88
BI100056,2025-08-15,NE,13,165.76,2154.88
BI100056,2025-08-15,NE,13,165.76,2154.88
BI100056,2025-08-15,NE,13,165.76,2154.88
BI100056,2025-08-15,NE,13,165.76,2154.88
BI100056,2025-08-15,MA,13,165.76,2154.88
BI100056,2025-08-15,MA,13,165.76,2154.88
BI100056,2025-08-15,MA,13,165.76,2154.88
BI100056,2025-08-15,MA,13,165.76,2154.88
BI100056,2025-08-15,MA,14,165.76,2320.64
BI100056,2025-08-15,SE,12,165.76,1989.12
BI100056,2025-08-15,SE,12,165.76,1989.12
BI100056,2025-08-15,SE,12,165.76,1989.12
BI100056,2025-08-15,SE,12,165.76,1989.12
BI100056,2025-08-15,SE,13,165.76,2154.88
BI100056,2025-08-15,SE,13,165.76,2154.88
BI100056,2025-08-15,MW,12,165.76,1989.12
BI100056,2025-08-15,MW,12,165.76,1989.12
BI100056,2025-08-15,MW,12,165.76,1989.12
BI100056,2025-08-15,MW,13,165.76,2154.88
BI100056,2025-08-15,MW,13,165.76,2154.88
BI100056,2025-08-15,MW,13,165.76,2154.88
BI100056,2025-08-15,TX,13,165.76,2154.88
BI100056,2025-08-15,TX,13,165.76,2154.88
BI100056,2025-08-15,TX,13,165.76,2154.88
BI100056,2025-08-15,TX,13,165.76,2154.88
BI100056,2025-08-15,TX,13,165.76,2154.88
BI100056,2025-08-15,TX,13,165.76,2154.88
BI100056,2025-08-15,TX,13,165.76,2154.88
BI100056,2025-08-15,MTN,12,165.76,1989.12
BI100056,2025-08-15,MTN,12,165.76,1989.12
BI100056,2025-08-15,MTN,13,165.76,2154.88
BI100056,2025-08-15,MTN,13,165.76,2154.88
BI100056,2025-08-15,MTN,13,165.76,2154.88
BI100056,2025-08-15,MTN,13,165.76,2154.88
BI100056,2025-08-15,MTN,13,165.76,2154.88
BI100056,2025-08-15,PSW,13,165.76,2154.88
BI100056,2025-08-15,PSW,13,165.76,2154.88
BI100056,2025-08-15,PSW,13,165.76,2154.88
BI100056,2025-08-15,PSW,13,165.76,2154.88
BI100056,2025-08-15,PSW,13,165.76,2154.88
BI100056,2025-08-15,PSW,14,165.76,2320.64
BI100056,2025-08-15,PNW,12,165.76,1989.12
BI100056,2025-08-15,PNW,12,165.76,1989.12
BI100056,2025-08-15,PNW,12,165.76,1989.12
BI100056,2025-08-15,PNW,12,165.76,1989.12
BI100056,2025-08-15,PNW,13,165.76,2154.88
BI100056,2025-08-15,PNW,13,165.76,2154.88
BI100056,2025-08-15,PNW,13,165.76,2154.88
BI100056,2025-08-15,PNW,13,165.76,2154.88
BI100056,2025-09-15,NE,13,165.76,2154.88
BI100056,2025-09-15,NE,13,165.76,2154.88
BI100056,2025-09-15,NE,13,165.76,2154.88
BI100056,2025-09-15,NE,13,165.76,2154.88
BI100056,2025-09-15,NE,14,165.76,2320.64
BI100056,2025-09-15,NE,14,165.76,2320.64
BI100056,2025-09-15,NE,14,165.76,2320.64
BI100056,2025-09-15,MA,12,165.76,1989.12
BI100056,2025-09-15,MA,12,165.76,1989.12
BI100056,2025-09-15,MA,12,165.76,1989.12
BI100056,2025-09-15,MA,12,165.76,1989.12
BI100056,2025-09-15,MA,13,165.76,2154.88
BI100056,2025-09-15,SE,12,165.76,1989.12
BI100056,2025-09-15,SE,12,165.76,1989.12
BI100056,2025-09-15,SE,12,165.76,1989.12
BI100056,2025-09-15,SE,13,165.76,2154.88
BI100056,2025-09-15,SE,13,165.76,2154.88
BI100056,2025-09-15,MW,13,165.76,2154.88
BI100056,2025-09-15,MW,13,165.76,2154.88
BI100056,2025-09-15,MW,13,165.76,2154.88
BI100056,2025-09-15,MW,13,165.76,2154.88
BI100056,2025-09-15,MW,13,165.76,2154.88
BI100056,2025-09-15,TX,13,165.76,2154.88
BI100056,2025-09-15,TX,13,165.76,2154.88
BI100056,2025-09-15,TX,13,165.76,2154.88
BI100056,2025-09-15,TX,14,165.76,2320.64
BI100056,2025-09-15,TX,14,165.76,2320.64
BI100056,2025-09-15,TX,14,165.76,2320.64
BI100056,2025-09-15,MTN,14,165.76,2320.64
BI100056,2025-09-15,MTN,14,165.76,2320.64
BI100056,2025-09-15,MTN,14,165.76,2320.64
BI100056,2025-09-15,MTN,14,165.76,2320.64
BI100056,2025-09-15,MTN,15,165.76,2486.4
BI100056,2025-09-15,PSW,12,165.76,1989.12
BI100056,2025-09-15,PSW,12,165.76,1989.12
BI100056,2025-09-15,PSW,12,165.76,1989.12
BI100056,2025-09-15,PSW,12,165.76,1989.12
BI100056,2025-09-15,PSW,13,165.76,2154.88
BI100056,2025-09-15,PSW,13,165.76,2154.88
BI100056,2025-09-15,PNW,13,165.76,2154.88
BI100056,2025-09-15,PNW,13,165.76,2154.88
BI100056,2025-09-15,PNW,13,165.76,2154.88
BI100056,2025-09-15,PNW,14,165.76,2320.64
BI100056,2025-09-15,PNW,14,165.76,2320.64
BI100056,2025-09-15,PNW,14,165.76,2320.64
BI100056,2025-10-15,NE,12,165.76,1989.12
BI100056,2025-10-15,NE,13,165.76,2154.88
BI100056,2025-10-15,NE,13,165.76,2154.88
BI100056,2025-10-15,NE,13,165.76,2154.88
BI100056,2025-10-15,NE,13,165.76,2154.88
BI100056,2025-10-15,NE,13,165.76,2154.88
BI100056,2025-10-15,MA,12,165.76,1989.12
BI100056,2025-10-15,MA,13,165.76,2154.88
BI100056,2025-10-15,MA,13,165.76,2154.88
BI100056,2025-10-15,MA,13,165.76,2154.88
BI100056,2025-10-15,SE,13,165.76,2154.88
BI100056,2025-10-15,SE,13,165.76,2154.88
BI100056,2025-10-15,SE,13,165.76,2154.88
BI100056,2025-10-15,SE,14,165.76,2320.64
BI100056,2025-10-15,MW,14,165.76,2320.64
BI100056,2025-10-15,MW,14,165.76,2320.64
BI100056,2025-10-15,MW,14,165.76,2320.64
BI100056,2025-10-15,MW,14,165.76,2320.64
BI100056,2025-10-15,TX,13,165.76,2154.88
BI100056,2025-10-15,TX,13,165.76,2154.88
BI100056,2025-10-15,TX,13,165.76,2154.88
BI100056,2025-10-15,TX,13,165.76,2154.88
BI100056,2025-10-15,TX,14,165.76,2320.64
BI100056,2025-10-15,TX,14,165.76,2320.64
BI100056,2025-10-15,MTN,13,165.76,2154.88
BI100056,2025-10-15,MTN,13,165.76,2154.88
BI100056,2025-10-15,MTN,13,165.76,2154.88
BI100056,2025-10-15,MTN,14,165.76,2320.64
BI100056,2025-10-15,MTN,14,165.76,2320.64
BI100056,2025-10-15,PSW,13,165.76,2154.88
BI100056,2025-10-15,PSW,13,165.76,2154.88
BI100056,2025-10-15,PSW,13,165.76,2154.88
BI100056,2025-10-15,PSW,14,165.76,2320.64
BI100056,2025-10-15,PSW,14,165.76,2320.64
BI100056,2025-10-15,PNW,14,165.76,2320.64
BI100056,2025-10-15,PNW,14,165.76,2320.64
BI100056,2025-10-15,PNW,14,165.76,2320.64
BI100056,2025-10-15,PNW,14,165.76,2320.64
BI100056,2025-10-15,PNW,14,165.76,2320.64
BI100056,2025-11-15,NE,13,165.76,2154.88
BI100056,2025-11-15,NE,14,165.76,2320.64
BI100056,2025-11-15,NE,14,165.76,2320.64
BI100056,2025-11-15,NE,14,165.76,2320.64
BI100056,2025-11-15,NE,14,165.76,2320.64
BI100056,2025-11-15,MA,12,165.76,1989.12
BI100056,2025-11-15,MA,13,165.76,2154.88
BI100056,2025-11-15,MA,13,165.76,2154.88
BI100056,2025-11-15,MA,13,165.76,2154.88
BI100056,2025-11-15,SE,13,165.76,2154.88
BI100056,2025-11-15,SE,13,165.76,2154.88
BI100056,2025-11-15,SE,14,165.76,2320.64
BI100056,2025-11-15,SE,14,165.76,2320.64
BI100056,2025-11-15,MW,12,165.76,1989.12
BI100056,2025-11-15,MW,13,165.76,2154.88
BI100056,2025-11-15,MW,13,165.76,2154.88
BI100056,2025-11-15,MW,13,165.76,2154.88
BI100056,2025-11-15,TX,14,165.76,2320.64
BI100056,2025-11-15,TX,14,165.76,2320.64
BI100056,2025-11-15,TX,14,165.76,2320.64
BI100056,2025-11-15,TX,14,165.76,2320.64
BI100056,2025-11-15,TX,14,165.76,2320.64
BI100056,2025-11-15,MTN,14,165.76,2320.64
BI100056,2025-11-15,MTN,14,165.76,2320.64
BI100056,2025-11-15,MTN,15,165.76,2486.4
BI100056,2025-11-15,MTN,15,165.76,2486.4
BI100056,2025-11-15,PSW,12,165.76,1989.12
BI100056,2025-11-15,PSW,12,165.76,1989.12
BI100056,2025-11-15,PSW,12,165.76,1989.12
BI100056,2025-11-15,PSW,12,165.76,1989.12
BI100056,2025-11-15,PSW,12,165.76,1989.12
BI100056,2025-11-15,PNW,12,165.76,1989.12
BI100056,2025-11-15,PNW,12,165.76,1989.12
BI100056,2025-11-15,PNW,13,165.76,2154.88
BI100056,2025-11-15,PNW,13,165.76,2154.88
BI100056,2025-11-15,PNW,13,165.76,2154.88
BI100056,2025-12-15,NE,12,165.76,1989.12
BI100056,2025-12-15,NE,12,165.76,1989.12
BI100056,2025-12-15,NE,12,165.76,1989.12
BI100056,2025-12-15,NE,12,165.76,1989.12
BI100056,2025-12-15,NE,13,165.76,2154.88
BI100056,2025-12-15,MA,15,165.76,2486.4
BI100056,2025-12-15,MA,16,165.76,2652.16
BI100056,2025-12-15,MA,16,165.76,2652.16
BI100056,2025-12-15,SE,15,165.76,2486.4
BI100056,2025-12-15,SE,15,165.76,2486.4
BI100056,2025-12-15,SE,15,165.76,2486.4
BI100056,2025-12-15,MW,13,165.76,2154.88
BI100056,2025-12-15,MW,13,165.76,2154.88
BI100056,2025-12-15,MW,13,165.76,2154.88
BI100056,2025-12-15,MW,14,165.76,2320.64
BI100056,2025-12-15,TX,12,165.76,1989.12
BI100056,2025-12-15,TX,12,165.76,1989.12
BI100056,2025-12-15,TX,12,165.76,1989.12
BI100056,2025-12-15,TX,12,165.76,1989.12
BI100056,2025-12-15,TX,13,165.76,2154.88
BI100056,2025-12-15,MTN,14,165.76,2320.64
BI100056,2025-12-15,MTN,14,165.76,2320.64
BI100056,2025-12-15,MTN,15,165.76,2486.4
BI100056,2025-12-15,MTN,15,165.76,2486.4
BI100056,2025-12-15,PSW,13,165.76,2154.88
BI100056,2025-12-15,PSW,14,165.76,2320.64
BI100056,2025-12-15,PSW,14,165.76,2320.64
BI100056,2025-12-15,PSW,14,165.76,2320.64
BI100056,2025-12-15,PNW,14,165.76,2320.64
BI100056,2025-12-15,PNW,14,165.76,2320.64
BI100056,2025-12-15,PNW,14,165.76,2320.64
BI100056,2025-12-15,PNW,14,165.76,2320.64
BI100056,2025-12-15,PNW,14,165.76,2320.64
BI100063,2024-01-15,NE,13,66.72,867.36
BI100063,2024-01-15,NE,13,66.72,867.36
BI100063,2024-01-15,MA,17,66.72,1134.24
BI100063,2024-01-15,SE,14,66.72,934.08
BI100063,2024-01-15,SE,14,66.72,934.08
BI100063,2024-01-15,MW,14,66.72,934.08
BI100063,2024-01-15,MW,15,66.72,1000.8
BI100063,2024-01-15,TX,15,66.72,1000.8
BI100063,2024-01-15,TX,15,66.72,1000.8
BI100063,2024-01-15,MTN,22,66.72,1467.84
BI100063,2024-01-15,PSW,12,66.72,800.64
BI100063,2024-01-15,PSW,13,66.72,867.36
BI100063,2024-01-15,PNW,14,66.72,934.08
BI100063,2024-01-15,PNW,15,66.72,1000.8
BI100063,2024-02-15,NE,15,66.72,1000.8
BI100063,2024-02-15,NE,16,66.72,1067.52
BI100063,2024-02-15,MA,20,66.72,1334.4
BI100063,2024-02-15,SE,14,66.72,934.08
BI100063,2024-02-15,SE,15,66.72,1000.8
BI100063,2024-02-15,MW,15,66.72,1000.8
BI100063,2024-02-15,MW,15,66.72,1000.8
BI100063,2024-02-15,TX,14,66.72,934.08
BI100063,2024-02-15,TX,15,66.72,1000.8
BI100063,2024-02-15,MTN,12,66.72,800.64
BI100063,2024-02-15,MTN,13,66.72,867.36
BI100063,2024-02-15,PSW,12,66.72,800.64
BI100063,2024-02-15,PSW,13,66.72,867.36
BI100063,2024-02-15,PNW,16,66.72,1067.52
BI100063,2024-02-15,PNW,17,66.72,1134.24
BI100063,2024-03-15,NE,12,66.72,800.64
BI100063,2024-03-15,NE,12,66.72,800.64
BI100063,2024-03-15,NE,13,66.72,867.36
BI100063,2024-03-15,MA,23,66.72,1534.56
BI100063,2024-03-15,SE,17,66.72,1134.24
BI100063,2024-03-15,SE,17,66.72,1134.24
BI100063,2024-03-15,MW,12,66.72,800.64
BI100063,2024-03-15,MW,13,66.72,867.36
BI100063,2024-03-15,MW,13,66.72,867.36
BI100063,2024-03-15,TX,17,66.72,1134.24
BI100063,2024-03-15,TX,18,66.72,1200.96
BI100063,2024-03-15,MTN,16,66.72,1067.52
BI100063,2024-03-15,MTN,16,66.72,1067.52
BI100063,2024-03-15,PSW,16,66.72,1067.52
BI100063,2024-03-15,PSW,16,66.72,1067.52
BI100063,2024-03-15,PNW,12,66.72,800.64
BI100063,2024-03-15,PNW,12,66.72,800.64
BI100063,2024-03-15,PNW,12,66.72,800.64
BI100063,2024-04-15,NE,14,66.72,934.08
BI100063,2024-04-15,NE,14,66.72,934.08
BI100063,2024-04-15,NE,14,66.72,934.08
BI100063,2024-04-15,MA,12,66.72,800.64
BI100063,2024-04-15,MA,13,66.72,867.36
BI100063,2024-04-15,SE,13,66.72,867.36
BI100063,2024-04-15,SE,14,66.72,934.08
BI100063,2024-04-15,SE,14,66.72,934.08
BI100063,2024-04-15,MW,14,66.72,934.08
BI100063,2024-04-15,MW,15,66.72,1000.8
BI100063,2024-04-15,MW,15,66.72,1000.8
BI100063,2024-04-15,TX,12,66.72,800.64
BI100063,2024-04-15,TX,13,66.72,867.36
BI100063,2024-04-15,TX,13,66.72,867.36
BI100063,2024-04-15,MTN,12,66.72,800.64
BI100063,2024-04-15,MTN,12,66.72,800.64
BI100063,2024-04-15,MTN,12,66.72,800.64
BI100063,2024-04-15,PSW,12,66.72,800.64
BI100063,2024-04-15,PSW,12,66.72,800.64
BI100063,2024-04-15,PSW,13,66.72,867.36
BI100063,2024-04-15,PNW,13,66.72,867.36
BI100063,2024-04-15,PNW,13,66.72,867.36
BI100063,2024-04-15,PNW,14,66.72,934.08
BI100063,2024-05-15,NE,15,66.72,1000.8
BI100063,2024-05-15,NE,16,66.72,1067.52
BI100063,2024-05-15,NE,16,66.72,1067.52
BI100063,2024-05-15,MA,15,66.72,1000.8
BI100063,2024-05-15,MA,15,66.72,1000.8
BI100063,2024-05-15,SE,14,66.72,934.08
BI100063,2024-05-15,SE,14,66.72,934.08
BI100063,2024-05-15,SE,15,66.72,1000.8
BI100063,2024-05-15,MW,14,66.72,934.08
BI100063,2024-05-15,MW,15,66.72,1000.8
BI100063,2024-05-15,MW,15,66.72,1000.8
BI100063,2024-05-15,TX,14,66.72,934.08
BI100063,2024-05-15,TX,14,66.72,934.08
BI100063,2024-05-15,TX,15,66.72,1000.8
BI100063,2024-05-15,MTN,12,66.72,800.64
BI100063,2024-05-15,MTN,12,66.72,800.64
BI100063,2024-05-15,MTN,13,66.72,867.36
BI100063,2024-05-15,PSW,12,66.72,800.64
BI100063,2024-05-15,PSW,13,66.72,867.36
BI100063,2024-05-15,PSW,13,66.72,867.36
BI100063,2024-05-15,PNW,15,66.72,1000.8
BI100063,2024-05-15,PNW,16,66.72,1067.52
BI100063,2024-05-15,PNW,16,66.72,1067.52
BI100063,2024-06-15,NE,15,66.72,1000.8
BI100063,2024-06-15,NE,16,66.72,1067.52
BI100063,2024-06-15,NE,16,66.72,1067.52
BI100063,2024-06-15,MA,16,66.72,1067.52
BI100063,2024-06-15,MA,17,66.72,1134.24
BI100063,2024-06-15,SE,13,66.72,867.36
BI100063,2024-06-15,SE,14,66.72,934.08
BI100063,2024-06-15,SE,14,66.72,934.08
BI100063,2024-06-15,MW,15,66.72,1000.8
BI100063,2024-06-15,MW,16,66.72,1067.52
BI100063,2024-06-15,MW,16,66.72,1067.52
BI100063,2024-06-15,TX,15,66.72,1000.8
BI100063,2024-06-15,TX,15,66.72,1000.8
BI100063,2024-06-15,TX,15,66.72,1000.8
BI100063,2024-06-15,MTN,13,66.72,867.36
BI100063,2024-06-15,MTN,14,66.72,934.08
BI100063,2024-06-15,MTN,14,66.72,934.08
BI100063,2024-06-15,PSW,12,66.72,800.64
BI100063,2024-06-15,PSW,12,66.72,800.64
BI100063,2024-06-15,PSW,12,66.72,800.64
BI100063,2024-06-15,PNW,15,66.72,1000.8
BI100063,2024-06-15,PNW,16,66.72,1067.52
BI100063,2024-06-15,PNW,16,66.72,1067.52
BI100063,2024-07-15,NE,15,66.72,1000.8
BI100063,2024-07-15,NE,16,66.72,1067.52
BI100063,2024-07-15,NE,16,66.72,1067.52
BI100063,2024-07-15,MA,16,66.72,1067.52
BI100063,2024-07-15,MA,16,66.72,1067.52
BI100063,2024-07-15,SE,13,66.72,867.36
BI100063,2024-07-15,SE,13,66.72,867.36
BI100063,2024-07-15,SE,14,66.72,934.08
BI100063,2024-07-15,MW,15,66.72,1000.8
BI100063,2024-07-15,MW,15,66.72,1000.8
BI100063,2024-07-15,MW,16,66.72,1067.52
BI100063,2024-07-15,TX,14,66.72,934.08
BI100063,2024-07-15,TX,14,66.72,934.08
BI100063,2024-07-15,TX,14,66.72,934.08
BI100063,2024-07-15,MTN,13,66.72,867.36
BI100063,2024-07-15,MTN,13,66.72,867.36
BI100063,2024-07-15,MTN,14,66.72,934.08
BI100063,2024-07-15,PSW,13,66.72,867.36
BI100063,2024-07-15,PSW,14,66.72,934.08
BI100063,2024-07-15,PSW,14,66.72,934.08
BI100063,2024-07-15,PNW,15,66.72,1000.8
BI100063,2024-07-15,PNW,15,66.72,1000.8
BI100063,2024-07-15,PNW,16,66.72,1067.52
BI100063,2024-08-15,NE,13,66.72,867.36
BI100063,2024-08-15,NE,14,66.72,934.08
BI100063,2024-08-15,NE,14,66.72,934.08
BI100063,2024-08-15,MA,14,66.72,934.08
BI100063,2024-08-15,MA,14,66.72,934.08
BI100063,2024-08-15,SE,14,66.72,934.08
BI100063,2024-08-15,SE,14,66.72,934.08
BI100063,2024-08-15,SE,15,66.72,1000.8
BI100063,2024-08-15,MW,13,66.72,867.36
BI100063,2024-08-15,MW,14,66.72,934.08
BI100063,2024-08-15,MW,14,66.72,934.08
BI100063,2024-08-15,TX,13,66.72,867.36
BI100063,2024-08-15,TX,13,66.72,867.36
BI100063,2024-08-15,TX,14,66.72,934.08
BI100063,2024-08-15,MTN,17,66.72,1134.24
BI100063,2024-08-15,MTN,18,66.72,1200.96
BI100063,2024-08-15,PSW,16,66.72,1067.52
BI100063,2024-08-15,PSW,17,66.72,1134.24
BI100063,2024-08-15,PNW,13,66.72,867.36
BI100063,2024-08-15,PNW,13,66.72,867.36
BI100063,2024-08-15,PNW,13,66.72,867.36
BI100063,2024-09-15,NE,12,66.72,800.64
BI100063,2024-09-15,NE,13,66.72,867.36
BI100063,2024-09-15,NE,13,66.72,867.36
BI100063,2024-09-15,MA,13,66.72,867.36
BI100063,2024-09-15,MA,14,66.72,934.08
BI100063,2024-09-15,SE,12,66.72,800.64
BI100063,2024-09-15,SE,13,66.72,867.36
BI100063,2024-09-15,SE,13,66.72,867.36
BI100063,2024-09-15,MW,12,66.72,800.64
BI100063,2024-09-15,MW,12,66.72,800.64
BI100063,2024-09-15,MW,13,66.72,867.36
BI100063,2024-09-15,TX,17,66.72,1134.24
BI100063,2024-09-15,TX,18,66.72,1200.96
BI100063,2024-09-15,MTN,17,66.72,1134.24
BI100063,2024-09-15,MTN,17,66.72,1134.24
BI100063,2024-09-15,PSW,16,66.72,1067.52
BI100063,2024-09-15,PSW,17,66.72,1134.24
BI100063,2024-09-15,PNW,12,66.72,800.64
BI100063,2024-09-15,PNW,12,66.72,800.64
BI100063,2024-09-15,PNW,13,66.72,867.36
BI100063,2024-10-15,NE,17,66.72,1134.24
BI100063,2024-10-15,NE,18,66.72,1200.96
BI100063,2024-10-15,MA,23,66.72,1534.56
BI100063,2024-10-15,SE,16,66.72,1067.52
BI100063,2024-10-15,SE,16,66.72,1067.52
BI100063,2024-10-15,MW,15,66.72,1000.8
BI100063,2024-10-15,MW,16,66.72,1067.52
BI100063,2024-10-15,TX,16,66.72,1067.52
BI100063,2024-10-15,TX,17,66.72,1134.24
BI100063,2024-10-15,MTN,13,66.72,867.36
BI100063,2024-10-15,MTN,13,66.72,867.36
BI100063,2024-10-15,PSW,14,66.72,934.08
BI100063,2024-10-15,PSW,15,66.72,1000.8
BI100063,2024-10-15,PNW,16,66.72,1067.52
BI100063,2024-10-15,PNW,17,66.72,1134.24
BI100063,2024-11-15,NE,15,66.72,1000.8
BI100063,2024-11-15,NE,16,66.72,1067.52
BI100063,2024-11-15,MA,21,66.72,1401.12
BI100063,2024-11-15,SE,14,66.72,934.08
BI100063,2024-11-15,SE,15,66.72,1000.8
BI100063,2024-11-15,MW,14,66.72,934.08
BI100063,2024-11-15,MW,14,66.72,934.08
BI100063,2024-11-15,TX,14,66.72,934.08
BI100063,2024-11-15,TX,14,66.72,934.08
BI100063,2024-11-15,MTN,12,66.72,800.64
BI100063,2024-11-15,MTN,12,66.72,800.64
BI100063,2024-11-15,PSW,13,66.72,867.36
BI100063,2024-11-15,PSW,13,66.72,867.36
BI100063,2024-11-15,PNW,15,66.72,1000.8
BI100063,2024-11-15,PNW,16,66.72,1067.52
BI100063,2024-12-15,NE,14,66.72,934.08
BI100063,2024-12-15,NE,14,66.72,934.08
BI100063,2024-12-15,MA,19,66.72,1267.68
BI100063,2024-12-15,SE,14,66.72,934.08
BI100063,2024-12-15,SE,15,66.72,1000.8
BI100063,2024-12-15,MW,14,66.72,934.08
BI100063,2024-12-15,MW,15,66.72,1000.8
BI100063,2024-12-15,TX,13,66.72,867.36
BI100063,2024-12-15,TX,13,66.72,867.36
BI100063,2024-12-15,MTN,22,66.72,1467.84
BI100063,2024-12-15,PSW,12,66.72,800.64
BI100063,2024-12-15,PSW,12,66.72,800.64
BI100063,2024-12-15,PNW,14,66.72,934.08
BI100063,2024-12-15,PNW,14,66.72,934.08
BI100063,2025-01-15,NE,15,66.72,1000.8
BI100063,2025-01-15,NE,16,66.72,1067.52
BI100063,2025-01-15,MA,21,66.72,1401.12
BI100063,2025-01-15,SE,15,66.72,1000.8
BI100063,2025-01-15,SE,15,66.72,1000.8
BI100063,2025-01-15,MW,15,66.72,1000.8
BI100063,2025-01-15,MW,16,66.72,1067.52
BI100063,2025-01-15,TX,15,66.72,1000.8
BI100063,2025-01-15,TX,16,66.72,1067.52
BI100063,2025-01-15,MTN,13,66.72,867.36
BI100063,2025-01-15,MTN,13,66.72,867.36
BI100063,2025-01-15,PSW,13,66.72,867.36
BI100063,2025-01-15,PSW,13,66.72,867.36
BI100063,2025-01-15,PNW,14,66.72,934.08
BI100063,2025-01-15,PNW,15,66.72,1000.8
BI100063,2025-02-15,NE,12,66.72,800.64
BI100063,2025-02-15,NE,12,66.72,800.64
BI100063,2025-02-15,NE,12,66.72,800.64
BI100063,2025-02-15,MA,12,66.72,800.64
BI100063,2025-02-15,MA,12,66.72,800.64
BI100063,2025-02-15,SE,17,66.72,1134.24
BI100063,2025-02-15,SE,17,66.72,1134.24
BI100063,2025-02-15,MW,17,66.72,1134.24
BI100063,2025-02-15,MW,17,66.72,1134.24
BI100063,2025-02-15,TX,17,66.72,1134.24
BI100063,2025-02-15,TX,18,66.72,1200.96
BI100063,2025-02-15,MTN,15,66.72,1000.8
BI100063,2025-02-15,MTN,15,66.72,1000.8
BI100063,2025-02-15,PSW,14,66.72,934.08
BI100063,2025-02-15,PSW,15,66.72,1000.8
BI100063,2025-02-15,PNW,15,66.72,1000.8
BI100063,2025-02-15,PNW,16,66.72,1067.52
BI100063,2025-03-15,NE,13,66.72,867.36
BI100063,2025-03-15,NE,13,66.72,867.36
BI100063,2025-03-15,NE,13,66.72,867.36
BI100063,2025-03-15,MA,12,66.72,800.64
BI100063,2025-03-15,MA,13,66.72,867.36
BI100063,2025-03-15,SE,13,66.72,867.36
BI100063,2025-03-15,SE,13,66.72,867.36
BI100063,2025-03-15,SE,13,66.72,867.36
BI100063,2025-03-15,MW,13,66.72,867.36
BI100063,2025-03-15,MW,14,66.72,934.08
BI100063,2025-03-15,MW,14,66.72,934.08
BI100063,2025-03-15,TX,12,66.72,800.64
BI100063,2025-03-15,TX,12,66.72,800.64
BI100063,2025-03-15,TX,12,66.72,800.64
BI100063,2025-03-15,MTN,16,66.72,1067.52
BI100063,2025-03-15,MTN,17,66.72,1134.24
BI100063,2025-03-15,PSW,15,66.72,1000.8
BI100063,2025-03-15,PSW,16,66.72,1067.52
BI100063,2025-03-15,PNW,12,66.72,800.64
BI100063,2025-03-15,PNW,13,66.72,867.36
BI100063,2025-03-15,PNW,13,66.72,867.36
BI100063,2025-04-15,NE,14,66.72,934.08
BI100063,2025-04-15,NE,14,66.72,934.08
BI100063,2025-04-15,NE,14,66.72,934.08
BI100063,2025-04-15,MA,15,66.72,1000.8
BI100063,2025-04-15,MA,15,66.72,1000.8
BI100063,2025-04-15,SE,14,66.72,934.08
BI100063,2025-04-15,SE,14,66.72,934.08
BI100063,2025-04-15,SE,15,66.72,1000.8
BI100063,2025-04-15,MW,14,66.72,934.08
BI100063,2025-04-15,MW,15,66.72,1000.8
BI100063,2025-04-15,MW,15,66.72,1000.8
BI100063,2025-04-15,TX,14,66.72,934.08
BI100063,2025-04-15,TX,15,66.72,1000.8
BI100063,2025-04-15,TX,15,66.72,1000.8
BI100063,2025-04-15,MTN,12,66.72,800.64
BI100063,2025-04-15,MTN,13,66.72,867.36
BI100063,2025-04-15,MTN,13,66.72,867.36
BI100063,2025-04-15,PSW,12,66.72,800.64
BI100063,2025-04-15,PSW,12,66.72,800.64
BI100063,2025-04-15,PSW,12,66.72,800.64
BI100063,2025-04-15,PNW,15,66.72,1000.8
BI100063,2025-04-15,PNW,15,66.72,1000.8
BI100063,2025-04-15,PNW,16,66.72,1067.52
BI100063,2025-05-15,NE,15,66.72,1000.8
BI100063,2025-05-15,NE,16,66.72,1067.52
BI100063,2025-05-15,NE,16,66.72,1067.52
BI100063,2025-05-15,MA,16,66.72,1067.52
BI100063,2025-05-15,MA,17,66.72,1134.24
BI100063,2025-05-15,SE,15,66.72,1000.8
BI100063,2025-05-15,SE,15,66.72,1000.8
BI100063,2025-05-15,SE,15,66.72,1000.8
BI100063,2025-05-15,MW,14,66.72,934.08
BI100063,2025-05-15,MW,15,66.72,1000.8
BI100063,2025-05-15,MW,15,66.72,1000.8
BI100063,2025-05-15,TX,12,66.72,800.64
BI100063,2025-05-15,TX,12,66.72,800.64
BI100063,2025-05-15,TX,12,66.72,800.64
BI100063,2025-05-15,TX,13,66.72,867.36
BI100063,2025-05-15,MTN,14,66.72,934.08
BI100063,2025-05-15,MTN,14,66.72,934.08
BI100063,2025-05-15,MTN,14,66.72,934.08
BI100063,2025-05-15,PSW,13,66.72,867.36
BI100063,2025-05-15,PSW,14,66.72,934.08
BI100063,2025-05-15,PSW,14,66.72,934.08
BI100063,2025-05-15,PNW,12,66.72,800.64
BI100063,2025-05-15,PNW,12,66.72,800.64
BI100063,2025-05-15,PNW,13,66.72,867.36
BI100063,2025-05-15,PNW,13,66.72,867.36
BI100063,2025-06-15,NE,12,66.72,800.64
BI100063,2025-06-15,NE,12,66.72,800.64
BI100063,2025-06-15,NE,13,66.72,867.36
BI100063,2025-06-15,NE,13,66.72,867.36
BI100063,2025-06-15,MA,15,66.72,1000.8
BI100063,2025-06-15,MA,16,66.72,1067.52
BI100063,2025-06-15,SE,14,66.72,934.08
BI100063,2025-06-15,SE,15,66.72,1000.8
BI100063,2025-06-15,SE,15,66.72,1000.8
BI100063,2025-06-15,MW,12,66.72,800.64
BI100063,2025-06-15,MW,12,66.72,800.64
BI100063,2025-06-15,MW,12,66.72,800.64
BI100063,2025-06-15,MW,13,66.72,867.36
BI100063,2025-06-15,TX,12,66.72,800.64
BI100063,2025-06-15,TX,12,66.72,800.64
BI100063,2025-06-15,TX,13,66.72,867.36
BI100063,2025-06-15,TX,13,66.72,867.36
BI100063,2025-06-15,MTN,13,66.72,867.36
BI100063,2025-06-15,MTN,13,66.72,867.36
BI100063,2025-06-15,MTN,14,66.72,934.08
BI100063,2025-06-15,PSW,13,66.72,867.36
BI100063,2025-06-15,PSW,14,66.72,934.08
BI100063,2025-06-15,PSW,14,66.72,934.08
BI100063,2025-06-15,PNW,15,66.72,1000.8
BI100063,2025-06-15,PNW,16,66.72,1067.52
BI100063,2025-06-15,PNW,16,66.72,1067.52
BI100063,2025-07-15,NE,20,66.72,1334.4
BI100063,2025-07-15,MA,14,66.72,934.08
BI100063,2025-07-15,SE,21,66.72,1401.12
BI100063,2025-07-15,MW,20,66.72,1334.4
BI100063,2025-07-15,TX,22,66.72,1467.84
BI100063,2025-07-15,MTN,17,66.72,1134.24
BI100063,2025-07-15,PSW,17,66.72,1134.24
BI100063,2025-07-15,PNW,21,66.72,1401.12
BI100063,2025-08-15,NE,21,66.72,1401.12
BI100063,2025-08-15,MA,14,66.72,934.08
BI100063,2025-08-15,SE,19,66.72,1267.68
BI100063,2025-08-15,MW,20,66.72,1334.4
BI100063,2025-08-15,TX,21,66.72,1401.12
BI100063,2025-08-15,MTN,17,66.72,1134.24
BI100063,2025-08-15,PSW,18,66.72,1200.96
BI100063,2025-08-15,PNW,21,66.72,1401.12
BI100063,2025-09-15,NE,19,66.72,1267.68
BI100063,2025-09-15,MA,12,66.72,800.64
BI100063,2025-09-15,SE,18,66.72,1200.96
BI100063,2025-09-15,MW,17,66.72,1134.24
BI100063,2025-09-15,TX,18,66.72,1200.96
BI100063,2025-09-15,MTN,15,66.72,1000.8
BI100063,2025-09-15,PSW,16,66.72,1067.52
BI100063,2025-09-15,PNW,17,66.72,1134.24
BI100063,2025-10-15,NE,16,66.72,1067.52
BI100063,2025-10-15,MA,11,66.72,733.92
BI100063,2025-10-15,SE,14,66.72,934.08
BI100063,2025-10-15,MW,14,66.72,934.08
BI100063,2025-10-15,TX,15,66.72,1000.8
BI100063,2025-10-15,MTN,14,66.72,934.08
BI100063,2025-10-15,PSW,14,66.72,934.08
BI100063,2025-10-15,PNW,17,66.72,1134.24
BI100063,2025-11-15,NE,15,66.72,1000.8
BI100063,2025-11-15,MA,9,66.72,600.48
BI100063,2025-11-15,SE,14,66.72,934.08
BI100063,2025-11-15,MW,14,66.72,934.08
BI100063,2025-11-15,TX,13,66.72,867.36
BI100063,2025-11-15,MTN,11,66.72,733.92
BI100063,2025-11-15,PSW,11,66.72,733.92
BI100063,2025-11-15,PNW,14,66.72,934.08
BI100063,2025-12-15,NE,14,66.72,934.08
BI100063,2025-12-15,MA,9,66.72,600.48
BI100063,2025-12-15,SE,13,66.72,867.36
BI100063,2025-12-15,MW,14,66.72,934.08
BI100063,2025-12-15,TX,13,66.72,867.36
BI100063,2025-12-15,MTN,12,66.72,800.64
BI100063,2025-12-15,PSW,11,66.72,733.92
BI100063,2025-12-15,PNW,13,66.72,867.36
BI100070,2024-01-15,NE,16,96.24,1539.84
BI100070,2024-01-15,NE,16,96.24,1539.84
BI100070,2024-01-15,MA,14,96.24,1347.36
BI100070,2024-01-15,MA,14,96.24,1347.36
BI100070,2024-01-15,SE,12,96.24,1154.88
BI100070,2024-01-15,SE,12,96.24,1154.88
BI100070,2024-01-15,SE,13,96.24,1251.12
BI100070,2024-01-15,MW,12,96.24,1154.88
BI100070,2024-01-15,MW,12,96.24,1154.88
BI100070,2024-01-15,MW,12,96.24,1154.88
BI100070,2024-01-15,TX,12,96.24,1154.88
BI100070,2024-01-15,TX,12,96.24,1154.88
BI100070,2024-01-15,MTN,15,96.24,1443.6
BI100070,2024-01-15,MTN,16,96.24,1539.84
BI100070,2024-01-15,PSW,13,96.24,1251.12
BI100070,2024-01-15,PSW,14,96.24,1347.36
BI100070,2024-01-15,PNW,23,96.24,2213.52
BI100070,2024-02-15,NE,16,96.24,1539.84
BI100070,2024-02-15,NE,17,96.24,1636.08
BI100070,2024-02-15,MA,14,96.24,1347.36
BI100070,2024-02-15,MA,15,96.24,1443.6
BI100070,2024-02-15,SE,13,96.24,1251.12
BI100070,2024-02-15,SE,13,96.24,1251.12
BI100070,2024-02-15,SE,14,96.24,1347.36
BI100070,2024-02-15,MW,13,96.24,1251.12
BI100070,2024-02-15,MW,14,96.24,1347.36
BI100070,2024-02-15,MW,14,96.24,1347.36
BI100070,2024-02-15,TX,14,96.24,1347.36
BI100070,2024-02-15,TX,14,96.24,1347.36
BI100070,2024-02-15,MTN,13,96.24,1251.12
BI100070,2024-02-15,MTN,13,96.24,1251.12
BI100070,2024-02-15,MTN,13,96.24,1251.12
BI100070,2024-02-15,PSW,13,96.24,1251.12
BI100070,2024-02-15,PSW,14,96.24,1347.36
BI100070,2024-02-15,PNW,12,96.24,1154.88
BI100070,2024-02-15,PNW,13,96.24,1251.12
BI100070,2024-03-15,NE,13,96.24,1251.12
BI100070,2024-03-15,NE,13,96.24,1251.12
BI100070,2024-03-15,NE,13,96.24,1251.12
BI100070,2024-03-15,MA,12,96.24,1154.88
BI100070,2024-03-15,MA,12,96.24,1154.88
BI100070,2024-03-15,MA,12,96.24,1154.88
BI100070,2024-03-15,SE,12,96.24,1154.88
BI100070,2024-03-15,SE,12,96.24,1154.88
BI100070,2024-03-15,SE,12,96.24,1154.88
BI100070,2024-03-15,SE,12,96.24,1154.88
BI100070,2024-03-15,MW,14,96.24,1347.36
BI100070,2024-03-15,MW,14,96.24,1347.36
BI100070,2024-03-15,MW,15,96.24,1443.6
BI100070,2024-03-15,TX,14,96.24,1347.36
BI100070,2024-03-15,TX,14,96.24,1347.36
BI100070,2024-03-15,MTN,14,96.24,1347.36
BI100070,2024-03-15,MTN,14,96.24,1347.36
BI100070,2024-03-15,MTN,15,96.24,1443.6
BI100070,2024-03-15,PSW,16,96.24,1539.84
BI100070,2024-03-15,PSW,16,96.24,1539.84
BI100070,2024-03-15,PNW,15,96.24,1443.6
BI100070,2024-03-15,PNW,15,96.24,1443.6
BI100070,2024-04-15,NE,12,96.24,1154.88
BI100070,2024-04-15,NE,12,96.24,1154.88
BI100070,2024-04-15,NE,12,96.24,1154.88
BI100070,2024-04-15,NE,13,96.24,1251.12
BI100070,2024-04-15,MA,14,96.24,1347.36
BI100070,2024-04-15,MA,14,96.24,1347.36
BI100070,2024-04-15,MA,15,96.24,1443.6
BI100070,2024-04-15,SE,13,96.24,1251.12
BI100070,2024-04-15,SE,13,96.24,1251.12
BI100070,2024-04-15,SE,13,96.24,1251.12
BI100070,2024-04-15,SE,14,96.24,1347.36
BI100070,2024-04-15,MW,13,96.24,1251.12
BI100070,2024-04-15,MW,14,96.24,1347.36
BI100070,2024-04-15,MW,14,96.24,1347.36
BI100070,2024-04-15,MW,14,96.24,1347.36
BI100070,2024-04-15,TX,16,96.24,1539.84
BI100070,2024-04-15,TX,16,96.24,1539.84
BI100070,2024-04-15,MTN,15,96.24,1443.6
BI100070,2024-04-15,MTN,15,96.24,1443.6
BI100070,2024-04-15,MTN,16,96.24,1539.84
BI100070,2024-04-15,PSW,12,96.24,1154.88
BI100070,2024-04-15,PSW,12,96.24,1154.88
BI100070,2024-04-15,PSW,12,96.24,1154.88
BI100070,2024-04-15,PNW,17,96.24,1636.08
BI100070,2024-04-15,PNW,18,96.24,1732.32
BI100070,2024-05-15,NE,12,96.24,1154.88
BI100070,2024-05-15,NE,12,96.24,1154.88
BI100070,2024-05-15,NE,13,96.24,1251.12
BI100070,2024-05-15,NE,13,96.24,1251.12
BI100070,2024-05-15,MA,13,96.24,1251.12
BI100070,2024-05-15,MA,14,96.24,1347.36
BI100070,2024-05-15,MA,14,96.24,1347.36
BI100070,2024-05-15,SE,12,96.24,1154.88
BI100070,2024-05-15,SE,12,96.24,1154.88
BI100070,2024-05-15,SE,12,96.24,1154.88
BI100070,2024-05-15,SE,12,96.24,1154.88
BI100070,2024-05-15,SE,13,96.24,1251.12
BI100070,2024-05-15,MW,14,96.24,1347.36
BI100070,2024-05-15,MW,14,96.24,1347.36
BI100070,2024-05-15,MW,15,96.24,1443.6
BI100070,2024-05-15,MW,15,96.24,1443.6
BI100070,2024-05-15,TX,13,96.24,1251.12
BI100070,2024-05-15,TX,13,96.24,1251.12
BI100070,2024-05-15,TX,13,96.24,1251.12
BI100070,2024-05-15,MTN,12,96.24,1154.88
BI100070,2024-05-15,MTN,12,96.24,1154.88
BI100070,2024-05-15,MTN,13,96.24,1251.12
BI100070,2024-05-15,MTN,13,96.24,1251.12
BI100070,2024-05-15,PSW,13,96.24,1251.12
BI100070,2024-05-15,PSW,13,96.24,1251.12
BI100070,2024-05-15,PSW,13,96.24,1251.12
BI100070,2024-05-15,PNW,17,96.24,1636.08
BI100070,2024-05-15,PNW,17,96.24,1636.08
BI100070,2024-06-15,NE,12,96.24,1154.88
BI100070,2024-06-15,NE,12,96.24,1154.88
BI100070,2024-06-15,NE,12,96.24,1154.88
BI100070,2024-06-15,NE,12,96.24,1154.88
BI100070,2024-06-15,MA,14,96.24,1347.36
BI100070,2024-06-15,MA,15,96.24,1443.6
BI100070,2024-06-15,MA,15,96.24,1443.6
BI100070,2024-06-15,SE,12,96.24,1154.88
BI100070,2024-06-15,SE,12,96.24,1154.88
BI100070,2024-06-15,SE,12,96.24,1154.88
BI100070,2024-06-15,SE,12,96.24,1154.88
BI100070,2024-06-15,SE,12,96.24,1154.88
BI100070,2024-06-15,MW,12,96.24,1154.88
BI100070,2024-06-15,MW,12,96.24,1154.88
BI100070,2024-06-15,MW,12,96.24,1154.88
BI100070,2024-06-15,MW,12,96.24,1154.88
BI100070,2024-06-15,MW,12,96.24,1154.88
BI100070,2024-06-15,TX,17,96.24,1636.08
BI100070,2024-06-15,TX,18,96.24,1732.32
BI100070,2024-06-15,MTN,14,96.24,1347.36
BI100070,2024-06-15,MTN,14,96.24,1347.36
BI100070,2024-06-15,MTN,14,96.24,1347.36
BI100070,2024-06-15,MTN,15,96.24,1443.6
BI100070,2024-06-15,PSW,13,96.24,1251.12
BI100070,2024-06-15,PSW,13,96.24,1251.12
BI100070,2024-06-15,PSW,14,96.24,1347.36
BI100070,2024-06-15,PNW,13,96.24,1251.12
BI100070,2024-06-15,PNW,13,96.24,1251.12
BI100070,2024-06-15,PNW,13,96.24,1251.12
BI100070,2024-07-15,NE,12,96.24,1154.88
BI100070,2024-07-15,NE,13,96.24,1251.12
BI100070,2024-07-15,NE,13,96.24,1251.12
BI100070,2024-07-15,NE,13,96.24,1251.12
BI100070,2024-07-15,MA,14,96.24,1347.36
BI100070,2024-07-15,MA,14,96.24,1347.36
BI100070,2024-07-15,MA,15,96.24,1443.6
BI100070,2024-07-15,SE,12,96.24,1154.88
BI100070,2024-07-15,SE,12,96.24,1154.88
BI100070,2024-07-15,SE,12,96.24,1154.88
BI100070,2024-07-15,SE,12,96.24,1154.88
BI100070,2024-07-15,SE,12,96.24,1154.88
BI100070,2024-07-15,MW,14,96.24,1347.36
BI100070,2024-07-15,MW,15,96.24,1443.6
BI100070,2024-07-15,MW,15,96.24,1443.6
BI100070,2024-07-15,MW,15,96.24,1443.6
BI100070,2024-07-15,TX,12,96.24,1154.88
BI100070,2024-07-15,TX,12,96.24,1154.88
BI100070,2024-07-15,TX,13,96.24,1251.12
BI100070,2024-07-15,MTN,13,96.24,1251.12
BI100070,2024-07-15,MTN,13,96.24,1251.12
BI100070,2024-07-15,MTN,13,96.24,1251.12
BI100070,2024-07-15,MTN,14,96.24,1347.36
BI100070,2024-07-15,PSW,15,96.24,1443.6
BI100070,2024-07-15,PSW,15,96.24,1443.6
BI100070,2024-07-15,PSW,15,96.24,1443.6
BI100070,2024-07-15,PNW,17,96.24,1636.08
BI100070,2024-07-15,PNW,18,96.24,1732.32
BI100070,2024-08-15,NE,12,96.24,1154.88
BI100070,2024-08-15,NE,13,96.24,1251.12
BI100070,2024-08-15,NE,13,96.24,1251.12
BI100070,2024-08-15,NE,13,96.24,1251.12
BI100070,2024-08-15,MA,13,96.24,1251.12
BI100070,2024-08-15,MA,13,96.24,1251.12
BI100070,2024-08-15,MA,13,96.24,1251.12
BI100070,2024-08-15,SE,12,96.24,1154.88
BI100070,2024-08-15,SE,12,96.24,1154.88
BI100070,2024-08-15,SE,12,96.24,1154.88
BI100070,2024-08-15,SE,12,96.24,1154.88
BI100070,2024-08-15,SE,12,96.24,1154.88
BI100070,2024-08-15,MW,14,96.24,1347.36
BI100070,2024-08-15,MW,14,96.24,1347.36
BI100070,2024-08-15,MW,14,96.24,1347.36
BI100070,2024-08-15,MW,15,96.24,1443.6
BI100070,2024-08-15,TX,12,96.24,1154.88
BI100070,2024-08-15,TX,12,96.24,1154.88
BI100070,2024-08-15,TX,12,96.24,1154.88
BI100070,2024-08-15,MTN,13,96.24,1251.12
BI100070,2024-08-15,MTN,13,96.24,1251.12
BI100070,2024-08-15,MTN,13,96.24,1251.12
BI100070,2024-08-15,MTN,14,96.24,1347.36
BI100070,2024-08-15,PSW,13,96.24,1251.12
BI100070,2024-08-15,PSW,14,96.24,1347.36
BI100070,2024-08-15,PSW,14,96.24,1347.36
BI100070,2024-08-15,PNW,16,96.24,1539.84
BI100070,2024-08-15,PNW,17,96.24,1636.08
BI100070,2024-09-15,NE,14,96.24,1347.36
BI100070,2024-09-15,NE,14,96.24,1347.36
BI100070,2024-09-15,NE,15,96.24,1443.6
BI100070,2024-09-15,MA,12,96.24,1154.88
BI100070,2024-09-15,MA,12,96.24,1154.88
BI100070,2024-09-15,MA,12,96.24,1154.88
BI100070,2024-09-15,SE,12,96.24,1154.88
BI100070,2024-09-15,SE,12,96.24,1154.88
BI100070,2024-09-15,SE,12,96.24,1154.88
BI100070,2024-09-15,SE,13,96.24,1251.12
BI100070,2024-09-15,MW,15,96.24,1443.6
BI100070,2024-09-15,MW,15,96.24,1443.6
BI100070,2024-09-15,MW,16,96.24,1539.84
BI100070,2024-09-15,TX,15,96.24,1443.6
BI100070,2024-09-15,TX,16,96.24,1539.84
BI100070,2024-09-15,MTN,14,96.24,1347.36
BI100070,2024-09-15,MTN,15,96.24,1443.6
BI100070,2024-09-15,MTN,15,96.24,1443.6
BI100070,2024-09-15,PSW,16,96.24,1539.84
BI100070,2024-09-15,PSW,17,96.24,1636.08
BI100070,2024-09-15,PNW,15,96.24,1443.6
BI100070,2024-09-15,PNW,16,96.24,1539.84
BI100070,2024-10-15,NE,13,96.24,1251.12
BI100070,2024-10-15,NE,13,96.24,1251.12
BI100070,2024-10-15,NE,13,96.24,1251.12
BI100070,2024-10-15,MA,16,96.24,1539.84
BI100070,2024-10-15,MA,17,96.24,1636.08
BI100070,2024-10-15,SE,13,96.24,1251.12
BI100070,2024-10-15,SE,14,96.24,1347.36
BI100070,2024-10-15,SE,14,96.24,1347.36
BI100070,2024-10-15,MW,15,96.24,1443.6
BI100070,2024-10-15,MW,15,96.24,1443.6
BI100070,2024-10-15,MW,15,96.24,1443.6
BI100070,2024-10-15,TX,14,96.24,1347.36
BI100070,2024-10-15,TX,15,96.24,1443.6
BI100070,2024-10-15,MTN,12,96.24,1154.88
BI100070,2024-10-15,MTN,12,96.24,1154.88
BI100070,2024-10-15,MTN,13,96.24,1251.12
BI100070,2024-10-15,PSW,15,96.24,1443.6
BI100070,2024-10-15,PSW,15,96.24,1443.6
BI100070,2024-10-15,PNW,14,96.24,1347.36
BI100070,2024-10-15,PNW,15,96.24,1443.6
BI100070,2024-11-15,NE,12,96.24,1154.88
BI100070,2024-11-15,NE,12,96.24,1154.88
BI100070,2024-11-15,NE,12,96.24,1154.88
BI100070,2024-11-15,MA,13,96.24,1251.12
BI100070,2024-11-15,MA,14,96.24,1347.36
BI100070,2024-11-15,SE,13,96.24,1251.12
BI100070,2024-11-15,SE,14,96.24,1347.36
BI100070,2024-11-15,SE,14,96.24,1347.36
BI100070,2024-11-15,MW,12,96.24,1154.88
BI100070,2024-11-15,MW,13,96.24,1251.12
BI100070,2024-11-15,MW,13,96.24,1251.12
BI100070,2024-11-15,TX,12,96.24,1154.88
BI100070,2024-11-15,TX,13,96.24,1251.12
BI100070,2024-11-15,MTN,17,96.24,1636.08
BI100070,2024-11-15,MTN,17,96.24,1636.08
BI100070,2024-11-15,PSW,13,96.24,1251.12
BI100070,2024-11-15,PSW,13,96.24,1251.12
BI100070,2024-11-15,PNW,12,96.24,1154.88
BI100070,2024-11-15,PNW,13,96.24,1251.12
BI100070,2024-12-15,NE,16,96.24,1539.84
BI100070,2024-12-15,NE,17,96.24,1636.08
BI100070,2024-12-15,MA,13,96.24,1251.12
BI100070,2024-12-15,MA,14,96.24,1347.36
BI100070,2024-12-15,SE,12,96.24,1154.88
BI100070,2024-12-15,SE,12,96.24,1154.88
BI100070,2024-12-15,SE,12,96.24,1154.88
BI100070,2024-12-15,MW,13,96.24,1251.12
BI100070,2024-12-15,MW,13,96.24,1251.12
BI100070,2024-12-15,MW,13,96.24,1251.12
BI100070,2024-12-15,TX,12,96.24,1154.88
BI100070,2024-12-15,TX,13,96.24,1251.12
BI100070,2024-12-15,MTN,16,96.24,1539.84
BI100070,2024-12-15,MTN,17,96.24,1636.08
BI100070,2024-12-15,PSW,12,96.24,1154.88
BI100070,2024-12-15,PSW,13,96.24,1251.12
BI100070,2024-12-15,PNW,23,96.24,2213.52
BI100070,2025-01-15,NE,16,96.24,1539.84
BI100070,2025-01-15,NE,17,96.24,1636.08
BI100070,2025-01-15,MA,15,96.24,1443.6
BI100070,2025-01-15,MA,16,96.24,1539.84
BI100070,2025-01-15,SE,13,96.24,1251.12
BI100070,2025-01-15,SE,13,96.24,1251.12
BI100070,2025-01-15,SE,14,96.24,1347.36
BI100070,2025-01-15,MW,17,96.24,1636.08
BI100070,2025-01-15,MW,18,96.24,1732.32
BI100070,2025-01-15,TX,12,96.24,1154.88
BI100070,2025-01-15,TX,12,96.24,1154.88
BI100070,2025-01-15,MTN,17,96.24,1636.08
BI100070,2025-01-15,MTN,17,96.24,1636.08
BI100070,2025-01-15,PSW,13,96.24,1251.12
BI100070,2025-01-15,PSW,14,96.24,1347.36
BI100070,2025-01-15,PNW,13,96.24,1251.12
BI100070,2025-01-15,PNW,13,96.24,1251.12
BI100070,2025-02-15,NE,13,96.24,1251.12
BI100070,2025-02-15,NE,13,96.24,1251.12
BI100070,2025-02-15,NE,13,96.24,1251.12
BI100070,2025-02-15,MA,16,96.24,1539.84
BI100070,2025-02-15,MA,16,96.24,1539.84
BI100070,2025-02-15,SE,15,96.24,1443.6
BI100070,2025-02-15,SE,15,96.24,1443.6
BI100070,2025-02-15,SE,15,96.24,1443.6
BI100070,2025-02-15,MW,15,96.24,1443.6
BI100070,2025-02-15,MW,15,96.24,1443.6
BI100070,2025-02-15,MW,16,96.24,1539.84
BI100070,2025-02-15,TX,14,96.24,1347.36
BI100070,2025-02-15,TX,14,96.24,1347.36
BI100070,2025-02-15,MTN,12,96.24,1154.88
BI100070,2025-02-15,MTN,13,96.24,1251.12
BI100070,2025-02-15,MTN,13,96.24,1251.12
BI100070,2025-02-15,PSW,15,96.24,1443.6
BI100070,2025-02-15,PSW,15,96.24,1443.6
BI100070,2025-02-15,PNW,14,96.24,1347.36
BI100070,2025-02-15,PNW,14,96.24,1347.36
BI100070,2025-03-15,NE,14,96.24,1347.36
BI100070,2025-03-15,NE,14,96.24,1347.36
BI100070,2025-03-15,NE,15,96.24,1443.6
BI100070,2025-03-15,MA,13,96.24,1251.12
BI100070,2025-03-15,MA,13,96.24,1251.12
BI100070,2025-03-15,MA,13,96.24,1251.12
BI100070,2025-03-15,SE,12,96.24,1154.88
BI100070,2025-03-15,SE,12,96.24,1154.88
BI100070,2025-03-15,SE,12,96.24,1154.88
BI100070,2025-03-15,SE,13,96.24,1251.12
BI100070,2025-03-15,MW,12,96.24,1154.88
BI100070,2025-03-15,MW,12,96.24,1154.88
BI100070,2025-03-15,MW,12,96.24,1154.88
BI100070,2025-03-15,MW,12,96.24,1154.88
BI100070,2025-03-15,TX,14,96.24,1347.36
BI100070,2025-03-15,TX,15,96.24,1443.6
BI100070,2025-03-15,MTN,14,96.24,1347.36
BI100070,2025-03-15,MTN,15,96.24,1443.6
BI100070,2025-03-15,MTN,15,96.24,1443.6
BI100070,2025-03-15,PSW,17,96.24,1636.08
BI100070,2025-03-15,PSW,18,96.24,1732.32
BI100070,2025-03-15,PNW,16,96.24,1539.84
BI100070,2025-03-15,PNW,16,96.24,1539.84
BI100070,2025-04-15,NE,15,96.24,1443.6
BI100070,2025-04-15,NE,15,96.24,1443.6
BI100070,2025-04-15,NE,16,96.24,1539.84
BI100070,2025-04-15,MA,14,96.24,1347.36
BI100070,2025-04-15,MA,15,96.24,1443.6
BI100070,2025-04-15,MA,15,96.24,1443.6
BI100070,2025-04-15,SE,12,96.24,1154.88
BI100070,2025-04-15,SE,12,96.24,1154.88
BI100070,2025-04-15,SE,13,96.24,1251.12
BI100070,2025-04-15,SE,13,96.24,1251.12
BI100070,2025-04-15,SE,13,96.24,1251.12
BI100070,2025-04-15,MW,13,96.24,1251.12
BI100070,2025-04-15,MW,13,96.24,1251.12
BI100070,2025-04-15,MW,13,96.24,1251.12
BI100070,2025-04-15,MW,14,96.24,1347.36
BI100070,2025-04-15,TX,17,96.24,1636.08
BI100070,2025-04-15,TX,18,96.24,1732.32
BI100070,2025-04-15,MTN,13,96.24,1251.12
BI100070,2025-04-15,MTN,14,96.24,1347.36
BI100070,2025-04-15,MTN,14,96.24,1347.36
BI100070,2025-04-15,MTN,14,96.24,1347.36
BI100070,2025-04-15,PSW,14,96.24,1347.36
BI100070,2025-04-15,PSW,14,96.24,1347.36
BI100070,2025-04-15,PSW,15,96.24,1443.6
BI100070,2025-04-15,PNW,17,96.24,1636.08
BI100070,2025-04-15,PNW,18,96.24,1732.32
BI100070,2025-05-15,NE,13,96.24,1251.12
BI100070,2025-05-15,NE,13,96.24,1251.12
BI100070,2025-05-15,NE,14,96.24,1347.36
BI100070,2025-05-15,NE,14,96.24,1347.36
BI100070,2025-05-15,MA,12,96.24,1154.88
BI100070,2025-05-15,MA,12,96.24,1154.88
BI100070,2025-05-15,MA,13,96.24,1251.12
BI100070,2025-05-15,MA,13,96.24,1251.12
BI100070,2025-05-15,SE,13,96.24,1251.12
BI100070,2025-05-15,SE,13,96.24,1251.12
BI100070,2025-05-15,SE,13,96.24,1251.12
BI100070,2025-05-15,SE,13,96.24,1251.12
BI100070,2025-05-15,SE,13,96.24,1251.12
BI100070,2025-05-15,MW,14,96.24,1347.36
BI100070,2025-05-15,MW,14,96.24,1347.36
BI100070,2025-05-15,MW,15,96.24,1443.6
BI100070,2025-05-15,MW,15,96.24,1443.6
BI100070,2025-05-15,TX,14,96.24,1347.36
BI100070,2025-05-15,TX,14,96.24,1347.36
BI100070,2025-05-15,TX,14,96.24,1347.36
BI100070,2025-05-15,MTN,14,96.24,1347.36
BI100070,2025-05-15,MTN,15,96.24,1443.6
BI100070,2025-05-15,MTN,15,96.24,1443.6
BI100070,2025-05-15,MTN,15,96.24,1443.6
BI100070,2025-05-15,PSW,14,96.24,1347.36
BI100070,2025-05-15,PSW,14,96.24,1347.36
BI100070,2025-05-15,PSW,15,96.24,1443.6
BI100070,2025-05-15,PNW,12,96.24,1154.88
BI100070,2025-05-15,PNW,12,96.24,1154.88
BI100070,2025-05-15,PNW,13,96.24,1251.12
BI100070,2025-06-15,NE,12,96.24,1154.88
BI100070,2025-06-15,NE,12,96.24,1154.88
BI100070,2025-06-15,NE,12,96.24,1154.88
BI100070,2025-06-15,NE,12,96.24,1154.88
BI100070,2025-06-15,NE,12,96.24,1154.88
BI100070,2025-06-15,MA,15,96.24,1443.6
BI100070,2025-06-15,MA,15,96.24,1443.6
BI100070,2025-06-15,MA,16,96.24,1539.84
BI100070,2025-06-15,SE,13,96.24,1251.12
BI100070,2025-06-15,SE,13,96.24,1251.12
BI100070,2025-06-15,SE,13,96.24,1251.12
BI100070,2025-06-15,SE,14,96.24,1347.36
BI100070,2025-06-15,SE,14,96.24,1347.36
BI100070,2025-06-15,MW,12,96.24,1154.88
BI100070,2025-06-15,MW,13,96.24,1251.12
BI100070,2025-06-15,MW,13,96.24,1251.12
BI100070,2025-06-15,MW,13,96.24,1251.12
BI100070,2025-06-15,MW,13,96.24,1251.12
BI100070,2025-06-15,TX,13,96.24,1251.12
BI100070,2025-06-15,TX,14,96.24,1347.36
BI100070,2025-06-15,TX,14,96.24,1347.36
BI100070,2025-06-15,MTN,14,96.24,1347.36
BI100070,2025-06-15,MTN,15,96.24,1443.6
BI100070,2025-06-15,MTN,15,96.24,1443.6
BI100070,2025-06-15,MTN,15,96.24,1443.6
BI100070,2025-06-15,PSW,15,96.24,1443.6
BI100070,2025-06-15,PSW,15,96.24,1443.6
BI100070,2025-06-15,PSW,16,96.24,1539.84
BI100070,2025-06-15,PNW,14,96.24,1347.36
BI100070,2025-06-15,PNW,14,96.24,1347.36
BI100070,2025-06-15,PNW,15,96.24,1443.6
BI100077,2024-01-15,NE,14,19.4,271.6
BI100077,2024-01-15,NE,14,19.4,271.6
BI100077,2024-01-15,NE,14,19.4,271.6
BI100077,2024-01-15,MA,14,19.4,271.6
BI100077,2024-01-15,MA,14,19.4,271.6
BI100077,2024-01-15,MA,14,19.4,271.6
BI100077,2024-01-15,SE,14,19.4,271.6
BI100077,2024-01-15,SE,15,19.4,291.0
BI100077,2024-01-15,SE,15,19.4,291.0
BI100077,2024-01-15,SE,15,19.4,291.0
BI100077,2024-01-15,MW,15,19.4,291.0
BI100077,2024-01-15,MW,15,19.4,291.0
BI100077,2024-01-15,MW,16,19.4,310.4
BI100077,2024-01-15,TX,15,19.4,291.0
BI100077,2024-01-15,TX,15,19.4,291.0
BI100077,2024-01-15,TX,16,19.4,310.4
BI100077,2024-01-15,MTN,12,19.4,232.8
BI100077,2024-01-15,MTN,12,19.4,232.8
BI100077,2024-01-15,MTN,13,19.4,252.2
BI100077,2024-01-15,MTN,13,19.4,252.2
BI100077,2024-01-15,PSW,12,19.4,232.8
BI100077,2024-01-15,PSW,12,19.4,232.8
BI100077,2024-01-15,PSW,12,19.4,232.8
BI100077,2024-01-15,PNW,13,19.4,252.2
BI100077,2024-01-15,PNW,13,19.4,252.2
BI100077,2024-01-15,PNW,13,19.4,252.2
BI100077,2024-01-15,PNW,13,19.4,252.2
BI100077,2024-02-15,NE,13,19.4,252.2
BI100077,2024-02-15,NE,13,19.4,252.2
BI100077,2024-02-15,NE,13,19.4,252.2
BI100077,2024-02-15,NE,13,19.4,252.2
BI100077,2024-02-15,MA,14,19.4,271.6
BI100077,2024-02-15,MA,14,19.4,271.6
BI100077,2024-02-15,MA,14,19.4,271.6
BI100077,2024-02-15,SE,14,19.4,271.6
BI100077,2024-02-15,SE,14,19.4,271.6
BI100077,2024-02-15,SE,15,19.4,291.0
BI100077,2024-02-15,SE,15,19.4,291.0
BI100077,2024-02-15,MW,13,19.4,252.2
BI100077,2024-02-15,MW,13,19.4,252.2
BI100077,2024-02-15,MW,13,19.4,252.2
BI100077,2024-02-15,MW,13,19.4,252.2
BI100077,2024-02-15,TX,12,19.4,232.8
BI100077,2024-02-15,TX,12,19.4,232.8
BI100077,2024-02-15,TX,12,19.4,232.8
BI100077,2024-02-15,TX,13,19.4,252.2
BI100077,2024-02-15,MTN,13,19.4,252.2
BI100077,2024-02-15,MTN,13,19.4,252.2
BI100077,2024-02-15,MTN,13,19.4,252.2
BI100077,2024-02-15,MTN,13,19.4,252.2
BI100077,2024-02-15,PSW,13,19.4,252.2
BI100077,2024-02-15,PSW,13,19.4,252.2
BI100077,2024-02-15,PSW,14,19.4,271.6
BI100077,2024-02-15,PNW,13,19.4,252.2
BI100077,2024-02-15,PNW,14,19.4,271.6
BI100077,2024-02-15,PNW,14,19.4,271.6
BI100077,2024-02-15,PNW,14,19.4,271.6
BI100077,2024-02-15,PNW,14,19.4,271.6
BI100077,2024-03-15,NE,12,19.4,232.8
BI100077,2024-03-15,NE,12,19.4,232.8
BI100077,2024-03-15,NE,12,19.4,232.8
BI100077,2024-03-15,NE,13,19.4,252.2
BI100077,2024-03-15,NE,13,19.4,252.2
BI100077,2024-03-15,MA,12,19.4,232.8
BI100077,2024-03-15,MA,12,19.4,232.8
BI100077,2024-03-15,MA,12,19.4,232.8
BI100077,2024-03-15,MA,13,19.4,252.2
BI100077,2024-03-15,SE,13,19.4,252.2
BI100077,2024-03-15,SE,14,19.4,271.6
BI100077,2024-03-15,SE,14,19.4,271.6
BI100077,2024-03-15,SE,14,19.4,271.6
BI100077,2024-03-15,SE,14,19.4,271.6
BI100077,2024-03-15,MW,14,19.4,271.6
BI100077,2024-03-15,MW,14,19.4,271.6
BI100077,2024-03-15,MW,15,19.4,291.0
BI100077,2024-03-15,MW,15,19.4,291.0
BI100077,2024-03-15,TX,14,19.4,271.6
BI100077,2024-03-15,TX,14,19.4,271.6
BI100077,2024-03-15,TX,14,19.4,271.6
BI100077,2024-03-15,TX,14,19.4,271.6
BI100077,2024-03-15,MTN,14,19.4,271.6
BI100077,2024-03-15,MTN,15,19.4,291.0
BI100077,2024-03-15,MTN,15,19.4,291.0
BI100077,2024-03-15,MTN,15,19.4,291.0
BI100077,2024-03-15,PSW,12,19.4,232.8
BI100077,2024-03-15,PSW,12,19.4,232.8
BI100077,2024-03-15,PSW,12,19.4,232.8
BI100077,2024-03-15,PSW,12,19.4,232.8
BI100077,2024-03-15,PNW,12,19.4,232.8
BI100077,2024-03-15,PNW,12,19.4,232.8
BI100077,2024-03-15,PNW,12,19.4,232.8
BI100077,2024-03-15,PNW,13,19.4,252.2
BI100077,2024-03-15,PNW,13,19.4,252.2
BI100077,2024-03-15,PNW,13,19.4,252.2
BI100077,2024-04-15,NE,13,19.4,252.2
BI100077,2024-04-15,NE,13,19.4,252.2
BI100077,2024-04-15,NE,13,19.4,252.2
BI100077,2024-04-15,NE,13,19.4,252.2
BI100077,2024-04-15,NE,13,19.4,252.2
BI100077,2024-04-15,MA,14,19.4,271.6
BI100077,2024-04-15,MA,14,19.4,271.6
BI100077,2024-04-15,MA,14,19.4,271.6
BI100077,2024-04-15,MA,15,19.4,291.0
BI100077,2024-04-15,SE,12,19.4,232.8
BI100077,2024-04-15,SE,12,19.4,232.8
BI100077,2024-04-15,SE,12,19.4,232.8
BI100077,2024-04-15,SE,12,19.4,232.8
BI100077,2024-04-15,SE,13,19.4,252.2
BI100077,2024-04-15,SE,13,19.4,252.2
BI100077,2024-04-15,MW,12,19.4,232.8
BI100077,2024-04-15,MW,12,19.4,232.8
BI100077,2024-04-15,MW,13,19.4,252.2
BI100077,2024-04-15,MW,13,19.4,252.2
BI100077,2024-04-15,MW,13,19.4,252.2
BI100077,2024-04-15,TX,12,19.4,232.8
BI100077,2024-04-15,TX,12,19.4,232.8
BI100077,2024-04-15,TX,12,19.4,232.8
BI100077,2024-04-15,TX,13,19.4,252.2
BI100077,2024-04-15,TX,13,19.4,252.2
BI100077,2024-04-15,MTN,13,19.4,252.2
BI100077,2024-04-15,MTN,13,19.4,252.2
BI100077,2024-04-15,MTN,13,19.4,252.2
BI100077,2024-04-15,MTN,14,19.4,271.6
BI100077,2024-04-15,MTN,14,19.4,271.6
BI100077,2024-04-15,PSW,13,19.4,252.2
BI100077,2024-04-15,PSW,13,19.4,252.2
BI100077,2024-04-15,PSW,14,19.4,271.6
BI100077,2024-04-15,PSW,14,19.4,271.6
BI100077,2024-04-15,PNW,13,19.4,252.2
BI100077,2024-04-15,PNW,13,19.4,252.2
BI100077,2024-04-15,PNW,13,19.4,252.2
BI100077,2024-04-15,PNW,13,19.4,252.2
BI100077,2024-04-15,PNW,14,19.4,271.6
BI100077,2024-04-15,PNW,14,19.4,271.6
BI100077,2024-05-15,NE,12,19.4,232.8
BI100077,2024-05-15,NE,12,19.4,232.8
BI100077,2024-05-15,NE,12,19.4,232.8
BI100077,2024-05-15,NE,12,19.4,232.8
BI100077,2024-05-15,NE,12,19.4,232.8
BI100077,2024-05-15,NE,13,19.4,252.2
BI100077,2024-05-15,MA,12,19.4,232.8
BI100077,2024-05-15,MA,12,19.4,232.8
BI100077,2024-05-15,MA,12,19.4,232.8
BI100077,2024-05-15,MA,12,19.4,232.8
BI100077,2024-05-15,MA,13,19.4,252.2
BI100077,2024-05-15,SE,13,19.4,252.2
BI100077,2024-05-15,SE,13,19.4,252.2
BI100077,2024-05-15,SE,13,19.4,252.2
BI100077,2024-05-15,SE,13,19.4,252.2
BI100077,2024-05-15,SE,13,19.4,252.2
BI100077,2024-05-15,SE,14,19.4,271.6
BI100077,2024-05-15,SE,14,19.4,271.6
BI100077,2024-05-15,MW,12,19.4,232.8
BI100077,2024-05-15,MW,12,19.4,232.8
BI100077,2024-05-15,MW,12,19.4,232.8
BI100077,2024-05-15,MW,12,19.4,232.8
BI100077,2024-05-15,MW,12,19.4,232.8
BI100077,2024-05-15,MW,13,19.4,252.2
BI100077,2024-05-15,TX,12,19.4,232.8
BI100077,2024-05-15,TX,12,19.4,232.8
BI100077,2024-05-15,TX,13,19.4,252.2
BI100077,2024-05-15,TX,13,19.4,252.2
BI100077,2024-05-15,TX,13,19.4,252.2
BI100077,2024-05-15,TX,13,19.4,252.2
BI100077,2024-05-15,MTN,13,19.4,252.2
BI100077,2024-05-15,MTN,13,19.4,252.2
BI100077,2024-05-15,MTN,14,19.4,271.6
BI100077,2024-05-15,MTN,14,19.4,271.6
BI100077,2024-05-15,MTN,14,19.4,271.6
BI100077,2024-05-15,MTN,14,19.4,271.6
BI100077,2024-05-15,PSW,12,19.4,232.8
BI100077,2024-05-15,PSW,12,19.4,232.8
BI100077,2024-05-15,PSW,12,19.4,232.8
BI100077,2024-05-15,PSW,13,19.4,252.2
BI100077,2024-05-15,PSW,13,19.4,252.2
BI100077,2024-05-15,PNW,13,19.4,252.2
BI100077,2024-05-15,PNW,13,19.4,252.2
BI100077,2024-05-15,PNW,13,19.4,252.2
BI100077,2024-05-15,PNW,13,19.4,252.2
BI100077,2024-05-15,PNW,13,19.4,252.2
BI100077,2024-05-15,PNW,13,19.4,252.2
BI100077,2024-05-15,PNW,13,19.4,252.2
BI100077,2024-06-15,NE,13,19.4,252.2
BI100077,2024-06-15,NE,13,19.4,252.2
BI100077,2024-06-15,NE,13,19.4,252.2
BI100077,2024-06-15,NE,13,19.4,252.2
BI100077,2024-06-15,NE,13,19.4,252.2
BI100077,2024-06-15,NE,13,19.4,252.2
BI100077,2024-06-15,MA,12,19.4,232.8
BI100077,2024-06-15,MA,13,19.4,252.2
BI100077,2024-06-15,MA,13,19.4,252.2
BI100077,2024-06-15,MA,13,19.4,252.2
BI100077,2024-06-15,MA,13,19.4,252.2
BI100077,2024-06-15,SE,12,19.4,232.8
BI100077,2024-06-15,SE,12,19.4,232.8
BI100077,2024-06-15,SE,13,19.4,252.2
BI100077,2024-06-15,SE,13,19.4,252.2
BI100077,2024-06-15,SE,13,19.4,252.2
BI100077,2024-06-15,SE,13,19.4,252.2
BI100077,2024-06-15,SE,13,19.4,252.2
BI100077,2024-06-15,MW,12,19.4,232.8
BI100077,2024-06-15,MW,12,19.4,232.8
BI100077,2024-06-15,MW,12,19.4,232.8
BI100077,2024-06-15,MW,12,19.4,232.8
BI100077,2024-06-15,MW,12,19.4,232.8
BI100077,2024-06-15,MW,13,19.4,252.2
BI100077,2024-06-15,TX,12,19.4,232.8
BI100077,2024-06-15,TX,12,19.4,232.8
BI100077,2024-06-15,TX,12,19.4,232.8
BI100077,2024-06-15,TX,12,19.4,232.8
BI100077,2024-06-15,TX,12,19.4,232.8
BI100077,2024-06-15,TX,13,19.4,252.2
BI100077,2024-06-15,MTN,12,19.4,232.8
BI100077,2024-06-15,MTN,12,19.4,232.8
BI100077,2024-06-15,MTN,12,19.4,232.8
BI100077,2024-06-15,MTN,12,19.4,232.8
BI100077,2024-06-15,MTN,13,19.4,252.2
BI100077,2024-06-15,MTN,13,19.4,252.2
BI100077,2024-06-15,PSW,12,19.4,232.8
BI100077,2024-06-15,PSW,12,19.4,232.8
BI100077,2024-06-15,PSW,12,19.4,232.8
BI100077,2024-06-15,PSW,12,19.4,232.8
BI100077,2024-06-15,PSW,12,19.4,232.8
BI100077,2024-06-15,PNW,12,19.4,232.8
BI100077,2024-06-15,PNW,12,19.4,232.8
BI100077,2024-06-15,PNW,12,19.4,232.8
BI100077,2024-06-15,PNW,12,19.4,232.8
BI100077,2024-06-15,PNW,13,19.4,252.2
BI100077,2024-06-15,PNW,13,19.4,252.2
BI100077,2024-06-15,PNW,13,19.4,252.2
BI100077,2024-07-15,NE,12,19.4,232.8
BI100077,2024-07-15,NE,12,19.4,232.8
BI100077,2024-07-15,NE,12,19.4,232.8
BI100077,2024-07-15,NE,12,19.4,232.8
BI100077,2024-07-15,NE,13,19.4,252.2
BI100077,2024-07-15,NE,13,19.4,252.2
BI100077,2024-07-15,MA,13,19.4,252.2
BI100077,2024-07-15,MA,13,19.4,252.2
BI100077,2024-07-15,MA,13,19.4,252.2
BI100077,2024-07-15,MA,13,19.4,252.2
BI100077,2024-07-15,MA,13,19.4,252.2
BI100077,2024-07-15,SE,12,19.4,232.8
BI100077,2024-07-15,SE,13,19.4,252.2
BI100077,2024-07-15,SE,13,19.4,252.2
BI100077,2024-07-15,SE,13,19.4,252.2
BI100077,2024-07-15,SE,13,19.4,252.2
BI100077,2024-07-15,SE,13,19.4,252.2
BI100077,2024-07-15,SE,13,19.4,252.2
BI100077,2024-07-15,MW,14,19.4,271.6
BI100077,2024-07-15,MW,14,19.4,271.6
BI100077,2024-07-15,MW,14,19.4,271.6
BI100077,2024-07-15,MW,14,19.4,271.6
BI100077,2024-07-15,MW,15,19.4,291.0
BI100077,2024-07-15,TX,13,19.4,252.2
BI100077,2024-07-15,TX,13,19.4,252.2
BI100077,2024-07-15,TX,14,19.4,271.6
BI100077,2024-07-15,TX,14,19.4,271.6
BI100077,2024-07-15,TX,14,19.4,271.6
BI100077,2024-07-15,MTN,12,19.4,232.8
BI100077,2024-07-15,MTN,12,19.4,232.8
BI100077,2024-07-15,MTN,12,19.4,232.8
BI100077,2024-07-15,MTN,12,19.4,232.8
BI100077,2024-07-15,MTN,12,19.4,232.8
BI100077,2024-07-15,MTN,12,19.4,232.8
BI100077,2024-07-15,PSW,12,19.4,232.8
BI100077,2024-07-15,PSW,12,19.4,232.8
BI100077,2024-07-15,PSW,12,19.4,232.8
BI100077,2024-07-15,PSW,12,19.4,232.8
BI100077,2024-07-15,PSW,12,19.4,232.8
BI100077,2024-07-15,PNW,13,19.4,252.2
BI100077,2024-07-15,PNW,13,19.4,252.2
BI100077,2024-07-15,PNW,13,19.4,252.2
BI100077,2024-07-15,PNW,13,19.4,252.2
BI100077,2024-07-15,PNW,13,19.4,252.2
BI100077,2024-07-15,PNW,13,19.4,252.2
BI100077,2024-07-15,PNW,13,19.4,252.2
BI100077,2024-08-15,NE,13,19.4,252.2
BI100077,2024-08-15,NE,13,19.4,252.2
BI100077,2024-08-15,NE,13,19.4,252.2
BI100077,2024-08-15,NE,13,19.4,252.2
BI100077,2024-08-15,NE,13,19.4,252.2
BI100077,2024-08-15,MA,13,19.4,252.2
BI100077,2024-08-15,MA,14,19.4,271.6
BI100077,2024-08-15,MA,14,19.4,271.6
BI100077,2024-08-15,MA,14,19.4,271.6
BI100077,2024-08-15,SE,12,19.4,232.8
BI100077,2024-08-15,SE,13,19.4,252.2
BI100077,2024-08-15,SE,13,19.4,252.2
BI100077,2024-08-15,SE,13,19.4,252.2
BI100077,2024-08-15,SE,13,19.4,252.2
BI100077,2024-08-15,SE,13,19.4,252.2
BI100077,2024-08-15,MW,14,19.4,271.6
BI100077,2024-08-15,MW,14,19.4,271.6
BI100077,2024-08-15,MW,14,19.4,271.6
BI100077,2024-08-15,MW,14,19.4,271.6
BI100077,2024-08-15,MW,14,19.4,271.6
BI100077,2024-08-15,TX,13,19.4,252.2
BI100077,2024-08-15,TX,13,19.4,252.2
BI100077,2024-08-15,TX,14,19.4,271.6
BI100077,2024-08-15,TX,14,19.4,271.6
BI100077,2024-08-15,TX,14,19.4,271.6
BI100077,2024-08-15,MTN,13,19.4,252.2
BI100077,2024-08-15,MTN,13,19.4,252.2
BI100077,2024-08-15,MTN,13,19.4,252.2
BI100077,2024-08-15,MTN,13,19.4,252.2
BI100077,2024-08-15,MTN,13,19.4,252.2
BI100077,2024-08-15,MTN,13,19.4,252.2
BI100077,2024-08-15,PSW,13,19.4,252.2
BI100077,2024-08-15,PSW,13,19.4,252.2
BI100077,2024-08-15,PSW,13,19.4,252.2
BI100077,2024-08-15,PSW,13,19.4,252.2
BI100077,2024-08-15,PNW,12,19.4,232.8
BI100077,2024-08-15,PNW,12,19.4,232.8
BI100077,2024-08-15,PNW,12,19.4,232.8
BI100077,2024-08-15,PNW,12,19.4,232.8
BI100077,2024-08-15,PNW,13,19.4,252.2
BI100077,2024-08-15,PNW,13,19.4,252.2
BI100077,2024-08-15,PNW,13,19.4,252.2
BI100077,2024-09-15,NE,14,19.4,271.6
BI100077,2024-09-15,NE,14,19.4,271.6
BI100077,2024-09-15,NE,15,19.4,291.0
BI100077,2024-09-15,NE,15,19.4,291.0
BI100077,2024-09-15,MA,12,19.4,232.8
BI100077,2024-09-15,MA,12,19.4,232.8
BI100077,2024-09-15,MA,13,19.4,252.2
BI100077,2024-09-15,MA,13,19.4,252.2
BI100077,2024-09-15,SE,13,19.4,252.2
BI100077,2024-09-15,SE,14,19.4,271.6
BI100077,2024-09-15,SE,14,19.4,271.6
BI100077,2024-09-15,SE,14,19.4,271.6
BI100077,2024-09-15,SE,14,19.4,271.6
BI100077,2024-09-15,MW,14,19.4,271.6
BI100077,2024-09-15,MW,14,19.4,271.6
BI100077,2024-09-15,MW,14,19.4,271.6
BI100077,2024-09-15,MW,15,19.4,291.0
BI100077,2024-09-15,TX,12,19.4,232.8
BI100077,2024-09-15,TX,12,19.4,232.8
BI100077,2024-09-15,TX,13,19.4,252.2
BI100077,2024-09-15,TX,13,19.4,252.2
BI100077,2024-09-15,TX,13,19.4,252.2
BI100077,2024-09-15,MTN,12,19.4,232.8
BI100077,2024-09-15,MTN,12,19.4,232.8
BI100077,2024-09-15,MTN,12,19.4,232.8
BI100077,2024-09-15,MTN,13,19.4,252.2
BI100077,2024-09-15,MTN,13,19.4,252.2
BI100077,2024-09-15,PSW,15,19.4,291.0
BI100077,2024-09-15,PSW,16,19.4,310.4
BI100077,2024-09-15,PSW,16,19.4,310.4
BI100077,2024-09-15,PNW,12,19.4,232.8
BI100077,2024-09-15,PNW,13,19.4,252.2
BI100077,2024-09-15,PNW,13,19.4,252.2
BI100077,2024-09-15,PNW,13,19.4,252.2
BI100077,2024-09-15,PNW,13,19.4,252.2
BI100077,2024-09-15,PNW,13,19.4,252.2
BI100077,2024-10-15,NE,13,19.4,252.2
BI100077,2024-10-15,NE,13,19.4,252.2
BI100077,2024-10-15,NE,13,19.4,252.2
BI100077,2024-10-15,NE,13,19.4,252.2
BI100077,2024-10-15,MA,15,19.4,291.0
BI100077,2024-10-15,MA,15,19.4,291.0
BI100077,2024-10-15,MA,16,19.4,310.4
BI100077,2024-10-15,SE,13,19.4,252.2
BI100077,2024-10-15,SE,13,19.4,252.2
BI100077,2024-10-15,SE,14,19.4,271.6
BI100077,2024-10-15,SE,14,19.4,271.6
BI100077,2024-10-15,SE,14,19.4,271.6
BI100077,2024-10-15,MW,13,19.4,252.2
BI100077,2024-10-15,MW,14,19.4,271.6
BI100077,2024-10-15,MW,14,19.4,271.6
BI100077,2024-10-15,MW,14,19.4,271.6
BI100077,2024-10-15,TX,13,19.4,252.2
BI100077,2024-10-15,TX,13,19.4,252.2
BI100077,2024-10-15,TX,13,19.4,252.2
BI100077,2024-10-15,TX,14,19.4,271.6
BI100077,2024-10-15,MTN,13,19.4,252.2
BI100077,2024-10-15,MTN,13,19.4,252.2
BI100077,2024-10-15,MTN,14,19.4,271.6
BI100077,2024-10-15,MTN,14,19.4,271.6
BI100077,2024-10-15,PSW,14,19.4,271.6
BI100077,2024-10-15,PSW,14,19.4,271.6
BI100077,2024-10-15,PSW,14,19.4,271.6
BI100077,2024-10-15,PNW,14,19.4,271.6
BI100077,2024-10-15,PNW,14,19.4,271.6
BI100077,2024-10-15,PNW,14,19.4,271.6
BI100077,2024-10-15,PNW,14,19.4,271.6
BI100077,2024-10-15,PNW,15,19.4,291.0
BI100077,2024-11-15,NE,12,19.4,232.8
BI100077,2024-11-15,NE,12,19.4,232.8
BI100077,2024-11-15,NE,12,19.4,232.8
BI100077,2024-11-15,NE,12,19.4,232.8
BI100077,2024-11-15,MA,14,19.4,271.6
BI100077,2024-11-15,MA,15,19.4,291.0
BI100077,2024-11-15,MA,15,19.4,291.0
BI100077,2024-11-15,SE,14,19.4,271.6
BI100077,2024-11-15,SE,14,19.4,271.6
BI100077,2024-11-15,SE,14,19.4,271.6
BI100077,2024-11-15,SE,14,19.4,271.6
BI100077,2024-11-15,MW,15,19.4,291.0
BI100077,2024-11-15,MW,16,19.4,310.4
BI100077,2024-11-15,MW,16,19.4,310.4
BI100077,2024-11-15,TX,12,19.4,232.8
BI100077,2024-11-15,TX,13,19.4,252.2
BI100077,2024-11-15,TX,13,19.4,252.2
BI100077,2024-11-15,TX,13,19.4,252.2
BI100077,2024-11-15,MTN,13,19.4,252.2
BI100077,2024-11-15,MTN,13,19.4,252.2
BI100077,2024-11-15,MTN,13,19.4,252.2
BI100077,2024-11-15,MTN,13,19.4,252.2
BI100077,2024-11-15,PSW,12,19.4,232.8
BI100077,2024-11-15,PSW,13,19.4,252.2
BI100077,2024-11-15,PSW,13,19.4,252.2
BI100077,2024-11-15,PNW,12,19.4,232.8
BI100077,2024-11-15,PNW,12,19.4,232.8
BI100077,2024-11-15,PNW,12,19.4,232.8
BI100077,2024-11-15,PNW,13,19.4,252.2
BI100077,2024-11-15,PNW,13,19.4,252.2
BI100077,2024-12-15,NE,12,19.4,232.8
BI100077,2024-12-15,NE,12,19.4,232.8
BI100077,2024-12-15,NE,13,19.4,252.2
BI100077,2024-12-15,NE,13,19.4,252.2
BI100077,2024-12-15,MA,13,19.4,252.2
BI100077,2024-12-15,MA,13,19.4,252.2
BI100077,2024-12-15,MA,14,19.4,271.6
BI100077,2024-12-15,SE,13,19.4,252.2
BI100077,2024-12-15,SE,13,19.4,252.2
BI100077,2024-12-15,SE,14,19.4,271.6
BI100077,2024-12-15,SE,14,19.4,271.6
BI100077,2024-12-15,MW,15,19.4,291.0
BI100077,2024-12-15,MW,15,19.4,291.0
BI100077,2024-12-15,MW,15,19.4,291.0
BI100077,2024-12-15,TX,15,19.4,291.0
BI100077,2024-12-15,TX,15,19.4,291.0
BI100077,2024-12-15,TX,16,19.4,310.4
BI100077,2024-12-15,MTN,13,19.4,252.2
BI100077,2024-12-15,MTN,13,19.4,252.2
BI100077,2024-12-15,MTN,13,19.4,252.2
BI100077,2024-12-15,MTN,13,19.4,252.2
BI100077,2024-12-15,PSW,12,19.4,232.8
BI100077,2024-12-15,PSW,12,19.4,232.8
BI100077,2024-12-15,PSW,12,19.4,232.8
BI100077,2024-12-15,PNW,13,19.4,252.2
BI100077,2024-12-15,PNW,13,19.4,252.2
BI100077,2024-12-15,PNW,13,19.4,252.2
BI100077,2024-12-15,PNW,14,19.4,271.6
BI100077,2025-01-15,NE,12,19.4,232.8
BI100077,2025-01-15,NE,12,19.4,232.8
BI100077,2025-01-15,NE,12,19.4,232.8
BI100077,2025-01-15,NE,13,19.4,252.2
BI100077,2025-01-15,MA,14,19.4,271.6
BI100077,2025-01-15,MA,14,19.4,271.6
BI100077,2025-01-15,MA,15,19.4,291.0
BI100077,2025-01-15,SE,12,19.4,232.8
BI100077,2025-01-15,SE,12,19.4,232.8
BI100077,2025-01-15,SE,12,19.4,232.8
BI100077,2025-01-15,SE,12,19.4,232.8
BI100077,2025-01-15,SE,13,19.4,252.2
BI100077,2025-01-15,MW,14,19.4,271.6
BI100077,2025-01-15,MW,15,19.4,291.0
BI100077,2025-01-15,MW,15,19.4,291.0
BI100077,2025-01-15,TX,15,19.4,291.0
BI100077,2025-01-15,TX,16,19.4,310.4
BI100077,2025-01-15,TX,16,19.4,310.4
BI100077,2025-01-15,MTN,13,19.4,252.2
BI100077,2025-01-15,MTN,13,19.4,252.2
BI100077,2025-01-15,MTN,14,19.4,271.6
BI100077,2025-01-15,MTN,14,19.4,271.6
BI100077,2025-01-15,PSW,14,19.4,271.6
BI100077,2025-01-15,PSW,14,19.4,271.6
BI100077,2025-01-15,PSW,14,19.4,271.6
BI100077,2025-01-15,PNW,12,19.4,232.8
BI100077,2025-01-15,PNW,12,19.4,232.8
BI100077,2025-01-15,PNW,12,19.4,232.8
BI100077,2025-01-15,PNW,13,19.4,252.2
BI100077,2025-01-15,PNW,13,19.4,252.2
BI100077,2025-02-15,NE,13,19.4,252.2
BI100077,2025-02-15,NE,13,19.4,252.2
BI100077,2025-02-15,NE,13,19.4,252.2
BI100077,2025-02-15,NE,13,19.4,252.2
BI100077,2025-02-15,MA,14,19.4,271.6
BI100077,2025-02-15,MA,15,19.4,291.0
BI100077,2025-02-15,MA,15,19.4,291.0
BI100077,2025-02-15,SE,12,19.4,232.8
BI100077,2025-02-15,SE,12,19.4,232.8
BI100077,2025-02-15,SE,12,19.4,232.8
BI100077,2025-02-15,SE,12,19.4,232.8
BI100077,2025-02-15,SE,13,19.4,252.2
BI100077,2025-02-15,MW,13,19.4,252.2
BI100077,2025-02-15,MW,13,19.4,252.2
BI100077,2025-02-15,MW,13,19.4,252.2
BI100077,2025-02-15,MW,13,19.4,252.2
BI100077,2025-02-15,TX,13,19.4,252.2
BI100077,2025-02-15,TX,13,19.4,252.2
BI100077,2025-02-15,TX,13,19.4,252.2
BI100077,2025-02-15,TX,14,19.4,271.6
BI100077,2025-02-15,MTN,13,19.4,252.2
BI100077,2025-02-15,MTN,14,19.4,271.6
BI100077,2025-02-15,MTN,14,19.4,271.6
BI100077,2025-02-15,MTN,14,19.4,271.6
BI100077,2025-02-15,PSW,14,19.4,271.6
BI100077,2025-02-15,PSW,14,19.4,271.6
BI100077,2025-02-15,PSW,15,19.4,291.0
BI100077,2025-02-15,PNW,12,19.4,232.8
BI100077,2025-02-15,PNW,13,19.4,252.2
BI100077,2025-02-15,PNW,13,19.4,252.2
BI100077,2025-02-15,PNW,13,19.4,252.2
BI100077,2025-02-15,PNW,13,19.4,252.2
BI100077,2025-03-15,NE,12,19.4,232.8
BI100077,2025-03-15,NE,12,19.4,232.8
BI100077,2025-03-15,NE,12,19.4,232.8
BI100077,2025-03-15,NE,12,19.4,232.8
BI100077,2025-03-15,NE,12,19.4,232.8
BI100077,2025-03-15,MA,13,19.4,252.2
BI100077,2025-03-15,MA,13,19.4,252.2
BI100077,2025-03-15,MA,14,19.4,271.6
BI100077,2025-03-15,MA,14,19.4,271.6
BI100077,2025-03-15,SE,13,19.4,252.2
BI100077,2025-03-15,SE,13,19.4,252.2
BI100077,2025-03-15,SE,13,19.4,252.2
BI100077,2025-03-15,SE,14,19.4,271.6
BI100077,2025-03-15,SE,14,19.4,271.6
BI100077,2025-03-15,SE,14,19.4,271.6
BI100077,2025-03-15,MW,12,19.4,232.8
BI100077,2025-03-15,MW,12,19.4,232.8
BI100077,2025-03-15,MW,12,19.4,232.8
BI100077,2025-03-15,MW,13,19.4,252.2
BI100077,2025-03-15,MW,13,19.4,252.2
BI100077,2025-03-15,TX,13,19.4,252.2
BI100077,2025-03-15,TX,13,19.4,252.2
BI100077,2025-03-15,TX,13,19.4,252.2
BI100077,2025-03-15,TX,14,19.4,271.6
BI100077,2025-03-15,TX,14,19.4,271.6
BI100077,2025-03-15,MTN,13,19.4,252.2
BI100077,2025-03-15,MTN,13,19.4,252.2
BI100077,2025-03-15,MTN,13,19.4,252.2
BI100077,2025-03-15,MTN,13,19.4,252.2
BI100077,2025-03-15,MTN,13,19.4,252.2
BI100077,2025-03-15,PSW,12,19.4,232.8
BI100077,2025-03-15,PSW,12,19.4,232.8
BI100077,2025-03-15,PSW,12,19.4,232.8
BI100077,2025-03-15,PSW,12,19.4,232.8
BI100077,2025-03-15,PNW,12,19.4,232.8
BI100077,2025-03-15,PNW,12,19.4,232.8
BI100077,2025-03-15,PNW,13,19.4,252.2
BI100077,2025-03-15,PNW,13,19.4,252.2
BI100077,2025-03-15,PNW,13,19.4,252.2
BI100077,2025-03-15,PNW,13,19.4,252.2
BI100077,2025-04-15,NE,12,19.4,232.8
BI100077,2025-04-15,NE,12,19.4,232.8
BI100077,2025-04-15,NE,12,19.4,232.8
BI100077,2025-04-15,NE,12,19.4,232.8
BI100077,2025-04-15,NE,12,19.4,232.8
BI100077,2025-04-15,NE,12,19.4,232.8
BI100077,2025-04-15,MA,12,19.4,232.8
BI100077,2025-04-15,MA,12,19.4,232.8
BI100077,2025-04-15,MA,12,19.4,232.8
BI100077,2025-04-15,MA,12,19.4,232.8
BI100077,2025-04-15,MA,13,19.4,252.2
BI100077,2025-04-15,SE,12,19.4,232.8
BI100077,2025-04-15,SE,12,19.4,232.8
BI100077,2025-04-15,SE,12,19.4,232.8
BI100077,2025-04-15,SE,12,19.4,232.8
BI100077,2025-04-15,SE,12,19.4,232.8
BI100077,2025-04-15,SE,13,19.4,252.2
BI100077,2025-04-15,SE,13,19.4,252.2
BI100077,2025-04-15,MW,13,19.4,252.2
BI100077,2025-04-15,MW,13,19.4,252.2
BI100077,2025-04-15,MW,13,19.4,252.2
BI100077,2025-04-15,MW,13,19.4,252.2
BI100077,2025-04-15,MW,14,19.4,271.6
BI100077,2025-04-15,TX,13,19.4,252.2
BI100077,2025-04-15,TX,13,19.4,252.2
BI100077,2025-04-15,TX,13,19.4,252.2
BI100077,2025-04-15,TX,13,19.4,252.2
BI100077,2025-04-15,TX,13,19.4,252.2
BI100077,2025-04-15,MTN,13,19.4,252.2
BI100077,2025-04-15,MTN,13,19.4,252.2
BI100077,2025-04-15,MTN,13,19.4,252.2
BI100077,2025-04-15,MTN,13,19.4,252.2
BI100077,2025-04-15,MTN,14,19.4,271.6
BI100077,2025-04-15,MTN,14,19.4,271.6
BI100077,2025-04-15,PSW,12,19.4,232.8
BI100077,2025-04-15,PSW,12,19.4,232.8
BI100077,2025-04-15,PSW,12,19.4,232.8
BI100077,2025-04-15,PSW,13,19.4,252.2
BI100077,2025-04-15,PSW,13,19.4,252.2
BI100077,2025-04-15,PNW,12,19.4,232.8
BI100077,2025-04-15,PNW,12,19.4,232.8
BI100077,2025-04-15,PNW,12,19.4,232.8
BI100077,2025-04-15,PNW,12,19.4,232.8
BI100077,2025-04-15,PNW,12,19.4,232.8
BI100077,2025-04-15,PNW,12,19.4,232.8
BI100077,2025-04-15,PNW,13,19.4,252.2
BI100077,2025-05-15,NE,13,19.4,252.2
BI100077,2025-05-15,NE,14,19.4,271.6
BI100077,2025-05-15,NE,14,19.4,271.6
BI100077,2025-05-15,NE,14,19.4,271.6
BI100077,2025-05-15,NE,14,19.4,271.6
BI100077,2025-05-15,NE,14,19.4,271.6
BI100077,2025-05-15,MA,13,19.4,252.2
BI100077,2025-05-15,MA,13,19.4,252.2
BI100077,2025-05-15,MA,14,19.4,271.6
BI100077,2025-05-15,MA,14,19.4,271.6
BI100077,2025-05-15,MA,14,19.4,271.6
BI100077,2025-05-15,SE,12,19.4,232.8
BI100077,2025-05-15,SE,12,19.4,232.8
BI100077,2025-05-15,SE,12,19.4,232.8
BI100077,2025-05-15,SE,13,19.4,252.2
BI100077,2025-05-15,SE,13,19.4,252.2
BI100077,2025-05-15,SE,13,19.4,252.2
BI100077,2025-05-15,SE,13,19.4,252.2
BI100077,2025-05-15,MW,12,19.4,232.8
BI100077,2025-05-15,MW,12,19.4,232.8
BI100077,2025-05-15,MW,12,19.4,232.8
BI100077,2025-05-15,MW,12,19.4,232.8
BI100077,2025-05-15,MW,13,19.4,252.2
BI100077,2025-05-15,MW,13,19.4,252.2
BI100077,2025-05-15,TX,12,19.4,232.8
BI100077,2025-05-15,TX,12,19.4,232.8
BI100077,2025-05-15,TX,12,19.4,232.8
BI100077,2025-05-15,TX,12,19.4,232.8
BI100077,2025-05-15,TX,12,19.4,232.8
BI100077,2025-05-15,TX,13,19.4,252.2
BI100077,2025-05-15,MTN,13,19.4,252.2
BI100077,2025-05-15,MTN,14,19.4,271.6
BI100077,2025-05-15,MTN,14,19.4,271.6
BI100077,2025-05-15,MTN,14,19.4,271.6
BI100077,2025-05-15,MTN,14,19.4,271.6
BI100077,2025-05-15,MTN,14,19.4,271.6
BI100077,2025-05-15,PSW,14,19.4,271.6
BI100077,2025-05-15,PSW,14,19.4,271.6
BI100077,2025-05-15,PSW,15,19.4,291.0
BI100077,2025-05-15,PSW,15,19.4,291.0
BI100077,2025-05-15,PNW,12,19.4,232.8
BI100077,2025-05-15,PNW,12,19.4,232.8
BI100077,2025-05-15,PNW,12,19.4,232.8
BI100077,2025-05-15,PNW,13,19.4,252.2
BI100077,2025-05-15,PNW,13,19.4,252.2
BI100077,2025-05-15,PNW,13,19.4,252.2
BI100077,2025-05-15,PNW,13,19.4,252.2
BI100077,2025-05-15,PNW,13,19.4,252.2
BI100077,2025-06-15,NE,12,19.4,232.8
BI100077,2025-06-15,NE,12,19.4,232.8
BI100077,2025-06-15,NE,12,19.4,232.8
BI100077,2025-06-15,NE,13,19.4,252.2
BI100077,2025-06-15,NE,13,19.4,252.2
BI100077,2025-06-15,NE,13,19.4,252.2
BI100077,2025-06-15,MA,13,19.4,252.2
BI100077,2025-06-15,MA,14,19.4,271.6
BI100077,2025-06-15,MA,14,19.4,271.6
BI100077,2025-06-15,MA,14,19.4,271.6
BI100077,2025-06-15,MA,14,19.4,271.6
BI100077,2025-06-15,SE,13,19.4,252.2
BI100077,2025-06-15,SE,13,19.4,252.2
BI100077,2025-06-15,SE,13,19.4,252.2
BI100077,2025-06-15,SE,13,19.4,252.2
BI100077,2025-06-15,SE,13,19.4,252.2
BI100077,2025-06-15,SE,13,19.4,252.2
BI100077,2025-06-15,SE,14,19.4,271.6
BI100077,2025-06-15,MW,13,19.4,252.2
BI100077,2025-06-15,MW,13,19.4,252.2
BI100077,2025-06-15,MW,13,19.4,252.2
BI100077,2025-06-15,MW,13,19.4,252.2
BI100077,2025-06-15,MW,13,19.4,252.2
BI100077,2025-06-15,MW,13,19.4,252.2
BI100077,2025-06-15,TX,12,19.4,232.8
BI100077,2025-06-15,TX,12,19.4,232.8
BI100077,2025-06-15,TX,12,19.4,232.8
BI100077,2025-06-15,TX,12,19.4,232.8
BI100077,2025-06-15,TX,12,19.4,232.8
BI100077,2025-06-15,TX,12,19.4,232.8
BI100077,2025-06-15,TX,12,19.4,232.8
BI100077,2025-06-15,MTN,13,19.4,252.2
BI100077,2025-06-15,MTN,13,19.4,252.2
BI100077,2025-06-15,MTN,14,19.4,271.6
BI100077,2025-06-15,MTN,14,19.4,271.6
BI100077,2025-06-15,MTN,14,19.4,271.6
BI100077,2025-06-15,MTN,14,19.4,271.6
BI100077,2025-06-15,PSW,13,19.4,252.2
BI100077,2025-06-15,PSW,13,19.4,252.2
BI100077,2025-06-15,PSW,13,19.4,252.2
BI100077,2025-06-15,PSW,13,19.4,252.2
BI100077,2025-06-15,PSW,13,19.4,252.2
BI100077,2025-06-15,PNW,13,19.4,252.2
BI100077,2025-06-15,PNW,13,19.4,252.2
BI100077,2025-06-15,PNW,13,19.4,252.2
BI100077,2025-06-15,PNW,13,19.4,252.2
BI100077,2025-06-15,PNW,13,19.4,252.2
BI100077,2025-06-15,PNW,13,19.4,252.2
BI100077,2025-06-15,PNW,13,19.4,252.2
BI100077,2025-06-15,PNW,14,19.4,271.6
BI100077,2025-07-15,NE,12,19.4,232.8
BI100077,2025-07-15,NE,12,19.4,232.8
BI100077,2025-07-15,NE,12,19.4,232.8
BI100077,2025-07-15,NE,13,19.4,252.2
BI100077,2025-07-15,NE,13,19.4,252.2
BI100077,2025-07-15,NE,13,19.4,252.2
BI100077,2025-07-15,MA,13,19.4,252.2
BI100077,2025-07-15,MA,14,19.4,271.6
BI100077,2025-07-15,MA,14,19.4,271.6
BI100077,2025-07-15,MA,14,19.4,271.6
BI100077,2025-07-15,MA,14,19.4,271.6
BI100077,2025-07-15,SE,12,19.4,232.8
BI100077,2025-07-15,SE,12,19.4,232.8
BI100077,2025-07-15,SE,12,19.4,232.8
BI100077,2025-07-15,SE,12,19.4,232.8
BI100077,2025-07-15,SE,12,19.4,232.8
BI100077,2025-07-15,SE,12,19.4,232.8
BI100077,2025-07-15,SE,12,19.4,232.8
BI100077,2025-07-15,SE,13,19.4,252.2
BI100077,2025-07-15,MW,12,19.4,232.8
BI100077,2025-07-15,MW,12,19.4,232.8
BI100077,2025-07-15,MW,13,19.4,252.2
BI100077,2025-07-15,MW,13,19.4,252.2
BI100077,2025-07-15,MW,13,19.4,252.2
BI100077,2025-07-15,MW,13,19.4,252.2
BI100077,2025-07-15,TX,13,19.4,252.2
BI100077,2025-07-15,TX,13,19.4,252.2
BI100077,2025-07-15,TX,13,19.4,252.2
BI100077,2025-07-15,TX,13,19.4,252.2
BI100077,2025-07-15,TX,13,19.4,252.2
BI100077,2025-07-15,TX,14,19.4,271.6
BI100077,2025-07-15,MTN,12,19.4,232.8
BI100077,2025-07-15,MTN,12,19.4,232.8
BI100077,2025-07-15,MTN,12,19.4,232.8
BI100077,2025-07-15,MTN,13,19.4,252.2
BI100077,2025-07-15,MTN,13,19.4,252.2
BI100077,2025-07-15,MTN,13,19.4,252.2
BI100077,2025-07-15,MTN,13,19.4,252.2
BI100077,2025-07-15,PSW,14,19.4,271.6
BI100077,2025-07-15,PSW,15,19.4,291.0
BI100077,2025-07-15,PSW,15,19.4,291.0
BI100077,2025-07-15,PSW,15,19.4,291.0
BI100077,2025-07-15,PNW,13,19.4,252.2
BI100077,2025-07-15,PNW,13,19.4,252.2
BI100077,2025-07-15,PNW,13,19.4,252.2
BI100077,2025-07-15,PNW,13,19.4,252.2
BI100077,2025-07-15,PNW,14,19.4,271.6
BI100077,2025-07-15,PNW,14,19.4,271.6
BI100077,2025-07-15,PNW,14,19.4,271.6
BI100077,2025-08-15,NE,14,19.4,271.6
BI100077,2025-08-15,NE,14,19.4,271.6
BI100077,2025-08-15,NE,14,19.4,271.6
BI100077,2025-08-15,NE,14,19.4,271.6
BI100077,2025-08-15,NE,14,19.4,271.6
BI100077,2025-08-15,MA,12,19.4,232.8
BI100077,2025-08-15,MA,13,19.4,252.2
BI100077,2025-08-15,MA,13,19.4,252.2
BI100077,2025-08-15,MA,13,19.4,252.2
BI100077,2025-08-15,MA,13,19.4,252.2
BI100077,2025-08-15,SE,13,19.4,252.2
BI100077,2025-08-15,SE,13,19.4,252.2
BI100077,2025-08-15,SE,13,19.4,252.2
BI100077,2025-08-15,SE,13,19.4,252.2
BI100077,2025-08-15,SE,13,19.4,252.2
BI100077,2025-08-15,SE,13,19.4,252.2
BI100077,2025-08-15,SE,13,19.4,252.2
BI100077,2025-08-15,MW,12,19.4,232.8
BI100077,2025-08-15,MW,12,19.4,232.8
BI100077,2025-08-15,MW,12,19.4,232.8
BI100077,2025-08-15,MW,12,19.4,232.8
BI100077,2025-08-15,MW,12,19.4,232.8
BI100077,2025-08-15,MW,12,19.4,232.8
BI100077,2025-08-15,TX,13,19.4,252.2
BI100077,2025-08-15,TX,13,19.4,252.2
BI100077,2025-08-15,TX,13,19.4,252.2
BI100077,2025-08-15,TX,13,19.4,252.2
BI100077,2025-08-15,TX,13,19.4,252.2
BI100077,2025-08-15,TX,13,19.4,252.2
BI100077,2025-08-15,MTN,13,19.4,252.2
BI100077,2025-08-15,MTN,13,19.4,252.2
BI100077,2025-08-15,MTN,13,19.4,252.2
BI100077,2025-08-15,MTN,13,19.4,252.2
BI100077,2025-08-15,MTN,13,19.4,252.2
BI100077,2025-08-15,MTN,14,19.4,271.6
BI100077,2025-08-15,PSW,12,19.4,232.8
BI100077,2025-08-15,PSW,12,19.4,232.8
BI100077,2025-08-15,PSW,12,19.4,232.8
BI100077,2025-08-15,PSW,12,19.4,232.8
BI100077,2025-08-15,PSW,12,19.4,232.8
BI100077,2025-08-15,PNW,12,19.4,232.8
BI100077,2025-08-15,PNW,12,19.4,232.8
BI100077,2025-08-15,PNW,12,19.4,232.8
BI100077,2025-08-15,PNW,13,19.4,252.2
BI100077,2025-08-15,PNW,13,19.4,252.2
BI100077,2025-08-15,PNW,13,19.4,252.2
BI100077,2025-08-15,PNW,13,19.4,252.2
BI100077,2025-09-15,NE,12,19.4,232.8
BI100077,2025-09-15,NE,12,19.4,232.8
BI100077,2025-09-15,NE,12,19.4,232.8
BI100077,2025-09-15,NE,12,19.4,232.8
BI100077,2025-09-15,NE,13,19.4,252.2
BI100077,2025-09-15,MA,13,19.4,252.2
BI100077,2025-09-15,MA,13,19.4,252.2
BI100077,2025-09-15,MA,13,19.4,252.2
BI100077,2025-09-15,MA,13,19.4,252.2
BI100077,2025-09-15,SE,12,19.4,232.8
BI100077,2025-09-15,SE,12,19.4,232.8
BI100077,2025-09-15,SE,13,19.4,252.2
BI100077,2025-09-15,SE,13,19.4,252.2
BI100077,2025-09-15,SE,13,19.4,252.2
BI100077,2025-09-15,SE,13,19.4,252.2
BI100077,2025-09-15,MW,12,19.4,232.8
BI100077,2025-09-15,MW,12,19.4,232.8
BI100077,2025-09-15,MW,13,19.4,252.2
BI100077,2025-09-15,MW,13,19.4,252.2
BI100077,2025-09-15,MW,13,19.4,252.2
BI100077,2025-09-15,TX,13,19.4,252.2
BI100077,2025-09-15,TX,13,19.4,252.2
BI100077,2025-09-15,TX,13,19.4,252.2
BI100077,2025-09-15,TX,13,19.4,252.2
BI100077,2025-09-15,TX,13,19.4,252.2
BI100077,2025-09-15,MTN,13,19.4,252.2
BI100077,2025-09-15,MTN,13,19.4,252.2
BI100077,2025-09-15,MTN,13,19.4,252.2
BI100077,2025-09-15,MTN,13,19.4,252.2
BI100077,2025-09-15,MTN,13,19.4,252.2
BI100077,2025-09-15,PSW,13,19.4,252.2
BI100077,2025-09-15,PSW,14,19.4,271.6
BI100077,2025-09-15,PSW,14,19.4,271.6
BI100077,2025-09-15,PSW,14,19.4,271.6
BI100077,2025-09-15,PNW,12,19.4,232.8
BI100077,2025-09-15,PNW,12,19.4,232.8
BI100077,2025-09-15,PNW,12,19.4,232.8
BI100077,2025-09-15,PNW,13,19.4,252.2
BI100077,2025-09-15,PNW,13,19.4,252.2
BI100077,2025-09-15,PNW,13,19.4,252.2
BI100077,2025-10-15,NE,12,19.4,232.8
BI100077,2025-10-15,NE,12,19.4,232.8
BI100077,2025-10-15,NE,12,19.4,232.8
BI100077,2025-10-15,NE,12,19.4,232.8
BI100077,2025-10-15,NE,13,19.4,252.2
BI100077,2025-10-15,MA,13,19.4,252.2
BI100077,2025-10-15,MA,13,19.4,252.2
BI100077,2025-10-15,MA,13,19.4,252.2
BI100077,2025-10-15,MA,14,19.4,271.6
BI100077,2025-10-15,SE,13,19.4,252.2
BI100077,2025-10-15,SE,13,19.4,252.2
BI100077,2025-10-15,SE,13,19.4,252.2
BI100077,2025-10-15,SE,13,19.4,252.2
BI100077,2025-10-15,SE,13,19.4,252.2
BI100077,2025-10-15,MW,14,19.4,271.6
BI100077,2025-10-15,MW,14,19.4,271.6
BI100077,2025-10-15,MW,14,19.4,271.6
BI100077,2025-10-15,MW,15,19.4,291.0
BI100077,2025-10-15,TX,14,19.4,271.6
BI100077,2025-10-15,TX,14,19.4,271.6
BI100077,2025-10-15,TX,14,19.4,271.6
BI100077,2025-10-15,TX,15,19.4,291.0
BI100077,2025-10-15,MTN,12,19.4,232.8
BI100077,2025-10-15,MTN,12,19.4,232.8
BI100077,2025-10-15,MTN,12,19.4,232.8
BI100077,2025-10-15,MTN,13,19.4,252.2
BI100077,2025-10-15,MTN,13,19.4,252.2
BI100077,2025-10-15,PSW,15,19.4,291.0
BI100077,2025-10-15,PSW,15,19.4,291.0
BI100077,2025-10-15,PSW,16,19.4,310.4
BI100077,2025-10-15,PNW,12,19.4,232.8
BI100077,2025-10-15,PNW,12,19.4,232.8
BI100077,2025-10-15,PNW,12,19.4,232.8
BI100077,2025-10-15,PNW,12,19.4,232.8
BI100077,2025-10-15,PNW,12,19.4,232.8
BI100077,2025-10-15,PNW,13,19.4,252.2
BI100077,2025-11-15,NE,14,19.4,271.6
BI100077,2025-11-15,NE,14,19.4,271.6
BI100077,2025-11-15,NE,14,19.4,271.6
BI100077,2025-11-15,NE,14,19.4,271.6
BI100077,2025-11-15,MA,14,19.4,271.6
BI100077,2025-11-15,MA,14,19.4,271.6
BI100077,2025-11-15,MA,14,19.4,271.6
BI100077,2025-11-15,SE,12,19.4,232.8
BI100077,2025-11-15,SE,12,19.4,232.8
BI100077,2025-11-15,SE,12,19.4,232.8
BI100077,2025-11-15,SE,13,19.4,252.2
BI100077,2025-11-15,SE,13,19.4,252.2
BI100077,2025-11-15,MW,13,19.4,252.2
BI100077,2025-11-15,MW,13,19.4,252.2
BI100077,2025-11-15,MW,13,19.4,252.2
BI100077,2025-11-15,MW,14,19.4,271.6
BI100077,2025-11-15,TX,12,19.4,232.8
BI100077,2025-11-15,TX,12,19.4,232.8
BI100077,2025-11-15,TX,13,19.4,252.2
BI100077,2025-11-15,TX,13,19.4,252.2
BI100077,2025-11-15,MTN,14,19.4,271.6
BI100077,2025-11-15,MTN,14,19.4,271.6
BI100077,2025-11-15,MTN,14,19.4,271.6
BI100077,2025-11-15,MTN,14,19.4,271.6
BI100077,2025-11-15,PSW,13,19.4,252.2
BI100077,2025-11-15,PSW,14,19.4,271.6
BI100077,2025-11-15,PSW,14,19.4,271.6
BI100077,2025-11-15,PNW,13,19.4,252.2
BI100077,2025-11-15,PNW,13,19.4,252.2
BI100077,2025-11-15,PNW,14,19.4,271.6
BI100077,2025-11-15,PNW,14,19.4,271.6
BI100077,2025-11-15,PNW,14,19.4,271.6
BI100077,2025-12-15,NE,12,19.4,232.8
BI100077,2025-12-15,NE,12,19.4,232.8
BI100077,2025-12-15,NE,12,19.4,232.8
BI100077,2025-12-15,NE,12,19.4,232.8
BI100077,2025-12-15,MA,15,19.4,291.0
BI100077,2025-12-15,MA,15,19.4,291.0
BI100077,2025-12-15,MA,15,19.4,291.0
BI100077,2025-12-15,SE,14,19.4,271.6
BI100077,2025-12-15,SE,14,19.4,271.6
BI100077,2025-12-15,SE,14,19.4,271.6
BI100077,2025-12-15,SE,14,19.4,271.6
BI100077,2025-12-15,MW,15,19.4,291.0
BI100077,2025-12-15,MW,16,19.4,310.4
BI100077,2025-12-15,MW,16,19.4,310.4
BI100077,2025-12-15,TX,12,19.4,232.8
BI100077,2025-12-15,TX,12,19.4,232.8
BI100077,2025-12-15,TX,12,19.4,232.8
BI100077,2025-12-15,TX,13,19.4,252.2
BI100077,2025-12-15,MTN,13,19.4,252.2
BI100077,2025-12-15,MTN,13,19.4,252.2
BI100077,2025-12-15,MTN,13,19.4,252.2
BI100077,2025-12-15,MTN,14,19.4,271.6
BI100077,2025-12-15,PSW,12,19.4,232.8
BI100077,2025-12-15,PSW,13,19.4,252.2
BI100077,2025-12-15,PSW,13,19.4,252.2
BI100077,2025-12-15,PNW,12,19.4,232.8
BI100077,2025-12-15,PNW,12,19.4,232.8
BI100077,2025-12-15,PNW,13,19.4,252.2
BI100077,2025-12-15,PNW,13,19.4,252.2
BI100077,2025-12-15,PNW,13,19.4,252.2
BI100084,2024-01-15,NE,18,69.35,1248.3
BI100084,2024-01-15,MA,14,69.35,970.9
BI100084,2024-01-15,SE,18,69.35,1248.3
BI100084,2024-01-15,MW,13,69.35,901.55
BI100084,2024-01-15,TX,15,69.35,1040.25
BI100084,2024-01-15,MTN,21,69.35,1456.35
BI100084,2024-01-15,PSW,21,69.35,1456.35
BI100084,2024-01-15,PNW,15,69.35,1040.25
BI100084,2024-02-15,NE,19,69.35,1317.65
BI100084,2024-02-15,MA,14,69.35,970.9
BI100084,2024-02-15,SE,20,69.35,1387.0
BI100084,2024-02-15,MW,15,69.35,1040.25
BI100084,2024-02-15,TX,16,69.35,1109.6
BI100084,2024-02-15,MTN,12,69.35,832.2
BI100084,2024-02-15,MTN,12,69.35,832.2
BI100084,2024-02-15,PSW,12,69.35,832.2
BI100084,2024-02-15,PSW,12,69.35,832.2
BI100084,2024-02-15,PNW,16,69.35,1109.6
BI100084,2024-03-15,NE,22,69.35,1525.7
BI100084,2024-03-15,MA,18,69.35,1248.3
BI100084,2024-03-15,SE,22,69.35,1525.7
BI100084,2024-03-15,MW,17,69.35,1178.95
BI100084,2024-03-15,TX,18,69.35,1248.3
BI100084,2024-03-15,MTN,12,69.35,832.2
BI100084,2024-03-15,MTN,12,69.35,832.2
BI100084,2024-03-15,PSW,13,69.35,901.55
BI100084,2024-03-15,PSW,13,69.35,901.55
BI100084,2024-03-15,PNW,18,69.35,1248.3
BI100084,2024-04-15,NE,13,69.35,901.55
BI100084,2024-04-15,NE,13,69.35,901.55
BI100084,2024-04-15,MA,19,69.35,1317.65
BI100084,2024-04-15,SE,14,69.35,970.9
BI100084,2024-04-15,SE,14,69.35,970.9
BI100084,2024-04-15,MW,20,69.35,1387.0
BI100084,2024-04-15,TX,23,69.35,1595.05
BI100084,2024-04-15,MTN,14,69.35,970.9
BI100084,2024-04-15,MTN,15,69.35,1040.25
BI100084,2024-04-15,PSW,16,69.35,1109.6
BI100084,2024-04-15,PSW,16,69.35,1109.6
BI100084,2024-04-15,PNW,21,69.35,1456.35
BI100084,2024-05-15,NE,15,69.35,1040.25
BI100084,2024-05-15,NE,15,69.35,1040.25
BI100084,2024-05-15,MA,22,69.35,1525.7
BI100084,2024-05-15,SE,13,69.35,901.55
BI100084,2024-05-15,SE,14,69.35,970.9
BI100084,2024-05-15,MW,20,69.35,1387.0
BI100084,2024-05-15,TX,22,69.35,1525.7
BI100084,2024-05-15,MTN,15,69.35,1040.25
BI100084,2024-05-15,MTN,15,69.35,1040.25
BI100084,2024-05-15,PSW,16,69.35,1109.6
BI100084,2024-05-15,PSW,17,69.35,1178.95
BI100084,2024-05-15,PNW,23,69.35,1595.05
BI100084,2024-06-15,NE,14,69.35,970.9
BI100084,2024-06-15,NE,14,69.35,970.9
BI100084,2024-06-15,MA,23,69.35,1595.05
BI100084,2024-06-15,SE,14,69.35,970.9
BI100084,2024-06-15,SE,15,69.35,1040.25
BI100084,2024-06-15,MW,12,69.35,832.2
BI100084,2024-06-15,MW,12,69.35,832.2
BI100084,2024-06-15,TX,13,69.35,901.55
BI100084,2024-06-15,TX,13,69.35,901.55
BI100084,2024-06-15,MTN,17,69.35,1178.95
BI100084,2024-06-15,MTN,17,69.35,1178.95
BI100084,2024-06-15,PSW,16,69.35,1109.6
BI100084,2024-06-15,PSW,17,69.35,1178.95
BI100084,2024-06-15,PNW,13,69.35,901.55
BI100084,2024-06-15,PNW,13,69.35,901.55
BI100084,2024-07-15,NE,15,69.35,1040.25
BI100084,2024-07-15,NE,15,69.35,1040.25
BI100084,2024-07-15,MA,21,69.35,1456.35
BI100084,2024-07-15,SE,14,69.35,970.9
BI100084,2024-07-15,SE,15,69.35,1040.25
BI100084,2024-07-15,MW,21,69.35,1456.35
BI100084,2024-07-15,TX,23,69.35,1595.05
BI100084,2024-07-15,MTN,15,69.35,1040.25
BI100084,2024-07-15,MTN,15,69.35,1040.25
BI100084,2024-07-15,PSW,15,69.35,1040.25
BI100084,2024-07-15,PSW,16,69.35,1109.6
BI100084,2024-07-15,PNW,12,69.35,832.2
BI100084,2024-07-15,PNW,13,69.35,901.55
BI100084,2024-08-15,NE,13,69.35,901.55
BI100084,2024-08-15,NE,14,69.35,970.9
BI100084,2024-08-15,MA,20,69.35,1387.0
BI100084,2024-08-15,SE,13,69.35,901.55
BI100084,2024-08-15,SE,13,69.35,901.55
BI100084,2024-08-15,MW,20,69.35,1387.0
BI100084,2024-08-15,TX,21,69.35,1456.35
BI100084,2024-08-15,MTN,15,69.35,1040.25
BI100084,2024-08-15,MTN,15,69.35,1040.25
BI100084,2024-08-15,PSW,14,69.35,970.9
BI100084,2024-08-15,PSW,14,69.35,970.9
BI100084,2024-08-15,PNW,22,69.35,1525.7
BI100084,2024-09-15,NE,22,69.35,1525.7
BI100084,2024-09-15,MA,16,69.35,1109.6
BI100084,2024-09-15,SE,13,69.35,901.55
BI100084,2024-09-15,SE,13,69.35,901.55
BI100084,2024-09-15,MW,18,69.35,1248.3
BI100084,2024-09-15,TX,20,69.35,1387.0
BI100084,2024-09-15,MTN,14,69.35,970.9
BI100084,2024-09-15,MTN,14,69.35,970.9
BI100084,2024-09-15,PSW,14,69.35,970.9
BI100084,2024-09-15,PSW,14,69.35,970.9
BI100084,2024-09-15,PNW,21,69.35,1456.35
BI100084,2024-10-15,NE,19,69.35,1317.65
BI100084,2024-10-15,MA,15,69.35,1040.25
BI100084,2024-10-15,SE,23,69.35,1595.05
BI100084,2024-10-15,MW,16,69.35,1109.6
BI100084,2024-10-15,TX,18,69.35,1248.3
BI100084,2024-10-15,MTN,22,69.35,1525.7
BI100084,2024-10-15,PSW,22,69.35,1525.7
BI100084,2024-10-15,PNW,18,69.35,1248.3
BI100084,2024-11-15,NE,20,69.35,1387.0
BI100084,2024-11-15,MA,14,69.35,970.9
BI100084,2024-11-15,SE,19,69.35,1317.65
BI100084,2024-11-15,MW,14,69.35,970.9
BI100084,2024-11-15,TX,17,69.35,1178.95
BI100084,2024-11-15,MTN,22,69.35,1525.7
BI100084,2024-11-15,PSW,21,69.35,1456.35
BI100084,2024-11-15,PNW,17,69.35,1178.95
BI100084,2024-12-15,NE,17,69.35,1178.95
BI100084,2024-12-15,MA,13,69.35,901.55
BI100084,2024-12-15,SE,19,69.35,1317.65
BI100084,2024-12-15,MW,14,69.35,970.9
BI100084,2024-12-15,TX,14,69.35,970.9
BI100084,2024-12-15,MTN,21,69.35,1456.35
BI100084,2024-12-15,PSW,21,69.35,1456.35
BI100084,2024-12-15,PNW,15,69.35,1040.25
BI100084,2025-01-15,NE,20,69.35,1387.0
BI100084,2025-01-15,MA,13,69.35,901.55
BI100084,2025-01-15,SE,20,69.35,1387.0
BI100084,2025-01-15,MW,14,69.35,970.9
BI100084,2025-01-15,TX,16,69.35,1109.6
BI100084,2025-01-15,MTN,22,69.35,1525.7
BI100084,2025-01-15,PSW,22,69.35,1525.7
BI100084,2025-01-15,PNW,17,69.35,1178.95
BI100084,2025-02-15,NE,22,69.35,1525.7
BI100084,2025-02-15,MA,17,69.35,1178.95
BI100084,2025-02-15,SE,21,69.35,1456.35
BI100084,2025-02-15,MW,16,69.35,1109.6
BI100084,2025-02-15,TX,18,69.35,1248.3
BI100084,2025-02-15,MTN,13,69.35,901.55
BI100084,2025-02-15,MTN,13,69.35,901.55
BI100084,2025-02-15,PSW,23,69.35,1595.05
BI100084,2025-02-15,PNW,19,69.35,1317.65
BI100084,2025-03-15,NE,13,69.35,901.55
BI100084,2025-03-15,NE,13,69.35,901.55
BI100084,2025-03-15,MA,17,69.35,1178.95
BI100084,2025-03-15,SE,13,69.35,901.55
BI100084,2025-03-15,SE,14,69.35,970.9
BI100084,2025-03-15,MW,19,69.35,1317.65
BI100084,2025-03-15,TX,22,69.35,1525.7
BI100084,2025-03-15,MTN,13,69.35,901.55
BI100084,2025-03-15,MTN,13,69.35,901.55
BI100084,2025-03-15,PSW,14,69.35,970.9
BI100084,2025-03-15,PSW,14,69.35,970.9
BI100084,2025-03-15,PNW,19,69.35,1317.65
BI100084,2025-04-15,NE,15,69.35,1040.25
BI100084,2025-04-15,NE,15,69.35,1040.25
BI100084,2025-04-15,MA,21,69.35,1456.35
BI100084,2025-04-15,SE,13,69.35,901.55
BI100084,2025-04-15,SE,14,69.35,970.9
BI100084,2025-04-15,MW,20,69.35,1387.0
BI100084,2025-04-15,TX,22,69.35,1525.7
BI100084,2025-04-15,MTN,16,69.35,1109.6
BI100084,2025-04-15,MTN,17,69.35,1178.95
BI100084,2025-04-15,PSW,16,69.35,1109.6
BI100084,2025-04-15,PSW,17,69.35,1178.95
BI100084,2025-04-15,PNW,23,69.35,1595.05
BI100084,2025-05-15,NE,15,69.35,1040.25
BI100084,2025-05-15,NE,16,69.35,1109.6
BI100084,2025-05-15,MA,12,69.35,832.2
BI100084,2025-05-15,MA,12,69.35,832.2
BI100084,2025-05-15,SE,16,69.35,1109.6
BI100084,2025-05-15,SE,16,69.35,1109.6
BI100084,2025-05-15,MW,22,69.35,1525.7
BI100084,2025-05-15,TX,12,69.35,832.2
BI100084,2025-05-15,TX,13,69.35,901.55
BI100084,2025-05-15,MTN,16,69.35,1109.6
BI100084,2025-05-15,MTN,16,69.35,1109.6
BI100084,2025-05-15,PSW,16,69.35,1109.6
BI100084,2025-05-15,PSW,16,69.35,1109.6
BI100084,2025-05-15,PNW,12,69.35,832.2
BI100084,2025-05-15,PNW,13,69.35,901.55
BI100084,2025-06-15,NE,16,69.35,1109.6
BI100084,2025-06-15,NE,17,69.35,1178.95
BI100084,2025-06-15,MA,23,69.35,1595.05
BI100084,2025-06-15,SE,16,69.35,1109.6
BI100084,2025-06-15,SE,17,69.35,1178.95
BI100084,2025-06-15,MW,23,69.35,1595.05
BI100084,2025-06-15,TX,14,69.35,970.9
BI100084,2025-06-15,TX,14,69.35,970.9
BI100084,2025-06-15,MTN,17,69.35,1178.95
BI100084,2025-06-15,MTN,18,69.35,1248.3
BI100084,2025-06-15,PSW,16,69.35,1109.6
BI100084,2025-06-15,PSW,17,69.35,1178.95
BI100084,2025-06-15,PNW,12,69.35,832.2
BI100084,2025-06-15,PNW,13,69.35,901.55
BI100084,2025-07-15,NE,14,69.35,970.9
BI100084,2025-07-15,NE,14,69.35,970.9
BI100084,2025-07-15,MA,23,69.35,1595.05
BI100084,2025-07-15,SE,16,69.35,1109.6
BI100084,2025-07-15,SE,16,69.35,1109.6
BI100084,2025-07-15,MW,23,69.35,1595.05
BI100084,2025-07-15,TX,13,69.35,901.55
BI100084,2025-07-15,TX,13,69.35,901.55
BI100084,2025-07-15,MTN,12,69.35,832.2
BI100084,2025-07-15,MTN,12,69.35,832.2
BI100084,2025-07-15,MTN,13,69.35,901.55
BI100084,2025-07-15,PSW,17,69.35,1178.95
BI100084,2025-07-15,PSW,18,69.35,1248.3
BI100084,2025-07-15,PNW,13,69.35,901.55
BI100084,2025-07-15,PNW,14,69.35,970.9
BI100084,2025-08-15,NE,13,69.35,901.55
BI100084,2025-08-15,NE,14,69.35,970.9
BI100084,2025-08-15,MA,21,69.35,1456.35
BI100084,2025-08-15,SE,15,69.35,1040.25
BI100084,2025-08-15,SE,16,69.35,1109.6
BI100084,2025-08-15,MW,21,69.35,1456.35
BI100084,2025-08-15,TX,22,69.35,1525.7
BI100084,2025-08-15,MTN,16,69.35,1109.6
BI100084,2025-08-15,MTN,16,69.35,1109.6
BI100084,2025-08-15,PSW,17,69.35,1178.95
BI100084,2025-08-15,PSW,17,69.35,1178.95
BI100084,2025-08-15,PNW,12,69.35,832.2
BI100084,2025-08-15,PNW,13,69.35,901.55
BI100084,2025-09-15,NE,12,69.35,832.2
BI100084,2025-09-15,NE,12,69.35,832.2
BI100084,2025-09-15,MA,19,69.35,1317.65
BI100084,2025-09-15,SE,12,69.35,832.2
BI100084,2025-09-15,SE,13,69.35,901.55
BI100084,2025-09-15,MW,18,69.35,1248.3
BI100084,2025-09-15,TX,22,69.35,1525.7
BI100084,2025-09-15,MTN,14,69.35,970.9
BI100084,2025-09-15,MTN,14,69.35,970.9
BI100084,2025-09-15,PSW,15,69.35,1040.25
BI100084,2025-09-15,PSW,16,69.35,1109.6
BI100084,2025-09-15,PNW,21,69.35,1456.35
BI100084,2025-10-15,NE,21,69.35,1456.35
BI100084,2025-10-15,MA,17,69.35,1178.95
BI100084,2025-10-15,SE,21,69.35,1456.35
BI100084,2025-10-15,MW,17,69.35,1178.95
BI100084,2025-10-15,TX,20,69.35,1387.0
BI100084,2025-10-15,MTN,23,69.35,1595.05
BI100084,2025-10-15,PSW,13,69.35,901.55
BI100084,2025-10-15,PSW,13,69.35,901.55
BI100084,2025-10-15,PNW,20,69.35,1387.0
BI100084,2025-11-15,NE,21,69.35,1456.35
BI100084,2025-11-15,MA,16,69.35,1109.6
BI100084,2025-11-15,SE,20,69.35,1387.0
BI100084,2025-11-15,MW,16,69.35,1109.6
BI100084,2025-11-15,TX,16,69.35,1109.6
BI100084,2025-11-15,MTN,12,69.35,832.2
BI100084,2025-11-15,MTN,12,69.35,832.2
BI100084,2025-11-15,PSW,22,69.35,1525.7
BI100084,2025-11-15,PNW,17,69.35,1178.95
BI100084,2025-12-15,NE,19,69.35,1317.65
BI100084,2025-12-15,MA,14,69.35,970.9
BI100084,2025-12-15,SE,21,69.35,1456.35
BI100084,2025-12-15,MW,15,69.35,1040.25
BI100084,2025-12-15,TX,17,69.35,1178.95
BI100084,2025-12-15,MTN,23,69.35,1595.05
BI100084,2025-12-15,PSW,21,69.35,1456.35
BI100084,2025-12-15,PNW,15,69.35,1040.25
BI100091,2024-01-15,NE,7,133.38,933.66
BI100091,2024-01-15,MA,7,133.38,933.66
BI100091,2024-01-15,SE,6,133.38,800.28
BI100091,2024-01-15,MW,6,133.38,800.28
BI100091,2024-01-15,TX,6,133.38,800.28
BI100091,2024-01-15,MTN,7,133.38,933.66
BI100091,2024-01-15,PSW,5,133.38,666.9
BI100091,2024-01-15,PNW,8,133.38,1067.04
BI100091,2024-02-15,NE,9,133.38,1200.42
BI100091,2024-02-15,MA,8,133.38,1067.04
BI100091,2024-02-15,SE,7,133.38,933.66
BI100091,2024-02-15,MW,6,133.38,800.28
BI100091,2024-02-15,TX,7,133.38,933.66
BI100091,2024-02-15,MTN,7,133.38,933.66
BI100091,2024-02-15,PSW,6,133.38,800.28
BI100091,2024-02-15,PNW,8,133.38,1067.04
BI100091,2024-03-15,NE,9,133.38,1200.42
BI100091,2024-03-15,MA,8,133.38,1067.04
BI100091,2024-03-15,SE,7,133.38,933.66
BI100091,2024-03-15,MW,7,133.38,933.66
BI100091,2024-03-15,TX,7,133.38,933.66
BI100091,2024-03-15,MTN,9,133.38,1200.42
BI100091,2024-03-15,PSW,6,133.38,800.28
BI100091,2024-03-15,PNW,8,133.38,1067.04
BI100091,2024-04-15,NE,9,133.38,1200.42
BI100091,2024-04-15,MA,9,133.38,1200.42
BI100091,2024-04-15,SE,7,133.38,933.66
BI100091,2024-04-15,MW,7,133.38,933.66
BI100091,2024-04-15,TX,9,133.38,1200.42
BI100091,2024-04-15,MTN,9,133.38,1200.42
BI100091,2024-04-15,PSW,6,133.38,800.28
BI100091,2024-04-15,PNW,9,133.38,1200.42
BI100091,2024-05-15,NE,10,133.38,1333.8
BI100091,2024-05-15,MA,9,133.38,1200.42
BI100091,2024-05-15,SE,7,133.38,933.66
BI100091,2024-05-15,MW,8,133.38,1067.04
BI100091,2024-05-15,TX,9,133.38,1200.42
BI100091,2024-05-15,MTN,9,133.38,1200.42
BI100091,2024-05-15,PSW,7,133.38,933.66
BI100091,2024-05-15,PNW,10,133.38,1333.8
BI100091,2024-06-15,NE,11,133.38,1467.18
BI100091,2024-06-15,MA,10,133.38,1333.8
BI100091,2024-06-15,SE,9,133.38,1200.42
BI100091,2024-06-15,MW,8,133.38,1067.04
BI100091,2024-06-15,TX,8,133.38,1067.04
BI100091,2024-06-15,MTN,9,133.38,1200.42
BI100091,2024-06-15,PSW,8,133.38,1067.04
BI100091,2024-06-15,PNW,10,133.38,1333.8
BI100091,2024-07-15,NE,11,133.38,1467.18
BI100091,2024-07-15,MA,10,133.38,1333.8
BI100091,2024-07-15,SE,8,133.38,1067.04
BI100091,2024-07-15,MW,8,133.38,1067.04
BI100091,2024-07-15,TX,9,133.38,1200.42
BI100091,2024-07-15,MTN,9,133.38,1200.42
BI100091,2024-07-15,PSW,7,133.38,933.66
BI100091,2024-07-15,PNW,10,133.38,1333.8
BI100091,2024-08-15,NE,10,133.38,1333.8
BI100091,2024-08-15,MA,8,133.38,1067.04
BI100091,2024-08-15,SE,8,133.38,1067.04
BI100091,2024-08-15,MW,7,133.38,933.66
BI100091,2024-08-15,TX,8,133.38,1067.04
BI100091,2024-08-15,MTN,8,133.38,1067.04
BI100091,2024-08-15,PSW,7,133.38,933.66
BI100091,2024-08-15,PNW,10,133.38,1333.8
BI100091,2024-09-15,NE,8,133.38,1067.04
BI100091,2024-09-15,MA,9,133.38,1200.42
BI100091,2024-09-15,SE,7,133.38,933.66
BI100091,2024-09-15,MW,7,133.38,933.66
BI100091,2024-09-15,TX,8,133.38,1067.04
BI100091,2024-09-15,MTN,9,133.38,1200.42
BI100091,2024-09-15,PSW,7,133.38,933.66
BI100091,2024-09-15,PNW,9,133.38,1200.42
BI100091,2024-10-15,NE,8,133.38,1067.04
BI100091,2024-10-15,MA,8,133.38,1067.04
BI100091,2024-10-15,SE,7,133.38,933.66
BI100091,2024-10-15,MW,7,133.38,933.66
BI100091,2024-10-15,TX,7,133.38,933.66
BI100091,2024-10-15,MTN,8,133.38,1067.04
BI100091,2024-10-15,PSW,6,133.38,800.28
BI100091,2024-10-15,PNW,8,133.38,1067.04
BI100091,2024-11-15,NE,8,133.38,1067.04
BI100091,2024-11-15,MA,8,133.38,1067.04
BI100091,2024-11-15,SE,6,133.38,800.28
BI100091,2024-11-15,MW,6,133.38,800.28
BI100091,2024-11-15,TX,7,133.38,933.66
BI100091,2024-11-15,MTN,8,133.38,1067.04
BI100091,2024-11-15,PSW,6,133.38,800.28
BI100091,2024-11-15,PNW,7,133.38,933.66
BI100091,2024-12-15,NE,8,133.38,1067.04
BI100091,2024-12-15,MA,7,133.38,933.66
BI100091,2024-12-15,SE,6,133.38,800.28
BI100091,2024-12-15,MW,6,133.38,800.28
BI100091,2024-12-15,TX,6,133.38,800.28
BI100091,2024-12-15,MTN,8,133.38,1067.04
BI100091,2024-12-15,PSW,5,133.38,666.9
BI100091,2024-12-15,PNW,7,133.38,933.66
BI100091,2025-01-15,NE,8,133.38,1067.04
BI100091,2025-01-15,MA,7,133.38,933.66
BI100091,2025-01-15,SE,7,133.38,933.66
BI100091,2025-01-15,MW,7,133.38,933.66
BI100091,2025-01-15,TX,7,133.38,933.66
BI100091,2025-01-15,MTN,7,133.38,933.66
BI100091,2025-01-15,PSW,6,133.38,800.28
BI100091,2025-01-15,PNW,8,133.38,1067.04
BI100091,2025-02-15,NE,9,133.38,1200.42
BI100091,2025-02-15,MA,8,133.38,1067.04
BI100091,2025-02-15,SE,7,133.38,933.66
BI100091,2025-02-15,MW,6,133.38,800.28
BI100091,2025-02-15,TX,7,133.38,933.66
BI100091,2025-02-15,MTN,8,133.38,1067.04
BI100091,2025-02-15,PSW,6,133.38,800.28
BI100091,2025-02-15,PNW,8,133.38,1067.04
BI100091,2025-03-15,NE,9,133.38,1200.42
BI100091,2025-03-15,MA,9,133.38,1200.42
BI100091,2025-03-15,SE,8,133.38,1067.04
BI100091,2025-03-15,MW,7,133.38,933.66
BI100091,2025-03-15,TX,8,133.38,1067.04
BI100091,2025-03-15,MTN,8,133.38,1067.04
BI100091,2025-03-15,PSW,7,133.38,933.66
BI100091,2025-03-15,PNW,10,133.38,1333.8
BI100091,2025-04-15,NE,9,133.38,1200.42
BI100091,2025-04-15,MA,9,133.38,1200.42
BI100091,2025-04-15,SE,9,133.38,1200.42
BI100091,2025-04-15,MW,7,133.38,933.66
BI100091,2025-04-15,TX,8,133.38,1067.04
BI100091,2025-04-15,MTN,10,133.38,1333.8
BI100091,2025-04-15,PSW,7,133.38,933.66
BI100091,2025-04-15,PNW,10,133.38,1333.8
BI100091,2025-05-15,NE,11,133.38,1467.18
BI100091,2025-05-15,MA,11,133.38,1467.18
BI100091,2025-05-15,SE,8,133.38,1067.04
BI100091,2025-05-15,MW,8,133.38,1067.04
BI100091,2025-05-15,TX,9,133.38,1200.42
BI100091,2025-05-15,MTN,9,133.38,1200.42
BI100091,2025-05-15,PSW,8,133.38,1067.04
BI100091,2025-05-15,PNW,10,133.38,1333.8
BI100091,2025-06-15,NE,10,133.38,1333.8
BI100091,2025-06-15,MA,11,133.38,1467.18
BI100091,2025-06-15,SE,9,133.38,1200.42
BI100091,2025-06-15,MW,9,133.38,1200.42
BI100091,2025-06-15,TX,9,133.38,1200.42
BI100091,2025-06-15,MTN,11,133.38,1467.18
BI100091,2025-06-15,PSW,7,133.38,933.66
BI100091,2025-06-15,PNW,11,133.38,1467.18
BI100091,2025-07-15,NE,11,133.38,1467.18
BI100091,2025-07-15,MA,10,133.38,1333.8
BI100091,2025-07-15,SE,9,133.38,1200.42
BI100091,2025-07-15,MW,9,133.38,1200.42
BI100091,2025-07-15,TX,9,133.38,1200.42
BI100091,2025-07-15,MTN,10,133.38,1333.8
BI100091,2025-07-15,PSW,7,133.38,933.66
BI100091,2025-07-15,PNW,11,133.38,1467.18
BI100091,2025-08-15,NE,10,133.38,1333.8
BI100091,2025-08-15,MA,10,133.38,1333.8
BI100091,2025-08-15,SE,8,133.38,1067.04
BI100091,2025-08-15,MW,8,133.38,1067.04
BI100091,2025-08-15,TX,9,133.38,1200.42
BI100091,2025-08-15,MTN,9,133.38,1200.42
BI100091,2025-08-15,PSW,7,133.38,933.66
BI100091,2025-08-15,PNW,10,133.38,1333.8
BI100091,2025-09-15,NE,10,133.38,1333.8
BI100091,2025-09-15,MA,9,133.38,1200.42
BI100091,2025-09-15,SE,8,133.38,1067.04
BI100091,2025-09-15,MW,7,133.38,933.66
BI100091,2025-09-15,TX,8,133.38,1067.04
BI100091,2025-09-15,MTN,8,133.38,1067.04
BI100091,2025-09-15,PSW,6,133.38,800.28
BI100091,2025-09-15,PNW,9,133.38,1200.42
BI100091,2025-10-15,NE,9,133.38,1200.42
BI100091,2025-10-15,MA,9,133.38,1200.42
BI100091,2025-10-15,SE,8,133.38,1067.04
BI100091,2025-10-15,MW,7,133.38,933.66
BI100091,2025-10-15,TX,8,133.38,1067.04
BI100091,2025-10-15,MTN,8,133.38,1067.04
BI100091,2025-10-15,PSW,6,133.38,800.28
BI100091,2025-10-15,PNW,9,133.38,1200.42
BI100091,2025-11-15,NE,8,133.38,1067.04
BI100091,2025-11-15,MA,9,133.38,1200.42
BI100091,2025-11-15,SE,7,133.38,933.66
BI100091,2025-11-15,MW,7,133.38,933.66
BI100091,2025-11-15,TX,7,133.38,933.66
BI100091,2025-11-15,MTN,7,133.38,933.66
BI100091,2025-11-15,PSW,6,133.38,800.28
BI100091,2025-11-15,PNW,9,133.38,1200.42
BI100091,2025-12-15,NE,8,133.38,1067.04
BI100091,2025-12-15,MA,7,133.38,933.66
BI100091,2025-12-15,SE,7,133.38,933.66
BI100091,2025-12-15,MW,6,133.38,800.28
BI100091,2025-12-15,TX,7,133.38,933.66
BI100091,2025-12-15,MTN,7,133.38,933.66
BI100091,2025-12-15,PSW,5,133.38,666.9
BI100091,2025-12-15,PNW,8,133.38,1067.04
BI100098,2024-01-15,NE,14,42.76,598.64
BI100098,2024-01-15,NE,15,42.76,641.4
BI100098,2024-01-15,NE,15,42.76,641.4
BI100098,2024-01-15,MA,13,42.76,555.88
BI100098,2024-01-15,MA,13,42.76,555.88
BI100098,2024-01-15,MA,13,42.76,555.88
BI100098,2024-01-15,SE,12,42.76,513.12
BI100098,2024-01-15,SE,12,42.76,513.12
BI100098,2024-01-15,SE,12,42.76,513.12
BI100098,2024-01-15,SE,13,42.76,555.88
BI100098,2024-01-15,MW,14,42.76,598.64
BI100098,2024-01-15,MW,14,42.76,598.64
BI100098,2024-01-15,MW,14,42.76,598.64
BI100098,2024-01-15,TX,17,42.76,726.92
BI100098,2024-01-15,TX,18,42.76,769.68
BI100098,2024-01-15,MTN,15,42.76,641.4
BI100098,2024-01-15,MTN,15,42.76,641.4
BI100098,2024-01-15,MTN,15,42.76,641.4
BI100098,2024-01-15,PSW,12,42.76,513.12
BI100098,2024-01-15,PSW,13,42.76,555.88
BI100098,2024-01-15,PSW,13,42.76,555.88
BI100098,2024-01-15,PSW,13,42.76,555.88
BI100098,2024-01-15,PNW,16,42.76,684.16
BI100098,2024-01-15,PNW,17,42.76,726.92
BI100098,2024-02-15,NE,15,42.76,641.4
BI100098,2024-02-15,NE,15,42.76,641.4
BI100098,2024-02-15,NE,16,42.76,684.16
BI100098,2024-02-15,MA,14,42.76,598.64
BI100098,2024-02-15,MA,14,42.76,598.64
BI100098,2024-02-15,MA,14,42.76,598.64
BI100098,2024-02-15,SE,13,42.76,555.88
BI100098,2024-02-15,SE,13,42.76,555.88
BI100098,2024-02-15,SE,13,42.76,555.88
BI100098,2024-02-15,SE,14,42.76,598.64
BI100098,2024-02-15,MW,13,42.76,555.88
BI100098,2024-02-15,MW,14,42.76,598.64
BI100098,2024-02-15,MW,14,42.76,598.64
BI100098,2024-02-15,TX,13,42.76,555.88
BI100098,2024-02-15,TX,14,42.76,598.64
BI100098,2024-02-15,TX,14,42.76,598.64
BI100098,2024-02-15,MTN,13,42.76,555.88
BI100098,2024-02-15,MTN,13,42.76,555.88
BI100098,2024-02-15,MTN,13,42.76,555.88
BI100098,2024-02-15,MTN,13,42.76,555.88
BI100098,2024-02-15,PSW,14,42.76,598.64
BI100098,2024-02-15,PSW,14,42.76,598.64
BI100098,2024-02-15,PSW,14,42.76,598.64
BI100098,2024-02-15,PSW,14,42.76,598.64
BI100098,2024-02-15,PNW,16,42.76,684.16
BI100098,2024-02-15,PNW,16,42.76,684.16
BI100098,2024-03-15,NE,13,42.76,555.88
BI100098,2024-03-15,NE,14,42.76,598.64
BI100098,2024-03-15,NE,14,42.76,598.64
BI100098,2024-03-15,NE,14,42.76,598.64
BI100098,2024-03-15,MA,15,42.76,641.4
BI100098,2024-03-15,MA,15,42.76,641.4
BI100098,2024-03-15,MA,16,42.76,684.16
BI100098,2024-03-15,SE,12,42.76,513.12
BI100098,2024-03-15,SE,12,42.76,513.12
BI100098,2024-03-15,SE,12,42.76,513.12
BI100098,2024-03-15,SE,13,42.76,555.88
BI100098,2024-03-15,SE,13,42.76,555.88
BI100098,2024-03-15,MW,15,42.76,641.4
BI100098,2024-03-15,MW,15,42.76,641.4
BI100098,2024-03-15,MW,16,42.76,684.16
BI100098,2024-03-15,TX,13,42.76,555.88
BI100098,2024-03-15,TX,13,42.76,555.88
BI100098,2024-03-15,TX,13,42.76,555.88
BI100098,2024-03-15,MTN,13,42.76,555.88
BI100098,2024-03-15,MTN,13,42.76,555.88
BI100098,2024-03-15,MTN,13,42.76,555.88
BI100098,2024-03-15,MTN,13,42.76,555.88
BI100098,2024-03-15,PSW,12,42.76,513.12
BI100098,2024-03-15,PSW,12,42.76,513.12
BI100098,2024-03-15,PSW,12,42.76,513.12
BI100098,2024-03-15,PSW,13,42.76,555.88
BI100098,2024-03-15,PSW,13,42.76,555.88
BI100098,2024-03-15,PNW,12,42.76,513.12
BI100098,2024-03-15,PNW,12,42.76,513.12
BI100098,2024-03-15,PNW,12,42.76,513.12
BI100098,2024-04-15,NE,14,42.76,598.64
BI100098,2024-04-15,NE,14,42.76,598.64
BI100098,2024-04-15,NE,15,42.76,641.4
BI100098,2024-04-15,NE,15,42.76,641.4
BI100098,2024-04-15,MA,15,42.76,641.4
BI100098,2024-04-15,MA,15,42.76,641.4
BI100098,2024-04-15,MA,15,42.76,641.4
BI100098,2024-04-15,SE,13,42.76,555.88
BI100098,2024-04-15,SE,13,42.76,555.88
BI100098,2024-04-15,SE,13,42.76,555.88
BI100098,2024-04-15,SE,13,42.76,555.88
BI100098,2024-04-15,SE,14,42.76,598.64
BI100098,2024-04-15,MW,13,42.76,555.88
BI100098,2024-04-15,MW,14,42.76,598.64
BI100098,2024-04-15,MW,14,42.76,598.64
BI100098,2024-04-15,MW,14,42.76,598.64
BI100098,2024-04-15,TX,15,42.76,641.4
BI100098,2024-04-15,TX,16,42.76,684.16
BI100098,2024-04-15,TX,16,42.76,684.16
BI100098,2024-04-15,MTN,13,42.76,555.88
BI100098,2024-04-15,MTN,14,42.76,598.64
BI100098,2024-04-15,MTN,14,42.76,598.64
BI100098,2024-04-15,MTN,14,42.76,598.64
BI100098,2024-04-15,PSW,13,42.76,555.88
BI100098,2024-04-15,PSW,13,42.76,555.88
BI100098,2024-04-15,PSW,13,42.76,555.88
BI100098,2024-04-15,PSW,13,42.76,555.88
BI100098,2024-04-15,PSW,13,42.76,555.88
BI100098,2024-04-15,PNW,13,42.76,555.88
BI100098,2024-04-15,PNW,13,42.76,555.88
BI100098,2024-04-15,PNW,14,42.76,598.64
BI100098,2024-05-15,NE,13,42.76,555.88
BI100098,2024-05-15,NE,14,42.76,598.64
BI100098,2024-05-15,NE,14,42.76,598.64
BI100098,2024-05-15,NE,14,42.76,598.64
BI100098,2024-05-15,MA,12,42.76,513.12
BI100098,2024-05-15,MA,13,42.76,555.88
BI100098,2024-05-15,MA,13,42.76,555.88
BI100098,2024-05-15,MA,13,42.76,555.88
BI100098,2024-05-15,SE,12,42.76,513.12
BI100098,2024-05-15,SE,12,42.76,513.12
BI100098,2024-05-15,SE,12,42.76,513.12
BI100098,2024-05-15,SE,12,42.76,513.12
BI100098,2024-05-15,SE,13,42.76,555.88
BI100098,2024-05-15,SE,13,42.76,555.88
BI100098,2024-05-15,MW,13,42.76,555.88
BI100098,2024-05-15,MW,13,42.76,555.88
BI100098,2024-05-15,MW,14,42.76,598.64
BI100098,2024-05-15,MW,14,42.76,598.64
BI100098,2024-05-15,TX,12,42.76,513.12
BI100098,2024-05-15,TX,12,42.76,513.12
BI100098,2024-05-15,TX,12,42.76,513.12
BI100098,2024-05-15,TX,13,42.76,555.88
BI100098,2024-05-15,MTN,12,42.76,513.12
BI100098,2024-05-15,MTN,12,42.76,513.12
BI100098,2024-05-15,MTN,13,42.76,555.88
BI100098,2024-05-15,MTN,13,42.76,555.88
BI100098,2024-05-15,MTN,13,42.76,555.88
BI100098,2024-05-15,PSW,13,42.76,555.88
BI100098,2024-05-15,PSW,13,42.76,555.88
BI100098,2024-05-15,PSW,13,42.76,555.88
BI100098,2024-05-15,PSW,14,42.76,598.64
BI100098,2024-05-15,PSW,14,42.76,598.64
BI100098,2024-05-15,PNW,13,42.76,555.88
BI100098,2024-05-15,PNW,13,42.76,555.88
BI100098,2024-05-15,PNW,14,42.76,598.64
BI100098,2024-06-15,NE,12,42.76,513.12
BI100098,2024-06-15,NE,12,42.76,513.12
BI100098,2024-06-15,NE,12,42.76,513.12
BI100098,2024-06-15,NE,13,42.76,555.88
BI100098,2024-06-15,NE,13,42.76,555.88
BI100098,2024-06-15,MA,15,42.76,641.4
BI100098,2024-06-15,MA,16,42.76,684.16
BI100098,2024-06-15,MA,16,42.76,684.16
BI100098,2024-06-15,SE,14,42.76,598.64
BI100098,2024-06-15,SE,14,42.76,598.64
BI100098,2024-06-15,SE,14,42.76,598.64
BI100098,2024-06-15,SE,14,42.76,598.64
BI100098,2024-06-15,SE,15,42.76,641.4
BI100098,2024-06-15,MW,14,42.76,598.64
BI100098,2024-06-15,MW,14,42.76,598.64
BI100098,2024-06-15,MW,14,42.76,598.64
BI100098,2024-06-15,MW,14,42.76,598.64
BI100098,2024-06-15,TX,12,42.76,513.12
BI100098,2024-06-15,TX,12,42.76,513.12
BI100098,2024-06-15,TX,12,42.76,513.12
BI100098,2024-06-15,TX,12,42.76,513.12
BI100098,2024-06-15,MTN,12,42.76,513.12
BI100098,2024-06-15,MTN,12,42.76,513.12
BI100098,2024-06-15,MTN,12,42.76,513.12
BI100098,2024-06-15,MTN,12,42.76,513.12
BI100098,2024-06-15,MTN,13,42.76,555.88
BI100098,2024-06-15,PSW,14,42.76,598.64
BI100098,2024-06-15,PSW,14,42.76,598.64
BI100098,2024-06-15,PSW,14,42.76,598.64
BI100098,2024-06-15,PSW,14,42.76,598.64
BI100098,2024-06-15,PSW,15,42.76,641.4
BI100098,2024-06-15,PNW,15,42.76,641.4
BI100098,2024-06-15,PNW,15,42.76,641.4
BI100098,2024-06-15,PNW,15,42.76,641.4
BI100098,2024-07-15,NE,12,42.76,513.12
BI100098,2024-07-15,NE,12,42.76,513.12
BI100098,2024-07-15,NE,12,42.76,513.12
BI100098,2024-07-15,NE,13,42.76,555.88
BI100098,2024-07-15,NE,13,42.76,555.88
BI100098,2024-07-15,MA,13,42.76,555.88
BI100098,2024-07-15,MA,13,42.76,555.88
BI100098,2024-07-15,MA,13,42.76,555.88
BI100098,2024-07-15,MA,14,42.76,598.64
BI100098,2024-07-15,SE,13,42.76,555.88
BI100098,2024-07-15,SE,13,42.76,555.88
BI100098,2024-07-15,SE,14,42.76,598.64
BI100098,2024-07-15,SE,14,42.76,598.64
BI100098,2024-07-15,SE,14,42.76,598.64
BI100098,2024-07-15,MW,13,42.76,555.88
BI100098,2024-07-15,MW,13,42.76,555.88
BI100098,2024-07-15,MW,13,42.76,555.88
BI100098,2024-07-15,MW,13,42.76,555.88
BI100098,2024-07-15,TX,12,42.76,513.12
BI100098,2024-07-15,TX,13,42.76,555.88
BI100098,2024-07-15,TX,13,42.76,555.88
BI100098,2024-07-15,TX,13,42.76,555.88
BI100098,2024-07-15,MTN,14,42.76,598.64
BI100098,2024-07-15,MTN,14,42.76,598.64
BI100098,2024-07-15,MTN,14,42.76,598.64
BI100098,2024-07-15,MTN,15,42.76,641.4
BI100098,2024-07-15,PSW,12,42.76,513.12
BI100098,2024-07-15,PSW,12,42.76,513.12
BI100098,2024-07-15,PSW,12,42.76,513.12
BI100098,2024-07-15,PSW,13,42.76,555.88
BI100098,2024-07-15,PSW,13,42.76,555.88
BI100098,2024-07-15,PNW,15,42.76,641.4
BI100098,2024-07-15,PNW,15,42.76,641.4
BI100098,2024-07-15,PNW,16,42.76,684.16
BI100098,2024-08-15,NE,14,42.76,598.64
BI100098,2024-08-15,NE,14,42.76,598.64
BI100098,2024-08-15,NE,14,42.76,598.64
BI100098,2024-08-15,NE,15,42.76,641.4
BI100098,2024-08-15,MA,15,42.76,641.4
BI100098,2024-08-15,MA,15,42.76,641.4
BI100098,2024-08-15,MA,15,42.76,641.4
BI100098,2024-08-15,SE,13,42.76,555.88
BI100098,2024-08-15,SE,13,42.76,555.88
BI100098,2024-08-15,SE,13,42.76,555.88
BI100098,2024-08-15,SE,14,42.76,598.64
BI100098,2024-08-15,SE,14,42.76,598.64
BI100098,2024-08-15,MW,14,42.76,598.64
BI100098,2024-08-15,MW,14,42.76,598.64
BI100098,2024-08-15,MW,15,42.76,641.4
BI100098,2024-08-15,MW,15,42.76,641.4
BI100098,2024-08-15,TX,14,42.76,598.64
BI100098,2024-08-15,TX,15,42.76,641.4
BI100098,2024-08-15,TX,15,42.76,641.4
BI100098,2024-08-15,MTN,14,42.76,598.64
BI100098,2024-08-15,MTN,14,42.76,598.64
BI100098,2024-08-15,MTN,14,42.76,598.64
BI100098,2024-08-15,MTN,15,42.76,641.4
BI100098,2024-08-15,PSW,13,42.76,555.88
BI100098,2024-08-15,PSW,14,42.76,598.64
BI100098,2024-08-15,PSW,14,42.76,598.64
BI100098,2024-08-15,PSW,14,42.76,598.64
BI100098,2024-08-15,PSW,14,42.76,598.64
BI100098,2024-08-15,PNW,14,42.76,598.64
BI100098,2024-08-15,PNW,14,42.76,598.64
BI100098,2024-08-15,PNW,14,42.76,598.64
BI100098,2024-09-15,NE,12,42.76,513.12
BI100098,2024-09-15,NE,12,42.76,513.12
BI100098,2024-09-15,NE,12,42.76,513.12
BI100098,2024-09-15,NE,13,42.76,555.88
BI100098,2024-09-15,MA,15,42.76,641.4
BI100098,2024-09-15,MA,15,42.76,641.4
BI100098,2024-09-15,MA,16,42.76,684.16
BI100098,2024-09-15,SE,12,42.76,513.12
BI100098,2024-09-15,SE,12,42.76,513.12
BI100098,2024-09-15,SE,13,42.76,555.88
BI100098,2024-09-15,SE,13,42.76,555.88
BI100098,2024-09-15,SE,13,42.76,555.88
BI100098,2024-09-15,MW,13,42.76,555.88
BI100098,2024-09-15,MW,13,42.76,555.88
BI100098,2024-09-15,MW,14,42.76,598.64
BI100098,2024-09-15,MW,14,42.76,598.64
BI100098,2024-09-15,TX,14,42.76,598.64
BI100098,2024-09-15,TX,15,42.76,641.4
BI100098,2024-09-15,TX,15,42.76,641.4
BI100098,2024-09-15,MTN,13,42.76,555.88
BI100098,2024-09-15,MTN,13,42.76,555.88
BI100098,2024-09-15,MTN,13,42.76,555.88
BI100098,2024-09-15,MTN,13,42.76,555.88
BI100098,2024-09-15,PSW,12,42.76,513.12
BI100098,2024-09-15,PSW,13,42.76,555.88
BI100098,2024-09-15,PSW,13,42.76,555.88
BI100098,2024-09-15,PSW,13,42.76,555.88
BI100098,2024-09-15,PSW,13,42.76,555.88
BI100098,2024-09-15,PNW,13,42.76,555.88
BI100098,2024-09-15,PNW,14,42.76,598.64
BI100098,2024-09-15,PNW,14,42.76,598.64
BI100098,2024-10-15,NE,15,42.76,641.4
BI100098,2024-10-15,NE,15,42.76,641.4
BI100098,2024-10-15,NE,15,42.76,641.4
BI100098,2024-10-15,MA,13,42.76,555.88
BI100098,2024-10-15,MA,13,42.76,555.88
BI100098,2024-10-15,MA,14,42.76,598.64
BI100098,2024-10-15,SE,14,42.76,598.64
BI100098,2024-10-15,SE,14,42.76,598.64
BI100098,2024-10-15,SE,14,42.76,598.64
BI100098,2024-10-15,SE,14,42.76,598.64
BI100098,2024-10-15,MW,14,42.76,598.64
BI100098,2024-10-15,MW,15,42.76,641.4
BI100098,2024-10-15,MW,15,42.76,641.4
BI100098,2024-10-15,TX,13,42.76,555.88
BI100098,2024-10-15,TX,14,42.76,598.64
BI100098,2024-10-15,TX,14,42.76,598.64
BI100098,2024-10-15,MTN,12,42.76,513.12
BI100098,2024-10-15,MTN,13,42.76,555.88
BI100098,2024-10-15,MTN,13,42.76,555.88
BI100098,2024-10-15,MTN,13,42.76,555.88
BI100098,2024-10-15,PSW,13,42.76,555.88
BI100098,2024-10-15,PSW,13,42.76,555.88
BI100098,2024-10-15,PSW,13,42.76,555.88
BI100098,2024-10-15,PSW,13,42.76,555.88
BI100098,2024-10-15,PNW,17,42.76,726.92
BI100098,2024-10-15,PNW,18,42.76,769.68
BI100098,2024-11-15,NE,12,42.76,513.12
BI100098,2024-11-15,NE,12,42.76,513.12
BI100098,2024-11-15,NE,12,42.76,513.12
BI100098,2024-11-15,NE,12,42.76,513.12
BI100098,2024-11-15,MA,13,42.76,555.88
BI100098,2024-11-15,MA,13,42.76,555.88
BI100098,2024-11-15,MA,14,42.76,598.64
BI100098,2024-11-15,SE,14,42.76,598.64
BI100098,2024-11-15,SE,14,42.76,598.64
BI100098,2024-11-15,SE,14,42.76,598.64
BI100098,2024-11-15,SE,15,42.76,641.4
BI100098,2024-11-15,MW,15,42.76,641.4
BI100098,2024-11-15,MW,15,42.76,641.4
BI100098,2024-11-15,MW,16,42.76,684.16
BI100098,2024-11-15,TX,12,42.76,513.12
BI100098,2024-11-15,TX,13,42.76,555.88
BI100098,2024-11-15,TX,13,42.76,555.88
BI100098,2024-11-15,MTN,12,42.76,513.12
BI100098,2024-11-15,MTN,12,42.76,513.12
BI100098,2024-11-15,MTN,13,42.76,555.88
BI100098,2024-11-15,MTN,13,42.76,555.88
BI100098,2024-11-15,PSW,14,42.76,598.64
BI100098,2024-11-15,PSW,14,42.76,598.64
BI100098,2024-11-15,PSW,14,42.76,598.64
BI100098,2024-11-15,PSW,15,42.76,641.4
BI100098,2024-11-15,PNW,17,42.76,726.92
BI100098,2024-11-15,PNW,18,42.76,769.68
BI100098,2024-12-15,NE,12,42.76,513.12
BI100098,2024-12-15,NE,12,42.76,513.12
BI100098,2024-12-15,NE,12,42.76,513.12
BI100098,2024-12-15,NE,12,42.76,513.12
BI100098,2024-12-15,MA,13,42.76,555.88
BI100098,2024-12-15,MA,14,42.76,598.64
BI100098,2024-12-15,MA,14,42.76,598.64
BI100098,2024-12-15,SE,13,42.76,555.88
BI100098,2024-12-15,SE,14,42.76,598.64
BI100098,2024-12-15,SE,14,42.76,598.64
BI100098,2024-12-15,SE,14,42.76,598.64
BI100098,2024-12-15,MW,13,42.76,555.88
BI100098,2024-12-15,MW,14,42.76,598.64
BI100098,2024-12-15,MW,14,42.76,598.64
BI100098,2024-12-15,TX,12,42.76,513.12
BI100098,2024-12-15,TX,13,42.76,555.88
BI100098,2024-12-15,TX,13,42.76,555.88
BI100098,2024-12-15,MTN,14,42.76,598.64
BI100098,2024-12-15,MTN,15,42.76,641.4
BI100098,2024-12-15,MTN,15,42.76,641.4
BI100098,2024-12-15,PSW,12,42.76,513.12
BI100098,2024-12-15,PSW,12,42.76,513.12
BI100098,2024-12-15,PSW,12,42.76,513.12
BI100098,2024-12-15,PSW,12,42.76,513.12
BI100098,2024-12-15,PNW,17,42.76,726.92
BI100098,2024-12-15,PNW,17,42.76,726.92
BI100098,2025-01-15,NE,15,42.76,641.4
BI100098,2025-01-15,NE,15,42.76,641.4
BI100098,2025-01-15,NE,16,42.76,684.16
BI100098,2025-01-15,MA,14,42.76,598.64
BI100098,2025-01-15,MA,14,42.76,598.64
BI100098,2025-01-15,MA,15,42.76,641.4
BI100098,2025-01-15,SE,14,42.76,598.64
BI100098,2025-01-15,SE,15,42.76,641.4
BI100098,2025-01-15,SE,15,42.76,641.4
BI100098,2025-01-15,SE,15,42.76,641.4
BI100098,2025-01-15,MW,14,42.76,598.64
BI100098,2025-01-15,MW,15,42.76,641.4
BI100098,2025-01-15,MW,15,42.76,641.4
BI100098,2025-01-15,TX,13,42.76,555.88
BI100098,2025-01-15,TX,14,42.76,598.64
BI100098,2025-01-15,TX,14,42.76,598.64
BI100098,2025-01-15,MTN,12,42.76,513.12
BI100098,2025-01-15,MTN,12,42.76,513.12
BI100098,2025-01-15,MTN,12,42.76,513.12
BI100098,2025-01-15,MTN,13,42.76,555.88
BI100098,2025-01-15,PSW,14,42.76,598.64
BI100098,2025-01-15,PSW,14,42.76,598.64
BI100098,2025-01-15,PSW,14,42.76,598.64
BI100098,2025-01-15,PSW,15,42.76,641.4
BI100098,2025-01-15,PNW,16,42.76,684.16
BI100098,2025-01-15,PNW,16,42.76,684.16
BI100098,2025-02-15,NE,12,42.76,513.12
BI100098,2025-02-15,NE,13,42.76,555.88
BI100098,2025-02-15,NE,13,42.76,555.88
BI100098,2025-02-15,NE,13,42.76,555.88
BI100098,2025-02-15,MA,15,42.76,641.4
BI100098,2025-02-15,MA,15,42.76,641.4
BI100098,2025-02-15,MA,15,42.76,641.4
BI100098,2025-02-15,SE,12,42.76,513.12
BI100098,2025-02-15,SE,12,42.76,513.12
BI100098,2025-02-15,SE,12,42.76,513.12
BI100098,2025-02-15,SE,12,42.76,513.12
BI100098,2025-02-15,SE,13,42.76,555.88
BI100098,2025-02-15,MW,12,42.76,513.12
BI100098,2025-02-15,MW,12,42.76,513.12
BI100098,2025-02-15,MW,13,42.76,555.88
BI100098,2025-02-15,MW,13,42.76,555.88
BI100098,2025-02-15,TX,14,42.76,598.64
BI100098,2025-02-15,TX,14,42.76,598.64
BI100098,2025-02-15,TX,15,42.76,641.4
BI100098,2025-02-15,MTN,13,42.76,555.88
BI100098,2025-02-15,MTN,14,42.76,598.64
BI100098,2025-02-15,MTN,14,42.76,598.64
BI100098,2025-02-15,MTN,14,42.76,598.64
BI100098,2025-02-15,PSW,14,42.76,598.64
BI100098,2025-02-15,PSW,15,42.76,641.4
BI100098,2025-02-15,PSW,15,42.76,641.4
BI100098,2025-02-15,PSW,15,42.76,641.4
BI100098,2025-02-15,PNW,12,42.76,513.12
BI100098,2025-02-15,PNW,13,42.76,555.88
BI100098,2025-02-15,PNW,13,42.76,555.88
BI100098,2025-03-15,NE,14,42.76,598.64
BI100098,2025-03-15,NE,14,42.76,598.64
BI100098,2025-03-15,NE,15,42.76,641.4
BI100098,2025-03-15,NE,15,42.76,641.4
BI100098,2025-03-15,MA,15,42.76,641.4
BI100098,2025-03-15,MA,15,42.76,641.4
BI100098,2025-03-15,MA,16,42.76,684.16
BI100098,2025-03-15,SE,13,42.76,555.88
BI100098,2025-03-15,SE,13,42.76,555.88
BI100098,2025-03-15,SE,13,42.76,555.88
BI100098,2025-03-15,SE,14,42.76,598.64
BI100098,2025-03-15,SE,14,42.76,598.64
BI100098,2025-03-15,MW,12,42.76,513.12
BI100098,2025-03-15,MW,12,42.76,513.12
BI100098,2025-03-15,MW,12,42.76,513.12
BI100098,2025-03-15,MW,13,42.76,555.88
BI100098,2025-03-15,TX,15,42.76,641.4
BI100098,2025-03-15,TX,16,42.76,684.16
BI100098,2025-03-15,TX,16,42.76,684.16
BI100098,2025-03-15,MTN,14,42.76,598.64
BI100098,2025-03-15,MTN,14,42.76,598.64
BI100098,2025-03-15,MTN,15,42.76,641.4
BI100098,2025-03-15,MTN,15,42.76,641.4
BI100098,2025-03-15,PSW,12,42.76,513.12
BI100098,2025-03-15,PSW,12,42.76,513.12
BI100098,2025-03-15,PSW,12,42.76,513.12
BI100098,2025-03-15,PSW,13,42.76,555.88
BI100098,2025-03-15,PSW,13,42.76,555.88
BI100098,2025-03-15,PNW,13,42.76,555.88
BI100098,2025-03-15,PNW,13,42.76,555.88
BI100098,2025-03-15,PNW,14,42.76,598.64
BI100098,2025-04-15,NE,14,42.76,598.64
BI100098,2025-04-15,NE,14,42.76,598.64
BI100098,2025-04-15,NE,14,42.76,598.64
BI100098,2025-04-15,NE,15,42.76,641.4
BI100098,2025-04-15,MA,13,42.76,555.88
BI100098,2025-04-15,MA,13,42.76,555.88
BI100098,2025-04-15,MA,13,42.76,555.88
BI100098,2025-04-15,MA,14,42.76,598.64
BI100098,2025-04-15,SE,13,42.76,555.88
BI100098,2025-04-15,SE,13,42.76,555.88
BI100098,2025-04-15,SE,13,42.76,555.88
BI100098,2025-04-15,SE,13,42.76,555.88
BI100098,2025-04-15,SE,14,42.76,598.64
BI100098,2025-04-15,MW,14,42.76,598.64
BI100098,2025-04-15,MW,14,42.76,598.64
BI100098,2025-04-15,MW,15,42.76,641.4
BI100098,2025-04-15,MW,15,42.76,641.4
BI100098,2025-04-15,TX,12,42.76,513.12
BI100098,2025-04-15,TX,12,42.76,513.12
BI100098,2025-04-15,TX,12,42.76,513.12
BI100098,2025-04-15,TX,13,42.76,555.88
BI100098,2025-04-15,MTN,14,42.76,598.64
BI100098,2025-04-15,MTN,14,42.76,598.64
BI100098,2025-04-15,MTN,14,42.76,598.64
BI100098,2025-04-15,MTN,15,42.76,641.4
BI100098,2025-04-15,PSW,12,42.76,513.12
BI100098,2025-04-15,PSW,12,42.76,513.12
BI100098,2025-04-15,PSW,13,42.76,555.88
BI100098,2025-04-15,PSW,13,42.76,555.88
BI100098,2025-04-15,PSW,13,42.76,555.88
BI100098,2025-04-15,PNW,15,42.76,641.4
BI100098,2025-04-15,PNW,15,42.76,641.4
BI100098,2025-04-15,PNW,15,42.76,641.4
BI100098,2025-05-15,NE,14,42.76,598.64
BI100098,2025-05-15,NE,14,42.76,598.64
BI100098,2025-05-15,NE,15,42.76,641.4
BI100098,2025-05-15,NE,15,42.76,641.4
BI100098,2025-05-15,MA,13,42.76,555.88
BI100098,2025-05-15,MA,13,42.76,555.88
BI100098,2025-05-15,MA,13,42.76,555.88
BI100098,2025-05-15,MA,13,42.76,555.88
BI100098,2025-05-15,SE,13,42.76,555.88
BI100098,2025-05-15,SE,13,42.76,555.88
BI100098,2025-05-15,SE,13,42.76,555.88
BI100098,2025-05-15,SE,13,42.76,555.88
BI100098,2025-05-15,SE,13,42.76,555.88
BI100098,2025-05-15,SE,14,42.76,598.64
BI100098,2025-05-15,MW,14,42.76,598.64
BI100098,2025-05-15,MW,14,42.76,598.64
BI100098,2025-05-15,MW,14,42.76,598.64
BI100098,2025-05-15,MW,15,42.76,641.4
BI100098,2025-05-15,TX,13,42.76,555.88
BI100098,2025-05-15,TX,14,42.76,598.64
BI100098,2025-05-15,TX,14,42.76,598.64
BI100098,2025-05-15,TX,14,42.76,598.64
BI100098,2025-05-15,MTN,12,42.76,513.12
BI100098,2025-05-15,MTN,13,42.76,555.88
BI100098,2025-05-15,MTN,13,42.76,555.88
BI100098,2025-05-15,MTN,13,42.76,555.88
BI100098,2025-05-15,MTN,13,42.76,555.88
BI100098,2025-05-15,PSW,12,42.76,513.12
BI100098,2025-05-15,PSW,12,42.76,513.12
BI100098,2025-05-15,PSW,12,42.76,513.12
BI100098,2025-05-15,PSW,13,42.76,555.88
BI100098,2025-05-15,PSW,13,42.76,555.88
BI100098,2025-05-15,PSW,13,42.76,555.88
BI100098,2025-05-15,PNW,15,42.76,641.4
BI100098,2025-05-15,PNW,16,42.76,684.16
BI100098,2025-05-15,PNW,16,42.76,684.16
BI100098,2025-06-15,NE,12,42.76,513.12
BI100098,2025-06-15,NE,13,42.76,555.88
BI100098,2025-06-15,NE,13,42.76,555.88
BI100098,2025-06-15,NE,13,42.76,555.88
BI100098,2025-06-15,NE,13,42.76,555.88
BI100098,2025-06-15,MA,13,42.76,555.88
BI100098,2025-06-15,MA,13,42.76,555.88
BI100098,2025-06-15,MA,13,42.76,555.88
BI100098,2025-06-15,MA,14,42.76,598.64
BI100098,2025-06-15,SE,14,42.76,598.64
BI100098,2025-06-15,SE,14,42.76,598.64
BI100098,2025-06-15,SE,14,42.76,598.64
BI100098,2025-06-15,SE,14,42.76,598.64
BI100098,2025-06-15,SE,15,42.76,641.4
BI100098,2025-06-15,MW,12,42.76,513.12
BI100098,2025-06-15,MW,13,42.76,555.88
BI100098,2025-06-15,MW,13,42.76,555.88
BI100098,2025-06-15,MW,13,42.76,555.88
BI100098,2025-06-15,MW,13,42.76,555.88
BI100098,2025-06-15,TX,14,42.76,598.64
BI100098,2025-06-15,TX,14,42.76,598.64
BI100098,2025-06-15,TX,14,42.76,598.64
BI100098,2025-06-15,TX,15,42.76,641.4
BI100098,2025-06-15,MTN,13,42.76,555.88
BI100098,2025-06-15,MTN,13,42.76,555.88
BI100098,2025-06-15,MTN,13,42.76,555.88
BI100098,2025-06-15,MTN,14,42.76,598.64
BI100098,2025-06-15,MTN,14,42.76,598.64
BI100098,2025-06-15,PSW,13,42.76,555.88
BI100098,2025-06-15,PSW,13,42.76,555.88
BI100098,2025-06-15,PSW,13,42.76,555.88
BI100098,2025-06-15,PSW,14,42.76,598.64
BI100098,2025-06-15,PSW,14,42.76,598.64
BI100098,2025-06-15,PNW,15,42.76,641.4
BI100098,2025-06-15,PNW,16,42.76,684.16
BI100098,2025-06-15,PNW,16,42.76,684.16
BI100098,2025-07-15,NE,12,42.76,513.12
BI100098,2025-07-15,NE,12,42.76,513.12
BI100098,2025-07-15,NE,12,42.76,513.12
BI100098,2025-07-15,NE,12,42.76,513.12
BI100098,2025-07-15,NE,13,42.76,555.88
BI100098,2025-07-15,MA,12,42.76,513.12
BI100098,2025-07-15,MA,12,42.76,513.12
BI100098,2025-07-15,MA,13,42.76,555.88
BI100098,2025-07-15,MA,13,42.76,555.88
BI100098,2025-07-15,SE,13,42.76,555.88
BI100098,2025-07-15,SE,13,42.76,555.88
BI100098,2025-07-15,SE,13,42.76,555.88
BI100098,2025-07-15,SE,13,42.76,555.88
BI100098,2025-07-15,SE,14,42.76,598.64
BI100098,2025-07-15,SE,14,42.76,598.64
BI100098,2025-07-15,MW,14,42.76,598.64
BI100098,2025-07-15,MW,15,42.76,641.4
BI100098,2025-07-15,MW,15,42.76,641.4
BI100098,2025-07-15,MW,15,42.76,641.4
BI100098,2025-07-15,TX,13,42.76,555.88
BI100098,2025-07-15,TX,13,42.76,555.88
BI100098,2025-07-15,TX,13,42.76,555.88
BI100098,2025-07-15,TX,13,42.76,555.88
BI100098,2025-07-15,MTN,13,42.76,555.88
BI100098,2025-07-15,MTN,13,42.76,555.88
BI100098,2025-07-15,MTN,13,42.76,555.88
BI100098,2025-07-15,MTN,14,42.76,598.64
BI100098,2025-07-15,MTN,14,42.76,598.64
BI100098,2025-07-15,PSW,13,42.76,555.88
BI100098,2025-07-15,PSW,13,42.76,555.88
BI100098,2025-07-15,PSW,13,42.76,555.88
BI100098,2025-07-15,PSW,13,42.76,555.88
BI100098,2025-07-15,PSW,14,42.76,598.64
BI100098,2025-07-15,PNW,14,42.76,598.64
BI100098,2025-07-15,PNW,14,42.76,598.64
BI100098,2025-07-15,PNW,15,42.76,641.4
BI100098,2025-08-15,NE,12,42.76,513.12
BI100098,2025-08-15,NE,12,42.76,513.12
BI100098,2025-08-15,NE,13,42.76,555.88
BI100098,2025-08-15,NE,13,42.76,555.88
BI100098,2025-08-15,NE,13,42.76,555.88
BI100098,2025-08-15,MA,13,42.76,555.88
BI100098,2025-08-15,MA,13,42.76,555.88
BI100098,2025-08-15,MA,13,42.76,555.88
BI100098,2025-08-15,MA,14,42.76,598.64
BI100098,2025-08-15,SE,13,42.76,555.88
BI100098,2025-08-15,SE,14,42.76,598.64
BI100098,2025-08-15,SE,14,42.76,598.64
BI100098,2025-08-15,SE,14,42.76,598.64
BI100098,2025-08-15,SE,14,42.76,598.64
BI100098,2025-08-15,MW,12,42.76,513.12
BI100098,2025-08-15,MW,12,42.76,513.12
BI100098,2025-08-15,MW,12,42.76,513.12
BI100098,2025-08-15,MW,12,42.76,513.12
BI100098,2025-08-15,MW,12,42.76,513.12
BI100098,2025-08-15,TX,13,42.76,555.88
BI100098,2025-08-15,TX,13,42.76,555.88
BI100098,2025-08-15,TX,13,42.76,555.88
BI100098,2025-08-15,TX,14,42.76,598.64
BI100098,2025-08-15,MTN,13,42.76,555.88
BI100098,2025-08-15,MTN,13,42.76,555.88
BI100098,2025-08-15,MTN,13,42.76,555.88
BI100098,2025-08-15,MTN,13,42.76,555.88
BI100098,2025-08-15,MTN,14,42.76,598.64
BI100098,2025-08-15,PSW,13,42.76,555.88
BI100098,2025-08-15,PSW,14,42.76,598.64
BI100098,2025-08-15,PSW,14,42.76,598.64
BI100098,2025-08-15,PSW,14,42.76,598.64
BI100098,2025-08-15,PSW,14,42.76,598.64
BI100098,2025-08-15,PNW,15,42.76,641.4
BI100098,2025-08-15,PNW,15,42.76,641.4
BI100098,2025-08-15,PNW,16,42.76,684.16
BI100098,2025-09-15,NE,13,42.76,555.88
BI100098,2025-09-15,NE,13,42.76,555.88
BI100098,2025-09-15,NE,13,42.76,555.88
BI100098,2025-09-15,NE,13,42.76,555.88
BI100098,2025-09-15,MA,12,42.76,513.12
BI100098,2025-09-15,MA,12,42.76,513.12
BI100098,2025-09-15,MA,12,42.76,513.12
BI100098,2025-09-15,MA,12,42.76,513.12
BI100098,2025-09-15,SE,12,42.76,513.12
BI100098,2025-09-15,SE,13,42.76,555.88
BI100098,2025-09-15,SE,13,42.76,555.88
BI100098,2025-09-15,SE,13,42.76,555.88
BI100098,2025-09-15,SE,13,42.76,555.88
BI100098,2025-09-15,MW,14,42.76,598.64
BI100098,2025-09-15,MW,14,42.76,598.64
BI100098,2025-09-15,MW,14,42.76,598.64
BI100098,2025-09-15,MW,14,42.76,598.64
BI100098,2025-09-15,TX,12,42.76,513.12
BI100098,2025-09-15,TX,12,42.76,513.12
BI100098,2025-09-15,TX,13,42.76,555.88
BI100098,2025-09-15,TX,13,42.76,555.88
BI100098,2025-09-15,MTN,12,42.76,513.12
BI100098,2025-09-15,MTN,12,42.76,513.12
BI100098,2025-09-15,MTN,12,42.76,513.12
BI100098,2025-09-15,MTN,13,42.76,555.88
BI100098,2025-09-15,MTN,13,42.76,555.88
BI100098,2025-09-15,PSW,12,42.76,513.12
BI100098,2025-09-15,PSW,12,42.76,513.12
BI100098,2025-09-15,PSW,12,42.76,513.12
BI100098,2025-09-15,PSW,12,42.76,513.12
BI100098,2025-09-15,PSW,12,42.76,513.12
BI100098,2025-09-15,PNW,14,42.76,598.64
BI100098,2025-09-15,PNW,14,42.76,598.64
BI100098,2025-09-15,PNW,14,42.76,598.64
BI100098,2025-10-15,NE,12,42.76,513.12
BI100098,2025-10-15,NE,12,42.76,513.12
BI100098,2025-10-15,NE,12,42.76,513.12
BI100098,2025-10-15,NE,13,42.76,555.88
BI100098,2025-10-15,MA,12,42.76,513.12
BI100098,2025-10-15,MA,12,42.76,513.12
BI100098,2025-10-15,MA,12,42.76,513.12
BI100098,2025-10-15,MA,12,42.76,513.12
BI100098,2025-10-15,SE,13,42.76,555.88
BI100098,2025-10-15,SE,13,42.76,555.88
BI100098,2025-10-15,SE,13,42.76,555.88
BI100098,2025-10-15,SE,13,42.76,555.88
BI100098,2025-10-15,SE,13,42.76,555.88
BI100098,2025-10-15,MW,12,42.76,513.12
BI100098,2025-10-15,MW,12,42.76,513.12
BI100098,2025-10-15,MW,12,42.76,513.12
BI100098,2025-10-15,MW,12,42.76,513.12
BI100098,2025-10-15,TX,15,42.76,641.4
BI100098,2025-10-15,TX,15,42.76,641.4
BI100098,2025-10-15,TX,16,42.76,684.16
BI100098,2025-10-15,MTN,14,42.76,598.64
BI100098,2025-10-15,MTN,14,42.76,598.64
BI100098,2025-10-15,MTN,14,42.76,598.64
BI100098,2025-10-15,MTN,15,42.76,641.4
BI100098,2025-10-15,PSW,13,42.76,555.88
BI100098,2025-10-15,PSW,14,42.76,598.64
BI100098,2025-10-15,PSW,14,42.76,598.64
BI100098,2025-10-15,PSW,14,42.76,598.64
BI100098,2025-10-15,PNW,13,42.76,555.88
BI100098,2025-10-15,PNW,14,42.76,598.64
BI100098,2025-10-15,PNW,14,42.76,598.64
BI100098,2025-11-15,NE,12,42.76,513.12
BI100098,2025-11-15,NE,12,42.76,513.12
BI100098,2025-11-15,NE,12,42.76,513.12
BI100098,2025-11-15,NE,13,42.76,555.88
BI100098,2025-11-15,MA,14,42.76,598.64
BI100098,2025-11-15,MA,14,42.76,598.64
BI100098,2025-11-15,MA,14,42.76,598.64
BI100098,2025-11-15,SE,14,42.76,598.64
BI100098,2025-11-15,SE,14,42.76,598.64
BI100098,2025-11-15,SE,15,42.76,641.4
BI100098,2025-11-15,SE,15,42.76,641.4
BI100098,2025-11-15,MW,15,42.76,641.4
BI100098,2025-11-15,MW,15,42.76,641.4
BI100098,2025-11-15,MW,15,42.76,641.4
BI100098,2025-11-15,TX,13,42.76,555.88
BI100098,2025-11-15,TX,13,42.76,555.88
BI100098,2025-11-15,TX,13,42.76,555.88
BI100098,2025-11-15,MTN,12,42.76,513.12
BI100098,2025-11-15,MTN,13,42.76,555.88
BI100098,2025-11-15,MTN,13,42.76,555.88
BI100098,2025-11-15,MTN,13,42.76,555.88
BI100098,2025-11-15,PSW,14,42.76,598.64
BI100098,2025-11-15,PSW,14,42.76,598.64
BI100098,2025-11-15,PSW,15,42.76,641.4
BI100098,2025-11-15,PSW,15,42.76,641.4
BI100098,2025-11-15,PNW,12,42.76,513.12
BI100098,2025-11-15,PNW,12,42.76,513.12
BI100098,2025-11-15,PNW,12,42.76,513.12
BI100098,2025-12-15,NE,12,42.76,513.12
BI100098,2025-12-15,NE,12,42.76,513.12
BI100098,2025-12-15,NE,12,42.76,513.12
BI100098,2025-12-15,NE,12,42.76,513.12
BI100098,2025-12-15,MA,13,42.76,555.88
BI100098,2025-12-15,MA,13,42.76,555.88
BI100098,2025-12-15,MA,14,42.76,598.64
BI100098,2025-12-15,SE,13,42.76,555.88
BI100098,2025-12-15,SE,14,42.76,598.64
BI100098,2025-12-15,SE,14,42.76,598.64
BI100098,2025-12-15,SE,14,42.76,598.64
BI100098,2025-12-15,MW,12,42.76,513.12
BI100098,2025-12-15,MW,12,42.76,513.12
BI100098,2025-12-15,MW,12,42.76,513.12
BI100098,2025-12-15,MW,12,42.76,513.12
BI100098,2025-12-15,TX,12,42.76,513.12
BI100098,2025-12-15,TX,12,42.76,513.12
BI100098,2025-12-15,TX,13,42.76,555.88
BI100098,2025-12-15,MTN,13,42.76,555.88
BI100098,2025-12-15,MTN,14,42.76,598.64
BI100098,2025-12-15,MTN,14,42.76,598.64
BI100098,2025-12-15,MTN,14,42.76,598.64
BI100098,2025-12-15,PSW,14,42.76,598.64
BI100098,2025-12-15,PSW,14,42.76,598.64
BI100098,2025-12-15,PSW,14,42.76,598.64
BI100098,2025-12-15,PSW,14,42.76,598.64
BI100098,2025-12-15,PNW,16,42.76,684.16
BI100098,2025-12-15,PNW,17,42.76,726.92
BI100105,2024-01-15,NE,13,198.04,2574.52
BI100105,2024-01-15,NE,13,198.04,2574.52
BI100105,2024-01-15,NE,14,198.04,2772.56
BI100105,2024-01-15,MA,17,198.04,3366.68
BI100105,2024-01-15,MA,18,198.04,3564.72
BI100105,2024-01-15,SE,12,198.04,2376.48
BI100105,2024-01-15,SE,12,198.04,2376.48
BI100105,2024-01-15,SE,12,198.04,2376.48
BI100105,2024-01-15,SE,13,198.04,2574.52
BI100105,2024-01-15,MW,13,198.04,2574.52
BI100105,2024-01-15,MW,13,198.04,2574.52
BI100105,2024-01-15,MW,13,198.04,2574.52
BI100105,2024-01-15,MW,13,198.04,2574.52
BI100105,2024-01-15,TX,14,198.04,2772.56
BI100105,2024-01-15,TX,14,198.04,2772.56
BI100105,2024-01-15,TX,14,198.04,2772.56
BI100105,2024-01-15,TX,14,198.04,2772.56
BI100105,2024-01-15,MTN,12,198.04,2376.48
BI100105,2024-01-15,MTN,12,198.04,2376.48
BI100105,2024-01-15,MTN,13,198.04,2574.52
BI100105,2024-01-15,MTN,13,198.04,2574.52
BI100105,2024-01-15,PSW,12,198.04,2376.48
BI100105,2024-01-15,PSW,12,198.04,2376.48
BI100105,2024-01-15,PSW,12,198.04,2376.48
BI100105,2024-01-15,PSW,12,198.04,2376.48
BI100105,2024-01-15,PNW,12,198.04,2376.48
BI100105,2024-01-15,PNW,12,198.04,2376.48
BI100105,2024-01-15,PNW,12,198.04,2376.48
BI100105,2024-02-15,NE,13,198.04,2574.52
BI100105,2024-02-15,NE,14,198.04,2772.56
BI100105,2024-02-15,NE,14,198.04,2772.56
BI100105,2024-02-15,MA,12,198.04,2376.48
BI100105,2024-02-15,MA,12,198.04,2376.48
BI100105,2024-02-15,MA,13,198.04,2574.52
BI100105,2024-02-15,SE,14,198.04,2772.56
BI100105,2024-02-15,SE,14,198.04,2772.56
BI100105,2024-02-15,SE,14,198.04,2772.56
BI100105,2024-02-15,SE,15,198.04,2970.6
BI100105,2024-02-15,MW,14,198.04,2772.56
BI100105,2024-02-15,MW,14,198.04,2772.56
BI100105,2024-02-15,MW,14,198.04,2772.56
BI100105,2024-02-15,MW,14,198.04,2772.56
BI100105,2024-02-15,TX,13,198.04,2574.52
BI100105,2024-02-15,TX,14,198.04,2772.56
BI100105,2024-02-15,TX,14,198.04,2772.56
BI100105,2024-02-15,TX,14,198.04,2772.56
BI100105,2024-02-15,MTN,12,198.04,2376.48
BI100105,2024-02-15,MTN,12,198.04,2376.48
BI100105,2024-02-15,MTN,12,198.04,2376.48
BI100105,2024-02-15,MTN,12,198.04,2376.48
BI100105,2024-02-15,MTN,12,198.04,2376.48
BI100105,2024-02-15,PSW,12,198.04,2376.48
BI100105,2024-02-15,PSW,12,198.04,2376.48
BI100105,2024-02-15,PSW,12,198.04,2376.48
BI100105,2024-02-15,PSW,13,198.04,2574.52
BI100105,2024-02-15,PNW,13,198.04,2574.52
BI100105,2024-02-15,PNW,14,198.04,2772.56
BI100105,2024-02-15,PNW,14,198.04,2772.56
BI100105,2024-03-15,NE,14,198.04,2772.56
BI100105,2024-03-15,NE,15,198.04,2970.6
BI100105,2024-03-15,NE,15,198.04,2970.6
BI100105,2024-03-15,MA,14,198.04,2772.56
BI100105,2024-03-15,MA,14,198.04,2772.56
BI100105,2024-03-15,MA,14,198.04,2772.56
BI100105,2024-03-15,SE,12,198.04,2376.48
BI100105,2024-03-15,SE,12,198.04,2376.48
BI100105,2024-03-15,SE,12,198.04,2376.48
BI100105,2024-03-15,SE,12,198.04,2376.48
BI100105,2024-03-15,SE,12,198.04,2376.48
BI100105,2024-03-15,MW,13,198.04,2574.52
BI100105,2024-03-15,MW,13,198.04,2574.52
BI100105,2024-03-15,MW,14,198.04,2772.56
BI100105,2024-03-15,MW,14,198.04,2772.56
BI100105,2024-03-15,TX,12,198.04,2376.48
BI100105,2024-03-15,TX,13,198.04,2574.52
BI100105,2024-03-15,TX,13,198.04,2574.52
BI100105,2024-03-15,TX,13,198.04,2574.52
BI100105,2024-03-15,TX,13,198.04,2574.52
BI100105,2024-03-15,MTN,14,198.04,2772.56
BI100105,2024-03-15,MTN,14,198.04,2772.56
BI100105,2024-03-15,MTN,14,198.04,2772.56
BI100105,2024-03-15,MTN,15,198.04,2970.6
BI100105,2024-03-15,PSW,12,198.04,2376.48
BI100105,2024-03-15,PSW,12,198.04,2376.48
BI100105,2024-03-15,PSW,13,198.04,2574.52
BI100105,2024-03-15,PSW,13,198.04,2574.52
BI100105,2024-03-15,PNW,14,198.04,2772.56
BI100105,2024-03-15,PNW,15,198.04,2970.6
BI100105,2024-03-15,PNW,15,198.04,2970.6
BI100105,2024-04-15,NE,12,198.04,2376.48
BI100105,2024-04-15,NE,12,198.04,2376.48
BI100105,2024-04-15,NE,13,198.04,2574.52
BI100105,2024-04-15,NE,13,198.04,2574.52
BI100105,2024-04-15,MA,15,198.04,2970.6
BI100105,2024-04-15,MA,15,198.04,2970.6
BI100105,2024-04-15,MA,16,198.04,3168.64
BI100105,2024-04-15,SE,13,198.04,2574.52
BI100105,2024-04-15,SE,13,198.04,2574.52
BI100105,2024-04-15,SE,13,198.04,2574.52
BI100105,2024-04-15,SE,13,198.04,2574.52
BI100105,2024-04-15,SE,14,198.04,2772.56
BI100105,2024-04-15,MW,14,198.04,2772.56
BI100105,2024-04-15,MW,14,198.04,2772.56
BI100105,2024-04-15,MW,15,198.04,2970.6
BI100105,2024-04-15,MW,15,198.04,2970.6
BI100105,2024-04-15,TX,13,198.04,2574.52
BI100105,2024-04-15,TX,14,198.04,2772.56
BI100105,2024-04-15,TX,14,198.04,2772.56
BI100105,2024-04-15,TX,14,198.04,2772.56
BI100105,2024-04-15,TX,14,198.04,2772.56
BI100105,2024-04-15,MTN,13,198.04,2574.52
BI100105,2024-04-15,MTN,13,198.04,2574.52
BI100105,2024-04-15,MTN,14,198.04,2772.56
BI100105,2024-04-15,MTN,14,198.04,2772.56
BI100105,2024-04-15,MTN,14,198.04,2772.56
BI100105,2024-04-15,PSW,13,198.04,2574.52
BI100105,2024-04-15,PSW,13,198.04,2574.52
BI100105,2024-04-15,PSW,14,198.04,2772.56
BI100105,2024-04-15,PSW,14,198.04,2772.56
BI100105,2024-04-15,PNW,15,198.04,2970.6
BI100105,2024-04-15,PNW,15,198.04,2970.6
BI100105,2024-04-15,PNW,15,198.04,2970.6
BI100105,2024-05-15,NE,15,198.04,2970.6
BI100105,2024-05-15,NE,16,198.04,3168.64
BI100105,2024-05-15,NE,16,198.04,3168.64
BI100105,2024-05-15,MA,15,198.04,2970.6
BI100105,2024-05-15,MA,16,198.04,3168.64
BI100105,2024-05-15,MA,16,198.04,3168.64
BI100105,2024-05-15,SE,14,198.04,2772.56
BI100105,2024-05-15,SE,14,198.04,2772.56
BI100105,2024-05-15,SE,14,198.04,2772.56
BI100105,2024-05-15,SE,14,198.04,2772.56
BI100105,2024-05-15,SE,15,198.04,2970.6
BI100105,2024-05-15,MW,12,198.04,2376.48
BI100105,2024-05-15,MW,12,198.04,2376.48
BI100105,2024-05-15,MW,12,198.04,2376.48
BI100105,2024-05-15,MW,13,198.04,2574.52
BI100105,2024-05-15,MW,13,198.04,2574.52
BI100105,2024-05-15,TX,12,198.04,2376.48
BI100105,2024-05-15,TX,12,198.04,2376.48
BI100105,2024-05-15,TX,12,198.04,2376.48
BI100105,2024-05-15,TX,12,198.04,2376.48
BI100105,2024-05-15,TX,13,198.04,2574.52
BI100105,2024-05-15,TX,13,198.04,2574.52
BI100105,2024-05-15,MTN,13,198.04,2574.52
BI100105,2024-05-15,MTN,13,198.04,2574.52
BI100105,2024-05-15,MTN,14,198.04,2772.56
BI100105,2024-05-15,MTN,14,198.04,2772.56
BI100105,2024-05-15,MTN,14,198.04,2772.56
BI100105,2024-05-15,PSW,12,198.04,2376.48
BI100105,2024-05-15,PSW,12,198.04,2376.48
BI100105,2024-05-15,PSW,12,198.04,2376.48
BI100105,2024-05-15,PSW,12,198.04,2376.48
BI100105,2024-05-15,PSW,12,198.04,2376.48
BI100105,2024-05-15,PNW,12,198.04,2376.48
BI100105,2024-05-15,PNW,12,198.04,2376.48
BI100105,2024-05-15,PNW,12,198.04,2376.48
BI100105,2024-05-15,PNW,12,198.04,2376.48
BI100105,2024-06-15,NE,12,198.04,2376.48
BI100105,2024-06-15,NE,12,198.04,2376.48
BI100105,2024-06-15,NE,12,198.04,2376.48
BI100105,2024-06-15,NE,13,198.04,2574.52
BI100105,2024-06-15,MA,12,198.04,2376.48
BI100105,2024-06-15,MA,12,198.04,2376.48
BI100105,2024-06-15,MA,12,198.04,2376.48
BI100105,2024-06-15,MA,13,198.04,2574.52
BI100105,2024-06-15,SE,12,198.04,2376.48
BI100105,2024-06-15,SE,12,198.04,2376.48
BI100105,2024-06-15,SE,12,198.04,2376.48
BI100105,2024-06-15,SE,12,198.04,2376.48
BI100105,2024-06-15,SE,13,198.04,2574.52
BI100105,2024-06-15,SE,13,198.04,2574.52
BI100105,2024-06-15,MW,14,198.04,2772.56
BI100105,2024-06-15,MW,14,198.04,2772.56
BI100105,2024-06-15,MW,14,198.04,2772.56
BI100105,2024-06-15,MW,14,198.04,2772.56
BI100105,2024-06-15,MW,15,198.04,2970.6
BI100105,2024-06-15,TX,13,198.04,2574.52
BI100105,2024-06-15,TX,13,198.04,2574.52
BI100105,2024-06-15,TX,13,198.04,2574.52
BI100105,2024-06-15,TX,13,198.04,2574.52
BI100105,2024-06-15,TX,13,198.04,2574.52
BI100105,2024-06-15,TX,13,198.04,2574.52
BI100105,2024-06-15,MTN,13,198.04,2574.52
BI100105,2024-06-15,MTN,13,198.04,2574.52
BI100105,2024-06-15,MTN,13,198.04,2574.52
BI100105,2024-06-15,MTN,13,198.04,2574.52
BI100105,2024-06-15,MTN,14,198.04,2772.56
BI100105,2024-06-15,PSW,13,198.04,2574.52
BI100105,2024-06-15,PSW,13,198.04,2574.52
BI100105,2024-06-15,PSW,13,198.04,2574.52
BI100105,2024-06-15,PSW,13,198.04,2574.52
BI100105,2024-06-15,PSW,13,198.04,2574.52
BI100105,2024-06-15,PNW,12,198.04,2376.48
BI100105,2024-06-15,PNW,12,198.04,2376.48
BI100105,2024-06-15,PNW,12,198.04,2376.48
BI100105,2024-06-15,PNW,13,198.04,2574.52
BI100105,2024-07-15,NE,13,198.04,2574.52
BI100105,2024-07-15,NE,13,198.04,2574.52
BI100105,2024-07-15,NE,13,198.04,2574.52
BI100105,2024-07-15,NE,14,198.04,2772.56
BI100105,2024-07-15,MA,12,198.04,2376.48
BI100105,2024-07-15,MA,13,198.04,2574.52
BI100105,2024-07-15,MA,13,198.04,2574.52
BI100105,2024-07-15,MA,13,198.04,2574.52
BI100105,2024-07-15,SE,14,198.04,2772.56
BI100105,2024-07-15,SE,14,198.04,2772.56
BI100105,2024-07-15,SE,14,198.04,2772.56
BI100105,2024-07-15,SE,14,198.04,2772.56
BI100105,2024-07-15,SE,15,198.04,2970.6
BI100105,2024-07-15,MW,13,198.04,2574.52
BI100105,2024-07-15,MW,13,198.04,2574.52
BI100105,2024-07-15,MW,13,198.04,2574.52
BI100105,2024-07-15,MW,13,198.04,2574.52
BI100105,2024-07-15,MW,14,198.04,2772.56
BI100105,2024-07-15,TX,14,198.04,2772.56
BI100105,2024-07-15,TX,14,198.04,2772.56
BI100105,2024-07-15,TX,14,198.04,2772.56
BI100105,2024-07-15,TX,14,198.04,2772.56
BI100105,2024-07-15,TX,14,198.04,2772.56
BI100105,2024-07-15,MTN,12,198.04,2376.48
BI100105,2024-07-15,MTN,12,198.04,2376.48
BI100105,2024-07-15,MTN,12,198.04,2376.48
BI100105,2024-07-15,MTN,13,198.04,2574.52
BI100105,2024-07-15,MTN,13,198.04,2574.52
BI100105,2024-07-15,MTN,13,198.04,2574.52
BI100105,2024-07-15,PSW,13,198.04,2574.52
BI100105,2024-07-15,PSW,13,198.04,2574.52
BI100105,2024-07-15,PSW,13,198.04,2574.52
BI100105,2024-07-15,PSW,13,198.04,2574.52
BI100105,2024-07-15,PSW,13,198.04,2574.52
BI100105,2024-07-15,PNW,13,198.04,2574.52
BI100105,2024-07-15,PNW,13,198.04,2574.52
BI100105,2024-07-15,PNW,14,198.04,2772.56
BI100105,2024-07-15,PNW,14,198.04,2772.56
BI100105,2024-08-15,NE,13,198.04,2574.52
BI100105,2024-08-15,NE,13,198.04,2574.52
BI100105,2024-08-15,NE,13,198.04,2574.52
BI100105,2024-08-15,NE,13,198.04,2574.52
BI100105,2024-08-15,MA,15,198.04,2970.6
BI100105,2024-08-15,MA,15,198.04,2970.6
BI100105,2024-08-15,MA,15,198.04,2970.6
BI100105,2024-08-15,SE,13,198.04,2574.52
BI100105,2024-08-15,SE,13,198.04,2574.52
BI100105,2024-08-15,SE,13,198.04,2574.52
BI100105,2024-08-15,SE,14,198.04,2772.56
BI100105,2024-08-15,SE,14,198.04,2772.56
BI100105,2024-08-15,MW,12,198.04,2376.48
BI100105,2024-08-15,MW,12,198.04,2376.48
BI100105,2024-08-15,MW,12,198.04,2376.48
BI100105,2024-08-15,MW,13,198.04,2574.52
BI100105,2024-08-15,MW,13,198.04,2574.52
BI100105,2024-08-15,TX,14,198.04,2772.56
BI100105,2024-08-15,TX,14,198.04,2772.56
BI100105,2024-08-15,TX,14,198.04,2772.56
BI100105,2024-08-15,TX,14,198.04,2772.56
BI100105,2024-08-15,TX,14,198.04,2772.56
BI100105,2024-08-15,MTN,13,198.04,2574.52
BI100105,2024-08-15,MTN,13,198.04,2574.52
BI100105,2024-08-15,MTN,14,198.04,2772.56
BI100105,2024-08-15,MTN,14,198.04,2772.56
BI100105,2024-08-15,MTN,14,198.04,2772.56
BI100105,2024-08-15,PSW,13,198.04,2574.52
BI100105,2024-08-15,PSW,14,198.04,2772.56
BI100105,2024-08-15,PSW,14,198.04,2772.56
BI100105,2024-08-15,PSW,14,198.04,2772.56
BI100105,2024-08-15,PNW,12,198.04,2376.48
BI100105,2024-08-15,PNW,12,198.04,2376.48
BI100105,2024-08-15,PNW,12,198.04,2376.48
BI100105,2024-08-15,PNW,12,198.04,2376.48
BI100105,2024-09-15,NE,14,198.04,2772.56
BI100105,2024-09-15,NE,14,198.04,2772.56
BI100105,2024-09-15,NE,15,198.04,2970.6
BI100105,2024-09-15,MA,14,198.04,2772.56
BI100105,2024-09-15,MA,15,198.04,2970.6
BI100105,2024-09-15,MA,15,198.04,2970.6
BI100105,2024-09-15,SE,12,198.04,2376.48
BI100105,2024-09-15,SE,12,198.04,2376.48
BI100105,2024-09-15,SE,12,198.04,2376.48
BI100105,2024-09-15,SE,12,198.04,2376.48
BI100105,2024-09-15,SE,12,198.04,2376.48
BI100105,2024-09-15,MW,12,198.04,2376.48
BI100105,2024-09-15,MW,12,198.04,2376.48
BI100105,2024-09-15,MW,12,198.04,2376.48
BI100105,2024-09-15,MW,12,198.04,2376.48
BI100105,2024-09-15,MW,13,198.04,2574.52
BI100105,2024-09-15,TX,12,198.04,2376.48
BI100105,2024-09-15,TX,12,198.04,2376.48
BI100105,2024-09-15,TX,12,198.04,2376.48
BI100105,2024-09-15,TX,12,198.04,2376.48
BI100105,2024-09-15,TX,13,198.04,2574.52
BI100105,2024-09-15,MTN,13,198.04,2574.52
BI100105,2024-09-15,MTN,13,198.04,2574.52
BI100105,2024-09-15,MTN,13,198.04,2574.52
BI100105,2024-09-15,MTN,13,198.04,2574.52
BI100105,2024-09-15,MTN,13,198.04,2574.52
BI100105,2024-09-15,PSW,14,198.04,2772.56
BI100105,2024-09-15,PSW,14,198.04,2772.56
BI100105,2024-09-15,PSW,14,198.04,2772.56
BI100105,2024-09-15,PSW,14,198.04,2772.56
BI100105,2024-09-15,PNW,15,198.04,2970.6
BI100105,2024-09-15,PNW,15,198.04,2970.6
BI100105,2024-09-15,PNW,16,198.04,3168.64
BI100105,2024-10-15,NE,15,198.04,2970.6
BI100105,2024-10-15,NE,15,198.04,2970.6
BI100105,2024-10-15,NE,16,198.04,3168.64
BI100105,2024-10-15,MA,14,198.04,2772.56
BI100105,2024-10-15,MA,14,198.04,2772.56
BI100105,2024-10-15,MA,15,198.04,2970.6
BI100105,2024-10-15,SE,12,198.04,2376.48
BI100105,2024-10-15,SE,12,198.04,2376.48
BI100105,2024-10-15,SE,12,198.04,2376.48
BI100105,2024-10-15,SE,12,198.04,2376.48
BI100105,2024-10-15,SE,13,198.04,2574.52
BI100105,2024-10-15,MW,14,198.04,2772.56
BI100105,2024-10-15,MW,14,198.04,2772.56
BI100105,2024-10-15,MW,14,198.04,2772.56
BI100105,2024-10-15,MW,15,198.04,2970.6
BI100105,2024-10-15,TX,12,198.04,2376.48
BI100105,2024-10-15,TX,12,198.04,2376.48
BI100105,2024-10-15,TX,13,198.04,2574.52
BI100105,2024-10-15,TX,13,198.04,2574.52
BI100105,2024-10-15,TX,13,198.04,2574.52
BI100105,2024-10-15,MTN,14,198.04,2772.56
BI100105,2024-10-15,MTN,14,198.04,2772.56
BI100105,2024-10-15,MTN,14,198.04,2772.56
BI100105,2024-10-15,MTN,15,198.04,2970.6
BI100105,2024-10-15,PSW,12,198.04,2376.48
BI100105,2024-10-15,PSW,12,198.04,2376.48
BI100105,2024-10-15,PSW,13,198.04,2574.52
BI100105,2024-10-15,PSW,13,198.04,2574.52
BI100105,2024-10-15,PNW,15,198.04,2970.6
BI100105,2024-10-15,PNW,15,198.04,2970.6
BI100105,2024-10-15,PNW,15,198.04,2970.6
BI100105,2024-11-15,NE,13,198.04,2574.52
BI100105,2024-11-15,NE,14,198.04,2772.56
BI100105,2024-11-15,NE,14,198.04,2772.56
BI100105,2024-11-15,MA,13,198.04,2574.52
BI100105,2024-11-15,MA,13,198.04,2574.52
BI100105,2024-11-15,MA,14,198.04,2772.56
BI100105,2024-11-15,SE,14,198.04,2772.56
BI100105,2024-11-15,SE,15,198.04,2970.6
BI100105,2024-11-15,SE,15,198.04,2970.6
BI100105,2024-11-15,SE,15,198.04,2970.6
BI100105,2024-11-15,MW,14,198.04,2772.56
BI100105,2024-11-15,MW,14,198.04,2772.56
BI100105,2024-11-15,MW,14,198.04,2772.56
BI100105,2024-11-15,MW,14,198.04,2772.56
BI100105,2024-11-15,TX,14,198.04,2772.56
BI100105,2024-11-15,TX,14,198.04,2772.56
BI100105,2024-11-15,TX,15,198.04,2970.6
BI100105,2024-11-15,TX,15,198.04,2970.6
BI100105,2024-11-15,MTN,12,198.04,2376.48
BI100105,2024-11-15,MTN,13,198.04,2574.52
BI100105,2024-11-15,MTN,13,198.04,2574.52
BI100105,2024-11-15,MTN,13,198.04,2574.52
BI100105,2024-11-15,PSW,12,198.04,2376.48
BI100105,2024-11-15,PSW,12,198.04,2376.48
BI100105,2024-11-15,PSW,12,198.04,2376.48
BI100105,2024-11-15,PSW,12,198.04,2376.48
BI100105,2024-11-15,PNW,13,198.04,2574.52
BI100105,2024-11-15,PNW,13,198.04,2574.52
BI100105,2024-11-15,PNW,14,198.04,2772.56
BI100105,2024-12-15,NE,12,198.04,2376.48
BI100105,2024-12-15,NE,13,198.04,2574.52
BI100105,2024-12-15,NE,13,198.04,2574.52
BI100105,2024-12-15,MA,13,198.04,2574.52
BI100105,2024-12-15,MA,14,198.04,2772.56
BI100105,2024-12-15,MA,14,198.04,2772.56
BI100105,2024-12-15,SE,14,198.04,2772.56
BI100105,2024-12-15,SE,14,198.04,2772.56
BI100105,2024-12-15,SE,15,198.04,2970.6
BI100105,2024-12-15,SE,15,198.04,2970.6
BI100105,2024-12-15,MW,12,198.04,2376.48
BI100105,2024-12-15,MW,13,198.04,2574.52
BI100105,2024-12-15,MW,13,198.04,2574.52
BI100105,2024-12-15,MW,13,198.04,2574.52
BI100105,2024-12-15,TX,12,198.04,2376.48
BI100105,2024-12-15,TX,12,198.04,2376.48
BI100105,2024-12-15,TX,12,198.04,2376.48
BI100105,2024-12-15,TX,12,198.04,2376.48
BI100105,2024-12-15,TX,12,198.04,2376.48
BI100105,2024-12-15,MTN,13,198.04,2574.52
BI100105,2024-12-15,MTN,13,198.04,2574.52
BI100105,2024-12-15,MTN,13,198.04,2574.52
BI100105,2024-12-15,MTN,13,198.04,2574.52
BI100105,2024-12-15,PSW,12,198.04,2376.48
BI100105,2024-12-15,PSW,12,198.04,2376.48
BI100105,2024-12-15,PSW,12,198.04,2376.48
BI100105,2024-12-15,PSW,13,198.04,2574.52
BI100105,2024-12-15,PNW,13,198.04,2574.52
BI100105,2024-12-15,PNW,13,198.04,2574.52
BI100105,2024-12-15,PNW,14,198.04,2772.56
BI100105,2025-01-15,NE,13,198.04,2574.52
BI100105,2025-01-15,NE,13,198.04,2574.52
BI100105,2025-01-15,NE,13,198.04,2574.52
BI100105,2025-01-15,MA,12,198.04,2376.48
BI100105,2025-01-15,MA,13,198.04,2574.52
BI100105,2025-01-15,MA,13,198.04,2574.52
BI100105,2025-01-15,SE,14,198.04,2772.56
BI100105,2025-01-15,SE,14,198.04,2772.56
BI100105,2025-01-15,SE,14,198.04,2772.56
BI100105,2025-01-15,SE,15,198.04,2970.6
BI100105,2025-01-15,MW,12,198.04,2376.48
BI100105,2025-01-15,MW,13,198.04,2574.52
BI100105,2025-01-15,MW,13,198.04,2574.52
BI100105,2025-01-15,MW,13,198.04,2574.52
BI100105,2025-01-15,TX,14,198.04,2772.56
BI100105,2025-01-15,TX,14,198.04,2772.56
BI100105,2025-01-15,TX,15,198.04,2970.6
BI100105,2025-01-15,TX,15,198.04,2970.6
BI100105,2025-01-15,MTN,13,198.04,2574.52
BI100105,2025-01-15,MTN,13,198.04,2574.52
BI100105,2025-01-15,MTN,13,198.04,2574.52
BI100105,2025-01-15,MTN,14,198.04,2772.56
BI100105,2025-01-15,PSW,12,198.04,2376.48
BI100105,2025-01-15,PSW,12,198.04,2376.48
BI100105,2025-01-15,PSW,12,198.04,2376.48
BI100105,2025-01-15,PSW,12,198.04,2376.48
BI100105,2025-01-15,PNW,14,198.04,2772.56
BI100105,2025-01-15,PNW,14,198.04,2772.56
BI100105,2025-01-15,PNW,15,198.04,2970.6
BI100105,2025-02-15,NE,15,198.04,2970.6
BI100105,2025-02-15,NE,15,198.04,2970.6
BI100105,2025-02-15,NE,15,198.04,2970.6
BI100105,2025-02-15,MA,14,198.04,2772.56
BI100105,2025-02-15,MA,14,198.04,2772.56
BI100105,2025-02-15,MA,15,198.04,2970.6
BI100105,2025-02-15,SE,14,198.04,2772.56
BI100105,2025-02-15,SE,14,198.04,2772.56
BI100105,2025-02-15,SE,14,198.04,2772.56
BI100105,2025-02-15,SE,15,198.04,2970.6
BI100105,2025-02-15,MW,13,198.04,2574.52
BI100105,2025-02-15,MW,14,198.04,2772.56
BI100105,2025-02-15,MW,14,198.04,2772.56
BI100105,2025-02-15,MW,14,198.04,2772.56
BI100105,2025-02-15,TX,12,198.04,2376.48
BI100105,2025-02-15,TX,12,198.04,2376.48
BI100105,2025-02-15,TX,12,198.04,2376.48
BI100105,2025-02-15,TX,12,198.04,2376.48
BI100105,2025-02-15,TX,12,198.04,2376.48
BI100105,2025-02-15,MTN,12,198.04,2376.48
BI100105,2025-02-15,MTN,12,198.04,2376.48
BI100105,2025-02-15,MTN,12,198.04,2376.48
BI100105,2025-02-15,MTN,12,198.04,2376.48
BI100105,2025-02-15,MTN,13,198.04,2574.52
BI100105,2025-02-15,PSW,12,198.04,2376.48
BI100105,2025-02-15,PSW,13,198.04,2574.52
BI100105,2025-02-15,PSW,13,198.04,2574.52
BI100105,2025-02-15,PSW,13,198.04,2574.52
BI100105,2025-02-15,PNW,15,198.04,2970.6
BI100105,2025-02-15,PNW,15,198.04,2970.6
BI100105,2025-02-15,PNW,15,198.04,2970.6
BI100105,2025-03-15,NE,12,198.04,2376.48
BI100105,2025-03-15,NE,12,198.04,2376.48
BI100105,2025-03-15,NE,12,198.04,2376.48
BI100105,2025-03-15,NE,13,198.04,2574.52
BI100105,2025-03-15,MA,15,198.04,2970.6
BI100105,2025-03-15,MA,15,198.04,2970.6
BI100105,2025-03-15,MA,15,198.04,2970.6
BI100105,2025-03-15,SE,13,198.04,2574.52
BI100105,2025-03-15,SE,13,198.04,2574.52
BI100105,2025-03-15,SE,13,198.04,2574.52
BI100105,2025-03-15,SE,13,198.04,2574.52
BI100105,2025-03-15,SE,14,198.04,2772.56
BI100105,2025-03-15,MW,12,198.04,2376.48
BI100105,2025-03-15,MW,12,198.04,2376.48
BI100105,2025-03-15,MW,12,198.04,2376.48
BI100105,2025-03-15,MW,12,198.04,2376.48
BI100105,2025-03-15,MW,13,198.04,2574.52
BI100105,2025-03-15,TX,14,198.04,2772.56
BI100105,2025-03-15,TX,14,198.04,2772.56
BI100105,2025-03-15,TX,14,198.04,2772.56
BI100105,2025-03-15,TX,14,198.04,2772.56
BI100105,2025-03-15,TX,15,198.04,2970.6
BI100105,2025-03-15,MTN,14,198.04,2772.56
BI100105,2025-03-15,MTN,14,198.04,2772.56
BI100105,2025-03-15,MTN,14,198.04,2772.56
BI100105,2025-03-15,MTN,14,198.04,2772.56
BI100105,2025-03-15,MTN,14,198.04,2772.56
BI100105,2025-03-15,PSW,13,198.04,2574.52
BI100105,2025-03-15,PSW,13,198.04,2574.52
BI100105,2025-03-15,PSW,14,198.04,2772.56
BI100105,2025-03-15,PSW,14,198.04,2772.56
BI100105,2025-03-15,PNW,15,198.04,2970.6
BI100105,2025-03-15,PNW,16,198.04,3168.64
BI100105,2025-03-15,PNW,16,198.04,3168.64
BI100105,2025-04-15,NE,13,198.04,2574.52
BI100105,2025-04-15,NE,14,198.04,2772.56
BI100105,2025-04-15,NE,14,198.04,2772.56
BI100105,2025-04-15,NE,14,198.04,2772.56
BI100105,2025-04-15,MA,15,198.04,2970.6
BI100105,2025-04-15,MA,15,198.04,2970.6
BI100105,2025-04-15,MA,16,198.04,3168.64
BI100105,2025-04-15,SE,13,198.04,2574.52
BI100105,2025-04-15,SE,13,198.04,2574.52
BI100105,2025-04-15,SE,13,198.04,2574.52
BI100105,2025-04-15,SE,13,198.04,2574.52
BI100105,2025-04-15,SE,14,198.04,2772.56
BI100105,2025-04-15,MW,13,198.04,2574.52
BI100105,2025-04-15,MW,13,198.04,2574.52
BI100105,2025-04-15,MW,13,198.04,2574.52
BI100105,2025-04-15,MW,14,198.04,2772.56
BI100105,2025-04-15,MW,14,198.04,2772.56
BI100105,2025-04-15,TX,13,198.04,2574.52
BI100105,2025-04-15,TX,13,198.04,2574.52
BI100105,2025-04-15,TX,13,198.04,2574.52
BI100105,2025-04-15,TX,14,198.04,2772.56
BI100105,2025-04-15,TX,14,198.04,2772.56
BI100105,2025-04-15,MTN,12,198.04,2376.48
BI100105,2025-04-15,MTN,12,198.04,2376.48
BI100105,2025-04-15,MTN,12,198.04,2376.48
BI100105,2025-04-15,MTN,12,198.04,2376.48
BI100105,2025-04-15,MTN,13,198.04,2574.52
BI100105,2025-04-15,MTN,13,198.04,2574.52
BI100105,2025-04-15,PSW,12,198.04,2376.48
BI100105,2025-04-15,PSW,12,198.04,2376.48
BI100105,2025-04-15,PSW,12,198.04,2376.48
BI100105,2025-04-15,PSW,12,198.04,2376.48
BI100105,2025-04-15,PSW,12,198.04,2376.48
BI100105,2025-04-15,PNW,12,198.04,2376.48
BI100105,2025-04-15,PNW,12,198.04,2376.48
BI100105,2025-04-15,PNW,12,198.04,2376.48
BI100105,2025-04-15,PNW,13,198.04,2574.52
BI100105,2025-05-15,NE,13,198.04,2574.52
BI100105,2025-05-15,NE,13,198.04,2574.52
BI100105,2025-05-15,NE,14,198.04,2772.56
BI100105,2025-05-15,NE,14,198.04,2772.56
BI100105,2025-05-15,MA,13,198.04,2574.52
BI100105,2025-05-15,MA,14,198.04,2772.56
BI100105,2025-05-15,MA,14,198.04,2772.56
BI100105,2025-05-15,MA,14,198.04,2772.56
BI100105,2025-05-15,SE,13,198.04,2574.52
BI100105,2025-05-15,SE,13,198.04,2574.52
BI100105,2025-05-15,SE,14,198.04,2772.56
BI100105,2025-05-15,SE,14,198.04,2772.56
BI100105,2025-05-15,SE,14,198.04,2772.56
BI100105,2025-05-15,MW,12,198.04,2376.48
BI100105,2025-05-15,MW,12,198.04,2376.48
BI100105,2025-05-15,MW,12,198.04,2376.48
BI100105,2025-05-15,MW,13,198.04,2574.52
BI100105,2025-05-15,MW,13,198.04,2574.52
BI100105,2025-05-15,MW,13,198.04,2574.52
BI100105,2025-05-15,TX,12,198.04,2376.48
BI100105,2025-05-15,TX,13,198.04,2574.52
BI100105,2025-05-15,TX,13,198.04,2574.52
BI100105,2025-05-15,TX,13,198.04,2574.52
BI100105,2025-05-15,TX,13,198.04,2574.52
BI100105,2025-05-15,TX,13,198.04,2574.52
BI100105,2025-05-15,MTN,12,198.04,2376.48
BI100105,2025-05-15,MTN,12,198.04,2376.48
BI100105,2025-05-15,MTN,12,198.04,2376.48
BI100105,2025-05-15,MTN,12,198.04,2376.48
BI100105,2025-05-15,MTN,12,198.04,2376.48
BI100105,2025-05-15,MTN,13,198.04,2574.52
BI100105,2025-05-15,PSW,13,198.04,2574.52
BI100105,2025-05-15,PSW,14,198.04,2772.56
BI100105,2025-05-15,PSW,14,198.04,2772.56
BI100105,2025-05-15,PSW,14,198.04,2772.56
BI100105,2025-05-15,PSW,14,198.04,2772.56
BI100105,2025-05-15,PNW,14,198.04,2772.56
BI100105,2025-05-15,PNW,14,198.04,2772.56
BI100105,2025-05-15,PNW,14,198.04,2772.56
BI100105,2025-05-15,PNW,15,198.04,2970.6
BI100105,2025-06-15,NE,14,198.04,2772.56
BI100105,2025-06-15,NE,14,198.04,2772.56
BI100105,2025-06-15,NE,14,198.04,2772.56
BI100105,2025-06-15,NE,15,198.04,2970.6
BI100105,2025-06-15,MA,12,198.04,2376.48
BI100105,2025-06-15,MA,13,198.04,2574.52
BI100105,2025-06-15,MA,13,198.04,2574.52
BI100105,2025-06-15,MA,13,198.04,2574.52
BI100105,2025-06-15,SE,13,198.04,2574.52
BI100105,2025-06-15,SE,13,198.04,2574.52
BI100105,2025-06-15,SE,13,198.04,2574.52
BI100105,2025-06-15,SE,13,198.04,2574.52
BI100105,2025-06-15,SE,14,198.04,2772.56
BI100105,2025-06-15,SE,14,198.04,2772.56
BI100105,2025-06-15,MW,12,198.04,2376.48
BI100105,2025-06-15,MW,12,198.04,2376.48
BI100105,2025-06-15,MW,12,198.04,2376.48
BI100105,2025-06-15,MW,13,198.04,2574.52
BI100105,2025-06-15,MW,13,198.04,2574.52
BI100105,2025-06-15,MW,13,198.04,2574.52
BI100105,2025-06-15,TX,12,198.04,2376.48
BI100105,2025-06-15,TX,12,198.04,2376.48
BI100105,2025-06-15,TX,12,198.04,2376.48
BI100105,2025-06-15,TX,12,198.04,2376.48
BI100105,2025-06-15,TX,13,198.04,2574.52
BI100105,2025-06-15,TX,13,198.04,2574.52
BI100105,2025-06-15,MTN,12,198.04,2376.48
BI100105,2025-06-15,MTN,12,198.04,2376.48
BI100105,2025-06-15,MTN,12,198.04,2376.48
BI100105,2025-06-15,MTN,12,198.04,2376.48
BI100105,2025-06-15,MTN,12,198.04,2376.48
BI100105,2025-06-15,MTN,12,198.04,2376.48
BI100105,2025-06-15,PSW,14,198.04,2772.56
BI100105,2025-06-15,PSW,14,198.04,2772.56
BI100105,2025-06-15,PSW,14,198.04,2772.56
BI100105,2025-06-15,PSW,14,198.04,2772.56
BI100105,2025-06-15,PSW,15,198.04,2970.6
BI100105,2025-06-15,PNW,13,198.04,2574.52
BI100105,2025-06-15,PNW,14,198.04,2772.56
BI100105,2025-06-15,PNW,14,198.04,2772.56
BI100105,2025-06-15,PNW,14,198.04,2772.56
BI100105,2025-07-15,NE,13,198.04,2574.52
BI100105,2025-07-15,NE,13,198.04,2574.52
BI100105,2025-07-15,NE,13,198.04,2574.52
BI100105,2025-07-15,NE,14,198.04,2772.56
BI100105,2025-07-15,MA,13,198.04,2574.52
BI100105,2025-07-15,MA,13,198.04,2574.52
BI100105,2025-07-15,MA,13,198.04,2574.52
BI100105,2025-07-15,MA,14,198.04,2772.56
BI100105,2025-07-15,SE,14,198.04,2772.56
BI100105,2025-07-15,SE,14,198.04,2772.56
BI100105,2025-07-15,SE,14,198.04,2772.56
BI100105,2025-07-15,SE,14,198.04,2772.56
BI100105,2025-07-15,SE,14,198.04,2772.56
BI100105,2025-07-15,MW,12,198.04,2376.48
BI100105,2025-07-15,MW,12,198.04,2376.48
BI100105,2025-07-15,MW,12,198.04,2376.48
BI100105,2025-07-15,MW,12,198.04,2376.48
BI100105,2025-07-15,MW,12,198.04,2376.48
BI100105,2025-07-15,MW,13,198.04,2574.52
BI100105,2025-07-15,TX,12,198.04,2376.48
BI100105,2025-07-15,TX,12,198.04,2376.48
BI100105,2025-07-15,TX,12,198.04,2376.48
BI100105,2025-07-15,TX,12,198.04,2376.48
BI100105,2025-07-15,TX,13,198.04,2574.52
BI100105,2025-07-15,TX,13,198.04,2574.52
BI100105,2025-07-15,MTN,13,198.04,2574.52
BI100105,2025-07-15,MTN,13,198.04,2574.52
BI100105,2025-07-15,MTN,13,198.04,2574.52
BI100105,2025-07-15,MTN,13,198.04,2574.52
BI100105,2025-07-15,MTN,13,198.04,2574.52
BI100105,2025-07-15,MTN,14,198.04,2772.56
BI100105,2025-07-15,PSW,12,198.04,2376.48
BI100105,2025-07-15,PSW,13,198.04,2574.52
BI100105,2025-07-15,PSW,13,198.04,2574.52
BI100105,2025-07-15,PSW,13,198.04,2574.52
BI100105,2025-07-15,PSW,13,198.04,2574.52
BI100105,2025-07-15,PNW,14,198.04,2772.56
BI100105,2025-07-15,PNW,14,198.04,2772.56
BI100105,2025-07-15,PNW,14,198.04,2772.56
BI100105,2025-07-15,PNW,15,198.04,2970.6
BI100105,2025-08-15,NE,13,198.04,2574.52
BI100105,2025-08-15,NE,14,198.04,2772.56
BI100105,2025-08-15,NE,14,198.04,2772.56
BI100105,2025-08-15,NE,14,198.04,2772.56
BI100105,2025-08-15,MA,13,198.04,2574.52
BI100105,2025-08-15,MA,13,198.04,2574.52
BI100105,2025-08-15,MA,13,198.04,2574.52
BI100105,2025-08-15,MA,13,198.04,2574.52
BI100105,2025-08-15,SE,12,198.04,2376.48
BI100105,2025-08-15,SE,12,198.04,2376.48
BI100105,2025-08-15,SE,12,198.04,2376.48
BI100105,2025-08-15,SE,12,198.04,2376.48
BI100105,2025-08-15,SE,13,198.04,2574.52
BI100105,2025-08-15,SE,13,198.04,2574.52
BI100105,2025-08-15,MW,14,198.04,2772.56
BI100105,2025-08-15,MW,14,198.04,2772.56
BI100105,2025-08-15,MW,14,198.04,2772.56
BI100105,2025-08-15,MW,14,198.04,2772.56
BI100105,2025-08-15,MW,14,198.04,2772.56
BI100105,2025-08-15,TX,14,198.04,2772.56
BI100105,2025-08-15,TX,14,198.04,2772.56
BI100105,2025-08-15,TX,14,198.04,2772.56
BI100105,2025-08-15,TX,14,198.04,2772.56
BI100105,2025-08-15,TX,14,198.04,2772.56
BI100105,2025-08-15,MTN,12,198.04,2376.48
BI100105,2025-08-15,MTN,12,198.04,2376.48
BI100105,2025-08-15,MTN,12,198.04,2376.48
BI100105,2025-08-15,MTN,12,198.04,2376.48
BI100105,2025-08-15,MTN,12,198.04,2376.48
BI100105,2025-08-15,MTN,12,198.04,2376.48
BI100105,2025-08-15,PSW,12,198.04,2376.48
BI100105,2025-08-15,PSW,12,198.04,2376.48
BI100105,2025-08-15,PSW,12,198.04,2376.48
BI100105,2025-08-15,PSW,12,198.04,2376.48
BI100105,2025-08-15,PSW,12,198.04,2376.48
BI100105,2025-08-15,PNW,12,198.04,2376.48
BI100105,2025-08-15,PNW,12,198.04,2376.48
BI100105,2025-08-15,PNW,12,198.04,2376.48
BI100105,2025-08-15,PNW,13,198.04,2574.52
BI100105,2025-09-15,NE,15,198.04,2970.6
BI100105,2025-09-15,NE,15,198.04,2970.6
BI100105,2025-09-15,NE,16,198.04,3168.64
BI100105,2025-09-15,MA,12,198.04,2376.48
BI100105,2025-09-15,MA,12,198.04,2376.48
BI100105,2025-09-15,MA,12,198.04,2376.48
BI100105,2025-09-15,MA,13,198.04,2574.52
BI100105,2025-09-15,SE,13,198.04,2574.52
BI100105,2025-09-15,SE,13,198.04,2574.52
BI100105,2025-09-15,SE,13,198.04,2574.52
BI100105,2025-09-15,SE,13,198.04,2574.52
BI100105,2025-09-15,SE,14,198.04,2772.56
BI100105,2025-09-15,MW,12,198.04,2376.48
BI100105,2025-09-15,MW,12,198.04,2376.48
BI100105,2025-09-15,MW,12,198.04,2376.48
BI100105,2025-09-15,MW,12,198.04,2376.48
BI100105,2025-09-15,MW,12,198.04,2376.48
BI100105,2025-09-15,TX,13,198.04,2574.52
BI100105,2025-09-15,TX,13,198.04,2574.52
BI100105,2025-09-15,TX,13,198.04,2574.52
BI100105,2025-09-15,TX,14,198.04,2772.56
BI100105,2025-09-15,TX,14,198.04,2772.56
BI100105,2025-09-15,MTN,13,198.04,2574.52
BI100105,2025-09-15,MTN,13,198.04,2574.52
BI100105,2025-09-15,MTN,13,198.04,2574.52
BI100105,2025-09-15,MTN,14,198.04,2772.56
BI100105,2025-09-15,MTN,14,198.04,2772.56
BI100105,2025-09-15,PSW,12,198.04,2376.48
BI100105,2025-09-15,PSW,12,198.04,2376.48
BI100105,2025-09-15,PSW,12,198.04,2376.48
BI100105,2025-09-15,PSW,12,198.04,2376.48
BI100105,2025-09-15,PSW,12,198.04,2376.48
BI100105,2025-09-15,PNW,14,198.04,2772.56
BI100105,2025-09-15,PNW,15,198.04,2970.6
BI100105,2025-09-15,PNW,15,198.04,2970.6
BI100105,2025-10-15,NE,12,198.04,2376.48
BI100105,2025-10-15,NE,12,198.04,2376.48
BI100105,2025-10-15,NE,12,198.04,2376.48
BI100105,2025-10-15,NE,12,198.04,2376.48
BI100105,2025-10-15,MA,14,198.04,2772.56
BI100105,2025-10-15,MA,14,198.04,2772.56
BI100105,2025-10-15,MA,14,198.04,2772.56
BI100105,2025-10-15,SE,13,198.04,2574.52
BI100105,2025-10-15,SE,13,198.04,2574.52
BI100105,2025-10-15,SE,13,198.04,2574.52
BI100105,2025-10-15,SE,13,198.04,2574.52
BI100105,2025-10-15,SE,14,198.04,2772.56
BI100105,2025-10-15,MW,14,198.04,2772.56
BI100105,2025-10-15,MW,14,198.04,2772.56
BI100105,2025-10-15,MW,14,198.04,2772.56
BI100105,2025-10-15,MW,15,198.04,2970.6
BI100105,2025-10-15,TX,13,198.04,2574.52
BI100105,2025-10-15,TX,14,198.04,2772.56
BI100105,2025-10-15,TX,14,198.04,2772.56
BI100105,2025-10-15,TX,14,198.04,2772.56
BI100105,2025-10-15,TX,14,198.04,2772.56
BI100105,2025-10-15,MTN,14,198.04,2772.56
BI100105,2025-10-15,MTN,15,198.04,2970.6
BI100105,2025-10-15,MTN,15,198.04,2970.6
BI100105,2025-10-15,MTN,15,198.04,2970.6
BI100105,2025-10-15,PSW,13,198.04,2574.52
BI100105,2025-10-15,PSW,14,198.04,2772.56
BI100105,2025-10-15,PSW,14,198.04,2772.56
BI100105,2025-10-15,PSW,14,198.04,2772.56
BI100105,2025-10-15,PNW,15,198.04,2970.6
BI100105,2025-10-15,PNW,16,198.04,3168.64
BI100105,2025-10-15,PNW,16,198.04,3168.64
BI100105,2025-11-15,NE,14,198.04,2772.56
BI100105,2025-11-15,NE,14,198.04,2772.56
BI100105,2025-11-15,NE,14,198.04,2772.56
BI100105,2025-11-15,MA,14,198.04,2772.56
BI100105,2025-11-15,MA,14,198.04,2772.56
BI100105,2025-11-15,MA,14,198.04,2772.56
BI100105,2025-11-15,SE,14,198.04,2772.56
BI100105,2025-11-15,SE,14,198.04,2772.56
BI100105,2025-11-15,SE,15,198.04,2970.6
BI100105,2025-11-15,SE,15,198.04,2970.6
BI100105,2025-11-15,MW,14,198.04,2772.56
BI100105,2025-11-15,MW,15,198.04,2970.6
BI100105,2025-11-15,MW,15,198.04,2970.6
BI100105,2025-11-15,MW,15,198.04,2970.6
BI100105,2025-11-15,TX,12,198.04,2376.48
BI100105,2025-11-15,TX,12,198.04,2376.48
BI100105,2025-11-15,TX,12,198.04,2376.48
BI100105,2025-11-15,TX,12,198.04,2376.48
BI100105,2025-11-15,TX,12,198.04,2376.48
BI100105,2025-11-15,MTN,14,198.04,2772.56
BI100105,2025-11-15,MTN,14,198.04,2772.56
BI100105,2025-11-15,MTN,14,198.04,2772.56
BI100105,2025-11-15,MTN,14,198.04,2772.56
BI100105,2025-11-15,PSW,13,198.04,2574.52
BI100105,2025-11-15,PSW,13,198.04,2574.52
BI100105,2025-11-15,PSW,13,198.04,2574.52
BI100105,2025-11-15,PSW,14,198.04,2772.56
BI100105,2025-11-15,PNW,14,198.04,2772.56
BI100105,2025-11-15,PNW,14,198.04,2772.56
BI100105,2025-11-15,PNW,15,198.04,2970.6
BI100105,2025-12-15,NE,15,198.04,2970.6
BI100105,2025-12-15,NE,15,198.04,2970.6
BI100105,2025-12-15,NE,15,198.04,2970.6
BI100105,2025-12-15,MA,12,198.04,2376.48
BI100105,2025-12-15,MA,13,198.04,2574.52
BI100105,2025-12-15,MA,13,198.04,2574.52
BI100105,2025-12-15,SE,14,198.04,2772.56
BI100105,2025-12-15,SE,14,198.04,2772.56
BI100105,2025-12-15,SE,14,198.04,2772.56
BI100105,2025-12-15,SE,15,198.04,2970.6
BI100105,2025-12-15,MW,13,198.04,2574.52
BI100105,2025-12-15,MW,13,198.04,2574.52
BI100105,2025-12-15,MW,13,198.04,2574.52
BI100105,2025-12-15,MW,14,198.04,2772.56
BI100105,2025-12-15,TX,12,198.04,2376.48
BI100105,2025-12-15,TX,12,198.04,2376.48
BI100105,2025-12-15,TX,12,198.04,2376.48
BI100105,2025-12-15,TX,12,198.04,2376.48
BI100105,2025-12-15,TX,12,198.04,2376.48
BI100105,2025-12-15,MTN,13,198.04,2574.52
BI100105,2025-12-15,MTN,13,198.04,2574.52
BI100105,2025-12-15,MTN,14,198.04,2772.56
BI100105,2025-12-15,MTN,14,198.04,2772.56
BI100105,2025-12-15,PSW,12,198.04,2376.48
BI100105,2025-12-15,PSW,12,198.04,2376.48
BI100105,2025-12-15,PSW,12,198.04,2376.48
BI100105,2025-12-15,PSW,12,198.04,2376.48
BI100105,2025-12-15,PNW,13,198.04,2574.52
BI100105,2025-12-15,PNW,13,198.04,2574.52
BI100105,2025-12-15,PNW,14,198.04,2772.56
BI100112,2024-01-15,NE,19,25.06,476.14
BI100112,2024-01-15,MA,12,25.06,300.72
BI100112,2024-01-15,MA,13,25.06,325.78
BI100112,2024-01-15,SE,12,25.06,300.72
BI100112,2024-01-15,SE,13,25.06,325.78
BI100112,2024-01-15,MW,13,25.06,325.78
BI100112,2024-01-15,MW,13,25.06,325.78
BI100112,2024-01-15,TX,14,25.06,350.84
BI100112,2024-01-15,TX,14,25.06,350.84
BI100112,2024-01-15,MTN,20,25.06,501.2
BI100112,2024-01-15,PSW,22,25.06,551.32
BI100112,2024-01-15,PNW,13,25.06,325.78
BI100112,2024-01-15,PNW,14,25.06,350.84
BI100112,2024-02-15,NE,23,25.06,576.38
BI100112,2024-02-15,MA,13,25.06,325.78
BI100112,2024-02-15,MA,14,25.06,350.84
BI100112,2024-02-15,SE,12,25.06,300.72
BI100112,2024-02-15,SE,13,25.06,325.78
BI100112,2024-02-15,MW,13,25.06,325.78
BI100112,2024-02-15,MW,14,25.06,350.84
BI100112,2024-02-15,TX,16,25.06,400.96
BI100112,2024-02-15,TX,16,25.06,400.96
BI100112,2024-02-15,MTN,22,25.06,551.32
BI100112,2024-02-15,PSW,12,25.06,300.72
BI100112,2024-02-15,PSW,13,25.06,325.78
BI100112,2024-02-15,PNW,13,25.06,325.78
BI100112,2024-02-15,PNW,14,25.06,350.84
BI100112,2024-03-15,NE,23,25.06,576.38
BI100112,2024-03-15,MA,13,25.06,325.78
BI100112,2024-03-15,MA,14,25.06,350.84
BI100112,2024-03-15,SE,14,25.06,350.84
BI100112,2024-03-15,SE,14,25.06,350.84
BI100112,2024-03-15,MW,15,25.06,375.9
BI100112,2024-03-15,MW,15,25.06,375.9
BI100112,2024-03-15,TX,17,25.06,426.02
BI100112,2024-03-15,TX,18,25.06,451.08
BI100112,2024-03-15,MTN,13,25.06,325.78
BI100112,2024-03-15,MTN,13,25.06,325.78
BI100112,2024-03-15,PSW,13,25.06,325.78
BI100112,2024-03-15,PSW,14,25.06,350.84
BI100112,2024-03-15,PNW,15,25.06,375.9
BI100112,2024-03-15,PNW,16,25.06,400.96
BI100112,2024-04-15,NE,12,25.06,300.72
BI100112,2024-04-15,NE,13,25.06,325.78
BI100112,2024-04-15,MA,15,25.06,375.9
BI100112,2024-04-15,MA,16,25.06,400.96
BI100112,2024-04-15,SE,14,25.06,350.84
BI100112,2024-04-15,SE,15,25.06,375.9
BI100112,2024-04-15,MW,17,25.06,426.02
BI100112,2024-04-15,MW,18,25.06,451.08
BI100112,2024-04-15,TX,16,25.06,400.96
BI100112,2024-04-15,TX,17,25.06,426.02
BI100112,2024-04-15,MTN,13,25.06,325.78
BI100112,2024-04-15,MTN,13,25.06,325.78
BI100112,2024-04-15,PSW,14,25.06,350.84
BI100112,2024-04-15,PSW,14,25.06,350.84
BI100112,2024-04-15,PNW,16,25.06,400.96
BI100112,2024-04-15,PNW,16,25.06,400.96
BI100112,2024-05-15,NE,13,25.06,325.78
BI100112,2024-05-15,NE,14,25.06,350.84
BI100112,2024-05-15,MA,16,25.06,400.96
BI100112,2024-05-15,MA,17,25.06,426.02
BI100112,2024-05-15,SE,17,25.06,426.02
BI100112,2024-05-15,SE,17,25.06,426.02
BI100112,2024-05-15,MW,12,25.06,300.72
BI100112,2024-05-15,MW,12,25.06,300.72
BI100112,2024-05-15,MW,12,25.06,300.72
BI100112,2024-05-15,TX,13,25.06,325.78
BI100112,2024-05-15,TX,13,25.06,325.78
BI100112,2024-05-15,TX,14,25.06,350.84
BI100112,2024-05-15,MTN,14,25.06,350.84
BI100112,2024-05-15,MTN,15,25.06,375.9
BI100112,2024-05-15,PSW,16,25.06,400.96
BI100112,2024-05-15,PSW,16,25.06,400.96
BI100112,2024-05-15,PNW,16,25.06,400.96
BI100112,2024-05-15,PNW,17,25.06,426.02
BI100112,2024-06-15,NE,13,25.06,325.78
BI100112,2024-06-15,NE,13,25.06,325.78
BI100112,2024-06-15,MA,16,25.06,400.96
BI100112,2024-06-15,MA,17,25.06,426.02
BI100112,2024-06-15,SE,15,25.06,375.9
BI100112,2024-06-15,SE,16,25.06,400.96
BI100112,2024-06-15,MW,12,25.06,300.72
BI100112,2024-06-15,MW,12,25.06,300.72
BI100112,2024-06-15,MW,12,25.06,300.72
BI100112,2024-06-15,TX,12,25.06,300.72
BI100112,2024-06-15,TX,12,25.06,300.72
BI100112,2024-06-15,TX,12,25.06,300.72
BI100112,2024-06-15,MTN,14,25.06,350.84
BI100112,2024-06-15,MTN,14,25.06,350.84
BI100112,2024-06-15,PSW,16,25.06,400.96
BI100112,2024-06-15,PSW,16,25.06,400.96
BI100112,2024-06-15,PNW,12,25.06,300.72
BI100112,2024-06-15,PNW,12,25.06,300.72
BI100112,2024-06-15,PNW,12,25.06,300.72
BI100112,2024-07-15,NE,13,25.06,325.78
BI100112,2024-07-15,NE,14,25.06,350.84
BI100112,2024-07-15,MA,17,25.06,426.02
BI100112,2024-07-15,MA,17,25.06,426.02
BI100112,2024-07-15,SE,16,25.06,400.96
BI100112,2024-07-15,SE,16,25.06,400.96
BI100112,2024-07-15,MW,12,25.06,300.72
BI100112,2024-07-15,MW,12,25.06,300.72
BI100112,2024-07-15,MW,13,25.06,325.78
BI100112,2024-07-15,TX,12,25.06,300.72
BI100112,2024-07-15,TX,12,25.06,300.72
BI100112,2024-07-15,TX,12,25.06,300.72
BI100112,2024-07-15,MTN,15,25.06,375.9
BI100112,2024-07-15,MTN,15,25.06,375.9
BI100112,2024-07-15,PSW,15,25.06,375.9
BI100112,2024-07-15,PSW,15,25.06,375.9
BI100112,2024-07-15,PNW,17,25.06,426.02
BI100112,2024-07-15,PNW,18,25.06,451.08
BI100112,2024-08-15,NE,13,25.06,325.78
BI100112,2024-08-15,NE,13,25.06,325.78
BI100112,2024-08-15,MA,16,25.06,400.96
BI100112,2024-08-15,MA,16,25.06,400.96
BI100112,2024-08-15,SE,15,25.06,375.9
BI100112,2024-08-15,SE,16,25.06,400.96
BI100112,2024-08-15,MW,17,25.06,426.02
BI100112,2024-08-15,MW,17,25.06,426.02
BI100112,2024-08-15,TX,12,25.06,300.72
BI100112,2024-08-15,TX,12,25.06,300.72
BI100112,2024-08-15,TX,12,25.06,300.72
BI100112,2024-08-15,MTN,13,25.06,325.78
BI100112,2024-08-15,MTN,14,25.06,350.84
BI100112,2024-08-15,PSW,14,25.06,350.84
BI100112,2024-08-15,PSW,15,25.06,375.9
BI100112,2024-08-15,PNW,15,25.06,375.9
BI100112,2024-08-15,PNW,16,25.06,400.96
BI100112,2024-09-15,NE,23,25.06,576.38
BI100112,2024-09-15,MA,16,25.06,400.96
BI100112,2024-09-15,MA,16,25.06,400.96
BI100112,2024-09-15,SE,14,25.06,350.84
BI100112,2024-09-15,SE,15,25.06,375.9
BI100112,2024-09-15,MW,14,25.06,350.84
BI100112,2024-09-15,MW,15,25.06,375.9
BI100112,2024-09-15,TX,17,25.06,426.02
BI100112,2024-09-15,TX,17,25.06,426.02
BI100112,2024-09-15,MTN,14,25.06,350.84
BI100112,2024-09-15,MTN,14,25.06,350.84
BI100112,2024-09-15,PSW,15,25.06,375.9
BI100112,2024-09-15,PSW,15,25.06,375.9
BI100112,2024-09-15,PNW,14,25.06,350.84
BI100112,2024-09-15,PNW,15,25.06,375.9
BI100112,2024-10-15,NE,12,25.06,300.72
BI100112,2024-10-15,NE,12,25.06,300.72
BI100112,2024-10-15,MA,13,25.06,325.78
BI100112,2024-10-15,MA,14,25.06,350.84
BI100112,2024-10-15,SE,14,25.06,350.84
BI100112,2024-10-15,SE,14,25.06,350.84
BI100112,2024-10-15,MW,14,25.06,350.84
BI100112,2024-10-15,MW,15,25.06,375.9
BI100112,2024-10-15,TX,16,25.06,400.96
BI100112,2024-10-15,TX,17,25.06,426.02
BI100112,2024-10-15,MTN,12,25.06,300.72
BI100112,2024-10-15,MTN,12,25.06,300.72
BI100112,2024-10-15,PSW,14,25.06,350.84
BI100112,2024-10-15,PSW,14,25.06,350.84
BI100112,2024-10-15,PNW,14,25.06,350.84
BI100112,2024-10-15,PNW,15,25.06,375.9
BI100112,2024-11-15,NE,22,25.06,551.32
BI100112,2024-11-15,MA,13,25.06,325.78
BI100112,2024-11-15,MA,14,25.06,350.84
BI100112,2024-11-15,SE,14,25.06,350.84
BI100112,2024-11-15,SE,14,25.06,350.84
BI100112,2024-11-15,MW,14,25.06,350.84
BI100112,2024-11-15,MW,15,25.06,375.9
BI100112,2024-11-15,TX,16,25.06,400.96
BI100112,2024-11-15,TX,16,25.06,400.96
BI100112,2024-11-15,MTN,22,25.06,551.32
BI100112,2024-11-15,PSW,13,25.06,325.78
BI100112,2024-11-15,PSW,13,25.06,325.78
BI100112,2024-11-15,PNW,13,25.06,325.78
BI100112,2024-11-15,PNW,13,25.06,325.78
BI100112,2024-12-15,NE,20,25.06,501.2
BI100112,2024-12-15,MA,12,25.06,300.72
BI100112,2024-12-15,MA,12,25.06,300.72
BI100112,2024-12-15,SE,13,25.06,325.78
BI100112,2024-12-15,SE,14,25.06,350.84
BI100112,2024-12-15,MW,12,25.06,300.72
BI100112,2024-12-15,MW,13,25.06,325.78
BI100112,2024-12-15,TX,14,25.06,350.84
BI100112,2024-12-15,TX,15,25.06,375.9
BI100112,2024-12-15,MTN,12,25.06,300.72
BI100112,2024-12-15,MTN,12,25.06,300.72
BI100112,2024-12-15,PSW,12,25.06,300.72
BI100112,2024-12-15,PSW,12,25.06,300.72
BI100112,2024-12-15,PNW,13,25.06,325.78
BI100112,2024-12-15,PNW,13,25.06,325.78
BI100112,2025-01-15,NE,23,25.06,576.38
BI100112,2025-01-15,MA,13,25.06,325.78
BI100112,2025-01-15,MA,13,25.06,325.78
BI100112,2025-01-15,SE,14,25.06,350.84
BI100112,2025-01-15,SE,14,25.06,350.84
BI100112,2025-01-15,MW,13,25.06,325.78
BI100112,2025-01-15,MW,14,25.06,350.84
BI100112,2025-01-15,TX,15,25.06,375.9
BI100112,2025-01-15,TX,16,25.06,400.96
BI100112,2025-01-15,MTN,23,25.06,576.38
BI100112,2025-01-15,PSW,13,25.06,325.78
BI100112,2025-01-15,PSW,14,25.06,350.84
BI100112,2025-01-15,PNW,14,25.06,350.84
BI100112,2025-01-15,PNW,15,25.06,375.9
BI100112,2025-02-15,NE,23,25.06,576.38
BI100112,2025-02-15,MA,13,25.06,325.78
BI100112,2025-02-15,MA,14,25.06,350.84
BI100112,2025-02-15,SE,13,25.06,325.78
BI100112,2025-02-15,SE,14,25.06,350.84
BI100112,2025-02-15,MW,14,25.06,350.84
BI100112,2025-02-15,MW,15,25.06,375.9
BI100112,2025-02-15,TX,17,25.06,426.02
BI100112,2025-02-15,TX,17,25.06,426.02
BI100112,2025-02-15,MTN,13,25.06,325.78
BI100112,2025-02-15,MTN,13,25.06,325.78
BI100112,2025-02-15,PSW,14,25.06,350.84
BI100112,2025-02-15,PSW,14,25.06,350.84
BI100112,2025-02-15,PNW,14,25.06,350.84
BI100112,2025-02-15,PNW,15,25.06,375.9
BI100112,2025-03-15,NE,13,25.06,325.78
BI100112,2025-03-15,NE,13,25.06,325.78
BI100112,2025-03-15,MA,16,25.06,400.96
BI100112,2025-03-15,MA,17,25.06,426.02
BI100112,2025-03-15,SE,16,25.06,400.96
BI100112,2025-03-15,SE,17,25.06,426.02
BI100112,2025-03-15,MW,15,25.06,375.9
BI100112,2025-03-15,MW,15,25.06,375.9
BI100112,2025-03-15,TX,17,25.06,426.02
BI100112,2025-03-15,TX,18,25.06,451.08
BI100112,2025-03-15,MTN,12,25.06,300.72
BI100112,2025-03-15,MTN,13,25.06,325.78
BI100112,2025-03-15,PSW,15,25.06,375.9
BI100112,2025-03-15,PSW,15,25.06,375.9
BI100112,2025-03-15,PNW,16,25.06,400.96
BI100112,2025-03-15,PNW,16,25.06,400.96
BI100112,2025-04-15,NE,13,25.06,325.78
BI100112,2025-04-15,NE,14,25.06,350.84
BI100112,2025-04-15,MA,17,25.06,426.02
BI100112,2025-04-15,MA,17,25.06,426.02
BI100112,2025-04-15,SE,16,25.06,400.96
BI100112,2025-04-15,SE,16,25.06,400.96
BI100112,2025-04-15,MW,17,25.06,426.02
BI100112,2025-04-15,MW,18,25.06,451.08
BI100112,2025-04-15,TX,12,25.06,300.72
BI100112,2025-04-15,TX,12,25.06,300.72
BI100112,2025-04-15,TX,13,25.06,325.78
BI100112,2025-04-15,MTN,15,25.06,375.9
BI100112,2025-04-15,MTN,15,25.06,375.9
BI100112,2025-04-15,PSW,14,25.06,350.84
BI100112,2025-04-15,PSW,15,25.06,375.9
BI100112,2025-04-15,PNW,16,25.06,400.96
BI100112,2025-04-15,PNW,16,25.06,400.96
BI100112,2025-05-15,NE,15,25.06,375.9
BI100112,2025-05-15,NE,16,25.06,400.96
BI100112,2025-05-15,MA,12,25.06,300.72
BI100112,2025-05-15,MA,12,25.06,300.72
BI100112,2025-05-15,MA,13,25.06,325.78
BI100112,2025-05-15,SE,17,25.06,426.02
BI100112,2025-05-15,SE,17,25.06,426.02
BI100112,2025-05-15,MW,12,25.06,300.72
BI100112,2025-05-15,MW,12,25.06,300.72
BI100112,2025-05-15,MW,12,25.06,300.72
BI100112,2025-05-15,TX,12,25.06,300.72
BI100112,2025-05-15,TX,13,25.06,325.78
BI100112,2025-05-15,TX,13,25.06,325.78
BI100112,2025-05-15,MTN,15,25.06,375.9
BI100112,2025-05-15,MTN,16,25.06,400.96
BI100112,2025-05-15,PSW,12,25.06,300.72
BI100112,2025-05-15,PSW,12,25.06,300.72
BI100112,2025-05-15,PSW,12,25.06,300.72
BI100112,2025-05-15,PNW,12,25.06,300.72
BI100112,2025-05-15,PNW,12,25.06,300.72
BI100112,2025-05-15,PNW,13,25.06,325.78
BI100112,2025-06-15,NE,13,25.06,325.78
BI100112,2025-06-15,NE,14,25.06,350.84
BI100112,2025-06-15,MA,12,25.06,300.72
BI100112,2025-06-15,MA,12,25.06,300.72
BI100112,2025-06-15,MA,12,25.06,300.72
BI100112,2025-06-15,SE,12,25.06,300.72
BI100112,2025-06-15,SE,13,25.06,325.78
BI100112,2025-06-15,SE,13,25.06,325.78
BI100112,2025-06-15,MW,17,25.06,426.02
BI100112,2025-06-15,MW,18,25.06,451.08
BI100112,2025-06-15,TX,13,25.06,325.78
BI100112,2025-06-15,TX,14,25.06,350.84
BI100112,2025-06-15,TX,14,25.06,350.84
BI100112,2025-06-15,MTN,14,25.06,350.84
BI100112,2025-06-15,MTN,15,25.06,375.9
BI100112,2025-06-15,PSW,12,25.06,300.72
BI100112,2025-06-15,PSW,12,25.06,300.72
BI100112,2025-06-15,PSW,12,25.06,300.72
BI100112,2025-06-15,PNW,17,25.06,426.02
BI100112,2025-06-15,PNW,17,25.06,426.02
BI100112,2025-07-15,NE,14,25.06,350.84
BI100112,2025-07-15,NE,14,25.06,350.84
BI100112,2025-07-15,MA,17,25.06,426.02
BI100112,2025-07-15,MA,17,25.06,426.02
BI100112,2025-07-15,SE,12,25.06,300.72
BI100112,2025-07-15,SE,12,25.06,300.72
BI100112,2025-07-15,SE,13,25.06,325.78
BI100112,2025-07-15,MW,12,25.06,300.72
BI100112,2025-07-15,MW,12,25.06,300.72
BI100112,2025-07-15,MW,12,25.06,300.72
BI100112,2025-07-15,TX,13,25.06,325.78
BI100112,2025-07-15,TX,13,25.06,325.78
BI100112,2025-07-15,TX,14,25.06,350.84
BI100112,2025-07-15,MTN,14,25.06,350.84
BI100112,2025-07-15,MTN,15,25.06,375.9
BI100112,2025-07-15,PSW,17,25.06,426.02
BI100112,2025-07-15,PSW,18,25.06,451.08
BI100112,2025-07-15,PNW,12,25.06,300.72
BI100112,2025-07-15,PNW,12,25.06,300.72
BI100112,2025-07-15,PNW,12,25.06,300.72
BI100112,2025-08-15,NE,14,25.06,350.84
BI100112,2025-08-15,NE,14,25.06,350.84
BI100112,2025-08-15,MA,17,25.06,426.02
BI100112,2025-08-15,MA,17,25.06,426.02
BI100112,2025-08-15,SE,17,25.06,426.02
BI100112,2025-08-15,SE,18,25.06,451.08
BI100112,2025-08-15,MW,12,25.06,300.72
BI100112,2025-08-15,MW,12,25.06,300.72
BI100112,2025-08-15,MW,13,25.06,325.78
BI100112,2025-08-15,TX,13,25.06,325.78
BI100112,2025-08-15,TX,13,25.06,325.78
BI100112,2025-08-15,TX,13,25.06,325.78
BI100112,2025-08-15,MTN,14,25.06,350.84
BI100112,2025-08-15,MTN,15,25.06,375.9
BI100112,2025-08-15,PSW,16,25.06,400.96
BI100112,2025-08-15,PSW,17,25.06,426.02
BI100112,2025-08-15,PNW,12,25.06,300.72
BI100112,2025-08-15,PNW,12,25.06,300.72
BI100112,2025-08-15,PNW,13,25.06,325.78
BI100112,2025-09-15,NE,14,25.06,350.84
BI100112,2025-09-15,NE,14,25.06,350.84
BI100112,2025-09-15,MA,16,25.06,400.96
BI100112,2025-09-15,MA,16,25.06,400.96
BI100112,2025-09-15,SE,17,25.06,426.02
BI100112,2025-09-15,SE,17,25.06,426.02
BI100112,2025-09-15,MW,15,25.06,375.9
BI100112,2025-09-15,MW,16,25.06,400.96
BI100112,2025-09-15,TX,17,25.06,426.02
BI100112,2025-09-15,TX,17,25.06,426.02
BI100112,2025-09-15,MTN,13,25.06,325.78
BI100112,2025-09-15,MTN,14,25.06,350.84
BI100112,2025-09-15,PSW,15,25.06,375.9
BI100112,2025-09-15,PSW,15,25.06,375.9
BI100112,2025-09-15,PNW,16,25.06,400.96
BI100112,2025-09-15,PNW,16,25.06,400.96
BI100112,2025-10-15,NE,12,25.06,300.72
BI100112,2025-10-15,NE,12,25.06,300.72
BI100112,2025-10-15,MA,15,25.06,375.9
BI100112,2025-10-15,MA,15,25.06,375.9
BI100112,2025-10-15,SE,15,25.06,375.9
BI100112,2025-10-15,SE,16,25.06,400.96
BI100112,2025-10-15,MW,14,25.06,350.84
BI100112,2025-10-15,MW,15,25.06,375.9
BI100112,2025-10-15,TX,16,25.06,400.96
BI100112,2025-10-15,TX,17,25.06,426.02
BI100112,2025-10-15,MTN,13,25.06,325.78
BI100112,2025-10-15,MTN,13,25.06,325.78
BI100112,2025-10-15,PSW,13,25.06,325.78
BI100112,2025-10-15,PSW,13,25.06,325.78
BI100112,2025-10-15,PNW,14,25.06,350.84
BI100112,2025-10-15,PNW,15,25.06,375.9
BI100112,2025-11-15,NE,21,25.06,526.26
BI100112,2025-11-15,MA,14,25.06,350.84
BI100112,2025-11-15,MA,15,25.06,375.9
BI100112,2025-11-15,SE,14,25.06,350.84
BI100112,2025-11-15,SE,14,25.06,350.84
BI100112,2025-11-15,MW,14,25.06,350.84
BI100112,2025-11-15,MW,14,25.06,350.84
BI100112,2025-11-15,TX,14,25.06,350.84
BI100112,2025-11-15,TX,15,25.06,375.9
BI100112,2025-11-15,MTN,13,25.06,325.78
BI100112,2025-11-15,MTN,13,25.06,325.78
BI100112,2025-11-15,PSW,13,25.06,325.78
BI100112,2025-11-15,PSW,13,25.06,325.78
BI100112,2025-11-15,PNW,15,25.06,375.9
BI100112,2025-11-15,PNW,16,25.06,400.96
BI100112,2025-12-15,NE,12,25.06,300.72
BI100112,2025-12-15,NE,12,25.06,300.72
BI100112,2025-12-15,MA,13,25.06,325.78
BI100112,2025-12-15,MA,14,25.06,350.84
BI100112,2025-12-15,SE,14,25.06,350.84
BI100112,2025-12-15,SE,14,25.06,350.84
BI100112,2025-12-15,MW,13,25.06,325.78
BI100112,2025-12-15,MW,14,25.06,350.84
BI100112,2025-12-15,TX,15,25.06,375.9
BI100112,2025-12-15,TX,15,25.06,375.9
BI100112,2025-12-15,MTN,23,25.06,576.38
BI100112,2025-12-15,PSW,12,25.06,300.72
BI100112,2025-12-15,PSW,13,25.06,325.78
BI100112,2025-12-15,PNW,14,25.06,350.84
BI100112,2025-12-15,PNW,14,25.06,350.84
BI100119,2024-01-15,NE,17,95.07,1616.19
BI100119,2024-01-15,NE,17,95.07,1616.19
BI100119,2024-01-15,MA,16,95.07,1521.12
BI100119,2024-01-15,MA,16,95.07,1521.12
BI100119,2024-01-15,SE,13,95.07,1235.91
BI100119,2024-01-15,SE,14,95.07,1330.98
BI100119,2024-01-15,MW,12,95.07,1140.84
BI100119,2024-01-15,MW,12,95.07,1140.84
BI100119,2024-01-15,MW,12,95.07,1140.84
BI100119,2024-01-15,MW,13,95.07,1235.91
BI100119,2024-01-15,TX,12,95.07,1140.84
BI100119,2024-01-15,TX,13,95.07,1235.91
BI100119,2024-01-15,TX,13,95.07,1235.91
BI100119,2024-01-15,MTN,16,95.07,1521.12
BI100119,2024-01-15,MTN,16,95.07,1521.12
BI100119,2024-01-15,PSW,14,95.07,1330.98
BI100119,2024-01-15,PSW,15,95.07,1426.05
BI100119,2024-01-15,PNW,12,95.07,1140.84
BI100119,2024-01-15,PNW,12,95.07,1140.84
BI100119,2024-01-15,PNW,13,95.07,1235.91
BI100119,2024-02-15,NE,13,95.07,1235.91
BI100119,2024-02-15,NE,13,95.07,1235.91
BI100119,2024-02-15,NE,13,95.07,1235.91
BI100119,2024-02-15,MA,12,95.07,1140.84
BI100119,2024-02-15,MA,13,95.07,1235.91
BI100119,2024-02-15,MA,13,95.07,1235.91
BI100119,2024-02-15,SE,15,95.07,1426.05
BI100119,2024-02-15,SE,15,95.07,1426.05
BI100119,2024-02-15,MW,12,95.07,1140.84
BI100119,2024-02-15,MW,12,95.07,1140.84
BI100119,2024-02-15,MW,12,95.07,1140.84
BI100119,2024-02-15,MW,13,95.07,1235.91
BI100119,2024-02-15,TX,12,95.07,1140.84
BI100119,2024-02-15,TX,12,95.07,1140.84
BI100119,2024-02-15,TX,12,95.07,1140.84
BI100119,2024-02-15,MTN,17,95.07,1616.19
BI100119,2024-02-15,MTN,18,95.07,1711.26
BI100119,2024-02-15,PSW,16,95.07,1521.12
BI100119,2024-02-15,PSW,17,95.07,1616.19
BI100119,2024-02-15,PNW,13,95.07,1235.91
BI100119,2024-02-15,PNW,13,95.07,1235.91
BI100119,2024-02-15,PNW,14,95.07,1330.98
BI100119,2024-03-15,NE,13,95.07,1235.91
BI100119,2024-03-15,NE,13,95.07,1235.91
BI100119,2024-03-15,NE,13,95.07,1235.91
BI100119,2024-03-15,MA,14,95.07,1330.98
BI100119,2024-03-15,MA,14,95.07,1330.98
BI100119,2024-03-15,MA,15,95.07,1426.05
BI100119,2024-03-15,SE,16,95.07,1521.12
BI100119,2024-03-15,SE,17,95.07,1616.19
BI100119,2024-03-15,MW,12,95.07,1140.84
BI100119,2024-03-15,MW,12,95.07,1140.84
BI100119,2024-03-15,MW,13,95.07,1235.91
BI100119,2024-03-15,MW,13,95.07,1235.91
BI100119,2024-03-15,TX,13,95.07,1235.91
BI100119,2024-03-15,TX,13,95.07,1235.91
BI100119,2024-03-15,TX,14,95.07,1330.98
BI100119,2024-03-15,MTN,13,95.07,1235.91
BI100119,2024-03-15,MTN,13,95.07,1235.91
BI100119,2024-03-15,MTN,13,95.07,1235.91
BI100119,2024-03-15,PSW,12,95.07,1140.84
BI100119,2024-03-15,PSW,12,95.07,1140.84
BI100119,2024-03-15,PSW,12,95.07,1140.84
BI100119,2024-03-15,PNW,14,95.07,1330.98
BI100119,2024-03-15,PNW,14,95.07,1330.98
BI100119,2024-03-15,PNW,15,95.07,1426.05
BI100119,2024-04-15,NE,15,95.07,1426.05
BI100119,2024-04-15,NE,15,95.07,1426.05
BI100119,2024-04-15,NE,16,95.07,1521.12
BI100119,2024-04-15,MA,15,95.07,1426.05
BI100119,2024-04-15,MA,15,95.07,1426.05
BI100119,2024-04-15,MA,15,95.07,1426.05
BI100119,2024-04-15,SE,17,95.07,1616.19
BI100119,2024-04-15,SE,18,95.07,1711.26
BI100119,2024-04-15,MW,13,95.07,1235.91
BI100119,2024-04-15,MW,14,95.07,1330.98
BI100119,2024-04-15,MW,14,95.07,1330.98
BI100119,2024-04-15,MW,14,95.07,1330.98
BI100119,2024-04-15,TX,14,95.07,1330.98
BI100119,2024-04-15,TX,15,95.07,1426.05
BI100119,2024-04-15,TX,15,95.07,1426.05
BI100119,2024-04-15,MTN,14,95.07,1330.98
BI100119,2024-04-15,MTN,14,95.07,1330.98
BI100119,2024-04-15,MTN,14,95.07,1330.98
BI100119,2024-04-15,PSW,17,95.07,1616.19
BI100119,2024-04-15,PSW,18,95.07,1711.26
BI100119,2024-04-15,PNW,15,95.07,1426.05
BI100119,2024-04-15,PNW,16,95.07,1521.12
BI100119,2024-04-15,PNW,16,95.07,1521.12
BI100119,2024-05-15,NE,15,95.07,1426.05
BI100119,2024-05-15,NE,15,95.07,1426.05
BI100119,2024-05-15,NE,16,95.07,1521.12
BI100119,2024-05-15,MA,14,95.07,1330.98
BI100119,2024-05-15,MA,15,95.07,1426.05
BI100119,2024-05-15,MA,15,95.07,1426.05
BI100119,2024-05-15,SE,12,95.07,1140.84
BI100119,2024-05-15,SE,13,95.07,1235.91
BI100119,2024-05-15,SE,13,95.07,1235.91
BI100119,2024-05-15,MW,14,95.07,1330.98
BI100119,2024-05-15,MW,14,95.07,1330.98
BI100119,2024-05-15,MW,14,95.07,1330.98
BI100119,2024-05-15,MW,15,95.07,1426.05
BI100119,2024-05-15,TX,15,95.07,1426.05
BI100119,2024-05-15,TX,15,95.07,1426.05
BI100119,2024-05-15,TX,16,95.07,1521.12
BI100119,2024-05-15,MTN,15,95.07,1426.05
BI100119,2024-05-15,MTN,16,95.07,1521.12
BI100119,2024-05-15,MTN,16,95.07,1521.12
BI100119,2024-05-15,PSW,13,95.07,1235.91
BI100119,2024-05-15,PSW,13,95.07,1235.91
BI100119,2024-05-15,PSW,14,95.07,1330.98
BI100119,2024-05-15,PNW,12,95.07,1140.84
BI100119,2024-05-15,PNW,13,95.07,1235.91
BI100119,2024-05-15,PNW,13,95.07,1235.91
BI100119,2024-05-15,PNW,13,95.07,1235.91
BI100119,2024-06-15,NE,12,95.07,1140.84
BI100119,2024-06-15,NE,13,95.07,1235.91
BI100119,2024-06-15,NE,13,95.07,1235.91
BI100119,2024-06-15,NE,13,95.07,1235.91
BI100119,2024-06-15,MA,12,95.07,1140.84
BI100119,2024-06-15,MA,12,95.07,1140.84
BI100119,2024-06-15,MA,12,95.07,1140.84
BI100119,2024-06-15,MA,12,95.07,1140.84
BI100119,2024-06-15,SE,12,95.07,1140.84
BI100119,2024-06-15,SE,12,95.07,1140.84
BI100119,2024-06-15,SE,12,95.07,1140.84
BI100119,2024-06-15,MW,13,95.07,1235.91
BI100119,2024-06-15,MW,13,95.07,1235.91
BI100119,2024-06-15,MW,13,95.07,1235.91
BI100119,2024-06-15,MW,13,95.07,1235.91
BI100119,2024-06-15,MW,13,95.07,1235.91
BI100119,2024-06-15,TX,12,95.07,1140.84
BI100119,2024-06-15,TX,12,95.07,1140.84
BI100119,2024-06-15,TX,12,95.07,1140.84
BI100119,2024-06-15,TX,12,95.07,1140.84
BI100119,2024-06-15,MTN,15,95.07,1426.05
BI100119,2024-06-15,MTN,15,95.07,1426.05
BI100119,2024-06-15,MTN,15,95.07,1426.05
BI100119,2024-06-15,PSW,13,95.07,1235.91
BI100119,2024-06-15,PSW,14,95.07,1330.98
BI100119,2024-06-15,PSW,14,95.07,1330.98
BI100119,2024-06-15,PNW,13,95.07,1235.91
BI100119,2024-06-15,PNW,13,95.07,1235.91
BI100119,2024-06-15,PNW,13,95.07,1235.91
BI100119,2024-06-15,PNW,13,95.07,1235.91
BI100119,2024-07-15,NE,15,95.07,1426.05
BI100119,2024-07-15,NE,15,95.07,1426.05
BI100119,2024-07-15,NE,16,95.07,1521.12
BI100119,2024-07-15,MA,14,95.07,1330.98
BI100119,2024-07-15,MA,15,95.07,1426.05
BI100119,2024-07-15,MA,15,95.07,1426.05
BI100119,2024-07-15,SE,13,95.07,1235.91
BI100119,2024-07-15,SE,13,95.07,1235.91
BI100119,2024-07-15,SE,14,95.07,1330.98
BI100119,2024-07-15,MW,13,95.07,1235.91
BI100119,2024-07-15,MW,13,95.07,1235.91
BI100119,2024-07-15,MW,13,95.07,1235.91
BI100119,2024-07-15,MW,13,95.07,1235.91
BI100119,2024-07-15,MW,14,95.07,1330.98
BI100119,2024-07-15,TX,12,95.07,1140.84
BI100119,2024-07-15,TX,12,95.07,1140.84
BI100119,2024-07-15,TX,13,95.07,1235.91
BI100119,2024-07-15,TX,13,95.07,1235.91
BI100119,2024-07-15,MTN,14,95.07,1330.98
BI100119,2024-07-15,MTN,14,95.07,1330.98
BI100119,2024-07-15,MTN,14,95.07,1330.98
BI100119,2024-07-15,PSW,13,95.07,1235.91
BI100119,2024-07-15,PSW,13,95.07,1235.91
BI100119,2024-07-15,PSW,13,95.07,1235.91
BI100119,2024-07-15,PNW,15,95.07,1426.05
BI100119,2024-07-15,PNW,15,95.07,1426.05
BI100119,2024-07-15,PNW,15,95.07,1426.05
BI100119,2024-08-15,NE,12,95.07,1140.84
BI100119,2024-08-15,NE,12,95.07,1140.84
BI100119,2024-08-15,NE,12,95.07,1140.84
BI100119,2024-08-15,NE,12,95.07,1140.84
BI100119,2024-08-15,MA,15,95.07,1426.05
BI100119,2024-08-15,MA,16,95.07,1521.12
BI100119,2024-08-15,MA,16,95.07,1521.12
BI100119,2024-08-15,SE,12,95.07,1140.84
BI100119,2024-08-15,SE,12,95.07,1140.84
BI100119,2024-08-15,SE,13,95.07,1235.91
BI100119,2024-08-15,MW,14,95.07,1330.98
BI100119,2024-08-15,MW,14,95.07,1330.98
BI100119,2024-08-15,MW,14,95.07,1330.98
BI100119,2024-08-15,MW,15,95.07,1426.05
BI100119,2024-08-15,TX,15,95.07,1426.05
BI100119,2024-08-15,TX,16,95.07,1521.12
BI100119,2024-08-15,TX,16,95.07,1521.12
BI100119,2024-08-15,MTN,15,95.07,1426.05
BI100119,2024-08-15,MTN,16,95.07,1521.12
BI100119,2024-08-15,MTN,16,95.07,1521.12
BI100119,2024-08-15,PSW,17,95.07,1616.19
BI100119,2024-08-15,PSW,18,95.07,1711.26
BI100119,2024-08-15,PNW,15,95.07,1426.05
BI100119,2024-08-15,PNW,15,95.07,1426.05
BI100119,2024-08-15,PNW,16,95.07,1521.12
BI100119,2024-09-15,NE,14,95.07,1330.98
BI100119,2024-09-15,NE,14,95.07,1330.98
BI100119,2024-09-15,NE,15,95.07,1426.05
BI100119,2024-09-15,MA,15,95.07,1426.05
BI100119,2024-09-15,MA,15,95.07,1426.05
BI100119,2024-09-15,MA,15,95.07,1426.05
BI100119,2024-09-15,SE,17,95.07,1616.19
BI100119,2024-09-15,SE,17,95.07,1616.19
BI100119,2024-09-15,MW,14,95.07,1330.98
BI100119,2024-09-15,MW,14,95.07,1330.98
BI100119,2024-09-15,MW,14,95.07,1330.98
BI100119,2024-09-15,MW,15,95.07,1426.05
BI100119,2024-09-15,TX,15,95.07,1426.05
BI100119,2024-09-15,TX,15,95.07,1426.05
BI100119,2024-09-15,TX,16,95.07,1521.12
BI100119,2024-09-15,MTN,13,95.07,1235.91
BI100119,2024-09-15,MTN,14,95.07,1330.98
BI100119,2024-09-15,MTN,14,95.07,1330.98
BI100119,2024-09-15,PSW,12,95.07,1140.84
BI100119,2024-09-15,PSW,13,95.07,1235.91
BI100119,2024-09-15,PSW,13,95.07,1235.91
BI100119,2024-09-15,PNW,15,95.07,1426.05
BI100119,2024-09-15,PNW,15,95.07,1426.05
BI100119,2024-09-15,PNW,15,95.07,1426.05
BI100119,2024-10-15,NE,13,95.07,1235.91
BI100119,2024-10-15,NE,13,95.07,1235.91
BI100119,2024-10-15,NE,14,95.07,1330.98
BI100119,2024-10-15,MA,13,95.07,1235.91
BI100119,2024-10-15,MA,13,95.07,1235.91
BI100119,2024-10-15,MA,14,95.07,1330.98
BI100119,2024-10-15,SE,16,95.07,1521.12
BI100119,2024-10-15,SE,16,95.07,1521.12
BI100119,2024-10-15,MW,13,95.07,1235.91
BI100119,2024-10-15,MW,13,95.07,1235.91
BI100119,2024-10-15,MW,13,95.07,1235.91
BI100119,2024-10-15,MW,14,95.07,1330.98
BI100119,2024-10-15,TX,12,95.07,1140.84
BI100119,2024-10-15,TX,13,95.07,1235.91
BI100119,2024-10-15,TX,13,95.07,1235.91
BI100119,2024-10-15,MTN,17,95.07,1616.19
BI100119,2024-10-15,MTN,18,95.07,1711.26
BI100119,2024-10-15,PSW,15,95.07,1426.05
BI100119,2024-10-15,PSW,16,95.07,1521.12
BI100119,2024-10-15,PNW,13,95.07,1235.91
BI100119,2024-10-15,PNW,14,95.07,1330.98
BI100119,2024-10-15,PNW,14,95.07,1330.98
BI100119,2024-11-15,NE,12,95.07,1140.84
BI100119,2024-11-15,NE,12,95.07,1140.84
BI100119,2024-11-15,NE,12,95.07,1140.84
BI100119,2024-11-15,MA,12,95.07,1140.84
BI100119,2024-11-15,MA,12,95.07,1140.84
BI100119,2024-11-15,MA,12,95.07,1140.84
BI100119,2024-11-15,SE,16,95.07,1521.12
BI100119,2024-11-15,SE,16,95.07,1521.12
BI100119,2024-11-15,MW,13,95.07,1235.91
BI100119,2024-11-15,MW,13,95.07,1235.91
BI100119,2024-11-15,MW,13,95.07,1235.91
BI100119,2024-11-15,MW,13,95.07,1235.91
BI100119,2024-11-15,TX,12,95.07,1140.84
BI100119,2024-11-15,TX,12,95.07,1140.84
BI100119,2024-11-15,TX,12,95.07,1140.84
BI100119,2024-11-15,MTN,12,95.07,1140.84
BI100119,2024-11-15,MTN,12,95.07,1140.84
BI100119,2024-11-15,MTN,12,95.07,1140.84
BI100119,2024-11-15,PSW,16,95.07,1521.12
BI100119,2024-11-15,PSW,16,95.07,1521.12
BI100119,2024-11-15,PNW,12,95.07,1140.84
BI100119,2024-11-15,PNW,12,95.07,1140.84
BI100119,2024-11-15,PNW,13,95.07,1235.91
BI100119,2024-12-15,NE,12,95.07,1140.84
BI100119,2024-12-15,NE,13,95.07,1235.91
BI100119,2024-12-15,NE,13,95.07,1235.91
BI100119,2024-12-15,MA,17,95.07,1616.19
BI100119,2024-12-15,MA,18,95.07,1711.26
BI100119,2024-12-15,SE,13,95.07,1235.91
BI100119,2024-12-15,SE,14,95.07,1330.98
BI100119,2024-12-15,MW,15,95.07,1426.05
BI100119,2024-12-15,MW,15,95.07,1426.05
BI100119,2024-12-15,MW,16,95.07,1521.12
BI100119,2024-12-15,TX,12,95.07,1140.84
BI100119,2024-12-15,TX,12,95.07,1140.84
BI100119,2024-12-15,TX,13,95.07,1235.91
BI100119,2024-12-15,MTN,17,95.07,1616.19
BI100119,2024-12-15,MTN,18,95.07,1711.26
BI100119,2024-12-15,PSW,14,95.07,1330.98
BI100119,2024-12-15,PSW,15,95.07,1426.05
BI100119,2024-12-15,PNW,17,95.07,1616.19
BI100119,2024-12-15,PNW,18,95.07,1711.26
BI100119,2025-01-15,NE,12,95.07,1140.84
BI100119,2025-01-15,NE,13,95.07,1235.91
BI100119,2025-01-15,NE,13,95.07,1235.91
BI100119,2025-01-15,MA,17,95.07,1616.19
BI100119,2025-01-15,MA,18,95.07,1711.26
BI100119,2025-01-15,SE,15,95.07,1426.05
BI100119,2025-01-15,SE,16,95.07,1521.12
BI100119,2025-01-15,MW,15,95.07,1426.05
BI100119,2025-01-15,MW,15,95.07,1426.05
BI100119,2025-01-15,MW,16,95.07,1521.12
BI100119,2025-01-15,TX,12,95.07,1140.84
BI100119,2025-01-15,TX,12,95.07,1140.84
BI100119,2025-01-15,TX,12,95.07,1140.84
BI100119,2025-01-15,MTN,17,95.07,1616.19
BI100119,2025-01-15,MTN,17,95.07,1616.19
BI100119,2025-01-15,PSW,16,95.07,1521.12
BI100119,2025-01-15,PSW,17,95.07,1616.19
BI100119,2025-01-15,PNW,13,95.07,1235.91
BI100119,2025-01-15,PNW,14,95.07,1330.98
BI100119,2025-01-15,PNW,14,95.07,1330.98
BI100119,2025-02-15,NE,12,95.07,1140.84
BI100119,2025-02-15,NE,12,95.07,1140.84
BI100119,2025-02-15,MA,22,95.07,2091.54
BI100119,2025-02-15,SE,17,95.07,1616.19
BI100119,2025-02-15,MW,15,95.07,1426.05
BI100119,2025-02-15,MW,15,95.07,1426.05
BI100119,2025-02-15,TX,22,95.07,2091.54
BI100119,2025-02-15,MTN,22,95.07,2091.54
BI100119,2025-02-15,PSW,19,95.07,1806.33
BI100119,2025-02-15,PNW,22,95.07,2091.54
BI100119,2025-03-15,NE,12,95.07,1140.84
BI100119,2025-03-15,NE,13,95.07,1235.91
BI100119,2025-03-15,MA,12,95.07,1140.84
BI100119,2025-03-15,MA,12,95.07,1140.84
BI100119,2025-03-15,SE,21,95.07,1996.47
BI100119,2025-03-15,MW,15,95.07,1426.05
BI100119,2025-03-15,MW,15,95.07,1426.05
BI100119,2025-03-15,TX,13,95.07,1235.91
BI100119,2025-03-15,TX,14,95.07,1330.98
BI100119,2025-03-15,MTN,23,95.07,2186.61
BI100119,2025-03-15,PSW,20,95.07,1901.4
BI100119,2025-03-15,PNW,13,95.07,1235.91
BI100119,2025-03-15,PNW,13,95.07,1235.91
BI100119,2025-04-15,NE,12,95.07,1140.84
BI100119,2025-04-15,NE,13,95.07,1235.91
BI100119,2025-04-15,MA,13,95.07,1235.91
BI100119,2025-04-15,MA,14,95.07,1330.98
BI100119,2025-04-15,SE,19,95.07,1806.33
BI100119,2025-04-15,MW,12,95.07,1140.84
BI100119,2025-04-15,MW,12,95.07,1140.84
BI100119,2025-04-15,MW,13,95.07,1235.91
BI100119,2025-04-15,TX,14,95.07,1330.98
BI100119,2025-04-15,TX,14,95.07,1330.98
BI100119,2025-04-15,MTN,13,95.07,1235.91
BI100119,2025-04-15,MTN,13,95.07,1235.91
BI100119,2025-04-15,PSW,22,95.07,2091.54
BI100119,2025-04-15,PNW,13,95.07,1235.91
BI100119,2025-04-15,PNW,14,95.07,1330.98
BI100119,2025-05-15,NE,12,95.07,1140.84
BI100119,2025-05-15,NE,13,95.07,1235.91
BI100119,2025-05-15,NE,13,95.07,1235.91
BI100119,2025-05-15,NE,13,95.07,1235.91
BI100119,2025-05-15,MA,15,95.07,1426.05
BI100119,2025-05-15,MA,15,95.07,1426.05
BI100119,2025-05-15,MA,16,95.07,1521.12
BI100119,2025-05-15,SE,12,95.07,1140.84
BI100119,2025-05-15,SE,13,95.07,1235.91
BI100119,2025-05-15,SE,13,95.07,1235.91
BI100119,2025-05-15,MW,13,95.07,1235.91
BI100119,2025-05-15,MW,13,95.07,1235.91
BI100119,2025-05-15,MW,13,95.07,1235.91
BI100119,2025-05-15,MW,14,95.07,1330.98
BI100119,2025-05-15,MW,14,95.07,1330.98
BI100119,2025-05-15,TX,13,95.07,1235.91
BI100119,2025-05-15,TX,13,95.07,1235.91
BI100119,2025-05-15,TX,13,95.07,1235.91
BI100119,2025-05-15,TX,13,95.07,1235.91
BI100119,2025-05-15,MTN,12,95.07,1140.84
BI100119,2025-05-15,MTN,12,95.07,1140.84
BI100119,2025-05-15,MTN,12,95.07,1140.84
BI100119,2025-05-15,MTN,13,95.07,1235.91
BI100119,2025-05-15,PSW,14,95.07,1330.98
BI100119,2025-05-15,PSW,15,95.07,1426.05
BI100119,2025-05-15,PSW,15,95.07,1426.05
BI100119,2025-05-15,PNW,13,95.07,1235.91
BI100119,2025-05-15,PNW,13,95.07,1235.91
BI100119,2025-05-15,PNW,14,95.07,1330.98
BI100119,2025-05-15,PNW,14,95.07,1330.98
BI100119,2025-06-15,NE,14,95.07,1330.98
BI100119,2025-06-15,NE,14,95.07,1330.98
BI100119,2025-06-15,NE,14,95.07,1330.98
BI100119,2025-06-15,NE,15,95.07,1426.05
BI100119,2025-06-15,MA,12,95.07,1140.84
BI100119,2025-06-15,MA,12,95.07,1140.84
BI100119,2025-06-15,MA,13,95.07,1235.91
BI100119,2025-06-15,MA,13,95.07,1235.91
BI100119,2025-06-15,SE,13,95.07,1235.91
BI100119,2025-06-15,SE,13,95.07,1235.91
BI100119,2025-06-15,SE,14,95.07,1330.98
BI100119,2025-06-15,MW,13,95.07,1235.91
BI100119,2025-06-15,MW,13,95.07,1235.91
BI100119,2025-06-15,MW,13,95.07,1235.91
BI100119,2025-06-15,MW,13,95.07,1235.91
BI100119,2025-06-15,MW,14,95.07,1330.98
BI100119,2025-06-15,TX,13,95.07,1235.91
BI100119,2025-06-15,TX,13,95.07,1235.91
BI100119,2025-06-15,TX,13,95.07,1235.91
BI100119,2025-06-15,TX,14,95.07,1330.98
BI100119,2025-06-15,MTN,12,95.07,1140.84
BI100119,2025-06-15,MTN,12,95.07,1140.84
BI100119,2025-06-15,MTN,12,95.07,1140.84
BI100119,2025-06-15,MTN,13,95.07,1235.91
BI100119,2025-06-15,PSW,14,95.07,1330.98
BI100119,2025-06-15,PSW,14,95.07,1330.98
BI100119,2025-06-15,PSW,15,95.07,1426.05
BI100119,2025-06-15,PNW,12,95.07,1140.84
BI100119,2025-06-15,PNW,12,95.07,1140.84
BI100119,2025-06-15,PNW,13,95.07,1235.91
BI100119,2025-06-15,PNW,13,95.07,1235.91
BI100119,2025-07-15,NE,14,95.07,1330.98
BI100119,2025-07-15,NE,14,95.07,1330.98
BI100119,2025-07-15,NE,14,95.07,1330.98
BI100119,2025-07-15,NE,14,95.07,1330.98
BI100119,2025-07-15,MA,12,95.07,1140.84
BI100119,2025-07-15,MA,12,95.07,1140.84
BI100119,2025-07-15,MA,12,95.07,1140.84
BI100119,2025-07-15,MA,13,95.07,1235.91
BI100119,2025-07-15,SE,14,95.07,1330.98
BI100119,2025-07-15,SE,14,95.07,1330.98
BI100119,2025-07-15,SE,14,95.07,1330.98
BI100119,2025-07-15,MW,14,95.07,1330.98
BI100119,2025-07-15,MW,14,95.07,1330.98
BI100119,2025-07-15,MW,14,95.07,1330.98
BI100119,2025-07-15,MW,14,95.07,1330.98
BI100119,2025-07-15,MW,15,95.07,1426.05
BI100119,2025-07-15,TX,13,95.07,1235.91
BI100119,2025-07-15,TX,14,95.07,1330.98
BI100119,2025-07-15,TX,14,95.07,1330.98
BI100119,2025-07-15,TX,14,95.07,1330.98
BI100119,2025-07-15,MTN,15,95.07,1426.05
BI100119,2025-07-15,MTN,15,95.07,1426.05
BI100119,2025-07-15,MTN,16,95.07,1521.12
BI100119,2025-07-15,PSW,13,95.07,1235.91
BI100119,2025-07-15,PSW,14,95.07,1330.98
BI100119,2025-07-15,PSW,14,95.07,1330.98
BI100119,2025-07-15,PNW,12,95.07,1140.84
BI100119,2025-07-15,PNW,12,95.07,1140.84
BI100119,2025-07-15,PNW,12,95.07,1140.84
BI100119,2025-07-15,PNW,12,95.07,1140.84
BI100119,2025-08-15,NE,12,95.07,1140.84
BI100119,2025-08-15,NE,12,95.07,1140.84
BI100119,2025-08-15,NE,12,95.07,1140.84
BI100119,2025-08-15,NE,12,95.07,1140.84
BI100119,2025-08-15,MA,12,95.07,1140.84
BI100119,2025-08-15,MA,12,95.07,1140.84
BI100119,2025-08-15,MA,12,95.07,1140.84
BI100119,2025-08-15,MA,13,95.07,1235.91
BI100119,2025-08-15,SE,13,95.07,1235.91
BI100119,2025-08-15,SE,13,95.07,1235.91
BI100119,2025-08-15,SE,14,95.07,1330.98
BI100119,2025-08-15,MW,14,95.07,1330.98
BI100119,2025-08-15,MW,15,95.07,1426.05
BI100119,2025-08-15,MW,15,95.07,1426.05
BI100119,2025-08-15,MW,15,95.07,1426.05
BI100119,2025-08-15,TX,13,95.07,1235.91
BI100119,2025-08-15,TX,13,95.07,1235.91
BI100119,2025-08-15,TX,13,95.07,1235.91
BI100119,2025-08-15,TX,14,95.07,1330.98
BI100119,2025-08-15,MTN,15,95.07,1426.05
BI100119,2025-08-15,MTN,15,95.07,1426.05
BI100119,2025-08-15,MTN,16,95.07,1521.12
BI100119,2025-08-15,PSW,14,95.07,1330.98
BI100119,2025-08-15,PSW,14,95.07,1330.98
BI100119,2025-08-15,PSW,14,95.07,1330.98
BI100119,2025-08-15,PNW,15,95.07,1426.05
BI100119,2025-08-15,PNW,16,95.07,1521.12
BI100119,2025-08-15,PNW,16,95.07,1521.12
BI100119,2025-09-15,NE,12,95.07,1140.84
BI100119,2025-09-15,NE,12,95.07,1140.84
BI100119,2025-09-15,NE,13,95.07,1235.91
BI100119,2025-09-15,NE,13,95.07,1235.91
BI100119,2025-09-15,MA,15,95.07,1426.05
BI100119,2025-09-15,MA,15,95.07,1426.05
BI100119,2025-09-15,MA,16,95.07,1521.12
BI100119,2025-09-15,SE,12,95.07,1140.84
BI100119,2025-09-15,SE,13,95.07,1235.91
BI100119,2025-09-15,SE,13,95.07,1235.91
BI100119,2025-09-15,MW,12,95.07,1140.84
BI100119,2025-09-15,MW,12,95.07,1140.84
BI100119,2025-09-15,MW,12,95.07,1140.84
BI100119,2025-09-15,MW,13,95.07,1235.91
BI100119,2025-09-15,MW,13,95.07,1235.91
BI100119,2025-09-15,TX,15,95.07,1426.05
BI100119,2025-09-15,TX,15,95.07,1426.05
BI100119,2025-09-15,TX,15,95.07,1426.05
BI100119,2025-09-15,MTN,14,95.07,1330.98
BI100119,2025-09-15,MTN,14,95.07,1330.98
BI100119,2025-09-15,MTN,14,95.07,1330.98
BI100119,2025-09-15,PSW,13,95.07,1235.91
BI100119,2025-09-15,PSW,14,95.07,1330.98
BI100119,2025-09-15,PSW,14,95.07,1330.98
BI100119,2025-09-15,PNW,12,95.07,1140.84
BI100119,2025-09-15,PNW,12,95.07,1140.84
BI100119,2025-09-15,PNW,12,95.07,1140.84
BI100119,2025-09-15,PNW,13,95.07,1235.91
BI100119,2025-10-15,NE,14,95.07,1330.98
BI100119,2025-10-15,NE,14,95.07,1330.98
BI100119,2025-10-15,NE,15,95.07,1426.05
BI100119,2025-10-15,MA,13,95.07,1235.91
BI100119,2025-10-15,MA,13,95.07,1235.91
BI100119,2025-10-15,MA,14,95.07,1330.98
BI100119,2025-10-15,SE,16,95.07,1521.12
BI100119,2025-10-15,SE,17,95.07,1616.19
BI100119,2025-10-15,MW,13,95.07,1235.91
BI100119,2025-10-15,MW,13,95.07,1235.91
BI100119,2025-10-15,MW,13,95.07,1235.91
BI100119,2025-10-15,MW,14,95.07,1330.98
BI100119,2025-10-15,TX,15,95.07,1426.05
BI100119,2025-10-15,TX,16,95.07,1521.12
BI100119,2025-10-15,TX,16,95.07,1521.12
BI100119,2025-10-15,MTN,13,95.07,1235.91
BI100119,2025-10-15,MTN,14,95.07,1330.98
BI100119,2025-10-15,MTN,14,95.07,1330.98
BI100119,2025-10-15,PSW,12,95.07,1140.84
BI100119,2025-10-15,PSW,12,95.07,1140.84
BI100119,2025-10-15,PSW,12,95.07,1140.84
BI100119,2025-10-15,PNW,14,95.07,1330.98
BI100119,2025-10-15,PNW,14,95.07,1330.98
BI100119,2025-10-15,PNW,15,95.07,1426.05
BI100119,2025-11-15,NE,14,95.07,1330.98
BI100119,2025-11-15,NE,15,95.07,1426.05
BI100119,2025-11-15,NE,15,95.07,1426.05
BI100119,2025-11-15,MA,13,95.07,1235.91
BI100119,2025-11-15,MA,13,95.07,1235.91
BI100119,2025-11-15,MA,14,95.07,1330.98
BI100119,2025-11-15,SE,16,95.07,1521.12
BI100119,2025-11-15,SE,17,95.07,1616.19
BI100119,2025-11-15,MW,12,95.07,1140.84
BI100119,2025-11-15,MW,13,95.07,1235.91
BI100119,2025-11-15,MW,13,95.07,1235.91
BI100119,2025-11-15,MW,13,95.07,1235.91
BI100119,2025-11-15,TX,14,95.07,1330.98
BI100119,2025-11-15,TX,14,95.07,1330.98
BI100119,2025-11-15,TX,15,95.07,1426.05
BI100119,2025-11-15,MTN,13,95.07,1235.91
BI100119,2025-11-15,MTN,14,95.07,1330.98
BI100119,2025-11-15,MTN,14,95.07,1330.98
BI100119,2025-11-15,PSW,16,95.07,1521.12
BI100119,2025-11-15,PSW,17,95.07,1616.19
BI100119,2025-11-15,PNW,13,95.07,1235.91
BI100119,2025-11-15,PNW,13,95.07,1235.91
BI100119,2025-11-15,PNW,13,95.07,1235.91
BI100119,2025-12-15,NE,13,95.07,1235.91
BI100119,2025-12-15,NE,13,95.07,1235.91
BI100119,2025-12-15,NE,13,95.07,1235.91
BI100119,2025-12-15,MA,13,95.07,1235.91
BI100119,2025-12-15,MA,13,95.07,1235.91
BI100119,2025-12-15,MA,13,95.07,1235.91
BI100119,2025-12-15,SE,14,95.07,1330.98
BI100119,2025-12-15,SE,15,95.07,1426.05
BI100119,2025-12-15,MW,15,95.07,1426.05
BI100119,2025-12-15,MW,16,95.07,1521.12
BI100119,2025-12-15,MW,16,95.07,1521.12
BI100119,2025-12-15,TX,13,95.07,1235.91
BI100119,2025-12-15,TX,13,95.07,1235.91
BI100119,2025-12-15,TX,14,95.07,1330.98
BI100119,2025-12-15,MTN,17,95.07,1616.19
BI100119,2025-12-15,MTN,18,95.07,1711.26
BI100119,2025-12-15,PSW,16,95.07,1521.12
BI100119,2025-12-15,PSW,16,95.07,1521.12
BI100119,2025-12-15,PNW,14,95.07,1330.98
BI100119,2025-12-15,PNW,14,95.07,1330.98
BI100119,2025-12-15,PNW,14,95.07,1330.98
BI100126,2024-01-15,NE,15,185.5,2782.5
BI100126,2024-01-15,NE,16,185.5,2968.0
BI100126,2024-01-15,NE,16,185.5,2968.0
BI100126,2024-01-15,MA,14,185.5,2597.0
BI100126,2024-01-15,MA,14,185.5,2597.0
BI100126,2024-01-15,MA,14,185.5,2597.0
BI100126,2024-01-15,SE,17,185.5,3153.5
BI100126,2024-01-15,SE,18,185.5,3339.0
BI100126,2024-01-15,MW,16,185.5,2968.0
BI100126,2024-01-15,MW,16,185.5,2968.0
BI100126,2024-01-15,TX,17,185.5,3153.5
BI100126,2024-01-15,TX,18,185.5,3339.0
BI100126,2024-01-15,MTN,13,185.5,2411.5
BI100126,2024-01-15,MTN,13,185.5,2411.5
BI100126,2024-01-15,MTN,14,185.5,2597.0
BI100126,2024-01-15,PSW,14,185.5,2597.0
BI100126,2024-01-15,PSW,14,185.5,2597.0
BI100126,2024-01-15,PSW,15,185.5,2782.5
BI100126,2024-01-15,PNW,17,185.5,3153.5
BI100126,2024-01-15,PNW,18,185.5,3339.0
BI100126,2024-02-15,NE,15,185.5,2782.5
BI100126,2024-02-15,NE,15,185.5,2782.5
BI100126,2024-02-15,NE,16,185.5,2968.0
BI100126,2024-02-15,MA,14,185.5,2597.0
BI100126,2024-02-15,MA,15,185.5,2782.5
BI100126,2024-02-15,MA,15,185.5,2782.5
BI100126,2024-02-15,SE,13,185.5,2411.5
BI100126,2024-02-15,SE,14,185.5,2597.0
BI100126,2024-02-15,SE,14,185.5,2597.0
BI100126,2024-02-15,MW,13,185.5,2411.5
BI100126,2024-02-15,MW,13,185.5,2411.5
BI100126,2024-02-15,MW,13,185.5,2411.5
BI100126,2024-02-15,TX,12,185.5,2226.0
BI100126,2024-02-15,TX,12,185.5,2226.0
BI100126,2024-02-15,TX,12,185.5,2226.0
BI100126,2024-02-15,MTN,14,185.5,2597.0
BI100126,2024-02-15,MTN,15,185.5,2782.5
BI100126,2024-02-15,MTN,15,185.5,2782.5
BI100126,2024-02-15,PSW,13,185.5,2411.5
BI100126,2024-02-15,PSW,13,185.5,2411.5
BI100126,2024-02-15,PSW,13,185.5,2411.5
BI100126,2024-02-15,PSW,13,185.5,2411.5
BI100126,2024-02-15,PNW,17,185.5,3153.5
BI100126,2024-02-15,PNW,18,185.5,3339.0
BI100126,2024-03-15,NE,13,185.5,2411.5
BI100126,2024-03-15,NE,13,185.5,2411.5
BI100126,2024-03-15,NE,13,185.5,2411.5
BI100126,2024-03-15,NE,13,185.5,2411.5
BI100126,2024-03-15,MA,13,185.5,2411.5
BI100126,2024-03-15,MA,13,185.5,2411.5
BI100126,2024-03-15,MA,14,185.5,2597.0
BI100126,2024-03-15,MA,14,185.5,2597.0
BI100126,2024-03-15,SE,14,185.5,2597.0
BI100126,2024-03-15,SE,14,185.5,2597.0
BI100126,2024-03-15,SE,14,185.5,2597.0
BI100126,2024-03-15,MW,14,185.5,2597.0
BI100126,2024-03-15,MW,15,185.5,2782.5
BI100126,2024-03-15,MW,15,185.5,2782.5
BI100126,2024-03-15,TX,13,185.5,2411.5
BI100126,2024-03-15,TX,13,185.5,2411.5
BI100126,2024-03-15,TX,13,185.5,2411.5
BI100126,2024-03-15,MTN,15,185.5,2782.5
BI100126,2024-03-15,MTN,15,185.5,2782.5
BI100126,2024-03-15,MTN,16,185.5,2968.0
BI100126,2024-03-15,PSW,13,185.5,2411.5
BI100126,2024-03-15,PSW,14,185.5,2597.0
BI100126,2024-03-15,PSW,14,185.5,2597.0
BI100126,2024-03-15,PSW,14,185.5,2597.0
BI100126,2024-03-15,PNW,13,185.5,2411.5
BI100126,2024-03-15,PNW,14,185.5,2597.0
BI100126,2024-03-15,PNW,14,185.5,2597.0
BI100126,2024-04-15,NE,13,185.5,2411.5
BI100126,2024-04-15,NE,14,185.5,2597.0
BI100126,2024-04-15,NE,14,185.5,2597.0
BI100126,2024-04-15,NE,14,185.5,2597.0
BI100126,2024-04-15,MA,14,185.5,2597.0
BI100126,2024-04-15,MA,14,185.5,2597.0
BI100126,2024-04-15,MA,14,185.5,2597.0
BI100126,2024-04-15,MA,14,185.5,2597.0
BI100126,2024-04-15,SE,12,185.5,2226.0
BI100126,2024-04-15,SE,12,185.5,2226.0
BI100126,2024-04-15,SE,12,185.5,2226.0
BI100126,2024-04-15,SE,12,185.5,2226.0
BI100126,2024-04-15,MW,14,185.5,2597.0
BI100126,2024-04-15,MW,15,185.5,2782.5
BI100126,2024-04-15,MW,15,185.5,2782.5
BI100126,2024-04-15,TX,14,185.5,2597.0
BI100126,2024-04-15,TX,14,185.5,2597.0
BI100126,2024-04-15,TX,14,185.5,2597.0
BI100126,2024-04-15,MTN,12,185.5,2226.0
BI100126,2024-04-15,MTN,12,185.5,2226.0
BI100126,2024-04-15,MTN,12,185.5,2226.0
BI100126,2024-04-15,MTN,12,185.5,2226.0
BI100126,2024-04-15,PSW,12,185.5,2226.0
BI100126,2024-04-15,PSW,12,185.5,2226.0
BI100126,2024-04-15,PSW,12,185.5,2226.0
BI100126,2024-04-15,PSW,13,185.5,2411.5
BI100126,2024-04-15,PSW,13,185.5,2411.5
BI100126,2024-04-15,PNW,13,185.5,2411.5
BI100126,2024-04-15,PNW,14,185.5,2597.0
BI100126,2024-04-15,PNW,14,185.5,2597.0
BI100126,2024-05-15,NE,12,185.5,2226.0
BI100126,2024-05-15,NE,12,185.5,2226.0
BI100126,2024-05-15,NE,13,185.5,2411.5
BI100126,2024-05-15,NE,13,185.5,2411.5
BI100126,2024-05-15,NE,13,185.5,2411.5
BI100126,2024-05-15,MA,14,185.5,2597.0
BI100126,2024-05-15,MA,14,185.5,2597.0
BI100126,2024-05-15,MA,14,185.5,2597.0
BI100126,2024-05-15,MA,15,185.5,2782.5
BI100126,2024-05-15,SE,12,185.5,2226.0
BI100126,2024-05-15,SE,13,185.5,2411.5
BI100126,2024-05-15,SE,13,185.5,2411.5
BI100126,2024-05-15,SE,13,185.5,2411.5
BI100126,2024-05-15,MW,12,185.5,2226.0
BI100126,2024-05-15,MW,12,185.5,2226.0
BI100126,2024-05-15,MW,12,185.5,2226.0
BI100126,2024-05-15,MW,13,185.5,2411.5
BI100126,2024-05-15,TX,14,185.5,2597.0
BI100126,2024-05-15,TX,14,185.5,2597.0
BI100126,2024-05-15,TX,15,185.5,2782.5
BI100126,2024-05-15,MTN,13,185.5,2411.5
BI100126,2024-05-15,MTN,14,185.5,2597.0
BI100126,2024-05-15,MTN,14,185.5,2597.0
BI100126,2024-05-15,MTN,14,185.5,2597.0
BI100126,2024-05-15,PSW,14,185.5,2597.0
BI100126,2024-05-15,PSW,14,185.5,2597.0
BI100126,2024-05-15,PSW,15,185.5,2782.5
BI100126,2024-05-15,PSW,15,185.5,2782.5
BI100126,2024-05-15,PNW,14,185.5,2597.0
BI100126,2024-05-15,PNW,15,185.5,2782.5
BI100126,2024-05-15,PNW,15,185.5,2782.5
BI100126,2024-06-15,NE,12,185.5,2226.0
BI100126,2024-06-15,NE,12,185.5,2226.0
BI100126,2024-06-15,NE,13,185.5,2411.5
BI100126,2024-06-15,NE,13,185.5,2411.5
BI100126,2024-06-15,NE,13,185.5,2411.5
BI100126,2024-06-15,MA,12,185.5,2226.0
BI100126,2024-06-15,MA,12,185.5,2226.0
BI100126,2024-06-15,MA,13,185.5,2411.5
BI100126,2024-06-15,MA,13,185.5,2411.5
BI100126,2024-06-15,MA,13,185.5,2411.5
BI100126,2024-06-15,SE,13,185.5,2411.5
BI100126,2024-06-15,SE,13,185.5,2411.5
BI100126,2024-06-15,SE,13,185.5,2411.5
BI100126,2024-06-15,SE,14,185.5,2597.0
BI100126,2024-06-15,MW,15,185.5,2782.5
BI100126,2024-06-15,MW,15,185.5,2782.5
BI100126,2024-06-15,MW,15,185.5,2782.5
BI100126,2024-06-15,TX,15,185.5,2782.5
BI100126,2024-06-15,TX,15,185.5,2782.5
BI100126,2024-06-15,TX,16,185.5,2968.0
BI100126,2024-06-15,MTN,13,185.5,2411.5
BI100126,2024-06-15,MTN,13,185.5,2411.5
BI100126,2024-06-15,MTN,14,185.5,2597.0
BI100126,2024-06-15,MTN,14,185.5,2597.0
BI100126,2024-06-15,PSW,14,185.5,2597.0
BI100126,2024-06-15,PSW,15,185.5,2782.5
BI100126,2024-06-15,PSW,15,185.5,2782.5
BI100126,2024-06-15,PSW,15,185.5,2782.5
BI100126,2024-06-15,PNW,12,185.5,2226.0
BI100126,2024-06-15,PNW,12,185.5,2226.0
BI100126,2024-06-15,PNW,12,185.5,2226.0
BI100126,2024-06-15,PNW,13,185.5,2411.5
BI100126,2024-07-15,NE,14,185.5,2597.0
BI100126,2024-07-15,NE,14,185.5,2597.0
BI100126,2024-07-15,NE,15,185.5,2782.5
BI100126,2024-07-15,NE,15,185.5,2782.5
BI100126,2024-07-15,MA,12,185.5,2226.0
BI100126,2024-07-15,MA,12,185.5,2226.0
BI100126,2024-07-15,MA,12,185.5,2226.0
BI100126,2024-07-15,MA,12,185.5,2226.0
BI100126,2024-07-15,MA,13,185.5,2411.5
BI100126,2024-07-15,SE,12,185.5,2226.0
BI100126,2024-07-15,SE,12,185.5,2226.0
BI100126,2024-07-15,SE,13,185.5,2411.5
BI100126,2024-07-15,SE,13,185.5,2411.5
BI100126,2024-07-15,MW,14,185.5,2597.0
BI100126,2024-07-15,MW,14,185.5,2597.0
BI100126,2024-07-15,MW,15,185.5,2782.5
BI100126,2024-07-15,TX,12,185.5,2226.0
BI100126,2024-07-15,TX,12,185.5,2226.0
BI100126,2024-07-15,TX,12,185.5,2226.0
BI100126,2024-07-15,TX,12,185.5,2226.0
BI100126,2024-07-15,MTN,12,185.5,2226.0
BI100126,2024-07-15,MTN,12,185.5,2226.0
BI100126,2024-07-15,MTN,12,185.5,2226.0
BI100126,2024-07-15,MTN,13,185.5,2411.5
BI100126,2024-07-15,PSW,12,185.5,2226.0
BI100126,2024-07-15,PSW,12,185.5,2226.0
BI100126,2024-07-15,PSW,12,185.5,2226.0
BI100126,2024-07-15,PSW,13,185.5,2411.5
BI100126,2024-07-15,PSW,13,185.5,2411.5
BI100126,2024-07-15,PNW,12,185.5,2226.0
BI100126,2024-07-15,PNW,12,185.5,2226.0
BI100126,2024-07-15,PNW,12,185.5,2226.0
BI100126,2024-07-15,PNW,12,185.5,2226.0
BI100126,2024-08-15,NE,12,185.5,2226.0
BI100126,2024-08-15,NE,12,185.5,2226.0
BI100126,2024-08-15,NE,12,185.5,2226.0
BI100126,2024-08-15,NE,12,185.5,2226.0
BI100126,2024-08-15,NE,13,185.5,2411.5
BI100126,2024-08-15,MA,12,185.5,2226.0
BI100126,2024-08-15,MA,12,185.5,2226.0
BI100126,2024-08-15,MA,12,185.5,2226.0
BI100126,2024-08-15,MA,12,185.5,2226.0
BI100126,2024-08-15,MA,12,185.5,2226.0
BI100126,2024-08-15,SE,13,185.5,2411.5
BI100126,2024-08-15,SE,13,185.5,2411.5
BI100126,2024-08-15,SE,13,185.5,2411.5
BI100126,2024-08-15,SE,13,185.5,2411.5
BI100126,2024-08-15,MW,15,185.5,2782.5
BI100126,2024-08-15,MW,15,185.5,2782.5
BI100126,2024-08-15,MW,16,185.5,2968.0
BI100126,2024-08-15,TX,15,185.5,2782.5
BI100126,2024-08-15,TX,16,185.5,2968.0
BI100126,2024-08-15,TX,16,185.5,2968.0
BI100126,2024-08-15,MTN,12,185.5,2226.0
BI100126,2024-08-15,MTN,12,185.5,2226.0
BI100126,2024-08-15,MTN,12,185.5,2226.0
BI100126,2024-08-15,MTN,12,185.5,2226.0
BI100126,2024-08-15,PSW,12,185.5,2226.0
BI100126,2024-08-15,PSW,12,185.5,2226.0
BI100126,2024-08-15,PSW,12,185.5,2226.0
BI100126,2024-08-15,PSW,13,185.5,2411.5
BI100126,2024-08-15,PSW,13,185.5,2411.5
BI100126,2024-08-15,PNW,14,185.5,2597.0
BI100126,2024-08-15,PNW,15,185.5,2782.5
BI100126,2024-08-15,PNW,15,185.5,2782.5
BI100126,2024-09-15,NE,14,185.5,2597.0
BI100126,2024-09-15,NE,14,185.5,2597.0
BI100126,2024-09-15,NE,14,185.5,2597.0
BI100126,2024-09-15,NE,15,185.5,2782.5
BI100126,2024-09-15,MA,14,185.5,2597.0
BI100126,2024-09-15,MA,14,185.5,2597.0
BI100126,2024-09-15,MA,14,185.5,2597.0
BI100126,2024-09-15,MA,15,185.5,2782.5
BI100126,2024-09-15,SE,15,185.5,2782.5
BI100126,2024-09-15,SE,15,185.5,2782.5
BI100126,2024-09-15,SE,16,185.5,2968.0
BI100126,2024-09-15,MW,14,185.5,2597.0
BI100126,2024-09-15,MW,14,185.5,2597.0
BI100126,2024-09-15,MW,15,185.5,2782.5
BI100126,2024-09-15,TX,14,185.5,2597.0
BI100126,2024-09-15,TX,14,185.5,2597.0
BI100126,2024-09-15,TX,14,185.5,2597.0
BI100126,2024-09-15,MTN,14,185.5,2597.0
BI100126,2024-09-15,MTN,15,185.5,2782.5
BI100126,2024-09-15,MTN,15,185.5,2782.5
BI100126,2024-09-15,PSW,13,185.5,2411.5
BI100126,2024-09-15,PSW,13,185.5,2411.5
BI100126,2024-09-15,PSW,13,185.5,2411.5
BI100126,2024-09-15,PSW,14,185.5,2597.0
BI100126,2024-09-15,PNW,13,185.5,2411.5
BI100126,2024-09-15,PNW,13,185.5,2411.5
BI100126,2024-09-15,PNW,14,185.5,2597.0
BI100126,2024-10-15,NE,12,185.5,2226.0
BI100126,2024-10-15,NE,12,185.5,2226.0
BI100126,2024-10-15,NE,12,185.5,2226.0
BI100126,2024-10-15,NE,13,185.5,2411.5
BI100126,2024-10-15,MA,15,185.5,2782.5
BI100126,2024-10-15,MA,16,185.5,2968.0
BI100126,2024-10-15,MA,16,185.5,2968.0
BI100126,2024-10-15,SE,13,185.5,2411.5
BI100126,2024-10-15,SE,14,185.5,2597.0
BI100126,2024-10-15,SE,14,185.5,2597.0
BI100126,2024-10-15,MW,12,185.5,2226.0
BI100126,2024-10-15,MW,12,185.5,2226.0
BI100126,2024-10-15,MW,13,185.5,2411.5
BI100126,2024-10-15,TX,13,185.5,2411.5
BI100126,2024-10-15,TX,14,185.5,2597.0
BI100126,2024-10-15,TX,14,185.5,2597.0
BI100126,2024-10-15,MTN,13,185.5,2411.5
BI100126,2024-10-15,MTN,13,185.5,2411.5
BI100126,2024-10-15,MTN,14,185.5,2597.0
BI100126,2024-10-15,PSW,12,185.5,2226.0
BI100126,2024-10-15,PSW,12,185.5,2226.0
BI100126,2024-10-15,PSW,12,185.5,2226.0
BI100126,2024-10-15,PSW,13,185.5,2411.5
BI100126,2024-10-15,PNW,12,185.5,2226.0
BI100126,2024-10-15,PNW,12,185.5,2226.0
BI100126,2024-10-15,PNW,12,185.5,2226.0
BI100126,2024-11-15,NE,13,185.5,2411.5
BI100126,2024-11-15,NE,13,185.5,2411.5
BI100126,2024-11-15,NE,13,185.5,2411.5
BI100126,2024-11-15,NE,13,185.5,2411.5
BI100126,2024-11-15,MA,12,185.5,2226.0
BI100126,2024-11-15,MA,12,185.5,2226.0
BI100126,2024-11-15,MA,13,185.5,2411.5
BI100126,2024-11-15,MA,13,185.5,2411.5
BI100126,2024-11-15,SE,14,185.5,2597.0
BI100126,2024-11-15,SE,14,185.5,2597.0
BI100126,2024-11-15,SE,15,185.5,2782.5
BI100126,2024-11-15,MW,12,185.5,2226.0
BI100126,2024-11-15,MW,12,185.5,2226.0
BI100126,2024-11-15,MW,13,185.5,2411.5
BI100126,2024-11-15,TX,17,185.5,3153.5
BI100126,2024-11-15,TX,18,185.5,3339.0
BI100126,2024-11-15,MTN,13,185.5,2411.5
BI100126,2024-11-15,MTN,13,185.5,2411.5
BI100126,2024-11-15,MTN,13,185.5,2411.5
BI100126,2024-11-15,PSW,15,185.5,2782.5
BI100126,2024-11-15,PSW,16,185.5,2968.0
BI100126,2024-11-15,PSW,16,185.5,2968.0
BI100126,2024-11-15,PNW,13,185.5,2411.5
BI100126,2024-11-15,PNW,13,185.5,2411.5
BI100126,2024-11-15,PNW,13,185.5,2411.5
BI100126,2024-12-15,NE,12,185.5,2226.0
BI100126,2024-12-15,NE,12,185.5,2226.0
BI100126,2024-12-15,NE,12,185.5,2226.0
BI100126,2024-12-15,NE,13,185.5,2411.5
BI100126,2024-12-15,MA,14,185.5,2597.0
BI100126,2024-12-15,MA,14,185.5,2597.0
BI100126,2024-12-15,MA,15,185.5,2782.5
BI100126,2024-12-15,SE,14,185.5,2597.0
BI100126,2024-12-15,SE,14,185.5,2597.0
BI100126,2024-12-15,SE,14,185.5,2597.0
BI100126,2024-12-15,MW,12,185.5,2226.0
BI100126,2024-12-15,MW,13,185.5,2411.5
BI100126,2024-12-15,MW,13,185.5,2411.5
BI100126,2024-12-15,TX,12,185.5,2226.0
BI100126,2024-12-15,TX,13,185.5,2411.5
BI100126,2024-12-15,TX,13,185.5,2411.5
BI100126,2024-12-15,MTN,13,185.5,2411.5
BI100126,2024-12-15,MTN,13,185.5,2411.5
BI100126,2024-12-15,MTN,14,185.5,2597.0
BI100126,2024-12-15,PSW,12,185.5,2226.0
BI100126,2024-12-15,PSW,12,185.5,2226.0
BI100126,2024-12-15,PSW,12,185.5,2226.0
BI100126,2024-12-15,PSW,12,185.5,2226.0
BI100126,2024-12-15,PNW,17,185.5,3153.5
BI100126,2024-12-15,PNW,17,185.5,3153.5
BI100126,2025-01-15,NE,12,185.5,2226.0
BI100126,2025-01-15,NE,13,185.5,2411.5
BI100126,2025-01-15,NE,13,185.5,2411.5
BI100126,2025-01-15,NE,13,185.5,2411.5
BI100126,2025-01-15,MA,15,185.5,2782.5
BI100126,2025-01-15,MA,15,185.5,2782.5
BI100126,2025-01-15,MA,15,185.5,2782.5
BI100126,2025-01-15,SE,13,185.5,2411.5
BI100126,2025-01-15,SE,13,185.5,2411.5
BI100126,2025-01-15,SE,13,185.5,2411.5
BI100126,2025-01-15,MW,13,185.5,2411.5
BI100126,2025-01-15,MW,13,185.5,2411.5
BI100126,2025-01-15,MW,14,185.5,2597.0
BI100126,2025-01-15,TX,12,185.5,2226.0
BI100126,2025-01-15,TX,12,185.5,2226.0
BI100126,2025-01-15,TX,13,185.5,2411.5
BI100126,2025-01-15,MTN,14,185.5,2597.0
BI100126,2025-01-15,MTN,14,185.5,2597.0
BI100126,2025-01-15,MTN,15,185.5,2782.5
BI100126,2025-01-15,PSW,15,185.5,2782.5
BI100126,2025-01-15,PSW,16,185.5,2968.0
BI100126,2025-01-15,PSW,16,185.5,2968.0
BI100126,2025-01-15,PNW,12,185.5,2226.0
BI100126,2025-01-15,PNW,12,185.5,2226.0
BI100126,2025-01-15,PNW,13,185.5,2411.5
BI100126,2025-02-15,NE,12,185.5,2226.0
BI100126,2025-02-15,NE,12,185.5,2226.0
BI100126,2025-02-15,NE,12,185.5,2226.0
BI100126,2025-02-15,NE,12,185.5,2226.0
BI100126,2025-02-15,NE,13,185.5,2411.5
BI100126,2025-02-15,NE,13,185.5,2411.5
BI100126,2025-02-15,MA,12,185.5,2226.0
BI100126,2025-02-15,MA,12,185.5,2226.0
BI100126,2025-02-15,MA,12,185.5,2226.0
BI100126,2025-02-15,MA,12,185.5,2226.0
BI100126,2025-02-15,MA,13,185.5,2411.5
BI100126,2025-02-15,MA,13,185.5,2411.5
BI100126,2025-02-15,SE,12,185.5,2226.0
BI100126,2025-02-15,SE,12,185.5,2226.0
BI100126,2025-02-15,SE,12,185.5,2226.0
BI100126,2025-02-15,SE,13,185.5,2411.5
BI100126,2025-02-15,SE,13,185.5,2411.5
BI100126,2025-02-15,MW,14,185.5,2597.0
BI100126,2025-02-15,MW,14,185.5,2597.0
BI100126,2025-02-15,MW,14,185.5,2597.0
BI100126,2025-02-15,MW,14,185.5,2597.0
BI100126,2025-02-15,TX,14,185.5,2597.0
BI100126,2025-02-15,TX,15,185.5,2782.5
BI100126,2025-02-15,TX,15,185.5,2782.5
BI100126,2025-02-15,TX,15,185.5,2782.5
BI100126,2025-02-15,MTN,13,185.5,2411.5
BI100126,2025-02-15,MTN,13,185.5,2411.5
BI100126,2025-02-15,MTN,13,185.5,2411.5
BI100126,2025-02-15,MTN,13,185.5,2411.5
BI100126,2025-02-15,MTN,13,185.5,2411.5
BI100126,2025-02-15,PSW,12,185.5,2226.0
BI100126,2025-02-15,PSW,12,185.5,2226.0
BI100126,2025-02-15,PSW,12,185.5,2226.0
BI100126,2025-02-15,PSW,13,185.5,2411.5
BI100126,2025-02-15,PSW,13,185.5,2411.5
BI100126,2025-02-15,PSW,13,185.5,2411.5
BI100126,2025-02-15,PNW,13,185.5,2411.5
BI100126,2025-02-15,PNW,13,185.5,2411.5
BI100126,2025-02-15,PNW,14,185.5,2597.0
BI100126,2025-02-15,PNW,14,185.5,2597.0
BI100126,2025-03-15,NE,12,185.5,2226.0
BI100126,2025-03-15,NE,12,185.5,2226.0
BI100126,2025-03-15,NE,12,185.5,2226.0
BI100126,2025-03-15,NE,13,185.5,2411.5
BI100126,2025-03-15,NE,13,185.5,2411.5
BI100126,2025-03-15,NE,13,185.5,2411.5
BI100126,2025-03-15,NE,13,185.5,2411.5
BI100126,2025-03-15,MA,13,185.5,2411.5
BI100126,2025-03-15,MA,13,185.5,2411.5
BI100126,2025-03-15,MA,13,185.5,2411.5
BI100126,2025-03-15,MA,13,185.5,2411.5
BI100126,2025-03-15,MA,13,185.5,2411.5
BI100126,2025-03-15,MA,13,185.5,2411.5
BI100126,2025-03-15,SE,12,185.5,2226.0
BI100126,2025-03-15,SE,13,185.5,2411.5
BI100126,2025-03-15,SE,13,185.5,2411.5
BI100126,2025-03-15,SE,13,185.5,2411.5
BI100126,2025-03-15,SE,13,185.5,2411.5
BI100126,2025-03-15,MW,13,185.5,2411.5
BI100126,2025-03-15,MW,13,185.5,2411.5
BI100126,2025-03-15,MW,13,185.5,2411.5
BI100126,2025-03-15,MW,13,185.5,2411.5
BI100126,2025-03-15,MW,14,185.5,2597.0
BI100126,2025-03-15,TX,12,185.5,2226.0
BI100126,2025-03-15,TX,12,185.5,2226.0
BI100126,2025-03-15,TX,13,185.5,2411.5
BI100126,2025-03-15,TX,13,185.5,2411.5
BI100126,2025-03-15,TX,13,185.5,2411.5
BI100126,2025-03-15,MTN,13,185.5,2411.5
BI100126,2025-03-15,MTN,13,185.5,2411.5
BI100126,2025-03-15,MTN,13,185.5,2411.5
BI100126,2025-03-15,MTN,14,185.5,2597.0
BI100126,2025-03-15,MTN,14,185.5,2597.0
BI100126,2025-03-15,PSW,12,185.5,2226.0
BI100126,2025-03-15,PSW,12,185.5,2226.0
BI100126,2025-03-15,PSW,12,185.5,2226.0
BI100126,2025-03-15,PSW,12,185.5,2226.0
BI100126,2025-03-15,PSW,12,185.5,2226.0
BI100126,2025-03-15,PSW,13,185.5,2411.5
BI100126,2025-03-15,PSW,13,185.5,2411.5
BI100126,2025-03-15,PNW,12,185.5,2226.0
BI100126,2025-03-15,PNW,12,185.5,2226.0
BI100126,2025-03-15,PNW,12,185.5,2226.0
BI100126,2025-03-15,PNW,12,185.5,2226.0
BI100126,2025-03-15,PNW,12,185.5,2226.0
BI100126,2025-04-15,NE,12,185.5,2226.0
BI100126,2025-04-15,NE,12,185.5,2226.0
BI100126,2025-04-15,NE,12,185.5,2226.0
BI100126,2025-04-15,NE,12,185.5,2226.0
BI100126,2025-04-15,NE,13,185.5,2411.5
BI100126,2025-04-15,NE,13,185.5,2411.5
BI100126,2025-04-15,NE,13,185.5,2411.5
BI100126,2025-04-15,MA,13,185.5,2411.5
BI100126,2025-04-15,MA,14,185.5,2597.0
BI100126,2025-04-15,MA,14,185.5,2597.0
BI100126,2025-04-15,MA,14,185.5,2597.0
BI100126,2025-04-15,MA,14,185.5,2597.0
BI100126,2025-04-15,MA,14,185.5,2597.0
BI100126,2025-04-15,SE,12,185.5,2226.0
BI100126,2025-04-15,SE,13,185.5,2411.5
BI100126,2025-04-15,SE,13,185.5,2411.5
BI100126,2025-04-15,SE,13,185.5,2411.5
BI100126,2025-04-15,SE,13,185.5,2411.5
BI100126,2025-04-15,SE,13,185.5,2411.5
BI100126,2025-04-15,MW,13,185.5,2411.5
BI100126,2025-04-15,MW,13,185.5,2411.5
BI100126,2025-04-15,MW,13,185.5,2411.5
BI100126,2025-04-15,MW,14,185.5,2597.0
BI100126,2025-04-15,MW,14,185.5,2597.0
BI100126,2025-04-15,TX,13,185.5,2411.5
BI100126,2025-04-15,TX,13,185.5,2411.5
BI100126,2025-04-15,TX,13,185.5,2411.5
BI100126,2025-04-15,TX,13,185.5,2411.5
BI100126,2025-04-15,TX,13,185.5,2411.5
BI100126,2025-04-15,MTN,12,185.5,2226.0
BI100126,2025-04-15,MTN,12,185.5,2226.0
BI100126,2025-04-15,MTN,12,185.5,2226.0
BI100126,2025-04-15,MTN,12,185.5,2226.0
BI100126,2025-04-15,MTN,12,185.5,2226.0
BI100126,2025-04-15,MTN,12,185.5,2226.0
BI100126,2025-04-15,PSW,12,185.5,2226.0
BI100126,2025-04-15,PSW,12,185.5,2226.0
BI100126,2025-04-15,PSW,12,185.5,2226.0
BI100126,2025-04-15,PSW,13,185.5,2411.5
BI100126,2025-04-15,PSW,13,185.5,2411.5
BI100126,2025-04-15,PSW,13,185.5,2411.5
BI100126,2025-04-15,PSW,13,185.5,2411.5
BI100126,2025-04-15,PNW,13,185.5,2411.5
BI100126,2025-04-15,PNW,14,185.5,2597.0
BI100126,2025-04-15,PNW,14,185.5,2597.0
BI100126,2025-04-15,PNW,14,185.5,2597.0
BI100126,2025-04-15,PNW,14,185.5,2597.0
BI100126,2025-05-15,NE,12,185.5,2226.0
BI100126,2025-05-15,NE,12,185.5,2226.0
BI100126,2025-05-15,NE,13,185.5,2411.5
BI100126,2025-05-15,NE,13,185.5,2411.5
BI100126,2025-05-15,NE,13,185.5,2411.5
BI100126,2025-05-15,MA,12,185.5,2226.0
BI100126,2025-05-15,MA,12,185.5,2226.0
BI100126,2025-05-15,MA,12,185.5,2226.0
BI100126,2025-05-15,MA,12,185.5,2226.0
BI100126,2025-05-15,MA,12,185.5,2226.0
BI100126,2025-05-15,SE,13,185.5,2411.5
BI100126,2025-05-15,SE,13,185.5,2411.5
BI100126,2025-05-15,SE,14,185.5,2597.0
BI100126,2025-05-15,SE,14,185.5,2597.0
BI100126,2025-05-15,MW,12,185.5,2226.0
BI100126,2025-05-15,MW,12,185.5,2226.0
BI100126,2025-05-15,MW,12,185.5,2226.0
BI100126,2025-05-15,MW,13,185.5,2411.5
BI100126,2025-05-15,TX,12,185.5,2226.0
BI100126,2025-05-15,TX,12,185.5,2226.0
BI100126,2025-05-15,TX,12,185.5,2226.0
BI100126,2025-05-15,TX,12,185.5,2226.0
BI100126,2025-05-15,MTN,14,185.5,2597.0
BI100126,2025-05-15,MTN,14,185.5,2597.0
BI100126,2025-05-15,MTN,15,185.5,2782.5
BI100126,2025-05-15,MTN,15,185.5,2782.5
BI100126,2025-05-15,PSW,13,185.5,2411.5
BI100126,2025-05-15,PSW,13,185.5,2411.5
BI100126,2025-05-15,PSW,13,185.5,2411.5
BI100126,2025-05-15,PSW,13,185.5,2411.5
BI100126,2025-05-15,PSW,13,185.5,2411.5
BI100126,2025-05-15,PNW,12,185.5,2226.0
BI100126,2025-05-15,PNW,12,185.5,2226.0
BI100126,2025-05-15,PNW,13,185.5,2411.5
BI100126,2025-05-15,PNW,13,185.5,2411.5
BI100126,2025-06-15,NE,13,185.5,2411.5
BI100126,2025-06-15,NE,13,185.5,2411.5
BI100126,2025-06-15,NE,13,185.5,2411.5
BI100126,2025-06-15,NE,14,185.5,2597.0
BI100126,2025-06-15,NE,14,185.5,2597.0
BI100126,2025-06-15,MA,13,185.5,2411.5
BI100126,2025-06-15,MA,13,185.5,2411.5
BI100126,2025-06-15,MA,14,185.5,2597.0
BI100126,2025-06-15,MA,14,185.5,2597.0
BI100126,2025-06-15,MA,14,185.5,2597.0
BI100126,2025-06-15,SE,13,185.5,2411.5
BI100126,2025-06-15,SE,13,185.5,2411.5
BI100126,2025-06-15,SE,13,185.5,2411.5
BI100126,2025-06-15,SE,13,185.5,2411.5
BI100126,2025-06-15,MW,13,185.5,2411.5
BI100126,2025-06-15,MW,13,185.5,2411.5
BI100126,2025-06-15,MW,13,185.5,2411.5
BI100126,2025-06-15,MW,13,185.5,2411.5
BI100126,2025-06-15,TX,12,185.5,2226.0
BI100126,2025-06-15,TX,12,185.5,2226.0
BI100126,2025-06-15,TX,12,185.5,2226.0
BI100126,2025-06-15,TX,13,185.5,2411.5
BI100126,2025-06-15,MTN,13,185.5,2411.5
BI100126,2025-06-15,MTN,13,185.5,2411.5
BI100126,2025-06-15,MTN,13,185.5,2411.5
BI100126,2025-06-15,MTN,14,185.5,2597.0
BI100126,2025-06-15,PSW,14,185.5,2597.0
BI100126,2025-06-15,PSW,14,185.5,2597.0
BI100126,2025-06-15,PSW,14,185.5,2597.0
BI100126,2025-06-15,PSW,14,185.5,2597.0
BI100126,2025-06-15,PSW,15,185.5,2782.5
BI100126,2025-06-15,PNW,15,185.5,2782.5
BI100126,2025-06-15,PNW,16,185.5,2968.0
BI100126,2025-06-15,PNW,16,185.5,2968.0
BI100126,2025-07-15,NE,13,185.5,2411.5
BI100126,2025-07-15,NE,14,185.5,2597.0
BI100126,2025-07-15,NE,14,185.5,2597.0
BI100126,2025-07-15,NE,14,185.5,2597.0
BI100126,2025-07-15,NE,14,185.5,2597.0
BI100126,2025-07-15,MA,12,185.5,2226.0
BI100126,2025-07-15,MA,12,185.5,2226.0
BI100126,2025-07-15,MA,12,185.5,2226.0
BI100126,2025-07-15,MA,12,185.5,2226.0
BI100126,2025-07-15,MA,12,185.5,2226.0
BI100126,2025-07-15,SE,14,185.5,2597.0
BI100126,2025-07-15,SE,14,185.5,2597.0
BI100126,2025-07-15,SE,14,185.5,2597.0
BI100126,2025-07-15,SE,15,185.5,2782.5
BI100126,2025-07-15,MW,15,185.5,2782.5
BI100126,2025-07-15,MW,15,185.5,2782.5
BI100126,2025-07-15,MW,16,185.5,2968.0
BI100126,2025-07-15,TX,15,185.5,2782.5
BI100126,2025-07-15,TX,15,185.5,2782.5
BI100126,2025-07-15,TX,16,185.5,2968.0
BI100126,2025-07-15,MTN,14,185.5,2597.0
BI100126,2025-07-15,MTN,15,185.5,2782.5
BI100126,2025-07-15,MTN,15,185.5,2782.5
BI100126,2025-07-15,MTN,15,185.5,2782.5
BI100126,2025-07-15,PSW,13,185.5,2411.5
BI100126,2025-07-15,PSW,13,185.5,2411.5
BI100126,2025-07-15,PSW,13,185.5,2411.5
BI100126,2025-07-15,PSW,13,185.5,2411.5
BI100126,2025-07-15,PSW,13,185.5,2411.5
BI100126,2025-07-15,PNW,13,185.5,2411.5
BI100126,2025-07-15,PNW,13,185.5,2411.5
BI100126,2025-07-15,PNW,13,185.5,2411.5
BI100126,2025-07-15,PNW,14,185.5,2597.0
BI100126,2025-08-15,NE,13,185.5,2411.5
BI100126,2025-08-15,NE,13,185.5,2411.5
BI100126,2025-08-15,NE,13,185.5,2411.5
BI100126,2025-08-15,NE,13,185.5,2411.5
BI100126,2025-08-15,NE,14,185.5,2597.0
BI100126,2025-08-15,MA,12,185.5,2226.0
BI100126,2025-08-15,MA,12,185.5,2226.0
BI100126,2025-08-15,MA,12,185.5,2226.0
BI100126,2025-08-15,MA,12,185.5,2226.0
BI100126,2025-08-15,MA,13,185.5,2411.5
BI100126,2025-08-15,SE,12,185.5,2226.0
BI100126,2025-08-15,SE,12,185.5,2226.0
BI100126,2025-08-15,SE,12,185.5,2226.0
BI100126,2025-08-15,SE,13,185.5,2411.5
BI100126,2025-08-15,MW,14,185.5,2597.0
BI100126,2025-08-15,MW,15,185.5,2782.5
BI100126,2025-08-15,MW,15,185.5,2782.5
BI100126,2025-08-15,TX,12,185.5,2226.0
BI100126,2025-08-15,TX,12,185.5,2226.0
BI100126,2025-08-15,TX,13,185.5,2411.5
BI100126,2025-08-15,TX,13,185.5,2411.5
BI100126,2025-08-15,MTN,14,185.5,2597.0
BI100126,2025-08-15,MTN,14,185.5,2597.0
BI100126,2025-08-15,MTN,14,185.5,2597.0
BI100126,2025-08-15,MTN,14,185.5,2597.0
BI100126,2025-08-15,PSW,12,185.5,2226.0
BI100126,2025-08-15,PSW,12,185.5,2226.0
BI100126,2025-08-15,PSW,12,185.5,2226.0
BI100126,2025-08-15,PSW,12,185.5,2226.0
BI100126,2025-08-15,PSW,12,185.5,2226.0
BI100126,2025-08-15,PNW,12,185.5,2226.0
BI100126,2025-08-15,PNW,12,185.5,2226.0
BI100126,2025-08-15,PNW,13,185.5,2411.5
BI100126,2025-08-15,PNW,13,185.5,2411.5
BI100126,2025-09-15,NE,14,185.5,2597.0
BI100126,2025-09-15,NE,14,185.5,2597.0
BI100126,2025-09-15,NE,14,185.5,2597.0
BI100126,2025-09-15,NE,14,185.5,2597.0
BI100126,2025-09-15,MA,14,185.5,2597.0
BI100126,2025-09-15,MA,15,185.5,2782.5
BI100126,2025-09-15,MA,15,185.5,2782.5
BI100126,2025-09-15,MA,15,185.5,2782.5
BI100126,2025-09-15,SE,15,185.5,2782.5
BI100126,2025-09-15,SE,16,185.5,2968.0
BI100126,2025-09-15,SE,16,185.5,2968.0
BI100126,2025-09-15,MW,14,185.5,2597.0
BI100126,2025-09-15,MW,14,185.5,2597.0
BI100126,2025-09-15,MW,15,185.5,2782.5
BI100126,2025-09-15,TX,14,185.5,2597.0
BI100126,2025-09-15,TX,14,185.5,2597.0
BI100126,2025-09-15,TX,14,185.5,2597.0
BI100126,2025-09-15,MTN,13,185.5,2411.5
BI100126,2025-09-15,MTN,13,185.5,2411.5
BI100126,2025-09-15,MTN,13,185.5,2411.5
BI100126,2025-09-15,MTN,13,185.5,2411.5
BI100126,2025-09-15,PSW,13,185.5,2411.5
BI100126,2025-09-15,PSW,13,185.5,2411.5
BI100126,2025-09-15,PSW,13,185.5,2411.5
BI100126,2025-09-15,PSW,13,185.5,2411.5
BI100126,2025-09-15,PSW,13,185.5,2411.5
BI100126,2025-09-15,PNW,14,185.5,2597.0
BI100126,2025-09-15,PNW,14,185.5,2597.0
BI100126,2025-09-15,PNW,15,185.5,2782.5
BI100126,2025-10-15,NE,13,185.5,2411.5
BI100126,2025-10-15,NE,13,185.5,2411.5
BI100126,2025-10-15,NE,13,185.5,2411.5
BI100126,2025-10-15,NE,14,185.5,2597.0
BI100126,2025-10-15,MA,12,185.5,2226.0
BI100126,2025-10-15,MA,13,185.5,2411.5
BI100126,2025-10-15,MA,13,185.5,2411.5
BI100126,2025-10-15,MA,13,185.5,2411.5
BI100126,2025-10-15,SE,14,185.5,2597.0
BI100126,2025-10-15,SE,14,185.5,2597.0
BI100126,2025-10-15,SE,15,185.5,2782.5
BI100126,2025-10-15,MW,15,185.5,2782.5
BI100126,2025-10-15,MW,15,185.5,2782.5
BI100126,2025-10-15,MW,15,185.5,2782.5
BI100126,2025-10-15,TX,13,185.5,2411.5
BI100126,2025-10-15,TX,13,185.5,2411.5
BI100126,2025-10-15,TX,13,185.5,2411.5
BI100126,2025-10-15,MTN,12,185.5,2226.0
BI100126,2025-10-15,MTN,12,185.5,2226.0
BI100126,2025-10-15,MTN,12,185.5,2226.0
BI100126,2025-10-15,MTN,13,185.5,2411.5
BI100126,2025-10-15,PSW,13,185.5,2411.5
BI100126,2025-10-15,PSW,13,185.5,2411.5
BI100126,2025-10-15,PSW,13,185.5,2411.5
BI100126,2025-10-15,PSW,13,185.5,2411.5
BI100126,2025-10-15,PNW,14,185.5,2597.0
BI100126,2025-10-15,PNW,14,185.5,2597.0
BI100126,2025-10-15,PNW,14,185.5,2597.0
BI100126,2025-11-15,NE,13,185.5,2411.5
BI100126,2025-11-15,NE,13,185.5,2411.5
BI100126,2025-11-15,NE,13,185.5,2411.5
BI100126,2025-11-15,NE,14,185.5,2597.0
BI100126,2025-11-15,MA,13,185.5,2411.5
BI100126,2025-11-15,MA,13,185.5,2411.5
BI100126,2025-11-15,MA,13,185.5,2411.5
BI100126,2025-11-15,MA,13,185.5,2411.5
BI100126,2025-11-15,SE,14,185.5,2597.0
BI100126,2025-11-15,SE,15,185.5,2782.5
BI100126,2025-11-15,SE,15,185.5,2782.5
BI100126,2025-11-15,MW,13,185.5,2411.5
BI100126,2025-11-15,MW,14,185.5,2597.0
BI100126,2025-11-15,MW,14,185.5,2597.0
BI100126,2025-11-15,TX,12,185.5,2226.0
BI100126,2025-11-15,TX,13,185.5,2411.5
BI100126,2025-11-15,TX,13,185.5,2411.5
BI100126,2025-11-15,MTN,14,185.5,2597.0
BI100126,2025-11-15,MTN,14,185.5,2597.0
BI100126,2025-11-15,MTN,15,185.5,2782.5
BI100126,2025-11-15,PSW,12,185.5,2226.0
BI100126,2025-11-15,PSW,12,185.5,2226.0
BI100126,2025-11-15,PSW,12,185.5,2226.0
BI100126,2025-11-15,PSW,13,185.5,2411.5
BI100126,2025-11-15,PNW,13,185.5,2411.5
BI100126,2025-11-15,PNW,14,185.5,2597.0
BI100126,2025-11-15,PNW,14,185.5,2597.0
BI100126,2025-12-15,NE,12,185.5,2226.0
BI100126,2025-12-15,NE,13,185.5,2411.5
BI100126,2025-12-15,NE,13,185.5,2411.5
BI100126,2025-12-15,NE,13,185.5,2411.5
BI100126,2025-12-15,MA,12,185.5,2226.0
BI100126,2025-12-15,MA,12,185.5,2226.0
BI100126,2025-12-15,MA,12,185.5,2226.0
BI100126,2025-12-15,MA,12,185.5,2226.0
BI100126,2025-12-15,SE,14,185.5,2597.0
BI100126,2025-12-15,SE,14,185.5,2597.0
BI100126,2025-12-15,SE,15,185.5,2782.5
BI100126,2025-12-15,MW,13,185.5,2411.5
BI100126,2025-12-15,MW,13,185.5,2411.5
BI100126,2025-12-15,MW,14,185.5,2597.0
BI100126,2025-12-15,TX,12,185.5,2226.0
BI100126,2025-12-15,TX,13,185.5,2411.5
BI100126,2025-12-15,TX,13,185.5,2411.5
BI100126,2025-12-15,MTN,13,185.5,2411.5
BI100126,2025-12-15,MTN,13,185.5,2411.5
BI100126,2025-12-15,MTN,14,185.5,2597.0
BI100126,2025-12-15,PSW,13,185.5,2411.5
BI100126,2025-12-15,PSW,13,185.5,2411.5
BI100126,2025-12-15,PSW,13,185.5,2411.5
BI100126,2025-12-15,PSW,14,185.5,2597.0
BI100126,2025-12-15,PNW,12,185.5,2226.0
BI100126,2025-12-15,PNW,13,185.5,2411.5
BI100126,2025-12-15,PNW,13,185.5,2411.5
BI100133,2024-01-15,NE,20,76.34,1526.8
BI100133,2024-01-15,MA,15,76.34,1145.1
BI100133,2024-01-15,SE,20,76.34,1526.8
BI100133,2024-01-15,MW,15,76.34,1145.1
BI100133,2024-01-15,TX,19,76.34,1450.46
BI100133,2024-01-15,MTN,13,76.34,992.42
BI100133,2024-01-15,PSW,14,76.34,1068.76
BI100133,2024-01-15,PNW,16,76.34,1221.44
BI100133,2024-02-15,NE,23,76.34,1755.82
BI100133,2024-02-15,MA,16,76.34,1221.44
BI100133,2024-02-15,SE,22,76.34,1679.48
BI100133,2024-02-15,MW,16,76.34,1221.44
BI100133,2024-02-15,TX,18,76.34,1374.12
BI100133,2024-02-15,MTN,14,76.34,1068.76
BI100133,2024-02-15,PSW,14,76.34,1068.76
BI100133,2024-02-15,PNW,16,76.34,1221.44
BI100133,2024-03-15,NE,23,76.34,1755.82
BI100133,2024-03-15,MA,18,76.34,1374.12
BI100133,2024-03-15,SE,23,76.34,1755.82
BI100133,2024-03-15,MW,18,76.34,1374.12
BI100133,2024-03-15,TX,20,76.34,1526.8
BI100133,2024-03-15,MTN,17,76.34,1297.78
BI100133,2024-03-15,PSW,15,76.34,1145.1
BI100133,2024-03-15,PNW,18,76.34,1374.12
BI100133,2024-04-15,NE,13,76.34,992.42
BI100133,2024-04-15,NE,13,76.34,992.42
BI100133,2024-04-15,MA,18,76.34,1374.12
BI100133,2024-04-15,SE,13,76.34,992.42
BI100133,2024-04-15,SE,13,76.34,992.42
BI100133,2024-04-15,MW,19,76.34,1450.46
BI100133,2024-04-15,TX,23,76.34,1755.82
BI100133,2024-04-15,MTN,18,76.34,1374.12
BI100133,2024-04-15,PSW,17,76.34,1297.78
BI100133,2024-04-15,PNW,19,76.34,1450.46
BI100133,2024-05-15,NE,13,76.34,992.42
BI100133,2024-05-15,NE,13,76.34,992.42
BI100133,2024-05-15,MA,21,76.34,1603.14
BI100133,2024-05-15,SE,14,76.34,1068.76
BI100133,2024-05-15,SE,15,76.34,1145.1
BI100133,2024-05-15,MW,20,76.34,1526.8
BI100133,2024-05-15,TX,21,76.34,1603.14
BI100133,2024-05-15,MTN,20,76.34,1526.8
BI100133,2024-05-15,PSW,19,76.34,1450.46
BI100133,2024-05-15,PNW,20,76.34,1526.8
BI100133,2024-06-15,NE,14,76.34,1068.76
BI100133,2024-06-15,NE,15,76.34,1145.1
BI100133,2024-06-15,MA,20,76.34,1526.8
BI100133,2024-06-15,SE,13,76.34,992.42
BI100133,2024-06-15,SE,13,76.34,992.42
BI100133,2024-06-15,MW,21,76.34,1603.14
BI100133,2024-06-15,TX,22,76.34,1679.48
BI100133,2024-06-15,MTN,20,76.34,1526.8
BI100133,2024-06-15,PSW,19,76.34,1450.46
BI100133,2024-06-15,PNW,21,76.34,1603.14
BI100133,2024-07-15,NE,13,76.34,992.42
BI100133,2024-07-15,NE,14,76.34,1068.76
BI100133,2024-07-15,MA,19,76.34,1450.46
BI100133,2024-07-15,SE,15,76.34,1145.1
BI100133,2024-07-15,SE,15,76.34,1145.1
BI100133,2024-07-15,MW,22,76.34,1679.48
BI100133,2024-07-15,TX,23,76.34,1755.82
BI100133,2024-07-15,MTN,20,76.34,1526.8
BI100133,2024-07-15,PSW,17,76.34,1297.78
BI100133,2024-07-15,PNW,20,76.34,1526.8
BI100133,2024-08-15,NE,13,76.34,992.42
BI100133,2024-08-15,NE,14,76.34,1068.76
BI100133,2024-08-15,MA,19,76.34,1450.46
BI100133,2024-08-15,SE,14,76.34,1068.76
BI100133,2024-08-15,SE,14,76.34,1068.76
BI100133,2024-08-15,MW,19,76.34,1450.46
BI100133,2024-08-15,TX,12,76.34,916.08
BI100133,2024-08-15,TX,12,76.34,916.08
BI100133,2024-08-15,MTN,17,76.34,1297.78
BI100133,2024-08-15,PSW,18,76.34,1374.12
BI100133,2024-08-15,PNW,19,76.34,1450.46
BI100133,2024-09-15,NE,13,76.34,992.42
BI100133,2024-09-15,NE,13,76.34,992.42
BI100133,2024-09-15,MA,17,76.34,1297.78
BI100133,2024-09-15,SE,13,76.34,992.42
BI100133,2024-09-15,SE,14,76.34,1068.76
BI100133,2024-09-15,MW,20,76.34,1526.8
BI100133,2024-09-15,TX,22,76.34,1679.48
BI100133,2024-09-15,MTN,16,76.34,1221.44
BI100133,2024-09-15,PSW,16,76.34,1221.44
BI100133,2024-09-15,PNW,19,76.34,1450.46
BI100133,2024-10-15,NE,23,76.34,1755.82
BI100133,2024-10-15,MA,16,76.34,1221.44
BI100133,2024-10-15,SE,22,76.34,1679.48
BI100133,2024-10-15,MW,18,76.34,1374.12
BI100133,2024-10-15,TX,18,76.34,1374.12
BI100133,2024-10-15,MTN,15,76.34,1145.1
BI100133,2024-10-15,PSW,17,76.34,1297.78
BI100133,2024-10-15,PNW,18,76.34,1374.12
BI100133,2024-11-15,NE,20,76.34,1526.8
BI100133,2024-11-15,MA,17,76.34,1297.78
BI100133,2024-11-15,SE,22,76.34,1679.48
BI100133,2024-11-15,MW,17,76.34,1297.78
BI100133,2024-11-15,TX,18,76.34,1374.12
BI100133,2024-11-15,MTN,14,76.34,1068.76
BI100133,2024-11-15,PSW,14,76.34,1068.76
BI100133,2024-11-15,PNW,16,76.34,1221.44
BI100133,2024-12-15,NE,20,76.34,1526.8
BI100133,2024-12-15,MA,16,76.34,1221.44
BI100133,2024-12-15,SE,22,76.34,1679.48
BI100133,2024-12-15,MW,17,76.34,1297.78
BI100133,2024-12-15,TX,19,76.34,1450.46
BI100133,2024-12-15,MTN,15,76.34,1145.1
BI100133,2024-12-15,PSW,13,76.34,992.42
BI100133,2024-12-15,PNW,16,76.34,1221.44
BI100133,2025-01-15,NE,23,76.34,1755.82
BI100133,2025-01-15,MA,16,76.34,1221.44
BI100133,2025-01-15,SE,22,76.34,1679.48
BI100133,2025-01-15,MW,16,76.34,1221.44
BI100133,2025-01-15,TX,18,76.34,1374.12
BI100133,2025-01-15,MTN,15,76.34,1145.1
BI100133,2025-01-15,PSW,16,76.34,1221.44
BI100133,2025-01-15,PNW,15,76.34,1145.1
BI100133,2025-02-15,NE,23,76.34,1755.82
BI100133,2025-02-15,MA,18,76.34,1374.12
BI100133,2025-02-15,SE,13,76.34,992.42
BI100133,2025-02-15,SE,13,76.34,992.42
BI100133,2025-02-15,MW,18,76.34,1374.12
BI100133,2025-02-15,TX,19,76.34,1450.46
BI100133,2025-02-15,MTN,17,76.34,1297.78
BI100133,2025-02-15,PSW,17,76.34,1297.78
BI100133,2025-02-15,PNW,17,76.34,1297.78
BI100133,2025-03-15,NE,23,76.34,1755.82
BI100133,2025-03-15,MA,18,76.34,1374.12
BI100133,2025-03-15,SE,12,76.34,916.08
BI100133,2025-03-15,SE,13,76.34,992.42
BI100133,2025-03-15,MW,20,76.34,1526.8
BI100133,2025-03-15,TX,22,76.34,1679.48
BI100133,2025-03-15,MTN,18,76.34,1374.12
BI100133,2025-03-15,PSW,18,76.34,1374.12
BI100133,2025-03-15,PNW,20,76.34,1526.8
BI100133,2025-04-15,NE,13,76.34,992.42
BI100133,2025-04-15,NE,14,76.34,1068.76
BI100133,2025-04-15,MA,21,76.34,1603.14
BI100133,2025-04-15,SE,15,76.34,1145.1
BI100133,2025-04-15,SE,15,76.34,1145.1
BI100133,2025-04-15,MW,22,76.34,1679.48
BI100133,2025-04-15,TX,22,76.34,1679.48
BI100133,2025-04-15,MTN,19,76.34,1450.46
BI100133,2025-04-15,PSW,20,76.34,1526.8
BI100133,2025-04-15,PNW,21,76.34,1603.14
BI100133,2025-05-15,NE,13,76.34,992.42
BI100133,2025-05-15,NE,14,76.34,1068.76
BI100133,2025-05-15,MA,19,76.34,1450.46
BI100133,2025-05-15,SE,15,76.34,1145.1
BI100133,2025-05-15,SE,16,76.34,1221.44
BI100133,2025-05-15,MW,23,76.34,1755.82
BI100133,2025-05-15,TX,23,76.34,1755.82
BI100133,2025-05-15,MTN,20,76.34,1526.8
BI100133,2025-05-15,PSW,19,76.34,1450.46
BI100133,2025-05-15,PNW,21,76.34,1603.14
BI100133,2025-06-15,NE,14,76.34,1068.76
BI100133,2025-06-15,NE,15,76.34,1145.1
BI100133,2025-06-15,MA,20,76.34,1526.8
BI100133,2025-06-15,SE,15,76.34,1145.1
BI100133,2025-06-15,SE,15,76.34,1145.1
BI100133,2025-06-15,MW,12,76.34,916.08
BI100133,2025-06-15,MW,12,76.34,916.08
BI100133,2025-06-15,TX,12,76.34,916.08
BI100133,2025-06-15,TX,12,76.34,916.08
BI100133,2025-06-15,MTN,20,76.34,1526.8
BI100133,2025-06-15,PSW,20,76.34,1526.8
BI100133,2025-06-15,PNW,23,76.34,1755.82
BI100133,2025-07-15,NE,13,76.34,992.42
BI100133,2025-07-15,NE,14,76.34,1068.76
BI100133,2025-07-15,MA,23,76.34,1755.82
BI100133,2025-07-15,SE,16,76.34,1221.44
BI100133,2025-07-15,SE,16,76.34,1221.44
BI100133,2025-07-15,MW,23,76.34,1755.82
BI100133,2025-07-15,TX,13,76.34,992.42
BI100133,2025-07-15,TX,13,76.34,992.42
BI100133,2025-07-15,MTN,22,76.34,1679.48
BI100133,2025-07-15,PSW,19,76.34,1450.46
BI100133,2025-07-15,PNW,21,76.34,1603.14
BI100133,2025-08-15,NE,13,76.34,992.42
BI100133,2025-08-15,NE,14,76.34,1068.76
BI100133,2025-08-15,MA,22,76.34,1679.48
BI100133,2025-08-15,SE,13,76.34,992.42
BI100133,2025-08-15,SE,14,76.34,1068.76
BI100133,2025-08-15,MW,22,76.34,1679.48
BI100133,2025-08-15,TX,12,76.34,916.08
BI100133,2025-08-15,TX,13,76.34,992.42
BI100133,2025-08-15,MTN,21,76.34,1603.14
BI100133,2025-08-15,PSW,19,76.34,1450.46
BI100133,2025-08-15,PNW,20,76.34,1526.8
BI100133,2025-09-15,NE,13,76.34,992.42
BI100133,2025-09-15,NE,13,76.34,992.42
BI100133,2025-09-15,MA,19,76.34,1450.46
BI100133,2025-09-15,SE,12,76.34,916.08
BI100133,2025-09-15,SE,13,76.34,992.42
BI100133,2025-09-15,MW,20,76.34,1526.8
BI100133,2025-09-15,TX,23,76.34,1755.82
BI100133,2025-09-15,MTN,19,76.34,1450.46
BI100133,2025-09-15,PSW,19,76.34,1450.46
BI100133,2025-09-15,PNW,18,76.34,1374.12
BI100133,2025-10-15,NE,23,76.34,1755.82
BI100133,2025-10-15,MA,19,76.34,1450.46
BI100133,2025-10-15,SE,13,76.34,992.42
BI100133,2025-10-15,SE,13,76.34,992.42
BI100133,2025-10-15,MW,20,76.34,1526.8
BI100133,2025-10-15,TX,19,76.34,1450.46
BI100133,2025-10-15,MTN,17,76.34,1297.78
BI100133,2025-10-15,PSW,15,76.34,1145.1
BI100133,2025-10-15,PNW,19,76.34,1450.46
BI100133,2025-11-15,NE,23,76.34,1755.82
BI100133,2025-11-15,MA,18,76.34,1374.12
BI100133,2025-11-15,SE,23,76.34,1755.82
BI100133,2025-11-15,MW,17,76.34,1297.78
BI100133,2025-11-15,TX,20,76.34,1526.8
BI100133,2025-11-15,MTN,17,76.34,1297.78
BI100133,2025-11-15,PSW,15,76.34,1145.1
BI100133,2025-11-15,PNW,18,76.34,1374.12
BI100133,2025-12-15,NE,23,76.34,1755.82
BI100133,2025-12-15,MA,16,76.34,1221.44
BI100133,2025-12-15,SE,12,76.34,916.08
BI100133,2025-12-15,SE,12,76.34,916.08
BI100133,2025-12-15,MW,17,76.34,1297.78
BI100133,2025-12-15,TX,18,76.34,1374.12
BI100133,2025-12-15,MTN,15,76.34,1145.1
BI100133,2025-12-15,PSW,16,76.34,1221.44
BI100133,2025-12-15,PNW,17,76.34,1297.78
BI100140,2024-01-15,NE,13,40.06,520.78
BI100140,2024-01-15,NE,13,40.06,520.78
BI100140,2024-01-15,NE,13,40.06,520.78
BI100140,2024-01-15,NE,14,40.06,560.84
BI100140,2024-01-15,NE,14,40.06,560.84
BI100140,2024-01-15,MA,15,40.06,600.9
BI100140,2024-01-15,MA,15,40.06,600.9
BI100140,2024-01-15,MA,16,40.06,640.96
BI100140,2024-01-15,SE,13,40.06,520.78
BI100140,2024-01-15,SE,13,40.06,520.78
BI100140,2024-01-15,SE,13,40.06,520.78
BI100140,2024-01-15,SE,14,40.06,560.84
BI100140,2024-01-15,SE,14,40.06,560.84
BI100140,2024-01-15,MW,12,40.06,480.72
BI100140,2024-01-15,MW,12,40.06,480.72
BI100140,2024-01-15,MW,12,40.06,480.72
BI100140,2024-01-15,MW,12,40.06,480.72
BI100140,2024-01-15,MW,12,40.06,480.72
BI100140,2024-01-15,TX,13,40.06,520.78
BI100140,2024-01-15,TX,13,40.06,520.78
BI100140,2024-01-15,TX,14,40.06,560.84
BI100140,2024-01-15,TX,14,40.06,560.84
BI100140,2024-01-15,TX,14,40.06,560.84
BI100140,2024-01-15,MTN,13,40.06,520.78
BI100140,2024-01-15,MTN,13,40.06,520.78
BI100140,2024-01-15,MTN,13,40.06,520.78
BI100140,2024-01-15,MTN,13,40.06,520.78
BI100140,2024-01-15,MTN,13,40.06,520.78
BI100140,2024-01-15,PSW,14,40.06,560.84
BI100140,2024-01-15,PSW,14,40.06,560.84
BI100140,2024-01-15,PSW,14,40.06,560.84
BI100140,2024-01-15,PNW,14,40.06,560.84
BI100140,2024-01-15,PNW,15,40.06,600.9
BI100140,2024-01-15,PNW,15,40.06,600.9
BI100140,2024-01-15,PNW,15,40.06,600.9
BI100140,2024-02-15,NE,13,40.06,520.78
BI100140,2024-02-15,NE,13,40.06,520.78
BI100140,2024-02-15,NE,13,40.06,520.78
BI100140,2024-02-15,NE,14,40.06,560.84
BI100140,2024-02-15,NE,14,40.06,560.84
BI100140,2024-02-15,MA,12,40.06,480.72
BI100140,2024-02-15,MA,13,40.06,520.78
BI100140,2024-02-15,MA,13,40.06,520.78
BI100140,2024-02-15,MA,13,40.06,520.78
BI100140,2024-02-15,SE,13,40.06,520.78
BI100140,2024-02-15,SE,13,40.06,520.78
BI100140,2024-02-15,SE,13,40.06,520.78
BI100140,2024-02-15,SE,14,40.06,560.84
BI100140,2024-02-15,SE,14,40.06,560.84
BI100140,2024-02-15,MW,14,40.06,560.84
BI100140,2024-02-15,MW,14,40.06,560.84
BI100140,2024-02-15,MW,14,40.06,560.84
BI100140,2024-02-15,MW,14,40.06,560.84
BI100140,2024-02-15,MW,15,40.06,600.9
BI100140,2024-02-15,TX,12,40.06,480.72
BI100140,2024-02-15,TX,12,40.06,480.72
BI100140,2024-02-15,TX,13,40.06,520.78
BI100140,2024-02-15,TX,13,40.06,520.78
BI100140,2024-02-15,TX,13,40.06,520.78
BI100140,2024-02-15,TX,13,40.06,520.78
BI100140,2024-02-15,MTN,12,40.06,480.72
BI100140,2024-02-15,MTN,12,40.06,480.72
BI100140,2024-02-15,MTN,12,40.06,480.72
BI100140,2024-02-15,MTN,13,40.06,520.78
BI100140,2024-02-15,MTN,13,40.06,520.78
BI100140,2024-02-15,MTN,13,40.06,520.78
BI100140,2024-02-15,PSW,12,40.06,480.72
BI100140,2024-02-15,PSW,12,40.06,480.72
BI100140,2024-02-15,PSW,12,40.06,480.72
BI100140,2024-02-15,PSW,13,40.06,520.78
BI100140,2024-02-15,PNW,13,40.06,520.78
BI100140,2024-02-15,PNW,13,40.06,520.78
BI100140,2024-02-15,PNW,13,40.06,520.78
BI100140,2024-02-15,PNW,13,40.06,520.78
BI100140,2024-02-15,PNW,14,40.06,560.84
BI100140,2024-03-15,NE,12,40.06,480.72
BI100140,2024-03-15,NE,12,40.06,480.72
BI100140,2024-03-15,NE,12,40.06,480.72
BI100140,2024-03-15,NE,12,40.06,480.72
BI100140,2024-03-15,NE,12,40.06,480.72
BI100140,2024-03-15,NE,12,40.06,480.72
BI100140,2024-03-15,MA,14,40.06,560.84
BI100140,2024-03-15,MA,14,40.06,560.84
BI100140,2024-03-15,MA,15,40.06,600.9
BI100140,2024-03-15,MA,15,40.06,600.9
BI100140,2024-03-15,SE,12,40.06,480.72
BI100140,2024-03-15,SE,12,40.06,480.72
BI100140,2024-03-15,SE,12,40.06,480.72
BI100140,2024-03-15,SE,13,40.06,520.78
BI100140,2024-03-15,SE,13,40.06,520.78
BI100140,2024-03-15,SE,13,40.06,520.78
BI100140,2024-03-15,MW,12,40.06,480.72
BI100140,2024-03-15,MW,12,40.06,480.72
BI100140,2024-03-15,MW,12,40.06,480.72
BI100140,2024-03-15,MW,12,40.06,480.72
BI100140,2024-03-15,MW,12,40.06,480.72
BI100140,2024-03-15,MW,13,40.06,520.78
BI100140,2024-03-15,TX,13,40.06,520.78
BI100140,2024-03-15,TX,14,40.06,560.84
BI100140,2024-03-15,TX,14,40.06,560.84
BI100140,2024-03-15,TX,14,40.06,560.84
BI100140,2024-03-15,TX,14,40.06,560.84
BI100140,2024-03-15,TX,14,40.06,560.84
BI100140,2024-03-15,MTN,12,40.06,480.72
BI100140,2024-03-15,MTN,12,40.06,480.72
BI100140,2024-03-15,MTN,13,40.06,520.78
BI100140,2024-03-15,MTN,13,40.06,520.78
BI100140,2024-03-15,MTN,13,40.06,520.78
BI100140,2024-03-15,MTN,13,40.06,520.78
BI100140,2024-03-15,PSW,13,40.06,520.78
BI100140,2024-03-15,PSW,13,40.06,520.78
BI100140,2024-03-15,PSW,13,40.06,520.78
BI100140,2024-03-15,PSW,14,40.06,560.84
BI100140,2024-03-15,PNW,13,40.06,520.78
BI100140,2024-03-15,PNW,13,40.06,520.78
BI100140,2024-03-15,PNW,14,40.06,560.84
BI100140,2024-03-15,PNW,14,40.06,560.84
BI100140,2024-03-15,PNW,14,40.06,560.84
BI100140,2024-04-15,NE,13,40.06,520.78
BI100140,2024-04-15,NE,13,40.06,520.78
BI100140,2024-04-15,NE,14,40.06,560.84
BI100140,2024-04-15,NE,14,40.06,560.84
BI100140,2024-04-15,NE,14,40.06,560.84
BI100140,2024-04-15,NE,14,40.06,560.84
BI100140,2024-04-15,MA,12,40.06,480.72
BI100140,2024-04-15,MA,13,40.06,520.78
BI100140,2024-04-15,MA,13,40.06,520.78
BI100140,2024-04-15,MA,13,40.06,520.78
BI100140,2024-04-15,MA,13,40.06,520.78
BI100140,2024-04-15,SE,13,40.06,520.78
BI100140,2024-04-15,SE,13,40.06,520.78
BI100140,2024-04-15,SE,13,40.06,520.78
BI100140,2024-04-15,SE,13,40.06,520.78
BI100140,2024-04-15,SE,14,40.06,560.84
BI100140,2024-04-15,SE,14,40.06,560.84
BI100140,2024-04-15,MW,12,40.06,480.72
BI100140,2024-04-15,MW,13,40.06,520.78
BI100140,2024-04-15,MW,13,40.06,520.78
BI100140,2024-04-15,MW,13,40.06,520.78
BI100140,2024-04-15,MW,13,40.06,520.78
BI100140,2024-04-15,MW,13,40.06,520.78
BI100140,2024-04-15,TX,13,40.06,520.78
BI100140,2024-04-15,TX,13,40.06,520.78
BI100140,2024-04-15,TX,14,40.06,560.84
BI100140,2024-04-15,TX,14,40.06,560.84
BI100140,2024-04-15,TX,14,40.06,560.84
BI100140,2024-04-15,TX,14,40.06,560.84
BI100140,2024-04-15,MTN,13,40.06,520.78
BI100140,2024-04-15,MTN,14,40.06,560.84
BI100140,2024-04-15,MTN,14,40.06,560.84
BI100140,2024-04-15,MTN,14,40.06,560.84
BI100140,2024-04-15,MTN,14,40.06,560.84
BI100140,2024-04-15,MTN,14,40.06,560.84
BI100140,2024-04-15,PSW,12,40.06,480.72
BI100140,2024-04-15,PSW,12,40.06,480.72
BI100140,2024-04-15,PSW,12,40.06,480.72
BI100140,2024-04-15,PSW,12,40.06,480.72
BI100140,2024-04-15,PSW,13,40.06,520.78
BI100140,2024-04-15,PNW,12,40.06,480.72
BI100140,2024-04-15,PNW,12,40.06,480.72
BI100140,2024-04-15,PNW,12,40.06,480.72
BI100140,2024-04-15,PNW,12,40.06,480.72
BI100140,2024-04-15,PNW,12,40.06,480.72
BI100140,2024-04-15,PNW,12,40.06,480.72
BI100140,2024-04-15,PNW,12,40.06,480.72
BI100140,2024-05-15,NE,12,40.06,480.72
BI100140,2024-05-15,NE,12,40.06,480.72
BI100140,2024-05-15,NE,12,40.06,480.72
BI100140,2024-05-15,NE,12,40.06,480.72
BI100140,2024-05-15,NE,12,40.06,480.72
BI100140,2024-05-15,NE,12,40.06,480.72
BI100140,2024-05-15,NE,12,40.06,480.72
BI100140,2024-05-15,MA,12,40.06,480.72
BI100140,2024-05-15,MA,13,40.06,520.78
BI100140,2024-05-15,MA,13,40.06,520.78
BI100140,2024-05-15,MA,13,40.06,520.78
BI100140,2024-05-15,MA,13,40.06,520.78
BI100140,2024-05-15,SE,12,40.06,480.72
BI100140,2024-05-15,SE,12,40.06,480.72
BI100140,2024-05-15,SE,12,40.06,480.72
BI100140,2024-05-15,SE,12,40.06,480.72
BI100140,2024-05-15,SE,13,40.06,520.78
BI100140,2024-05-15,SE,13,40.06,520.78
BI100140,2024-05-15,SE,13,40.06,520.78
BI100140,2024-05-15,MW,13,40.06,520.78
BI100140,2024-05-15,MW,13,40.06,520.78
BI100140,2024-05-15,MW,13,40.06,520.78
BI100140,2024-05-15,MW,13,40.06,520.78
BI100140,2024-05-15,MW,13,40.06,520.78
BI100140,2024-05-15,MW,14,40.06,560.84
BI100140,2024-05-15,TX,12,40.06,480.72
BI100140,2024-05-15,TX,12,40.06,480.72
BI100140,2024-05-15,TX,12,40.06,480.72
BI100140,2024-05-15,TX,12,40.06,480.72
BI100140,2024-05-15,TX,12,40.06,480.72
BI100140,2024-05-15,TX,12,40.06,480.72
BI100140,2024-05-15,TX,12,40.06,480.72
BI100140,2024-05-15,TX,12,40.06,480.72
BI100140,2024-05-15,MTN,13,40.06,520.78
BI100140,2024-05-15,MTN,13,40.06,520.78
BI100140,2024-05-15,MTN,13,40.06,520.78
BI100140,2024-05-15,MTN,13,40.06,520.78
BI100140,2024-05-15,MTN,14,40.06,560.84
BI100140,2024-05-15,MTN,14,40.06,560.84
BI100140,2024-05-15,MTN,14,40.06,560.84
BI100140,2024-05-15,PSW,12,40.06,480.72
BI100140,2024-05-15,PSW,13,40.06,520.78
BI100140,2024-05-15,PSW,13,40.06,520.78
BI100140,2024-05-15,PSW,13,40.06,520.78
BI100140,2024-05-15,PSW,13,40.06,520.78
BI100140,2024-05-15,PNW,12,40.06,480.72
BI100140,2024-05-15,PNW,12,40.06,480.72
BI100140,2024-05-15,PNW,12,40.06,480.72
BI100140,2024-05-15,PNW,12,40.06,480.72
BI100140,2024-05-15,PNW,13,40.06,520.78
BI100140,2024-05-15,PNW,13,40.06,520.78
BI100140,2024-05-15,PNW,13,40.06,520.78
BI100140,2024-06-15,NE,12,40.06,480.72
BI100140,2024-06-15,NE,12,40.06,480.72
BI100140,2024-06-15,NE,12,40.06,480.72
BI100140,2024-06-15,NE,12,40.06,480.72
BI100140,2024-06-15,NE,12,40.06,480.72
BI100140,2024-06-15,NE,13,40.06,520.78
BI100140,2024-06-15,NE,13,40.06,520.78
BI100140,2024-06-15,MA,12,40.06,480.72
BI100140,2024-06-15,MA,12,40.06,480.72
BI100140,2024-06-15,MA,13,40.06,520.78
BI100140,2024-06-15,MA,13,40.06,520.78
BI100140,2024-06-15,MA,13,40.06,520.78
BI100140,2024-06-15,SE,12,40.06,480.72
BI100140,2024-06-15,SE,12,40.06,480.72
BI100140,2024-06-15,SE,12,40.06,480.72
BI100140,2024-06-15,SE,12,40.06,480.72
BI100140,2024-06-15,SE,12,40.06,480.72
BI100140,2024-06-15,SE,12,40.06,480.72
BI100140,2024-06-15,SE,13,40.06,520.78
BI100140,2024-06-15,SE,13,40.06,520.78
BI100140,2024-06-15,MW,13,40.06,520.78
BI100140,2024-06-15,MW,13,40.06,520.78
BI100140,2024-06-15,MW,14,40.06,560.84
BI100140,2024-06-15,MW,14,40.06,560.84
BI100140,2024-06-15,MW,14,40.06,560.84
BI100140,2024-06-15,MW,14,40.06,560.84
BI100140,2024-06-15,TX,13,40.06,520.78
BI100140,2024-06-15,TX,13,40.06,520.78
BI100140,2024-06-15,TX,13,40.06,520.78
BI100140,2024-06-15,TX,13,40.06,520.78
BI100140,2024-06-15,TX,14,40.06,560.84
BI100140,2024-06-15,TX,14,40.06,560.84
BI100140,2024-06-15,TX,14,40.06,560.84
BI100140,2024-06-15,MTN,12,40.06,480.72
BI100140,2024-06-15,MTN,12,40.06,480.72
BI100140,2024-06-15,MTN,12,40.06,480.72
BI100140,2024-06-15,MTN,12,40.06,480.72
BI100140,2024-06-15,MTN,12,40.06,480.72
BI100140,2024-06-15,MTN,13,40.06,520.78
BI100140,2024-06-15,MTN,13,40.06,520.78
BI100140,2024-06-15,PSW,14,40.06,560.84
BI100140,2024-06-15,PSW,14,40.06,560.84
BI100140,2024-06-15,PSW,15,40.06,600.9
BI100140,2024-06-15,PSW,15,40.06,600.9
BI100140,2024-06-15,PNW,12,40.06,480.72
BI100140,2024-06-15,PNW,12,40.06,480.72
BI100140,2024-06-15,PNW,12,40.06,480.72
BI100140,2024-06-15,PNW,12,40.06,480.72
BI100140,2024-06-15,PNW,12,40.06,480.72
BI100140,2024-06-15,PNW,12,40.06,480.72
BI100140,2024-06-15,PNW,13,40.06,520.78
BI100140,2024-07-15,NE,12,40.06,480.72
BI100140,2024-07-15,NE,12,40.06,480.72
BI100140,2024-07-15,NE,12,40.06,480.72
BI100140,2024-07-15,NE,12,40.06,480.72
BI100140,2024-07-15,NE,12,40.06,480.72
BI100140,2024-07-15,NE,13,40.06,520.78
BI100140,2024-07-15,NE,13,40.06,520.78
BI100140,2024-07-15,MA,13,40.06,520.78
BI100140,2024-07-15,MA,13,40.06,520.78
BI100140,2024-07-15,MA,14,40.06,560.84
BI100140,2024-07-15,MA,14,40.06,560.84
BI100140,2024-07-15,MA,14,40.06,560.84
BI100140,2024-07-15,SE,12,40.06,480.72
BI100140,2024-07-15,SE,12,40.06,480.72
BI100140,2024-07-15,SE,13,40.06,520.78
BI100140,2024-07-15,SE,13,40.06,520.78
BI100140,2024-07-15,SE,13,40.06,520.78
BI100140,2024-07-15,SE,13,40.06,520.78
BI100140,2024-07-15,SE,13,40.06,520.78
BI100140,2024-07-15,MW,12,40.06,480.72
BI100140,2024-07-15,MW,12,40.06,480.72
BI100140,2024-07-15,MW,13,40.06,520.78
BI100140,2024-07-15,MW,13,40.06,520.78
BI100140,2024-07-15,MW,13,40.06,520.78
BI100140,2024-07-15,MW,13,40.06,520.78
BI100140,2024-07-15,MW,13,40.06,520.78
BI100140,2024-07-15,TX,12,40.06,480.72
BI100140,2024-07-15,TX,12,40.06,480.72
BI100140,2024-07-15,TX,12,40.06,480.72
BI100140,2024-07-15,TX,12,40.06,480.72
BI100140,2024-07-15,TX,12,40.06,480.72
BI100140,2024-07-15,TX,12,40.06,480.72
BI100140,2024-07-15,TX,12,40.06,480.72
BI100140,2024-07-15,TX,12,40.06,480.72
BI100140,2024-07-15,MTN,12,40.06,480.72
BI100140,2024-07-15,MTN,12,40.06,480.72
BI100140,2024-07-15,MTN,13,40.06,520.78
BI100140,2024-07-15,MTN,13,40.06,520.78
BI100140,2024-07-15,MTN,13,40.06,520.78
BI100140,2024-07-15,MTN,13,40.06,520.78
BI100140,2024-07-15,MTN,13,40.06,520.78
BI100140,2024-07-15,PSW,14,40.06,560.84
BI100140,2024-07-15,PSW,14,40.06,560.84
BI100140,2024-07-15,PSW,15,40.06,600.9
BI100140,2024-07-15,PSW,15,40.06,600.9
BI100140,2024-07-15,PNW,13,40.06,520.78
BI100140,2024-07-15,PNW,13,40.06,520.78
BI100140,2024-07-15,PNW,13,40.06,520.78
BI100140,2024-07-15,PNW,13,40.06,520.78
BI100140,2024-07-15,PNW,13,40.06,520.78
BI100140,2024-07-15,PNW,14,40.06,560.84
BI100140,2024-08-15,NE,12,40.06,480.72
BI100140,2024-08-15,NE,12,40.06,480.72
BI100140,2024-08-15,NE,12,40.06,480.72
BI100140,2024-08-15,NE,12,40.06,480.72
BI100140,2024-08-15,NE,13,40.06,520.78
BI100140,2024-08-15,NE,13,40.06,520.78
BI100140,2024-08-15,NE,13,40.06,520.78
BI100140,2024-08-15,MA,13,40.06,520.78
BI100140,2024-08-15,MA,13,40.06,520.78
BI100140,2024-08-15,MA,13,40.06,520.78
BI100140,2024-08-15,MA,13,40.06,520.78
BI100140,2024-08-15,MA,14,40.06,560.84
BI100140,2024-08-15,SE,12,40.06,480.72
BI100140,2024-08-15,SE,12,40.06,480.72
BI100140,2024-08-15,SE,12,40.06,480.72
BI100140,2024-08-15,SE,12,40.06,480.72
BI100140,2024-08-15,SE,12,40.06,480.72
BI100140,2024-08-15,SE,12,40.06,480.72
BI100140,2024-08-15,SE,12,40.06,480.72
BI100140,2024-08-15,MW,12,40.06,480.72
BI100140,2024-08-15,MW,12,40.06,480.72
BI100140,2024-08-15,MW,13,40.06,520.78
BI100140,2024-08-15,MW,13,40.06,520.78
BI100140,2024-08-15,MW,13,40.06,520.78
BI100140,2024-08-15,MW,13,40.06,520.78
BI100140,2024-08-15,TX,13,40.06,520.78
BI100140,2024-08-15,TX,13,40.06,520.78
BI100140,2024-08-15,TX,13,40.06,520.78
BI100140,2024-08-15,TX,13,40.06,520.78
BI100140,2024-08-15,TX,13,40.06,520.78
BI100140,2024-08-15,TX,13,40.06,520.78
BI100140,2024-08-15,TX,14,40.06,560.84
BI100140,2024-08-15,MTN,13,40.06,520.78
BI100140,2024-08-15,MTN,13,40.06,520.78
BI100140,2024-08-15,MTN,13,40.06,520.78
BI100140,2024-08-15,MTN,13,40.06,520.78
BI100140,2024-08-15,MTN,13,40.06,520.78
BI100140,2024-08-15,MTN,13,40.06,520.78
BI100140,2024-08-15,MTN,14,40.06,560.84
BI100140,2024-08-15,PSW,12,40.06,480.72
BI100140,2024-08-15,PSW,12,40.06,480.72
BI100140,2024-08-15,PSW,12,40.06,480.72
BI100140,2024-08-15,PSW,12,40.06,480.72
BI100140,2024-08-15,PSW,13,40.06,520.78
BI100140,2024-08-15,PNW,13,40.06,520.78
BI100140,2024-08-15,PNW,13,40.06,520.78
BI100140,2024-08-15,PNW,13,40.06,520.78
BI100140,2024-08-15,PNW,14,40.06,560.84
BI100140,2024-08-15,PNW,14,40.06,560.84
BI100140,2024-08-15,PNW,14,40.06,560.84
BI100140,2024-09-15,NE,13,40.06,520.78
BI100140,2024-09-15,NE,14,40.06,560.84
BI100140,2024-09-15,NE,14,40.06,560.84
BI100140,2024-09-15,NE,14,40.06,560.84
BI100140,2024-09-15,NE,14,40.06,560.84
BI100140,2024-09-15,NE,14,40.06,560.84
BI100140,2024-09-15,MA,14,40.06,560.84
BI100140,2024-09-15,MA,14,40.06,560.84
BI100140,2024-09-15,MA,14,40.06,560.84
BI100140,2024-09-15,MA,14,40.06,560.84
BI100140,2024-09-15,SE,12,40.06,480.72
BI100140,2024-09-15,SE,12,40.06,480.72
BI100140,2024-09-15,SE,12,40.06,480.72
BI100140,2024-09-15,SE,12,40.06,480.72
BI100140,2024-09-15,SE,12,40.06,480.72
BI100140,2024-09-15,SE,12,40.06,480.72
BI100140,2024-09-15,SE,13,40.06,520.78
BI100140,2024-09-15,MW,13,40.06,520.78
BI100140,2024-09-15,MW,13,40.06,520.78
BI100140,2024-09-15,MW,13,40.06,520.78
BI100140,2024-09-15,MW,13,40.06,520.78
BI100140,2024-09-15,MW,14,40.06,560.84
BI100140,2024-09-15,MW,14,40.06,560.84
BI100140,2024-09-15,TX,12,40.06,480.72
BI100140,2024-09-15,TX,13,40.06,520.78
BI100140,2024-09-15,TX,13,40.06,520.78
BI100140,2024-09-15,TX,13,40.06,520.78
BI100140,2024-09-15,TX,13,40.06,520.78
BI100140,2024-09-15,TX,13,40.06,520.78
BI100140,2024-09-15,MTN,12,40.06,480.72
BI100140,2024-09-15,MTN,12,40.06,480.72
BI100140,2024-09-15,MTN,13,40.06,520.78
BI100140,2024-09-15,MTN,13,40.06,520.78
BI100140,2024-09-15,MTN,13,40.06,520.78
BI100140,2024-09-15,MTN,13,40.06,520.78
BI100140,2024-09-15,PSW,12,40.06,480.72
BI100140,2024-09-15,PSW,13,40.06,520.78
BI100140,2024-09-15,PSW,13,40.06,520.78
BI100140,2024-09-15,PSW,13,40.06,520.78
BI100140,2024-09-15,PNW,12,40.06,480.72
BI100140,2024-09-15,PNW,12,40.06,480.72
BI100140,2024-09-15,PNW,12,40.06,480.72
BI100140,2024-09-15,PNW,13,40.06,520.78
BI100140,2024-09-15,PNW,13,40.06,520.78
BI100140,2024-09-15,PNW,13,40.06,520.78
BI100140,2024-10-15,NE,14,40.06,560.84
BI100140,2024-10-15,NE,14,40.06,560.84
BI100140,2024-10-15,NE,14,40.06,560.84
BI100140,2024-10-15,NE,14,40.06,560.84
BI100140,2024-10-15,NE,15,40.06,600.9
BI100140,2024-10-15,MA,13,40.06,520.78
BI100140,2024-10-15,MA,13,40.06,520.78
BI100140,2024-10-15,MA,13,40.06,520.78
BI100140,2024-10-15,MA,14,40.06,560.84
BI100140,2024-10-15,SE,14,40.06,560.84
BI100140,2024-10-15,SE,14,40.06,560.84
BI100140,2024-10-15,SE,14,40.06,560.84
BI100140,2024-10-15,SE,14,40.06,560.84
BI100140,2024-10-15,SE,14,40.06,560.84
BI100140,2024-10-15,MW,13,40.06,520.78
BI100140,2024-10-15,MW,14,40.06,560.84
BI100140,2024-10-15,MW,14,40.06,560.84
BI100140,2024-10-15,MW,14,40.06,560.84
BI100140,2024-10-15,MW,14,40.06,560.84
BI100140,2024-10-15,TX,13,40.06,520.78
BI100140,2024-10-15,TX,13,40.06,520.78
BI100140,2024-10-15,TX,13,40.06,520.78
BI100140,2024-10-15,TX,13,40.06,520.78
BI100140,2024-10-15,TX,14,40.06,560.84
BI100140,2024-10-15,TX,14,40.06,560.84
BI100140,2024-10-15,MTN,13,40.06,520.78
BI100140,2024-10-15,MTN,13,40.06,520.78
BI100140,2024-10-15,MTN,14,40.06,560.84
BI100140,2024-10-15,MTN,14,40.06,560.84
BI100140,2024-10-15,MTN,14,40.06,560.84
BI100140,2024-10-15,MTN,14,40.06,560.84
BI100140,2024-10-15,PSW,13,40.06,520.78
BI100140,2024-10-15,PSW,13,40.06,520.78
BI100140,2024-10-15,PSW,13,40.06,520.78
BI100140,2024-10-15,PSW,13,40.06,520.78
BI100140,2024-10-15,PNW,12,40.06,480.72
BI100140,2024-10-15,PNW,12,40.06,480.72
BI100140,2024-10-15,PNW,12,40.06,480.72
BI100140,2024-10-15,PNW,12,40.06,480.72
BI100140,2024-10-15,PNW,13,40.06,520.78
BI100140,2024-10-15,PNW,13,40.06,520.78
BI100140,2024-11-15,NE,14,40.06,560.84
BI100140,2024-11-15,NE,14,40.06,560.84
BI100140,2024-11-15,NE,14,40.06,560.84
BI100140,2024-11-15,NE,14,40.06,560.84
BI100140,2024-11-15,NE,14,40.06,560.84
BI100140,2024-11-15,MA,13,40.06,520.78
BI100140,2024-11-15,MA,13,40.06,520.78
BI100140,2024-11-15,MA,13,40.06,520.78
BI100140,2024-11-15,MA,14,40.06,560.84
BI100140,2024-11-15,SE,14,40.06,560.84
BI100140,2024-11-15,SE,14,40.06,560.84
BI100140,2024-11-15,SE,14,40.06,560.84
BI100140,2024-11-15,SE,14,40.06,560.84
BI100140,2024-11-15,SE,15,40.06,600.9
BI100140,2024-11-15,MW,14,40.06,560.84
BI100140,2024-11-15,MW,14,40.06,560.84
BI100140,2024-11-15,MW,14,40.06,560.84
BI100140,2024-11-15,MW,14,40.06,560.84
BI100140,2024-11-15,MW,15,40.06,600.9
BI100140,2024-11-15,TX,12,40.06,480.72
BI100140,2024-11-15,TX,13,40.06,520.78
BI100140,2024-11-15,TX,13,40.06,520.78
BI100140,2024-11-15,TX,13,40.06,520.78
BI100140,2024-11-15,TX,13,40.06,520.78
BI100140,2024-11-15,TX,13,40.06,520.78
BI100140,2024-11-15,MTN,13,40.06,520.78
BI100140,2024-11-15,MTN,13,40.06,520.78
BI100140,2024-11-15,MTN,14,40.06,560.84
BI100140,2024-11-15,MTN,14,40.06,560.84
BI100140,2024-11-15,MTN,14,40.06,560.84
BI100140,2024-11-15,PSW,15,40.06,600.9
BI100140,2024-11-15,PSW,15,40.06,600.9
BI100140,2024-11-15,PSW,15,40.06,600.9
BI100140,2024-11-15,PNW,13,40.06,520.78
BI100140,2024-11-15,PNW,13,40.06,520.78
BI100140,2024-11-15,PNW,13,40.06,520.78
BI100140,2024-11-15,PNW,14,40.06,560.84
BI100140,2024-11-15,PNW,14,40.06,560.84
BI100140,2024-12-15,NE,12,40.06,480.72
BI100140,2024-12-15,NE,12,40.06,480.72
BI100140,2024-12-15,NE,12,40.06,480.72
BI100140,2024-12-15,NE,12,40.06,480.72
BI100140,2024-12-15,NE,12,40.06,480.72
BI100140,2024-12-15,NE,12,40.06,480.72
BI100140,2024-12-15,MA,15,40.06,600.9
BI100140,2024-12-15,MA,16,40.06,640.96
BI100140,2024-12-15,MA,16,40.06,640.96
BI100140,2024-12-15,SE,13,40.06,520.78
BI100140,2024-12-15,SE,13,40.06,520.78
BI100140,2024-12-15,SE,13,40.06,520.78
BI100140,2024-12-15,SE,13,40.06,520.78
BI100140,2024-12-15,SE,14,40.06,560.84
BI100140,2024-12-15,MW,14,40.06,560.84
BI100140,2024-12-15,MW,14,40.06,560.84
BI100140,2024-12-15,MW,14,40.06,560.84
BI100140,2024-12-15,MW,14,40.06,560.84
BI100140,2024-12-15,MW,14,40.06,560.84
BI100140,2024-12-15,TX,12,40.06,480.72
BI100140,2024-12-15,TX,12,40.06,480.72
BI100140,2024-12-15,TX,12,40.06,480.72
BI100140,2024-12-15,TX,13,40.06,520.78
BI100140,2024-12-15,TX,13,40.06,520.78
BI100140,2024-12-15,TX,13,40.06,520.78
BI100140,2024-12-15,MTN,13,40.06,520.78
BI100140,2024-12-15,MTN,14,40.06,560.84
BI100140,2024-12-15,MTN,14,40.06,560.84
BI100140,2024-12-15,MTN,14,40.06,560.84
BI100140,2024-12-15,MTN,14,40.06,560.84
BI100140,2024-12-15,PSW,14,40.06,560.84
BI100140,2024-12-15,PSW,15,40.06,600.9
BI100140,2024-12-15,PSW,15,40.06,600.9
BI100140,2024-12-15,PNW,12,40.06,480.72
BI100140,2024-12-15,PNW,12,40.06,480.72
BI100140,2024-12-15,PNW,12,40.06,480.72
BI100140,2024-12-15,PNW,13,40.06,520.78
BI100140,2024-12-15,PNW,13,40.06,520.78
BI100140,2025-01-15,NE,13,40.06,520.78
BI100140,2025-01-15,NE,13,40.06,520.78
BI100140,2025-01-15,NE,13,40.06,520.78
BI100140,2025-01-15,NE,13,40.06,520.78
BI100140,2025-01-15,NE,13,40.06,520.78
BI100140,2025-01-15,MA,13,40.06,520.78
BI100140,2025-01-15,MA,13,40.06,520.78
BI100140,2025-01-15,MA,14,40.06,560.84
BI100140,2025-01-15,MA,14,40.06,560.84
BI100140,2025-01-15,SE,14,40.06,560.84
BI100140,2025-01-15,SE,14,40.06,560.84
BI100140,2025-01-15,SE,14,40.06,560.84
BI100140,2025-01-15,SE,14,40.06,560.84
BI100140,2025-01-15,SE,14,40.06,560.84
BI100140,2025-01-15,MW,13,40.06,520.78
BI100140,2025-01-15,MW,13,40.06,520.78
BI100140,2025-01-15,MW,13,40.06,520.78
BI100140,2025-01-15,MW,13,40.06,520.78
BI100140,2025-01-15,MW,14,40.06,560.84
BI100140,2025-01-15,TX,12,40.06,480.72
BI100140,2025-01-15,TX,12,40.06,480.72
BI100140,2025-01-15,TX,13,40.06,520.78
BI100140,2025-01-15,TX,13,40.06,520.78
BI100140,2025-01-15,TX,13,40.06,520.78
BI100140,2025-01-15,TX,13,40.06,520.78
BI100140,2025-01-15,MTN,12,40.06,480.72
BI100140,2025-01-15,MTN,12,40.06,480.72
BI100140,2025-01-15,MTN,12,40.06,480.72
BI100140,2025-01-15,MTN,12,40.06,480.72
BI100140,2025-01-15,MTN,12,40.06,480.72
BI100140,2025-01-15,MTN,12,40.06,480.72
BI100140,2025-01-15,PSW,15,40.06,600.9
BI100140,2025-01-15,PSW,16,40.06,640.96
BI100140,2025-01-15,PSW,16,40.06,640.96
BI100140,2025-01-15,PNW,13,40.06,520.78
BI100140,2025-01-15,PNW,13,40.06,520.78
BI100140,2025-01-15,PNW,13,40.06,520.78
BI100140,2025-01-15,PNW,14,40.06,560.84
BI100140,2025-01-15,PNW,14,40.06,560.84
BI100140,2025-02-15,NE,12,40.06,480.72
BI100140,2025-02-15,NE,12,40.06,480.72
BI100140,2025-02-15,NE,12,40.06,480.72
BI100140,2025-02-15,NE,13,40.06,520.78
BI100140,2025-02-15,NE,13,40.06,520.78
BI100140,2025-02-15,NE,13,40.06,520.78
BI100140,2025-02-15,MA,13,40.06,520.78
BI100140,2025-02-15,MA,14,40.06,560.84
BI100140,2025-02-15,MA,14,40.06,560.84
BI100140,2025-02-15,MA,14,40.06,560.84
BI100140,2025-02-15,SE,12,40.06,480.72
BI100140,2025-02-15,SE,12,40.06,480.72
BI100140,2025-02-15,SE,12,40.06,480.72
BI100140,2025-02-15,SE,13,40.06,520.78
BI100140,2025-02-15,SE,13,40.06,520.78
BI100140,2025-02-15,SE,13,40.06,520.78
BI100140,2025-02-15,MW,12,40.06,480.72
BI100140,2025-02-15,MW,12,40.06,480.72
BI100140,2025-02-15,MW,13,40.06,520.78
BI100140,2025-02-15,MW,13,40.06,520.78
BI100140,2025-02-15,MW,13,40.06,520.78
BI100140,2025-02-15,MW,13,40.06,520.78
BI100140,2025-02-15,TX,13,40.06,520.78
BI100140,2025-02-15,TX,14,40.06,560.84
BI100140,2025-02-15,TX,14,40.06,560.84
BI100140,2025-02-15,TX,14,40.06,560.84
BI100140,2025-02-15,TX,14,40.06,560.84
BI100140,2025-02-15,TX,14,40.06,560.84
BI100140,2025-02-15,MTN,13,40.06,520.78
BI100140,2025-02-15,MTN,13,40.06,520.78
BI100140,2025-02-15,MTN,13,40.06,520.78
BI100140,2025-02-15,MTN,13,40.06,520.78
BI100140,2025-02-15,MTN,14,40.06,560.84
BI100140,2025-02-15,MTN,14,40.06,560.84
BI100140,2025-02-15,PSW,12,40.06,480.72
BI100140,2025-02-15,PSW,12,40.06,480.72
BI100140,2025-02-15,PSW,13,40.06,520.78
BI100140,2025-02-15,PSW,13,40.06,520.78
BI100140,2025-02-15,PNW,12,40.06,480.72
BI100140,2025-02-15,PNW,12,40.06,480.72
BI100140,2025-02-15,PNW,12,40.06,480.72
BI100140,2025-02-15,PNW,12,40.06,480.72
BI100140,2025-02-15,PNW,12,40.06,480.72
BI100140,2025-02-15,PNW,13,40.06,520.78
BI100140,2025-03-15,NE,12,40.06,480.72
BI100140,2025-03-15,NE,12,40.06,480.72
BI100140,2025-03-15,NE,12,40.06,480.72
BI100140,2025-03-15,NE,12,40.06,480.72
BI100140,2025-03-15,NE,12,40.06,480.72
BI100140,2025-03-15,NE,12,40.06,480.72
BI100140,2025-03-15,NE,12,40.06,480.72
BI100140,2025-03-15,MA,12,40.06,480.72
BI100140,2025-03-15,MA,13,40.06,520.78
BI100140,2025-03-15,MA,13,40.06,520.78
BI100140,2025-03-15,MA,13,40.06,520.78
BI100140,2025-03-15,MA,13,40.06,520.78
BI100140,2025-03-15,SE,13,40.06,520.78
BI100140,2025-03-15,SE,14,40.06,560.84
BI100140,2025-03-15,SE,14,40.06,560.84
BI100140,2025-03-15,SE,14,40.06,560.84
BI100140,2025-03-15,SE,14,40.06,560.84
BI100140,2025-03-15,SE,14,40.06,560.84
BI100140,2025-03-15,MW,12,40.06,480.72
BI100140,2025-03-15,MW,12,40.06,480.72
BI100140,2025-03-15,MW,12,40.06,480.72
BI100140,2025-03-15,MW,12,40.06,480.72
BI100140,2025-03-15,MW,13,40.06,520.78
BI100140,2025-03-15,MW,13,40.06,520.78
BI100140,2025-03-15,TX,13,40.06,520.78
BI100140,2025-03-15,TX,13,40.06,520.78
BI100140,2025-03-15,TX,13,40.06,520.78
BI100140,2025-03-15,TX,14,40.06,560.84
BI100140,2025-03-15,TX,14,40.06,560.84
BI100140,2025-03-15,TX,14,40.06,560.84
BI100140,2025-03-15,MTN,12,40.06,480.72
BI100140,2025-03-15,MTN,12,40.06,480.72
BI100140,2025-03-15,MTN,12,40.06,480.72
BI100140,2025-03-15,MTN,12,40.06,480.72
BI100140,2025-03-15,MTN,12,40.06,480.72
BI100140,2025-03-15,MTN,13,40.06,520.78
BI100140,2025-03-15,MTN,13,40.06,520.78
BI100140,2025-03-15,PSW,13,40.06,520.78
BI100140,2025-03-15,PSW,14,40.06,560.84
BI100140,2025-03-15,PSW,14,40.06,560.84
BI100140,2025-03-15,PSW,14,40.06,560.84
BI100140,2025-03-15,PNW,12,40.06,480.72
BI100140,2025-03-15,PNW,12,40.06,480.72
BI100140,2025-03-15,PNW,13,40.06,520.78
BI100140,2025-03-15,PNW,13,40.06,520.78
BI100140,2025-03-15,PNW,13,40.06,520.78
BI100140,2025-03-15,PNW,13,40.06,520.78
BI100140,2025-04-15,NE,13,40.06,520.78
BI100140,2025-04-15,NE,13,40.06,520.78
BI100140,2025-04-15,NE,13,40.06,520.78
BI100140,2025-04-15,NE,13,40.06,520.78
BI100140,2025-04-15,NE,13,40.06,520.78
BI100140,2025-04-15,NE,13,40.06,520.78
BI100140,2025-04-15,NE,13,40.06,520.78
BI100140,2025-04-15,MA,13,40.06,520.78
BI100140,2025-04-15,MA,14,40.06,560.84
BI100140,2025-04-15,MA,14,40.06,560.84
BI100140,2025-04-15,MA,14,40.06,560.84
BI100140,2025-04-15,MA,14,40.06,560.84
BI100140,2025-04-15,SE,13,40.06,520.78
BI100140,2025-04-15,SE,13,40.06,520.78
BI100140,2025-04-15,SE,13,40.06,520.78
BI100140,2025-04-15,SE,13,40.06,520.78
BI100140,2025-04-15,SE,13,40.06,520.78
BI100140,2025-04-15,SE,14,40.06,560.84
BI100140,2025-04-15,SE,14,40.06,560.84
BI100140,2025-04-15,MW,12,40.06,480.72
BI100140,2025-04-15,MW,12,40.06,480.72
BI100140,2025-04-15,MW,13,40.06,520.78
BI100140,2025-04-15,MW,13,40.06,520.78
BI100140,2025-04-15,MW,13,40.06,520.78
BI100140,2025-04-15,MW,13,40.06,520.78
BI100140,2025-04-15,MW,13,40.06,520.78
BI100140,2025-04-15,TX,13,40.06,520.78
BI100140,2025-04-15,TX,13,40.06,520.78
BI100140,2025-04-15,TX,13,40.06,520.78
BI100140,2025-04-15,TX,13,40.06,520.78
BI100140,2025-04-15,TX,13,40.06,520.78
BI100140,2025-04-15,TX,14,40.06,560.84
BI100140,2025-04-15,TX,14,40.06,560.84
BI100140,2025-04-15,MTN,12,40.06,480.72
BI100140,2025-04-15,MTN,12,40.06,480.72
BI100140,2025-04-15,MTN,13,40.06,520.78
BI100140,2025-04-15,MTN,13,40.06,520.78
BI100140,2025-04-15,MTN,13,40.06,520.78
BI100140,2025-04-15,MTN,13,40.06,520.78
BI100140,2025-04-15,MTN,13,40.06,520.78
BI100140,2025-04-15,PSW,12,40.06,480.72
BI100140,2025-04-15,PSW,13,40.06,520.78
BI100140,2025-04-15,PSW,13,40.06,520.78
BI100140,2025-04-15,PSW,13,40.06,520.78
BI100140,2025-04-15,PSW,13,40.06,520.78
BI100140,2025-04-15,PNW,13,40.06,520.78
BI100140,2025-04-15,PNW,13,40.06,520.78
BI100140,2025-04-15,PNW,13,40.06,520.78
BI100140,2025-04-15,PNW,14,40.06,560.84
BI100140,2025-04-15,PNW,14,40.06,560.84
BI100140,2025-04-15,PNW,14,40.06,560.84
BI100140,2025-05-15,NE,13,40.06,520.78
BI100140,2025-05-15,NE,13,40.06,520.78
BI100140,2025-05-15,NE,13,40.06,520.78
BI100140,2025-05-15,NE,13,40.06,520.78
BI100140,2025-05-15,NE,14,40.06,560.84
BI100140,2025-05-15,NE,14,40.06,560.84
BI100140,2025-05-15,NE,14,40.06,560.84
BI100140,2025-05-15,MA,12,40.06,480.72
BI100140,2025-05-15,MA,12,40.06,480.72
BI100140,2025-05-15,MA,12,40.06,480.72
BI100140,2025-05-15,MA,12,40.06,480.72
BI100140,2025-05-15,MA,12,40.06,480.72
BI100140,2025-05-15,MA,12,40.06,480.72
BI100140,2025-05-15,SE,12,40.06,480.72
BI100140,2025-05-15,SE,12,40.06,480.72
BI100140,2025-05-15,SE,12,40.06,480.72
BI100140,2025-05-15,SE,12,40.06,480.72
BI100140,2025-05-15,SE,13,40.06,520.78
BI100140,2025-05-15,SE,13,40.06,520.78
BI100140,2025-05-15,SE,13,40.06,520.78
BI100140,2025-05-15,SE,13,40.06,520.78
BI100140,2025-05-15,MW,12,40.06,480.72
BI100140,2025-05-15,MW,12,40.06,480.72
BI100140,2025-05-15,MW,13,40.06,520.78
BI100140,2025-05-15,MW,13,40.06,520.78
BI100140,2025-05-15,MW,13,40.06,520.78
BI100140,2025-05-15,MW,13,40.06,520.78
BI100140,2025-05-15,MW,13,40.06,520.78
BI100140,2025-05-15,TX,13,40.06,520.78
BI100140,2025-05-15,TX,13,40.06,520.78
BI100140,2025-05-15,TX,13,40.06,520.78
BI100140,2025-05-15,TX,13,40.06,520.78
BI100140,2025-05-15,TX,13,40.06,520.78
BI100140,2025-05-15,TX,14,40.06,560.84
BI100140,2025-05-15,TX,14,40.06,560.84
BI100140,2025-05-15,MTN,12,40.06,480.72
BI100140,2025-05-15,MTN,12,40.06,480.72
BI100140,2025-05-15,MTN,12,40.06,480.72
BI100140,2025-05-15,MTN,13,40.06,520.78
BI100140,2025-05-15,MTN,13,40.06,520.78
BI100140,2025-05-15,MTN,13,40.06,520.78
BI100140,2025-05-15,MTN,13,40.06,520.78
BI100140,2025-05-15,MTN,13,40.06,520.78
BI100140,2025-05-15,PSW,12,40.06,480.72
BI100140,2025-05-15,PSW,12,40.06,480.72
BI100140,2025-05-15,PSW,12,40.06,480.72
BI100140,2025-05-15,PSW,13,40.06,520.78
BI100140,2025-05-15,PSW,13,40.06,520.78
BI100140,2025-05-15,PNW,13,40.06,520.78
BI100140,2025-05-15,PNW,13,40.06,520.78
BI100140,2025-05-15,PNW,13,40.06,520.78
BI100140,2025-05-15,PNW,13,40.06,520.78
BI100140,2025-05-15,PNW,13,40.06,520.78
BI100140,2025-05-15,PNW,14,40.06,560.84
BI100140,2025-05-15,PNW,14,40.06,560.84
BI100140,2025-06-15,NE,13,40.06,520.78
BI100140,2025-06-15,NE,13,40.06,520.78
BI100140,2025-06-15,NE,13,40.06,520.78
BI100140,2025-06-15,NE,13,40.06,520.78
BI100140,2025-06-15,NE,13,40.06,520.78
BI100140,2025-06-15,NE,13,40.06,520.78
BI100140,2025-06-15,NE,13,40.06,520.78
BI100140,2025-06-15,MA,13,40.06,520.78
BI100140,2025-06-15,MA,13,40.06,520.78
BI100140,2025-06-15,MA,14,40.06,560.84
BI100140,2025-06-15,MA,14,40.06,560.84
BI100140,2025-06-15,MA,14,40.06,560.84
BI100140,2025-06-15,SE,13,40.06,520.78
BI100140,2025-06-15,SE,13,40.06,520.78
BI100140,2025-06-15,SE,13,40.06,520.78
BI100140,2025-06-15,SE,13,40.06,520.78
BI100140,2025-06-15,SE,13,40.06,520.78
BI100140,2025-06-15,SE,13,40.06,520.78
BI100140,2025-06-15,SE,13,40.06,520.78
BI100140,2025-06-15,SE,14,40.06,560.84
BI100140,2025-06-15,MW,12,40.06,480.72
BI100140,2025-06-15,MW,12,40.06,480.72
BI100140,2025-06-15,MW,12,40.06,480.72
BI100140,2025-06-15,MW,12,40.06,480.72
BI100140,2025-06-15,MW,12,40.06,480.72
BI100140,2025-06-15,MW,13,40.06,520.78
BI100140,2025-06-15,MW,13,40.06,520.78
BI100140,2025-06-15,TX,12,40.06,480.72
BI100140,2025-06-15,TX,12,40.06,480.72
BI100140,2025-06-15,TX,12,40.06,480.72
BI100140,2025-06-15,TX,12,40.06,480.72
BI100140,2025-06-15,TX,12,40.06,480.72
BI100140,2025-06-15,TX,12,40.06,480.72
BI100140,2025-06-15,TX,12,40.06,480.72
BI100140,2025-06-15,TX,12,40.06,480.72
BI100140,2025-06-15,MTN,13,40.06,520.78
BI100140,2025-06-15,MTN,13,40.06,520.78
BI100140,2025-06-15,MTN,13,40.06,520.78
BI100140,2025-06-15,MTN,13,40.06,520.78
BI100140,2025-06-15,MTN,13,40.06,520.78
BI100140,2025-06-15,MTN,13,40.06,520.78
BI100140,2025-06-15,MTN,14,40.06,560.84
BI100140,2025-06-15,MTN,14,40.06,560.84
BI100140,2025-06-15,PSW,13,40.06,520.78
BI100140,2025-06-15,PSW,13,40.06,520.78
BI100140,2025-06-15,PSW,13,40.06,520.78
BI100140,2025-06-15,PSW,13,40.06,520.78
BI100140,2025-06-15,PSW,14,40.06,560.84
BI100140,2025-06-15,PNW,12,40.06,480.72
BI100140,2025-06-15,PNW,12,40.06,480.72
BI100140,2025-06-15,PNW,12,40.06,480.72
BI100140,2025-06-15,PNW,12,40.06,480.72
BI100140,2025-06-15,PNW,12,40.06,480.72
BI100140,2025-06-15,PNW,13,40.06,520.78
BI100140,2025-06-15,PNW,13,40.06,520.78
BI100140,2025-07-15,NE,13,40.06,520.78
BI100140,2025-07-15,NE,13,40.06,520.78
BI100140,2025-07-15,NE,13,40.06,520.78
BI100140,2025-07-15,NE,13,40.06,520.78
BI100140,2025-07-15,NE,13,40.06,520.78
BI100140,2025-07-15,NE,14,40.06,560.84
BI100140,2025-07-15,NE,14,40.06,560.84
BI100140,2025-07-15,MA,12,40.06,480.72
BI100140,2025-07-15,MA,12,40.06,480.72
BI100140,2025-07-15,MA,12,40.06,480.72
BI100140,2025-07-15,MA,12,40.06,480.72
BI100140,2025-07-15,MA,12,40.06,480.72
BI100140,2025-07-15,MA,12,40.06,480.72
BI100140,2025-07-15,SE,12,40.06,480.72
BI100140,2025-07-15,SE,12,40.06,480.72
BI100140,2025-07-15,SE,12,40.06,480.72
BI100140,2025-07-15,SE,13,40.06,520.78
BI100140,2025-07-15,SE,13,40.06,520.78
BI100140,2025-07-15,SE,13,40.06,520.78
BI100140,2025-07-15,SE,13,40.06,520.78
BI100140,2025-07-15,SE,13,40.06,520.78
BI100140,2025-07-15,MW,13,40.06,520.78
BI100140,2025-07-15,MW,13,40.06,520.78
BI100140,2025-07-15,MW,13,40.06,520.78
BI100140,2025-07-15,MW,14,40.06,560.84
BI100140,2025-07-15,MW,14,40.06,560.84
BI100140,2025-07-15,MW,14,40.06,560.84
BI100140,2025-07-15,MW,14,40.06,560.84
BI100140,2025-07-15,TX,12,40.06,480.72
BI100140,2025-07-15,TX,12,40.06,480.72
BI100140,2025-07-15,TX,12,40.06,480.72
BI100140,2025-07-15,TX,13,40.06,520.78
BI100140,2025-07-15,TX,13,40.06,520.78
BI100140,2025-07-15,TX,13,40.06,520.78
BI100140,2025-07-15,TX,13,40.06,520.78
BI100140,2025-07-15,TX,13,40.06,520.78
BI100140,2025-07-15,MTN,12,40.06,480.72
BI100140,2025-07-15,MTN,12,40.06,480.72
BI100140,2025-07-15,MTN,12,40.06,480.72
BI100140,2025-07-15,MTN,12,40.06,480.72
BI100140,2025-07-15,MTN,12,40.06,480.72
BI100140,2025-07-15,MTN,13,40.06,520.78
BI100140,2025-07-15,MTN,13,40.06,520.78
BI100140,2025-07-15,MTN,13,40.06,520.78
BI100140,2025-07-15,PSW,12,40.06,480.72
BI100140,2025-07-15,PSW,12,40.06,480.72
BI100140,2025-07-15,PSW,12,40.06,480.72
BI100140,2025-07-15,PSW,12,40.06,480.72
BI100140,2025-07-15,PSW,13,40.06,520.78
BI100140,2025-07-15,PNW,13,40.06,520.78
BI100140,2025-07-15,PNW,13,40.06,520.78
BI100140,2025-07-15,PNW,13,40.06,520.78
BI100140,2025-07-15,PNW,13,40.06,520.78
BI100140,2025-07-15,PNW,13,40.06,520.78
BI100140,2025-07-15,PNW,14,40.06,560.84
BI100140,2025-07-15,PNW,14,40.06,560.84
BI100140,2025-08-15,NE,12,40.06,480.72
BI100140,2025-08-15,NE,12,40.06,480.72
BI100140,2025-08-15,NE,12,40.06,480.72
BI100140,2025-08-15,NE,12,40.06,480.72
BI100140,2025-08-15,NE,13,40.06,520.78
BI100140,2025-08-15,NE,13,40.06,520.78
BI100140,2025-08-15,NE,13,40.06,520.78
BI100140,2025-08-15,MA,13,40.06,520.78
BI100140,2025-08-15,MA,14,40.06,560.84
BI100140,2025-08-15,MA,14,40.06,560.84
BI100140,2025-08-15,MA,14,40.06,560.84
BI100140,2025-08-15,MA,14,40.06,560.84
BI100140,2025-08-15,SE,12,40.06,480.72
BI100140,2025-08-15,SE,13,40.06,520.78
BI100140,2025-08-15,SE,13,40.06,520.78
BI100140,2025-08-15,SE,13,40.06,520.78
BI100140,2025-08-15,SE,13,40.06,520.78
BI100140,2025-08-15,SE,13,40.06,520.78
BI100140,2025-08-15,SE,13,40.06,520.78
BI100140,2025-08-15,MW,12,40.06,480.72
BI100140,2025-08-15,MW,12,40.06,480.72
BI100140,2025-08-15,MW,12,40.06,480.72
BI100140,2025-08-15,MW,12,40.06,480.72
BI100140,2025-08-15,MW,12,40.06,480.72
BI100140,2025-08-15,MW,12,40.06,480.72
BI100140,2025-08-15,MW,12,40.06,480.72
BI100140,2025-08-15,TX,13,40.06,520.78
BI100140,2025-08-15,TX,13,40.06,520.78
BI100140,2025-08-15,TX,13,40.06,520.78
BI100140,2025-08-15,TX,13,40.06,520.78
BI100140,2025-08-15,TX,13,40.06,520.78
BI100140,2025-08-15,TX,13,40.06,520.78
BI100140,2025-08-15,TX,13,40.06,520.78
BI100140,2025-08-15,MTN,13,40.06,520.78
BI100140,2025-08-15,MTN,13,40.06,520.78
BI100140,2025-08-15,MTN,13,40.06,520.78
BI100140,2025-08-15,MTN,13,40.06,520.78
BI100140,2025-08-15,MTN,13,40.06,520.78
BI100140,2025-08-15,MTN,13,40.06,520.78
BI100140,2025-08-15,MTN,14,40.06,560.84
BI100140,2025-08-15,PSW,12,40.06,480.72
BI100140,2025-08-15,PSW,13,40.06,520.78
BI100140,2025-08-15,PSW,13,40.06,520.78
BI100140,2025-08-15,PSW,13,40.06,520.78
BI100140,2025-08-15,PSW,13,40.06,520.78
BI100140,2025-08-15,PNW,13,40.06,520.78
BI100140,2025-08-15,PNW,13,40.06,520.78
BI100140,2025-08-15,PNW,13,40.06,520.78
BI100140,2025-08-15,PNW,13,40.06,520.78
BI100140,2025-08-15,PNW,14,40.06,560.84
BI100140,2025-08-15,PNW,14,40.06,560.84
BI100140,2025-09-15,NE,13,40.06,520.78
BI100140,2025-09-15,NE,14,40.06,560.84
BI100140,2025-09-15,NE,14,40.06,560.84
BI100140,2025-09-15,NE,14,40.06,560.84
BI100140,2025-09-15,NE,14,40.06,560.84
BI100140,2025-09-15,NE,14,40.06,560.84
BI100140,2025-09-15,MA,13,40.06,520.78
BI100140,2025-09-15,MA,13,40.06,520.78
BI100140,2025-09-15,MA,13,40.06,520.78
BI100140,2025-09-15,MA,13,40.06,520.78
BI100140,2025-09-15,MA,14,40.06,560.84
BI100140,2025-09-15,SE,12,40.06,480.72
BI100140,2025-09-15,SE,12,40.06,480.72
BI100140,2025-09-15,SE,13,40.06,520.78
BI100140,2025-09-15,SE,13,40.06,520.78
BI100140,2025-09-15,SE,13,40.06,520.78
BI100140,2025-09-15,SE,13,40.06,520.78
BI100140,2025-09-15,SE,13,40.06,520.78
BI100140,2025-09-15,MW,13,40.06,520.78
BI100140,2025-09-15,MW,13,40.06,520.78
BI100140,2025-09-15,MW,13,40.06,520.78
BI100140,2025-09-15,MW,13,40.06,520.78
BI100140,2025-09-15,MW,13,40.06,520.78
BI100140,2025-09-15,MW,13,40.06,520.78
BI100140,2025-09-15,TX,13,40.06,520.78
BI100140,2025-09-15,TX,13,40.06,520.78
BI100140,2025-09-15,TX,13,40.06,520.78
BI100140,2025-09-15,TX,13,40.06,520.78
BI100140,2025-09-15,TX,13,40.06,520.78
BI100140,2025-09-15,TX,13,40.06,520.78
BI100140,2025-09-15,TX,13,40.06,520.78
BI100140,2025-09-15,MTN,12,40.06,480.72
BI100140,2025-09-15,MTN,12,40.06,480.72
BI100140,2025-09-15,MTN,12,40.06,480.72
BI100140,2025-09-15,MTN,13,40.06,520.78
BI100140,2025-09-15,MTN,13,40.06,520.78
BI100140,2025-09-15,MTN,13,40.06,520.78
BI100140,2025-09-15,MTN,13,40.06,520.78
BI100140,2025-09-15,PSW,12,40.06,480.72
BI100140,2025-09-15,PSW,12,40.06,480.72
BI100140,2025-09-15,PSW,13,40.06,520.78
BI100140,2025-09-15,PSW,13,40.06,520.78
BI100140,2025-09-15,PSW,13,40.06,520.78
BI100140,2025-09-15,PNW,12,40.06,480.72
BI100140,2025-09-15,PNW,12,40.06,480.72
BI100140,2025-09-15,PNW,12,40.06,480.72
BI100140,2025-09-15,PNW,12,40.06,480.72
BI100140,2025-09-15,PNW,12,40.06,480.72
BI100140,2025-09-15,PNW,13,40.06,520.78
BI100140,2025-09-15,PNW,13,40.06,520.78
BI100140,2025-10-15,NE,12,40.06,480.72
BI100140,2025-10-15,NE,12,40.06,480.72
BI100140,2025-10-15,NE,12,40.06,480.72
BI100140,2025-10-15,NE,12,40.06,480.72
BI100140,2025-10-15,NE,12,40.06,480.72
BI100140,2025-10-15,NE,12,40.06,480.72
BI100140,2025-10-15,MA,14,40.06,560.84
BI100140,2025-10-15,MA,15,40.06,600.9
BI100140,2025-10-15,MA,15,40.06,600.9
BI100140,2025-10-15,MA,15,40.06,600.9
BI100140,2025-10-15,SE,13,40.06,520.78
BI100140,2025-10-15,SE,13,40.06,520.78
BI100140,2025-10-15,SE,13,40.06,520.78
BI100140,2025-10-15,SE,13,40.06,520.78
BI100140,2025-10-15,SE,13,40.06,520.78
BI100140,2025-10-15,SE,14,40.06,560.84
BI100140,2025-10-15,MW,14,40.06,560.84
BI100140,2025-10-15,MW,14,40.06,560.84
BI100140,2025-10-15,MW,14,40.06,560.84
BI100140,2025-10-15,MW,14,40.06,560.84
BI100140,2025-10-15,MW,14,40.06,560.84
BI100140,2025-10-15,TX,13,40.06,520.78
BI100140,2025-10-15,TX,14,40.06,560.84
BI100140,2025-10-15,TX,14,40.06,560.84
BI100140,2025-10-15,TX,14,40.06,560.84
BI100140,2025-10-15,TX,14,40.06,560.84
BI100140,2025-10-15,TX,14,40.06,560.84
BI100140,2025-10-15,MTN,13,40.06,520.78
BI100140,2025-10-15,MTN,13,40.06,520.78
BI100140,2025-10-15,MTN,14,40.06,560.84
BI100140,2025-10-15,MTN,14,40.06,560.84
BI100140,2025-10-15,MTN,14,40.06,560.84
BI100140,2025-10-15,MTN,14,40.06,560.84
BI100140,2025-10-15,PSW,12,40.06,480.72
BI100140,2025-10-15,PSW,13,40.06,520.78
BI100140,2025-10-15,PSW,13,40.06,520.78
BI100140,2025-10-15,PSW,13,40.06,520.78
BI100140,2025-10-15,PNW,13,40.06,520.78
BI100140,2025-10-15,PNW,13,40.06,520.78
BI100140,2025-10-15,PNW,13,40.06,520.78
BI100140,2025-10-15,PNW,13,40.06,520.78
BI100140,2025-10-15,PNW,13,40.06,520.78
BI100140,2025-10-15,PNW,14,40.06,560.84
BI100140,2025-11-15,NE,12,40.06,480.72
BI100140,2025-11-15,NE,12,40.06,480.72
BI100140,2025-11-15,NE,12,40.06,480.72
BI100140,2025-11-15,NE,12,40.06,480.72
BI100140,2025-11-15,NE,13,40.06,520.78
BI100140,2025-11-15,NE,13,40.06,520.78
BI100140,2025-11-15,MA,13,40.06,520.78
BI100140,2025-11-15,MA,14,40.06,560.84
BI100140,2025-11-15,MA,14,40.06,560.84
BI100140,2025-11-15,MA,14,40.06,560.84
BI100140,2025-11-15,SE,12,40.06,480.72
BI100140,2025-11-15,SE,12,40.06,480.72
BI100140,2025-11-15,SE,12,40.06,480.72
BI100140,2025-11-15,SE,12,40.06,480.72
BI100140,2025-11-15,SE,13,40.06,520.78
BI100140,2025-11-15,SE,13,40.06,520.78
BI100140,2025-11-15,MW,12,40.06,480.72
BI100140,2025-11-15,MW,12,40.06,480.72
BI100140,2025-11-15,MW,12,40.06,480.72
BI100140,2025-11-15,MW,12,40.06,480.72
BI100140,2025-11-15,MW,12,40.06,480.72
BI100140,2025-11-15,MW,13,40.06,520.78
BI100140,2025-11-15,TX,12,40.06,480.72
BI100140,2025-11-15,TX,12,40.06,480.72
BI100140,2025-11-15,TX,12,40.06,480.72
BI100140,2025-11-15,TX,12,40.06,480.72
BI100140,2025-11-15,TX,12,40.06,480.72
BI100140,2025-11-15,TX,13,40.06,520.78
BI100140,2025-11-15,MTN,12,40.06,480.72
BI100140,2025-11-15,MTN,12,40.06,480.72
BI100140,2025-11-15,MTN,13,40.06,520.78
BI100140,2025-11-15,MTN,13,40.06,520.78
BI100140,2025-11-15,MTN,13,40.06,520.78
BI100140,2025-11-15,MTN,13,40.06,520.78
BI100140,2025-11-15,PSW,12,40.06,480.72
BI100140,2025-11-15,PSW,12,40.06,480.72
BI100140,2025-11-15,PSW,13,40.06,520.78
BI100140,2025-11-15,PSW,13,40.06,520.78
BI100140,2025-11-15,PNW,13,40.06,520.78
BI100140,2025-11-15,PNW,14,40.06,560.84
BI100140,2025-11-15,PNW,14,40.06,560.84
BI100140,2025-11-15,PNW,14,40.06,560.84
BI100140,2025-11-15,PNW,14,40.06,560.84
BI100140,2025-12-15,NE,13,40.06,520.78
BI100140,2025-12-15,NE,13,40.06,520.78
BI100140,2025-12-15,NE,14,40.06,560.84
BI100140,2025-12-15,NE,14,40.06,560.84
BI100140,2025-12-15,NE,14,40.06,560.84
BI100140,2025-12-15,MA,13,40.06,520.78
BI100140,2025-12-15,MA,14,40.06,560.84
BI100140,2025-12-15,MA,14,40.06,560.84
BI100140,2025-12-15,MA,14,40.06,560.84
BI100140,2025-12-15,SE,14,40.06,560.84
BI100140,2025-12-15,SE,14,40.06,560.84
BI100140,2025-12-15,SE,14,40.06,560.84
BI100140,2025-12-15,SE,14,40.06,560.84
BI100140,2025-12-15,SE,15,40.06,600.9
BI100140,2025-12-15,MW,13,40.06,520.78
BI100140,2025-12-15,MW,13,40.06,520.78
BI100140,2025-12-15,MW,13,40.06,520.78
BI100140,2025-12-15,MW,13,40.06,520.78
BI100140,2025-12-15,MW,13,40.06,520.78
BI100140,2025-12-15,TX,13,40.06,520.78
BI100140,2025-12-15,TX,13,40.06,520.78
BI100140,2025-12-15,TX,13,40.06,520.78
BI100140,2025-12-15,TX,13,40.06,520.78
BI100140,2025-12-15,TX,14,40.06,560.84
BI100140,2025-12-15,TX,14,40.06,560.84
BI100140,2025-12-15,MTN,13,40.06,520.78
BI100140,2025-12-15,MTN,13,40.06,520.78
BI100140,2025-12-15,MTN,13,40.06,520.78
BI100140,2025-12-15,MTN,14,40.06,560.84
BI100140,2025-12-15,MTN,14,40.06,560.84
BI100140,2025-12-15,MTN,14,40.06,560.84
BI100140,2025-12-15,PSW,12,40.06,480.72
BI100140,2025-12-15,PSW,13,40.06,520.78
BI100140,2025-12-15,PSW,13,40.06,520.78
BI100140,2025-12-15,PSW,13,40.06,520.78
BI100140,2025-12-15,PNW,12,40.06,480.72
BI100140,2025-12-15,PNW,12,40.06,480.72
BI100140,2025-12-15,PNW,12,40.06,480.72
BI100140,2025-12-15,PNW,12,40.06,480.72
BI100140,2025-12-15,PNW,12,40.06,480.72
BI100140,2025-12-15,PNW,13,40.06,520.78
BI100147,2024-01-15,NE,10,133.0,1330.0
BI100147,2024-01-15,MA,8,133.0,1064.0
BI100147,2024-01-15,SE,11,133.0,1463.0
BI100147,2024-01-15,MW,10,133.0,1330.0
BI100147,2024-01-15,TX,12,133.0,1596.0
BI100147,2024-01-15,MTN,10,133.0,1330.0
BI100147,2024-01-15,PSW,8,133.0,1064.0
BI100147,2024-01-15,PNW,10,133.0,1330.0
BI100147,2024-02-15,NE,11,133.0,1463.0
BI100147,2024-02-15,MA,9,133.0,1197.0
BI100147,2024-02-15,SE,13,133.0,1729.0
BI100147,2024-02-15,MW,11,133.0,1463.0
BI100147,2024-02-15,TX,12,133.0,1596.0
BI100147,2024-02-15,MTN,11,133.0,1463.0
BI100147,2024-02-15,PSW,9,133.0,1197.0
BI100147,2024-02-15,PNW,12,133.0,1596.0
BI100147,2024-03-15,NE,11,133.0,1463.0
BI100147,2024-03-15,MA,9,133.0,1197.0
BI100147,2024-03-15,SE,13,133.0,1729.0
BI100147,2024-03-15,MW,13,133.0,1729.0
BI100147,2024-03-15,TX,14,133.0,1862.0
BI100147,2024-03-15,MTN,12,133.0,1596.0
BI100147,2024-03-15,PSW,9,133.0,1197.0
BI100147,2024-03-15,PNW,12,133.0,1596.0
BI100147,2024-04-15,NE,12,133.0,1596.0
BI100147,2024-04-15,MA,10,133.0,1330.0
BI100147,2024-04-15,SE,15,133.0,1995.0
BI100147,2024-04-15,MW,13,133.0,1729.0
BI100147,2024-04-15,TX,15,133.0,1995.0
BI100147,2024-04-15,MTN,14,133.0,1862.0
BI100147,2024-04-15,PSW,10,133.0,1330.0
BI100147,2024-04-15,PNW,14,133.0,1862.0
BI100147,2024-05-15,NE,12,133.0,1596.0
BI100147,2024-05-15,MA,11,133.0,1463.0
BI100147,2024-05-15,SE,15,133.0,1995.0
BI100147,2024-05-15,MW,15,133.0,1995.0
BI100147,2024-05-15,TX,15,133.0,1995.0
BI100147,2024-05-15,MTN,14,133.0,1862.0
BI100147,2024-05-15,PSW,10,133.0,1330.0
BI100147,2024-05-15,PNW,15,133.0,1995.0
BI100147,2024-06-15,NE,14,133.0,1862.0
BI100147,2024-06-15,MA,11,133.0,1463.0
BI100147,2024-06-15,SE,16,133.0,2128.0
BI100147,2024-06-15,MW,14,133.0,1862.0
BI100147,2024-06-15,TX,16,133.0,2128.0
BI100147,2024-06-15,MTN,15,133.0,1995.0
BI100147,2024-06-15,PSW,11,133.0,1463.0
BI100147,2024-06-15,PNW,14,133.0,1862.0
BI100147,2024-07-15,NE,13,133.0,1729.0
BI100147,2024-07-15,MA,11,133.0,1463.0
BI100147,2024-07-15,SE,15,133.0,1995.0
BI100147,2024-07-15,MW,15,133.0,1995.0
BI100147,2024-07-15,TX,17,133.0,2261.0
BI100147,2024-07-15,MTN,13,133.0,1729.0
BI100147,2024-07-15,PSW,10,133.0,1330.0
BI100147,2024-07-15,PNW,14,133.0,1862.0
BI100147,2024-08-15,NE,13,133.0,1729.0
BI100147,2024-08-15,MA,11,133.0,1463.0
BI100147,2024-08-15,SE,14,133.0,1862.0
BI100147,2024-08-15,MW,15,133.0,1995.0
BI100147,2024-08-15,TX,15,133.0,1995.0
BI100147,2024-08-15,MTN,14,133.0,1862.0
BI100147,2024-08-15,PSW,11,133.0,1463.0
BI100147,2024-08-15,PNW,14,133.0,1862.0
BI100147,2024-09-15,NE,12,133.0,1596.0
BI100147,2024-09-15,MA,9,133.0,1197.0
BI100147,2024-09-15,SE,14,133.0,1862.0
BI100147,2024-09-15,MW,12,133.0,1596.0
BI100147,2024-09-15,TX,14,133.0,1862.0
BI100147,2024-09-15,MTN,13,133.0,1729.0
BI100147,2024-09-15,PSW,10,133.0,1330.0
BI100147,2024-09-15,PNW,12,133.0,1596.0
BI100147,2024-10-15,NE,12,133.0,1596.0
BI100147,2024-10-15,MA,9,133.0,1197.0
BI100147,2024-10-15,SE,13,133.0,1729.0
BI100147,2024-10-15,MW,13,133.0,1729.0
BI100147,2024-10-15,TX,13,133.0,1729.0
BI100147,2024-10-15,MTN,11,133.0,1463.0
BI100147,2024-10-15,PSW,9,133.0,1197.0
BI100147,2024-10-15,PNW,12,133.0,1596.0
BI100147,2024-11-15,NE,10,133.0,1330.0
BI100147,2024-11-15,MA,9,133.0,1197.0
BI100147,2024-11-15,SE,12,133.0,1596.0
BI100147,2024-11-15,MW,12,133.0,1596.0
BI100147,2024-11-15,TX,12,133.0,1596.0
BI100147,2024-11-15,MTN,11,133.0,1463.0
BI100147,2024-11-15,PSW,9,133.0,1197.0
BI100147,2024-11-15,PNW,11,133.0,1463.0
BI100147,2024-12-15,NE,10,133.0,1330.0
BI100147,2024-12-15,MA,8,133.0,1064.0
BI100147,2024-12-15,SE,12,133.0,1596.0
BI100147,2024-12-15,MW,12,133.0,1596.0
BI100147,2024-12-15,TX,12,133.0,1596.0
BI100147,2024-12-15,MTN,10,133.0,1330.0
BI100147,2024-12-15,PSW,8,133.0,1064.0
BI100147,2024-12-15,PNW,11,133.0,1463.0
BI100147,2025-01-15,NE,10,133.0,1330.0
BI100147,2025-01-15,MA,9,133.0,1197.0
BI100147,2025-01-15,SE,13,133.0,1729.0
BI100147,2025-01-15,MW,12,133.0,1596.0
BI100147,2025-01-15,TX,12,133.0,1596.0
BI100147,2025-01-15,MTN,12,133.0,1596.0
BI100147,2025-01-15,PSW,8,133.0,1064.0
BI100147,2025-01-15,PNW,11,133.0,1463.0
BI100147,2025-02-15,NE,10,133.0,1330.0
BI100147,2025-02-15,MA,10,133.0,1330.0
BI100147,2025-02-15,SE,12,133.0,1596.0
BI100147,2025-02-15,MW,13,133.0,1729.0
BI100147,2025-02-15,TX,14,133.0,1862.0
BI100147,2025-02-15,MTN,12,133.0,1596.0
BI100147,2025-02-15,PSW,9,133.0,1197.0
BI100147,2025-02-15,PNW,13,133.0,1729.0
BI100147,2025-03-15,NE,13,133.0,1729.0
BI100147,2025-03-15,MA,11,133.0,1463.0
BI100147,2025-03-15,SE,15,133.0,1995.0
BI100147,2025-03-15,MW,14,133.0,1862.0
BI100147,2025-03-15,TX,16,133.0,2128.0
BI100147,2025-03-15,MTN,13,133.0,1729.0
BI100147,2025-03-15,PSW,10,133.0,1330.0
BI100147,2025-03-15,PNW,14,133.0,1862.0
BI100147,2025-04-15,NE,13,133.0,1729.0
BI100147,2025-04-15,MA,12,133.0,1596.0
BI100147,2025-04-15,SE,15,133.0,1995.0
BI100147,2025-04-15,MW,15,133.0,1995.0
BI100147,2025-04-15,TX,15,133.0,1995.0
BI100147,2025-04-15,MTN,15,133.0,1995.0
BI100147,2025-04-15,PSW,11,133.0,1463.0
BI100147,2025-04-15,PNW,15,133.0,1995.0
BI100147,2025-05-15,NE,14,133.0,1862.0
BI100147,2025-05-15,MA,13,133.0,1729.0
BI100147,2025-05-15,SE,15,133.0,1995.0
BI100147,2025-05-15,MW,15,133.0,1995.0
BI100147,2025-05-15,TX,17,133.0,2261.0
BI100147,2025-05-15,MTN,15,133.0,1995.0
BI100147,2025-05-15,PSW,11,133.0,1463.0
BI100147,2025-05-15,PNW,14,133.0,1862.0
BI100147,2025-06-15,NE,13,133.0,1729.0
BI100147,2025-06-15,MA,12,133.0,1596.0
BI100147,2025-06-15,SE,18,133.0,2394.0
BI100147,2025-06-15,MW,17,133.0,2261.0
BI100147,2025-06-15,TX,16,133.0,2128.0
BI100147,2025-06-15,MTN,15,133.0,1995.0
BI100147,2025-06-15,PSW,12,133.0,1596.0
BI100147,2025-06-15,PNW,16,133.0,2128.0
BI100147,2025-07-15,NE,15,133.0,1995.0
BI100147,2025-07-15,MA,12,133.0,1596.0
BI100147,2025-07-15,SE,18,133.0,2394.0
BI100147,2025-07-15,MW,14,133.0,1862.0
BI100147,2025-07-15,TX,16,133.0,2128.0
BI100147,2025-07-15,MTN,15,133.0,1995.0
BI100147,2025-07-15,PSW,11,133.0,1463.0
BI100147,2025-07-15,PNW,16,133.0,2128.0
BI100147,2025-08-15,NE,13,133.0,1729.0
BI100147,2025-08-15,MA,11,133.0,1463.0
BI100147,2025-08-15,SE,16,133.0,2128.0
BI100147,2025-08-15,MW,14,133.0,1862.0
BI100147,2025-08-15,TX,17,133.0,2261.0
BI100147,2025-08-15,MTN,14,133.0,1862.0
BI100147,2025-08-15,PSW,10,133.0,1330.0
BI100147,2025-08-15,PNW,14,133.0,1862.0
BI100147,2025-09-15,NE,12,133.0,1596.0
BI100147,2025-09-15,MA,11,133.0,1463.0
BI100147,2025-09-15,SE,15,133.0,1995.0
BI100147,2025-09-15,MW,14,133.0,1862.0
BI100147,2025-09-15,TX,15,133.0,1995.0
BI100147,2025-09-15,MTN,14,133.0,1862.0
BI100147,2025-09-15,PSW,10,133.0,1330.0
BI100147,2025-09-15,PNW,15,133.0,1995.0
BI100147,2025-10-15,NE,12,133.0,1596.0
BI100147,2025-10-15,MA,11,133.0,1463.0
BI100147,2025-10-15,SE,15,133.0,1995.0
BI100147,2025-10-15,MW,12,133.0,1596.0
BI100147,2025-10-15,TX,15,133.0,1995.0
BI100147,2025-10-15,MTN,11,133.0,1463.0
BI100147,2025-10-15,PSW,10,133.0,1330.0
BI100147,2025-10-15,PNW,13,133.0,1729.0
BI100147,2025-11-15,NE,12,133.0,1596.0
BI100147,2025-11-15,MA,10,133.0,1330.0
BI100147,2025-11-15,SE,13,133.0,1729.0
BI100147,2025-11-15,MW,12,133.0,1596.0
BI100147,2025-11-15,TX,13,133.0,1729.0
BI100147,2025-11-15,MTN,12,133.0,1596.0
BI100147,2025-11-15,PSW,8,133.0,1064.0
BI100147,2025-11-15,PNW,13,133.0,1729.0
BI100147,2025-12-15,NE,10,133.0,1330.0
BI100147,2025-12-15,MA,9,133.0,1197.0
BI100147,2025-12-15,SE,12,133.0,1596.0
BI100147,2025-12-15,MW,13,133.0,1729.0
BI100147,2025-12-15,TX,13,133.0,1729.0
BI100147,2025-12-15,MTN,11,133.0,1463.0
BI100147,2025-12-15,PSW,8,133.0,1064.0
BI100147,2025-12-15,PNW,13,133.0,1729.0
BI100154,2024-01-15,NE,20,119.7,2394.0
BI100154,2024-01-15,MA,12,119.7,1436.4
BI100154,2024-01-15,MA,12,119.7,1436.4
BI100154,2024-01-15,SE,13,119.7,1556.1
BI100154,2024-01-15,SE,13,119.7,1556.1
BI100154,2024-01-15,MW,13,119.7,1556.1
BI100154,2024-01-15,MW,14,119.7,1675.8
BI100154,2024-01-15,TX,14,119.7,1675.8
BI100154,2024-01-15,TX,15,119.7,1795.5
BI100154,2024-01-15,MTN,20,119.7,2394.0
BI100154,2024-01-15,PSW,13,119.7,1556.1
BI100154,2024-01-15,PSW,13,119.7,1556.1
BI100154,2024-01-15,PNW,12,119.7,1436.4
BI100154,2024-01-15,PNW,13,119.7,1556.1
BI100154,2024-02-15,NE,23,119.7,2753.1
BI100154,2024-02-15,MA,14,119.7,1675.8
BI100154,2024-02-15,MA,14,119.7,1675.8
BI100154,2024-02-15,SE,12,119.7,1436.4
BI100154,2024-02-15,SE,13,119.7,1556.1
BI100154,2024-02-15,MW,15,119.7,1795.5
BI100154,2024-02-15,MW,15,119.7,1795.5
BI100154,2024-02-15,TX,16,119.7,1915.2
BI100154,2024-02-15,TX,17,119.7,2034.9
BI100154,2024-02-15,MTN,12,119.7,1436.4
BI100154,2024-02-15,MTN,12,119.7,1436.4
BI100154,2024-02-15,PSW,13,119.7,1556.1
BI100154,2024-02-15,PSW,14,119.7,1675.8
BI100154,2024-02-15,PNW,15,119.7,1795.5
BI100154,2024-02-15,PNW,15,119.7,1795.5
BI100154,2024-03-15,NE,23,119.7,2753.1
BI100154,2024-03-15,MA,16,119.7,1915.2
BI100154,2024-03-15,MA,16,119.7,1915.2
BI100154,2024-03-15,SE,15,119.7,1795.5
BI100154,2024-03-15,SE,15,119.7,1795.5
BI100154,2024-03-15,MW,16,119.7,1915.2
BI100154,2024-03-15,MW,16,119.7,1915.2
BI100154,2024-03-15,TX,17,119.7,2034.9
BI100154,2024-03-15,TX,17,119.7,2034.9
BI100154,2024-03-15,MTN,13,119.7,1556.1
BI100154,2024-03-15,MTN,14,119.7,1675.8
BI100154,2024-03-15,PSW,14,119.7,1675.8
BI100154,2024-03-15,PSW,14,119.7,1675.8
BI100154,2024-03-15,PNW,14,119.7,1675.8
BI100154,2024-03-15,PNW,15,119.7,1795.5
BI100154,2024-04-15,NE,12,119.7,1436.4
BI100154,2024-04-15,NE,13,119.7,1556.1
BI100154,2024-04-15,MA,15,119.7,1795.5
BI100154,2024-04-15,MA,16,119.7,1915.2
BI100154,2024-04-15,SE,15,119.7,1795.5
BI100154,2024-04-15,SE,16,119.7,1915.2
BI100154,2024-04-15,MW,15,119.7,1795.5
BI100154,2024-04-15,MW,16,119.7,1915.2
BI100154,2024-04-15,TX,17,119.7,2034.9
BI100154,2024-04-15,TX,18,119.7,2154.6
BI100154,2024-04-15,MTN,12,119.7,1436.4
BI100154,2024-04-15,MTN,13,119.7,1556.1
BI100154,2024-04-15,PSW,14,119.7,1675.8
BI100154,2024-04-15,PSW,14,119.7,1675.8
BI100154,2024-04-15,PNW,15,119.7,1795.5
BI100154,2024-04-15,PNW,16,119.7,1915.2
BI100154,2024-05-15,NE,14,119.7,1675.8
BI100154,2024-05-15,NE,15,119.7,1795.5
BI100154,2024-05-15,MA,16,119.7,1915.2
BI100154,2024-05-15,MA,16,119.7,1915.2
BI100154,2024-05-15,SE,17,119.7,2034.9
BI100154,2024-05-15,SE,17,119.7,2034.9
BI100154,2024-05-15,MW,12,119.7,1436.4
BI100154,2024-05-15,MW,12,119.7,1436.4
BI100154,2024-05-15,MW,12,119.7,1436.4
BI100154,2024-05-15,TX,17,119.7,2034.9
BI100154,2024-05-15,TX,18,119.7,2154.6
BI100154,2024-05-15,MTN,15,119.7,1795.5
BI100154,2024-05-15,MTN,15,119.7,1795.5
BI100154,2024-05-15,PSW,15,119.7,1795.5
BI100154,2024-05-15,PSW,16,119.7,1915.2
BI100154,2024-05-15,PNW,16,119.7,1915.2
BI100154,2024-05-15,PNW,16,119.7,1915.2
BI100154,2024-06-15,NE,12,119.7,1436.4
BI100154,2024-06-15,NE,13,119.7,1556.1
BI100154,2024-06-15,MA,16,119.7,1915.2
BI100154,2024-06-15,MA,17,119.7,2034.9
BI100154,2024-06-15,SE,17,119.7,2034.9
BI100154,2024-06-15,SE,18,119.7,2154.6
BI100154,2024-06-15,MW,12,119.7,1436.4
BI100154,2024-06-15,MW,12,119.7,1436.4
BI100154,2024-06-15,MW,13,119.7,1556.1
BI100154,2024-06-15,TX,12,119.7,1436.4
BI100154,2024-06-15,TX,12,119.7,1436.4
BI100154,2024-06-15,TX,13,119.7,1556.1
BI100154,2024-06-15,MTN,14,119.7,1675.8
BI100154,2024-06-15,MTN,15,119.7,1795.5
BI100154,2024-06-15,PSW,17,119.7,2034.9
BI100154,2024-06-15,PSW,17,119.7,2034.9
BI100154,2024-06-15,PNW,16,119.7,1915.2
BI100154,2024-06-15,PNW,17,119.7,2034.9
BI100154,2024-07-15,NE,13,119.7,1556.1
BI100154,2024-07-15,NE,14,119.7,1675.8
BI100154,2024-07-15,MA,17,119.7,2034.9
BI100154,2024-07-15,MA,18,119.7,2154.6
BI100154,2024-07-15,SE,12,119.7,1436.4
BI100154,2024-07-15,SE,12,119.7,1436.4
BI100154,2024-07-15,SE,12,119.7,1436.4
BI100154,2024-07-15,MW,12,119.7,1436.4
BI100154,2024-07-15,MW,12,119.7,1436.4
BI100154,2024-07-15,MW,12,119.7,1436.4
BI100154,2024-07-15,TX,13,119.7,1556.1
BI100154,2024-07-15,TX,13,119.7,1556.1
BI100154,2024-07-15,TX,13,119.7,1556.1
BI100154,2024-07-15,MTN,14,119.7,1675.8
BI100154,2024-07-15,MTN,15,119.7,1795.5
BI100154,2024-07-15,PSW,15,119.7,1795.5
BI100154,2024-07-15,PSW,16,119.7,1915.2
BI100154,2024-07-15,PNW,17,119.7,2034.9
BI100154,2024-07-15,PNW,17,119.7,2034.9
BI100154,2024-08-15,NE,12,119.7,1436.4
BI100154,2024-08-15,NE,12,119.7,1436.4
BI100154,2024-08-15,MA,17,119.7,2034.9
BI100154,2024-08-15,MA,17,119.7,2034.9
BI100154,2024-08-15,SE,16,119.7,1915.2
BI100154,2024-08-15,SE,17,119.7,2034.9
BI100154,2024-08-15,MW,12,119.7,1436.4
BI100154,2024-08-15,MW,12,119.7,1436.4
BI100154,2024-08-15,MW,12,119.7,1436.4
BI100154,2024-08-15,TX,12,119.7,1436.4
BI100154,2024-08-15,TX,13,119.7,1556.1
BI100154,2024-08-15,TX,13,119.7,1556.1
BI100154,2024-08-15,MTN,14,119.7,1675.8
BI100154,2024-08-15,MTN,14,119.7,1675.8
BI100154,2024-08-15,PSW,15,119.7,1795.5
BI100154,2024-08-15,PSW,16,119.7,1915.2
BI100154,2024-08-15,PNW,17,119.7,2034.9
BI100154,2024-08-15,PNW,18,119.7,2154.6
BI100154,2024-09-15,NE,22,119.7,2633.4
BI100154,2024-09-15,MA,14,119.7,1675.8
BI100154,2024-09-15,MA,15,119.7,1795.5
BI100154,2024-09-15,SE,15,119.7,1795.5
BI100154,2024-09-15,SE,15,119.7,1795.5
BI100154,2024-09-15,MW,16,119.7,1915.2
BI100154,2024-09-15,MW,17,119.7,2034.9
BI100154,2024-09-15,TX,17,119.7,2034.9
BI100154,2024-09-15,TX,18,119.7,2154.6
BI100154,2024-09-15,MTN,12,119.7,1436.4
BI100154,2024-09-15,MTN,13,119.7,1556.1
BI100154,2024-09-15,PSW,13,119.7,1556.1
BI100154,2024-09-15,PSW,14,119.7,1675.8
BI100154,2024-09-15,PNW,14,119.7,1675.8
BI100154,2024-09-15,PNW,15,119.7,1795.5
BI100154,2024-10-15,NE,22,119.7,2633.4
BI100154,2024-10-15,MA,14,119.7,1675.8
BI100154,2024-10-15,MA,15,119.7,1795.5
BI100154,2024-10-15,SE,14,119.7,1675.8
BI100154,2024-10-15,SE,14,119.7,1675.8
BI100154,2024-10-15,MW,15,119.7,1795.5
BI100154,2024-10-15,MW,15,119.7,1795.5
BI100154,2024-10-15,TX,15,119.7,1795.5
BI100154,2024-10-15,TX,15,119.7,1795.5
BI100154,2024-10-15,MTN,23,119.7,2753.1
BI100154,2024-10-15,PSW,13,119.7,1556.1
BI100154,2024-10-15,PSW,14,119.7,1675.8
BI100154,2024-10-15,PNW,15,119.7,1795.5
BI100154,2024-10-15,PNW,16,119.7,1915.2
BI100154,2024-11-15,NE,22,119.7,2633.4
BI100154,2024-11-15,MA,14,119.7,1675.8
BI100154,2024-11-15,MA,14,119.7,1675.8
BI100154,2024-11-15,SE,12,119.7,1436.4
BI100154,2024-11-15,SE,13,119.7,1556.1
BI100154,2024-11-15,MW,14,119.7,1675.8
BI100154,2024-11-15,MW,14,119.7,1675.8
BI100154,2024-11-15,TX,14,119.7,1675.8
BI100154,2024-11-15,TX,14,119.7,1675.8
BI100154,2024-11-15,MTN,23,119.7,2753.1
BI100154,2024-11-15,PSW,13,119.7,1556.1
BI100154,2024-11-15,PSW,14,119.7,1675.8
BI100154,2024-11-15,PNW,13,119.7,1556.1
BI100154,2024-11-15,PNW,14,119.7,1675.8
BI100154,2024-12-15,NE,19,119.7,2274.3
BI100154,2024-12-15,MA,14,119.7,1675.8
BI100154,2024-12-15,MA,14,119.7,1675.8
BI100154,2024-12-15,SE,12,119.7,1436.4
BI100154,2024-12-15,SE,13,119.7,1556.1
BI100154,2024-12-15,MW,14,119.7,1675.8
BI100154,2024-12-15,MW,14,119.7,1675.8
BI100154,2024-12-15,TX,15,119.7,1795.5
BI100154,2024-12-15,TX,15,119.7,1795.5
BI100154,2024-12-15,MTN,23,119.7,2753.1
BI100154,2024-12-15,PSW,13,119.7,1556.1
BI100154,2024-12-15,PSW,13,119.7,1556.1
BI100154,2024-12-15,PNW,13,119.7,1556.1
BI100154,2024-12-15,PNW,14,119.7,1675.8
BI100154,2025-01-15,NE,22,119.7,2633.4
BI100154,2025-01-15,MA,14,119.7,1675.8
BI100154,2025-01-15,MA,14,119.7,1675.8
BI100154,2025-01-15,SE,14,119.7,1675.8
BI100154,2025-01-15,SE,14,119.7,1675.8
BI100154,2025-01-15,MW,15,119.7,1795.5
BI100154,2025-01-15,MW,15,119.7,1795.5
BI100154,2025-01-15,TX,15,119.7,1795.5
BI100154,2025-01-15,TX,15,119.7,1795.5
BI100154,2025-01-15,MTN,22,119.7,2633.4
BI100154,2025-01-15,PSW,13,119.7,1556.1
BI100154,2025-01-15,PSW,13,119.7,1556.1
BI100154,2025-01-15,PNW,14,119.7,1675.8
BI100154,2025-01-15,PNW,15,119.7,1795.5
BI100154,2025-02-15,NE,22,119.7,2633.4
BI100154,2025-02-15,MA,14,119.7,1675.8
BI100154,2025-02-15,MA,15,119.7,1795.5
BI100154,2025-02-15,SE,14,119.7,1675.8
BI100154,2025-02-15,SE,14,119.7,1675.8
BI100154,2025-02-15,MW,15,119.7,1795.5
BI100154,2025-02-15,MW,16,119.7,1915.2
BI100154,2025-02-15,TX,16,119.7,1915.2
BI100154,2025-02-15,TX,17,119.7,2034.9
BI100154,2025-02-15,MTN,12,119.7,1436.4
BI100154,2025-02-15,MTN,12,119.7,1436.4
BI100154,2025-02-15,PSW,14,119.7,1675.8
BI100154,2025-02-15,PSW,14,119.7,1675.8
BI100154,2025-02-15,PNW,15,119.7,1795.5
BI100154,2025-02-15,PNW,15,119.7,1795.5
BI100154,2025-03-15,NE,12,119.7,1436.4
BI100154,2025-03-15,NE,12,119.7,1436.4
BI100154,2025-03-15,MA,15,119.7,1795.5
BI100154,2025-03-15,MA,15,119.7,1795.5
BI100154,2025-03-15,SE,15,119.7,1795.5
BI100154,2025-03-15,SE,15,119.7,1795.5
BI100154,2025-03-15,MW,16,119.7,1915.2
BI100154,2025-03-15,MW,17,119.7,2034.9
BI100154,2025-03-15,TX,17,119.7,2034.9
BI100154,2025-03-15,TX,17,119.7,2034.9
BI100154,2025-03-15,MTN,13,119.7,1556.1
BI100154,2025-03-15,MTN,14,119.7,1675.8
BI100154,2025-03-15,PSW,15,119.7,1795.5
BI100154,2025-03-15,PSW,16,119.7,1915.2
BI100154,2025-03-15,PNW,17,119.7,2034.9
BI100154,2025-03-15,PNW,18,119.7,2154.6
BI100154,2025-04-15,NE,13,119.7,1556.1
BI100154,2025-04-15,NE,13,119.7,1556.1
BI100154,2025-04-15,MA,16,119.7,1915.2
BI100154,2025-04-15,MA,16,119.7,1915.2
BI100154,2025-04-15,SE,15,119.7,1795.5
BI100154,2025-04-15,SE,16,119.7,1915.2
BI100154,2025-04-15,MW,12,119.7,1436.4
BI100154,2025-04-15,MW,13,119.7,1556.1
BI100154,2025-04-15,MW,13,119.7,1556.1
BI100154,2025-04-15,TX,13,119.7,1556.1
BI100154,2025-04-15,TX,13,119.7,1556.1
BI100154,2025-04-15,TX,14,119.7,1675.8
BI100154,2025-04-15,MTN,14,119.7,1675.8
BI100154,2025-04-15,MTN,14,119.7,1675.8
BI100154,2025-04-15,PSW,16,119.7,1915.2
BI100154,2025-04-15,PSW,17,119.7,2034.9
BI100154,2025-04-15,PNW,12,119.7,1436.4
BI100154,2025-04-15,PNW,12,119.7,1436.4
BI100154,2025-04-15,PNW,12,119.7,1436.4
BI100154,2025-05-15,NE,14,119.7,1675.8
BI100154,2025-05-15,NE,14,119.7,1675.8
BI100154,2025-05-15,MA,17,119.7,2034.9
BI100154,2025-05-15,MA,17,119.7,2034.9
BI100154,2025-05-15,SE,17,119.7,2034.9
BI100154,2025-05-15,SE,18,119.7,2154.6
BI100154,2025-05-15,MW,12,119.7,1436.4
BI100154,2025-05-15,MW,12,119.7,1436.4
BI100154,2025-05-15,MW,12,119.7,1436.4
BI100154,2025-05-15,TX,13,119.7,1556.1
BI100154,2025-05-15,TX,13,119.7,1556.1
BI100154,2025-05-15,TX,13,119.7,1556.1
BI100154,2025-05-15,MTN,15,119.7,1795.5
BI100154,2025-05-15,MTN,16,119.7,1915.2
BI100154,2025-05-15,PSW,12,119.7,1436.4
BI100154,2025-05-15,PSW,12,119.7,1436.4
BI100154,2025-05-15,PSW,13,119.7,1556.1
BI100154,2025-05-15,PNW,17,119.7,2034.9
BI100154,2025-05-15,PNW,18,119.7,2154.6
BI100154,2025-06-15,NE,15,119.7,1795.5
BI100154,2025-06-15,NE,15,119.7,1795.5
BI100154,2025-06-15,MA,17,119.7,2034.9
BI100154,2025-06-15,MA,18,119.7,2154.6
BI100154,2025-06-15,SE,12,119.7,1436.4
BI100154,2025-06-15,SE,13,119.7,1556.1
BI100154,2025-06-15,SE,13,119.7,1556.1
BI100154,2025-06-15,MW,13,119.7,1556.1
BI100154,2025-06-15,MW,13,119.7,1556.1
BI100154,2025-06-15,MW,13,119.7,1556.1
BI100154,2025-06-15,TX,13,119.7,1556.1
BI100154,2025-06-15,TX,14,119.7,1675.8
BI100154,2025-06-15,TX,14,119.7,1675.8
BI100154,2025-06-15,MTN,16,119.7,1915.2
BI100154,2025-06-15,MTN,16,119.7,1915.2
BI100154,2025-06-15,PSW,16,119.7,1915.2
BI100154,2025-06-15,PSW,17,119.7,2034.9
BI100154,2025-06-15,PNW,12,119.7,1436.4
BI100154,2025-06-15,PNW,12,119.7,1436.4
BI100154,2025-06-15,PNW,13,119.7,1556.1
BI100154,2025-07-15,NE,14,119.7,1675.8
BI100154,2025-07-15,NE,15,119.7,1795.5
BI100154,2025-07-15,MA,12,119.7,1436.4
BI100154,2025-07-15,MA,13,119.7,1556.1
BI100154,2025-07-15,MA,13,119.7,1556.1
BI100154,2025-07-15,SE,17,119.7,2034.9
BI100154,2025-07-15,SE,18,119.7,2154.6
BI100154,2025-07-15,MW,12,119.7,1436.4
BI100154,2025-07-15,MW,12,119.7,1436.4
BI100154,2025-07-15,MW,13,119.7,1556.1
BI100154,2025-07-15,TX,14,119.7,1675.8
BI100154,2025-07-15,TX,14,119.7,1675.8
BI100154,2025-07-15,TX,14,119.7,1675.8
BI100154,2025-07-15,MTN,15,119.7,1795.5
BI100154,2025-07-15,MTN,15,119.7,1795.5
BI100154,2025-07-15,PSW,12,119.7,1436.4
BI100154,2025-07-15,PSW,12,119.7,1436.4
BI100154,2025-07-15,PSW,13,119.7,1556.1
BI100154,2025-07-15,PNW,12,119.7,1436.4
BI100154,2025-07-15,PNW,12,119.7,1436.4
BI100154,2025-07-15,PNW,13,119.7,1556.1
BI100154,2025-08-15,NE,14,119.7,1675.8
BI100154,2025-08-15,NE,14,119.7,1675.8
BI100154,2025-08-15,MA,16,119.7,1915.2
BI100154,2025-08-15,MA,16,119.7,1915.2
BI100154,2025-08-15,SE,17,119.7,2034.9
BI100154,2025-08-15,SE,18,119.7,2154.6
BI100154,2025-08-15,MW,17,119.7,2034.9
BI100154,2025-08-15,MW,17,119.7,2034.9
BI100154,2025-08-15,TX,13,119.7,1556.1
BI100154,2025-08-15,TX,14,119.7,1675.8
BI100154,2025-08-15,TX,14,119.7,1675.8
BI100154,2025-08-15,MTN,15,119.7,1795.5
BI100154,2025-08-15,MTN,16,119.7,1915.2
BI100154,2025-08-15,PSW,16,119.7,1915.2
BI100154,2025-08-15,PSW,16,119.7,1915.2
BI100154,2025-08-15,PNW,12,119.7,1436.4
BI100154,2025-08-15,PNW,12,119.7,1436.4
BI100154,2025-08-15,PNW,13,119.7,1556.1
BI100154,2025-09-15,NE,13,119.7,1556.1
BI100154,2025-09-15,NE,14,119.7,1675.8
BI100154,2025-09-15,MA,17,119.7,2034.9
BI100154,2025-09-15,MA,17,119.7,2034.9
BI100154,2025-09-15,SE,15,119.7,1795.5
BI100154,2025-09-15,SE,16,119.7,1915.2
BI100154,2025-09-15,MW,17,119.7,2034.9
BI100154,2025-09-15,MW,17,119.7,2034.9
BI100154,2025-09-15,TX,12,119.7,1436.4
BI100154,2025-09-15,TX,12,119.7,1436.4
BI100154,2025-09-15,TX,12,119.7,1436.4
BI100154,2025-09-15,MTN,13,119.7,1556.1
BI100154,2025-09-15,MTN,14,119.7,1675.8
BI100154,2025-09-15,PSW,16,119.7,1915.2
BI100154,2025-09-15,PSW,17,119.7,2034.9
BI100154,2025-09-15,PNW,15,119.7,1795.5
BI100154,2025-09-15,PNW,16,119.7,1915.2
BI100154,2025-10-15,NE,13,119.7,1556.1
BI100154,2025-10-15,NE,13,119.7,1556.1
BI100154,2025-10-15,MA,16,119.7,1915.2
BI100154,2025-10-15,MA,17,119.7,2034.9
BI100154,2025-10-15,SE,15,119.7,1795.5
BI100154,2025-10-15,SE,16,119.7,1915.2
BI100154,2025-10-15,MW,17,119.7,2034.9
BI100154,2025-10-15,MW,17,119.7,2034.9
BI100154,2025-10-15,TX,12,119.7,1436.4
BI100154,2025-10-15,TX,12,119.7,1436.4
BI100154,2025-10-15,TX,12,119.7,1436.4
BI100154,2025-10-15,MTN,13,119.7,1556.1
BI100154,2025-10-15,MTN,14,119.7,1675.8
BI100154,2025-10-15,PSW,15,119.7,1795.5
BI100154,2025-10-15,PSW,15,119.7,1795.5
BI100154,2025-10-15,PNW,16,119.7,1915.2
BI100154,2025-10-15,PNW,16,119.7,1915.2
BI100154,2025-11-15,NE,12,119.7,1436.4
BI100154,2025-11-15,NE,12,119.7,1436.4
BI100154,2025-11-15,MA,15,119.7,1795.5
BI100154,2025-11-15,MA,15,119.7,1795.5
BI100154,2025-11-15,SE,14,119.7,1675.8
BI100154,2025-11-15,SE,14,119.7,1675.8
BI100154,2025-11-15,MW,16,119.7,1915.2
BI100154,2025-11-15,MW,16,119.7,1915.2
BI100154,2025-11-15,TX,17,119.7,2034.9
BI100154,2025-11-15,TX,17,119.7,2034.9
BI100154,2025-11-15,MTN,23,119.7,2753.1
BI100154,2025-11-15,PSW,13,119.7,1556.1
BI100154,2025-11-15,PSW,13,119.7,1556.1
BI100154,2025-11-15,PNW,15,119.7,1795.5
BI100154,2025-11-15,PNW,16,119.7,1915.2
BI100154,2025-12-15,NE,22,119.7,2633.4
BI100154,2025-12-15,MA,14,119.7,1675.8
BI100154,2025-12-15,MA,15,119.7,1795.5
BI100154,2025-12-15,SE,14,119.7,1675.8
BI100154,2025-12-15,SE,15,119.7,1795.5
BI100154,2025-12-15,MW,14,119.7,1675.8
BI100154,2025-12-15,MW,14,119.7,1675.8
BI100154,2025-12-15,TX,15,119.7,1795.5
BI100154,2025-12-15,TX,15,119.7,1795.5
BI100154,2025-12-15,MTN,12,119.7,1436.4
BI100154,2025-12-15,MTN,13,119.7,1556.1
BI100154,2025-12-15,PSW,13,119.7,1556.1
BI100154,2025-12-15,PSW,13,119.7,1556.1
BI100154,2025-12-15,PNW,14,119.7,1675.8
BI100154,2025-12-15,PNW,15,119.7,1795.5
BI100161,2024-01-15,NE,17,167.14,2841.38
BI100161,2024-01-15,NE,17,167.14,2841.38
BI100161,2024-01-15,MA,15,167.14,2507.1
BI100161,2024-01-15,MA,16,167.14,2674.24
BI100161,2024-01-15,MA,16,167.14,2674.24
BI100161,2024-01-15,SE,13,167.14,2172.82
BI100161,2024-01-15,SE,13,167.14,2172.82
BI100161,2024-01-15,SE,13,167.14,2172.82
BI100161,2024-01-15,MW,14,167.14,2339.96
BI100161,2024-01-15,MW,15,167.14,2507.1
BI100161,2024-01-15,MW,15,167.14,2507.1
BI100161,2024-01-15,TX,14,167.14,2339.96
BI100161,2024-01-15,TX,15,167.14,2507.1
BI100161,2024-01-15,MTN,12,167.14,2005.68
BI100161,2024-01-15,MTN,12,167.14,2005.68
BI100161,2024-01-15,MTN,12,167.14,2005.68
BI100161,2024-01-15,PSW,14,167.14,2339.96
BI100161,2024-01-15,PSW,14,167.14,2339.96
BI100161,2024-01-15,PSW,15,167.14,2507.1
BI100161,2024-01-15,PNW,17,167.14,2841.38
BI100161,2024-01-15,PNW,18,167.14,3008.52
BI100161,2024-02-15,NE,13,167.14,2172.82
BI100161,2024-02-15,NE,13,167.14,2172.82
BI100161,2024-02-15,NE,13,167.14,2172.82
BI100161,2024-02-15,MA,15,167.14,2507.1
BI100161,2024-02-15,MA,16,167.14,2674.24
BI100161,2024-02-15,MA,16,167.14,2674.24
BI100161,2024-02-15,SE,13,167.14,2172.82
BI100161,2024-02-15,SE,13,167.14,2172.82
BI100161,2024-02-15,SE,13,167.14,2172.82
BI100161,2024-02-15,MW,13,167.14,2172.82
BI100161,2024-02-15,MW,13,167.14,2172.82
BI100161,2024-02-15,MW,13,167.14,2172.82
BI100161,2024-02-15,MW,13,167.14,2172.82
BI100161,2024-02-15,TX,15,167.14,2507.1
BI100161,2024-02-15,TX,15,167.14,2507.1
BI100161,2024-02-15,MTN,12,167.14,2005.68
BI100161,2024-02-15,MTN,13,167.14,2172.82
BI100161,2024-02-15,MTN,13,167.14,2172.82
BI100161,2024-02-15,PSW,14,167.14,2339.96
BI100161,2024-02-15,PSW,14,167.14,2339.96
BI100161,2024-02-15,PSW,15,167.14,2507.1
BI100161,2024-02-15,PNW,12,167.14,2005.68
BI100161,2024-02-15,PNW,12,167.14,2005.68
BI100161,2024-02-15,PNW,12,167.14,2005.68
BI100161,2024-03-15,NE,15,167.14,2507.1
BI100161,2024-03-15,NE,15,167.14,2507.1
BI100161,2024-03-15,NE,15,167.14,2507.1
BI100161,2024-03-15,MA,12,167.14,2005.68
BI100161,2024-03-15,MA,12,167.14,2005.68
BI100161,2024-03-15,MA,12,167.14,2005.68
BI100161,2024-03-15,MA,12,167.14,2005.68
BI100161,2024-03-15,SE,15,167.14,2507.1
BI100161,2024-03-15,SE,15,167.14,2507.1
BI100161,2024-03-15,SE,16,167.14,2674.24
BI100161,2024-03-15,MW,12,167.14,2005.68
BI100161,2024-03-15,MW,12,167.14,2005.68
BI100161,2024-03-15,MW,13,167.14,2172.82
BI100161,2024-03-15,MW,13,167.14,2172.82
BI100161,2024-03-15,TX,17,167.14,2841.38
BI100161,2024-03-15,TX,17,167.14,2841.38
BI100161,2024-03-15,MTN,13,167.14,2172.82
BI100161,2024-03-15,MTN,14,167.14,2339.96
BI100161,2024-03-15,MTN,14,167.14,2339.96
BI100161,2024-03-15,PSW,13,167.14,2172.82
BI100161,2024-03-15,PSW,13,167.14,2172.82
BI100161,2024-03-15,PSW,13,167.14,2172.82
BI100161,2024-03-15,PSW,13,167.14,2172.82
BI100161,2024-03-15,PNW,13,167.14,2172.82
BI100161,2024-03-15,PNW,13,167.14,2172.82
BI100161,2024-03-15,PNW,13,167.14,2172.82
BI100161,2024-04-15,NE,15,167.14,2507.1
BI100161,2024-04-15,NE,15,167.14,2507.1
BI100161,2024-04-15,NE,15,167.14,2507.1
BI100161,2024-04-15,MA,13,167.14,2172.82
BI100161,2024-04-15,MA,13,167.14,2172.82
BI100161,2024-04-15,MA,14,167.14,2339.96
BI100161,2024-04-15,MA,14,167.14,2339.96
BI100161,2024-04-15,SE,15,167.14,2507.1
BI100161,2024-04-15,SE,15,167.14,2507.1
BI100161,2024-04-15,SE,16,167.14,2674.24
BI100161,2024-04-15,MW,14,167.14,2339.96
BI100161,2024-04-15,MW,14,167.14,2339.96
BI100161,2024-04-15,MW,14,167.14,2339.96
BI100161,2024-04-15,MW,15,167.14,2507.1
BI100161,2024-04-15,TX,12,167.14,2005.68
BI100161,2024-04-15,TX,12,167.14,2005.68
BI100161,2024-04-15,TX,13,167.14,2172.82
BI100161,2024-04-15,MTN,13,167.14,2172.82
BI100161,2024-04-15,MTN,14,167.14,2339.96
BI100161,2024-04-15,MTN,14,167.14,2339.96
BI100161,2024-04-15,PSW,14,167.14,2339.96
BI100161,2024-04-15,PSW,14,167.14,2339.96
BI100161,2024-04-15,PSW,14,167.14,2339.96
BI100161,2024-04-15,PSW,14,167.14,2339.96
BI100161,2024-04-15,PNW,14,167.14,2339.96
BI100161,2024-04-15,PNW,14,167.14,2339.96
BI100161,2024-04-15,PNW,15,167.14,2507.1
BI100161,2024-05-15,NE,12,167.14,2005.68
BI100161,2024-05-15,NE,12,167.14,2005.68
BI100161,2024-05-15,NE,12,167.14,2005.68
BI100161,2024-05-15,NE,12,167.14,2005.68
BI100161,2024-05-15,MA,13,167.14,2172.82
BI100161,2024-05-15,MA,13,167.14,2172.82
BI100161,2024-05-15,MA,14,167.14,2339.96
BI100161,2024-05-15,MA,14,167.14,2339.96
BI100161,2024-05-15,SE,12,167.14,2005.68
BI100161,2024-05-15,SE,12,167.14,2005.68
BI100161,2024-05-15,SE,12,167.14,2005.68
BI100161,2024-05-15,SE,13,167.14,2172.82
BI100161,2024-05-15,MW,14,167.14,2339.96
BI100161,2024-05-15,MW,14,167.14,2339.96
BI100161,2024-05-15,MW,15,167.14,2507.1
BI100161,2024-05-15,MW,15,167.14,2507.1
BI100161,2024-05-15,TX,13,167.14,2172.82
BI100161,2024-05-15,TX,13,167.14,2172.82
BI100161,2024-05-15,TX,13,167.14,2172.82
BI100161,2024-05-15,MTN,15,167.14,2507.1
BI100161,2024-05-15,MTN,16,167.14,2674.24
BI100161,2024-05-15,MTN,16,167.14,2674.24
BI100161,2024-05-15,PSW,13,167.14,2172.82
BI100161,2024-05-15,PSW,14,167.14,2339.96
BI100161,2024-05-15,PSW,14,167.14,2339.96
BI100161,2024-05-15,PSW,14,167.14,2339.96
BI100161,2024-05-15,PNW,15,167.14,2507.1
BI100161,2024-05-15,PNW,15,167.14,2507.1
BI100161,2024-05-15,PNW,16,167.14,2674.24
BI100161,2024-06-15,NE,13,167.14,2172.82
BI100161,2024-06-15,NE,13,167.14,2172.82
BI100161,2024-06-15,NE,13,167.14,2172.82
BI100161,2024-06-15,NE,13,167.14,2172.82
BI100161,2024-06-15,MA,12,167.14,2005.68
BI100161,2024-06-15,MA,12,167.14,2005.68
BI100161,2024-06-15,MA,12,167.14,2005.68
BI100161,2024-06-15,MA,12,167.14,2005.68
BI100161,2024-06-15,MA,13,167.14,2172.82
BI100161,2024-06-15,SE,13,167.14,2172.82
BI100161,2024-06-15,SE,13,167.14,2172.82
BI100161,2024-06-15,SE,14,167.14,2339.96
BI100161,2024-06-15,SE,14,167.14,2339.96
BI100161,2024-06-15,MW,12,167.14,2005.68
BI100161,2024-06-15,MW,12,167.14,2005.68
BI100161,2024-06-15,MW,13,167.14,2172.82
BI100161,2024-06-15,MW,13,167.14,2172.82
BI100161,2024-06-15,MW,13,167.14,2172.82
BI100161,2024-06-15,TX,14,167.14,2339.96
BI100161,2024-06-15,TX,14,167.14,2339.96
BI100161,2024-06-15,TX,15,167.14,2507.1
BI100161,2024-06-15,MTN,15,167.14,2507.1
BI100161,2024-06-15,MTN,15,167.14,2507.1
BI100161,2024-06-15,MTN,16,167.14,2674.24
BI100161,2024-06-15,PSW,13,167.14,2172.82
BI100161,2024-06-15,PSW,13,167.14,2172.82
BI100161,2024-06-15,PSW,14,167.14,2339.96
BI100161,2024-06-15,PSW,14,167.14,2339.96
BI100161,2024-06-15,PNW,13,167.14,2172.82
BI100161,2024-06-15,PNW,13,167.14,2172.82
BI100161,2024-06-15,PNW,13,167.14,2172.82
BI100161,2024-06-15,PNW,13,167.14,2172.82
BI100161,2024-07-15,NE,15,167.14,2507.1
BI100161,2024-07-15,NE,16,167.14,2674.24
BI100161,2024-07-15,NE,16,167.14,2674.24
BI100161,2024-07-15,MA,13,167.14,2172.82
BI100161,2024-07-15,MA,14,167.14,2339.96
BI100161,2024-07-15,MA,14,167.14,2339.96
BI100161,2024-07-15,MA,14,167.14,2339.96
BI100161,2024-07-15,SE,13,167.14,2172.82
BI100161,2024-07-15,SE,13,167.14,2172.82
BI100161,2024-07-15,SE,14,167.14,2339.96
BI100161,2024-07-15,SE,14,167.14,2339.96
BI100161,2024-07-15,MW,13,167.14,2172.82
BI100161,2024-07-15,MW,13,167.14,2172.82
BI100161,2024-07-15,MW,13,167.14,2172.82
BI100161,2024-07-15,MW,13,167.14,2172.82
BI100161,2024-07-15,MW,13,167.14,2172.82
BI100161,2024-07-15,TX,13,167.14,2172.82
BI100161,2024-07-15,TX,13,167.14,2172.82
BI100161,2024-07-15,TX,14,167.14,2339.96
BI100161,2024-07-15,MTN,14,167.14,2339.96
BI100161,2024-07-15,MTN,14,167.14,2339.96
BI100161,2024-07-15,MTN,15,167.14,2507.1
BI100161,2024-07-15,PSW,14,167.14,2339.96
BI100161,2024-07-15,PSW,14,167.14,2339.96
BI100161,2024-07-15,PSW,14,167.14,2339.96
BI100161,2024-07-15,PSW,14,167.14,2339.96
BI100161,2024-07-15,PNW,12,167.14,2005.68
BI100161,2024-07-15,PNW,12,167.14,2005.68
BI100161,2024-07-15,PNW,12,167.14,2005.68
BI100161,2024-07-15,PNW,13,167.14,2172.82
BI100161,2024-08-15,NE,14,167.14,2339.96
BI100161,2024-08-15,NE,15,167.14,2507.1
BI100161,2024-08-15,NE,15,167.14,2507.1
BI100161,2024-08-15,MA,14,167.14,2339.96
BI100161,2024-08-15,MA,15,167.14,2507.1
BI100161,2024-08-15,MA,15,167.14,2507.1
BI100161,2024-08-15,MA,15,167.14,2507.1
BI100161,2024-08-15,SE,12,167.14,2005.68
BI100161,2024-08-15,SE,12,167.14,2005.68
BI100161,2024-08-15,SE,12,167.14,2005.68
BI100161,2024-08-15,SE,12,167.14,2005.68
BI100161,2024-08-15,MW,14,167.14,2339.96
BI100161,2024-08-15,MW,15,167.14,2507.1
BI100161,2024-08-15,MW,15,167.14,2507.1
BI100161,2024-08-15,MW,15,167.14,2507.1
BI100161,2024-08-15,TX,13,167.14,2172.82
BI100161,2024-08-15,TX,14,167.14,2339.96
BI100161,2024-08-15,TX,14,167.14,2339.96
BI100161,2024-08-15,MTN,14,167.14,2339.96
BI100161,2024-08-15,MTN,14,167.14,2339.96
BI100161,2024-08-15,MTN,14,167.14,2339.96
BI100161,2024-08-15,PSW,14,167.14,2339.96
BI100161,2024-08-15,PSW,14,167.14,2339.96
BI100161,2024-08-15,PSW,14,167.14,2339.96
BI100161,2024-08-15,PSW,15,167.14,2507.1
BI100161,2024-08-15,PNW,15,167.14,2507.1
BI100161,2024-08-15,PNW,15,167.14,2507.1
BI100161,2024-08-15,PNW,15,167.14,2507.1
BI100161,2024-09-15,NE,15,167.14,2507.1
BI100161,2024-09-15,NE,15,167.14,2507.1
BI100161,2024-09-15,NE,16,167.14,2674.24
BI100161,2024-09-15,MA,13,167.14,2172.82
BI100161,2024-09-15,MA,13,167.14,2172.82
BI100161,2024-09-15,MA,14,167.14,2339.96
BI100161,2024-09-15,MA,14,167.14,2339.96
BI100161,2024-09-15,SE,12,167.14,2005.68
BI100161,2024-09-15,SE,12,167.14,2005.68
BI100161,2024-09-15,SE,12,167.14,2005.68
BI100161,2024-09-15,SE,12,167.14,2005.68
BI100161,2024-09-15,MW,14,167.14,2339.96
BI100161,2024-09-15,MW,14,167.14,2339.96
BI100161,2024-09-15,MW,14,167.14,2339.96
BI100161,2024-09-15,MW,14,167.14,2339.96
BI100161,2024-09-15,TX,17,167.14,2841.38
BI100161,2024-09-15,TX,18,167.14,3008.52
BI100161,2024-09-15,MTN,13,167.14,2172.82
BI100161,2024-09-15,MTN,14,167.14,2339.96
BI100161,2024-09-15,MTN,14,167.14,2339.96
BI100161,2024-09-15,PSW,12,167.14,2005.68
BI100161,2024-09-15,PSW,12,167.14,2005.68
BI100161,2024-09-15,PSW,12,167.14,2005.68
BI100161,2024-09-15,PSW,12,167.14,2005.68
BI100161,2024-09-15,PNW,15,167.14,2507.1
BI100161,2024-09-15,PNW,15,167.14,2507.1
BI100161,2024-09-15,PNW,16,167.14,2674.24
BI100161,2024-10-15,NE,14,167.14,2339.96
BI100161,2024-10-15,NE,14,167.14,2339.96
BI100161,2024-10-15,NE,14,167.14,2339.96
BI100161,2024-10-15,MA,12,167.14,2005.68
BI100161,2024-10-15,MA,12,167.14,2005.68
BI100161,2024-10-15,MA,12,167.14,2005.68
BI100161,2024-10-15,MA,13,167.14,2172.82
BI100161,2024-10-15,SE,14,167.14,2339.96
BI100161,2024-10-15,SE,14,167.14,2339.96
BI100161,2024-10-15,SE,14,167.14,2339.96
BI100161,2024-10-15,MW,12,167.14,2005.68
BI100161,2024-10-15,MW,12,167.14,2005.68
BI100161,2024-10-15,MW,12,167.14,2005.68
BI100161,2024-10-15,MW,13,167.14,2172.82
BI100161,2024-10-15,TX,17,167.14,2841.38
BI100161,2024-10-15,TX,18,167.14,3008.52
BI100161,2024-10-15,MTN,13,167.14,2172.82
BI100161,2024-10-15,MTN,13,167.14,2172.82
BI100161,2024-10-15,MTN,13,167.14,2172.82
BI100161,2024-10-15,PSW,12,167.14,2005.68
BI100161,2024-10-15,PSW,12,167.14,2005.68
BI100161,2024-10-15,PSW,12,167.14,2005.68
BI100161,2024-10-15,PSW,12,167.14,2005.68
BI100161,2024-10-15,PNW,13,167.14,2172.82
BI100161,2024-10-15,PNW,13,167.14,2172.82
BI100161,2024-10-15,PNW,13,167.14,2172.82
BI100161,2024-11-15,NE,12,167.14,2005.68
BI100161,2024-11-15,NE,13,167.14,2172.82
BI100161,2024-11-15,NE,13,167.14,2172.82
BI100161,2024-11-15,MA,14,167.14,2339.96
BI100161,2024-11-15,MA,15,167.14,2507.1
BI100161,2024-11-15,MA,15,167.14,2507.1
BI100161,2024-11-15,SE,14,167.14,2339.96
BI100161,2024-11-15,SE,14,167.14,2339.96
BI100161,2024-11-15,SE,14,167.14,2339.96
BI100161,2024-11-15,MW,12,167.14,2005.68
BI100161,2024-11-15,MW,12,167.14,2005.68
BI100161,2024-11-15,MW,12,167.14,2005.68
BI100161,2024-11-15,MW,12,167.14,2005.68
BI100161,2024-11-15,TX,16,167.14,2674.24
BI100161,2024-11-15,TX,16,167.14,2674.24
BI100161,2024-11-15,MTN,12,167.14,2005.68
BI100161,2024-11-15,MTN,12,167.14,2005.68
BI100161,2024-11-15,MTN,13,167.14,2172.82
BI100161,2024-11-15,PSW,15,167.14,2507.1
BI100161,2024-11-15,PSW,15,167.14,2507.1
BI100161,2024-11-15,PSW,16,167.14,2674.24
BI100161,2024-11-15,PNW,12,167.14,2005.68
BI100161,2024-11-15,PNW,13,167.14,2172.82
BI100161,2024-11-15,PNW,13,167.14,2172.82
BI100161,2024-12-15,NE,13,167.14,2172.82
BI100161,2024-12-15,NE,13,167.14,2172.82
BI100161,2024-12-15,NE,14,167.14,2339.96
BI100161,2024-12-15,MA,12,167.14,2005.68
BI100161,2024-12-15,MA,12,167.14,2005.68
BI100161,2024-12-15,MA,12,167.14,2005.68
BI100161,2024-12-15,MA,13,167.14,2172.82
BI100161,2024-12-15,SE,14,167.14,2339.96
BI100161,2024-12-15,SE,14,167.14,2339.96
BI100161,2024-12-15,SE,14,167.14,2339.96
BI100161,2024-12-15,MW,12,167.14,2005.68
BI100161,2024-12-15,MW,12,167.14,2005.68
BI100161,2024-12-15,MW,13,167.14,2172.82
BI100161,2024-12-15,MW,13,167.14,2172.82
BI100161,2024-12-15,TX,16,167.14,2674.24
BI100161,2024-12-15,TX,16,167.14,2674.24
BI100161,2024-12-15,MTN,12,167.14,2005.68
BI100161,2024-12-15,MTN,12,167.14,2005.68
BI100161,2024-12-15,MTN,13,167.14,2172.82
BI100161,2024-12-15,PSW,13,167.14,2172.82
BI100161,2024-12-15,PSW,14,167.14,2339.96
BI100161,2024-12-15,PSW,14,167.14,2339.96
BI100161,2024-12-15,PNW,13,167.14,2172.82
BI100161,2024-12-15,PNW,13,167.14,2172.82
BI100161,2024-12-15,PNW,13,167.14,2172.82
BI100161,2025-01-15,NE,12,167.14,2005.68
BI100161,2025-01-15,NE,12,167.14,2005.68
BI100161,2025-01-15,NE,13,167.14,2172.82
BI100161,2025-01-15,MA,15,167.14,2507.1
BI100161,2025-01-15,MA,16,167.14,2674.24
BI100161,2025-01-15,MA,16,167.14,2674.24
BI100161,2025-01-15,SE,13,167.14,2172.82
BI100161,2025-01-15,SE,13,167.14,2172.82
BI100161,2025-01-15,SE,13,167.14,2172.82
BI100161,2025-01-15,MW,13,167.14,2172.82
BI100161,2025-01-15,MW,13,167.14,2172.82
BI100161,2025-01-15,MW,13,167.14,2172.82
BI100161,2025-01-15,MW,13,167.14,2172.82
BI100161,2025-01-15,TX,16,167.14,2674.24
BI100161,2025-01-15,TX,17,167.14,2841.38
BI100161,2025-01-15,MTN,17,167.14,2841.38
BI100161,2025-01-15,MTN,17,167.14,2841.38
BI100161,2025-01-15,PSW,15,167.14,2507.1
BI100161,2025-01-15,PSW,15,167.14,2507.1
BI100161,2025-01-15,PSW,15,167.14,2507.1
BI100161,2025-01-15,PNW,12,167.14,2005.68
BI100161,2025-01-15,PNW,12,167.14,2005.68
BI100161,2025-01-15,PNW,12,167.14,2005.68
BI100161,2025-02-15,NE,13,167.14,2172.82
BI100161,2025-02-15,NE,13,167.14,2172.82
BI100161,2025-02-15,NE,14,167.14,2339.96
BI100161,2025-02-15,MA,15,167.14,2507.1
BI100161,2025-02-15,MA,16,167.14,2674.24
BI100161,2025-02-15,MA,16,167.14,2674.24
BI100161,2025-02-15,SE,15,167.14,2507.1
BI100161,2025-02-15,SE,15,167.14,2507.1
BI100161,2025-02-15,SE,15,167.14,2507.1
BI100161,2025-02-15,MW,12,167.14,2005.68
BI100161,2025-02-15,MW,13,167.14,2172.82
BI100161,2025-02-15,MW,13,167.14,2172.82
BI100161,2025-02-15,MW,13,167.14,2172.82
BI100161,2025-02-15,TX,16,167.14,2674.24
BI100161,2025-02-15,TX,16,167.14,2674.24
BI100161,2025-02-15,MTN,12,167.14,2005.68
BI100161,2025-02-15,MTN,12,167.14,2005.68
BI100161,2025-02-15,MTN,13,167.14,2172.82
BI100161,2025-02-15,PSW,12,167.14,2005.68
BI100161,2025-02-15,PSW,13,167.14,2172.82
BI100161,2025-02-15,PSW,13,167.14,2172.82
BI100161,2025-02-15,PSW,13,167.14,2172.82
BI100161,2025-02-15,PNW,12,167.14,2005.68
BI100161,2025-02-15,PNW,13,167.14,2172.82
BI100161,2025-02-15,PNW,13,167.14,2172.82
BI100161,2025-03-15,NE,14,167.14,2339.96
BI100161,2025-03-15,NE,15,167.14,2507.1
BI100161,2025-03-15,NE,15,167.14,2507.1
BI100161,2025-03-15,MA,13,167.14,2172.82
BI100161,2025-03-15,MA,13,167.14,2172.82
BI100161,2025-03-15,MA,14,167.14,2339.96
BI100161,2025-03-15,MA,14,167.14,2339.96
BI100161,2025-03-15,SE,14,167.14,2339.96
BI100161,2025-03-15,SE,15,167.14,2507.1
BI100161,2025-03-15,SE,15,167.14,2507.1
BI100161,2025-03-15,MW,14,167.14,2339.96
BI100161,2025-03-15,MW,14,167.14,2339.96
BI100161,2025-03-15,MW,14,167.14,2339.96
BI100161,2025-03-15,MW,14,167.14,2339.96
BI100161,2025-03-15,TX,12,167.14,2005.68
BI100161,2025-03-15,TX,13,167.14,2172.82
BI100161,2025-03-15,TX,13,167.14,2172.82
BI100161,2025-03-15,MTN,14,167.14,2339.96
BI100161,2025-03-15,MTN,14,167.14,2339.96
BI100161,2025-03-15,MTN,15,167.14,2507.1
BI100161,2025-03-15,PSW,13,167.14,2172.82
BI100161,2025-03-15,PSW,13,167.14,2172.82
BI100161,2025-03-15,PSW,13,167.14,2172.82
BI100161,2025-03-15,PSW,13,167.14,2172.82
BI100161,2025-03-15,PNW,12,167.14,2005.68
BI100161,2025-03-15,PNW,12,167.14,2005.68
BI100161,2025-03-15,PNW,12,167.14,2005.68
BI100161,2025-03-15,PNW,12,167.14,2005.68
BI100161,2025-04-15,NE,13,167.14,2172.82
BI100161,2025-04-15,NE,13,167.14,2172.82
BI100161,2025-04-15,NE,13,167.14,2172.82
BI100161,2025-04-15,NE,13,167.14,2172.82
BI100161,2025-04-15,MA,13,167.14,2172.82
BI100161,2025-04-15,MA,14,167.14,2339.96
BI100161,2025-04-15,MA,14,167.14,2339.96
BI100161,2025-04-15,MA,14,167.14,2339.96
BI100161,2025-04-15,SE,13,167.14,2172.82
BI100161,2025-04-15,SE,14,167.14,2339.96
BI100161,2025-04-15,SE,14,167.14,2339.96
BI100161,2025-04-15,SE,14,167.14,2339.96
BI100161,2025-04-15,MW,12,167.14,2005.68
BI100161,2025-04-15,MW,12,167.14,2005.68
BI100161,2025-04-15,MW,12,167.14,2005.68
BI100161,2025-04-15,MW,12,167.14,2005.68
BI100161,2025-04-15,MW,13,167.14,2172.82
BI100161,2025-04-15,TX,13,167.14,2172.82
BI100161,2025-04-15,TX,13,167.14,2172.82
BI100161,2025-04-15,TX,13,167.14,2172.82
BI100161,2025-04-15,MTN,14,167.14,2339.96
BI100161,2025-04-15,MTN,15,167.14,2507.1
BI100161,2025-04-15,MTN,15,167.14,2507.1
BI100161,2025-04-15,PSW,12,167.14,2005.68
BI100161,2025-04-15,PSW,12,167.14,2005.68
BI100161,2025-04-15,PSW,12,167.14,2005.68
BI100161,2025-04-15,PSW,12,167.14,2005.68
BI100161,2025-04-15,PSW,12,167.14,2005.68
BI100161,2025-04-15,PNW,15,167.14,2507.1
BI100161,2025-04-15,PNW,15,167.14,2507.1
BI100161,2025-04-15,PNW,15,167.14,2507.1
BI100161,2025-05-15,NE,12,167.14,2005.68
BI100161,2025-05-15,NE,13,167.14,2172.82
BI100161,2025-05-15,NE,13,167.14,2172.82
BI100161,2025-05-15,NE,13,167.14,2172.82
BI100161,2025-05-15,MA,12,167.14,2005.68
BI100161,2025-05-15,MA,12,167.14,2005.68
BI100161,2025-05-15,MA,12,167.14,2005.68
BI100161,2025-05-15,MA,12,167.14,2005.68
BI100161,2025-05-15,MA,13,167.14,2172.82
BI100161,2025-05-15,SE,14,167.14,2339.96
BI100161,2025-05-15,SE,14,167.14,2339.96
BI100161,2025-05-15,SE,15,167.14,2507.1
BI100161,2025-05-15,SE,15,167.14,2507.1
BI100161,2025-05-15,MW,13,167.14,2172.82
BI100161,2025-05-15,MW,13,167.14,2172.82
BI100161,2025-05-15,MW,13,167.14,2172.82
BI100161,2025-05-15,MW,14,167.14,2339.96
BI100161,2025-05-15,MW,14,167.14,2339.96
BI100161,2025-05-15,TX,15,167.14,2507.1
BI100161,2025-05-15,TX,15,167.14,2507.1
BI100161,2025-05-15,TX,15,167.14,2507.1
BI100161,2025-05-15,MTN,15,167.14,2507.1
BI100161,2025-05-15,MTN,16,167.14,2674.24
BI100161,2025-05-15,MTN,16,167.14,2674.24
BI100161,2025-05-15,PSW,12,167.14,2005.68
BI100161,2025-05-15,PSW,12,167.14,2005.68
BI100161,2025-05-15,PSW,12,167.14,2005.68
BI100161,2025-05-15,PSW,12,167.14,2005.68
BI100161,2025-05-15,PSW,13,167.14,2172.82
BI100161,2025-05-15,PNW,13,167.14,2172.82
BI100161,2025-05-15,PNW,13,167.14,2172.82
BI100161,2025-05-15,PNW,14,167.14,2339.96
BI100161,2025-05-15,PNW,14,167.14,2339.96
BI100161,2025-06-15,NE,14,167.14,2339.96
BI100161,2025-06-15,NE,14,167.14,2339.96
BI100161,2025-06-15,NE,14,167.14,2339.96
BI100161,2025-06-15,NE,14,167.14,2339.96
BI100161,2025-06-15,MA,13,167.14,2172.82
BI100161,2025-06-15,MA,14,167.14,2339.96
BI100161,2025-06-15,MA,14,167.14,2339.96
BI100161,2025-06-15,MA,14,167.14,2339.96
BI100161,2025-06-15,MA,14,167.14,2339.96
BI100161,2025-06-15,SE,14,167.14,2339.96
BI100161,2025-06-15,SE,14,167.14,2339.96
BI100161,2025-06-15,SE,15,167.14,2507.1
BI100161,2025-06-15,SE,15,167.14,2507.1
BI100161,2025-06-15,MW,13,167.14,2172.82
BI100161,2025-06-15,MW,13,167.14,2172.82
BI100161,2025-06-15,MW,13,167.14,2172.82
BI100161,2025-06-15,MW,13,167.14,2172.82
BI100161,2025-06-15,MW,13,167.14,2172.82
BI100161,2025-06-15,TX,15,167.14,2507.1
BI100161,2025-06-15,TX,15,167.14,2507.1
BI100161,2025-06-15,TX,15,167.14,2507.1
BI100161,2025-06-15,MTN,13,167.14,2172.82
BI100161,2025-06-15,MTN,13,167.14,2172.82
BI100161,2025-06-15,MTN,13,167.14,2172.82
BI100161,2025-06-15,MTN,14,167.14,2339.96
BI100161,2025-06-15,PSW,14,167.14,2339.96
BI100161,2025-06-15,PSW,14,167.14,2339.96
BI100161,2025-06-15,PSW,14,167.14,2339.96
BI100161,2025-06-15,PSW,15,167.14,2507.1
BI100161,2025-06-15,PNW,12,167.14,2005.68
BI100161,2025-06-15,PNW,12,167.14,2005.68
BI100161,2025-06-15,PNW,12,167.14,2005.68
BI100161,2025-06-15,PNW,12,167.14,2005.68
BI100161,2025-07-15,NE,13,167.14,2172.82
BI100161,2025-07-15,NE,14,167.14,2339.96
BI100161,2025-07-15,NE,14,167.14,2339.96
BI100161,2025-07-15,NE,14,167.14,2339.96
BI100161,2025-07-15,MA,12,167.14,2005.68
BI100161,2025-07-15,MA,12,167.14,2005.68
BI100161,2025-07-15,MA,12,167.14,2005.68
BI100161,2025-07-15,MA,12,167.14,2005.68
BI100161,2025-07-15,MA,13,167.14,2172.82
BI100161,2025-07-15,SE,13,167.14,2172.82
BI100161,2025-07-15,SE,14,167.14,2339.96
BI100161,2025-07-15,SE,14,167.14,2339.96
BI100161,2025-07-15,SE,14,167.14,2339.96
BI100161,2025-07-15,MW,12,167.14,2005.68
BI100161,2025-07-15,MW,12,167.14,2005.68
BI100161,2025-07-15,MW,12,167.14,2005.68
BI100161,2025-07-15,MW,13,167.14,2172.82
BI100161,2025-07-15,MW,13,167.14,2172.82
BI100161,2025-07-15,TX,14,167.14,2339.96
BI100161,2025-07-15,TX,15,167.14,2507.1
BI100161,2025-07-15,TX,15,167.14,2507.1
BI100161,2025-07-15,MTN,13,167.14,2172.82
BI100161,2025-07-15,MTN,13,167.14,2172.82
BI100161,2025-07-15,MTN,13,167.14,2172.82
BI100161,2025-07-15,MTN,13,167.14,2172.82
BI100161,2025-07-15,PSW,14,167.14,2339.96
BI100161,2025-07-15,PSW,14,167.14,2339.96
BI100161,2025-07-15,PSW,14,167.14,2339.96
BI100161,2025-07-15,PSW,15,167.14,2507.1
BI100161,2025-07-15,PNW,12,167.14,2005.68
BI100161,2025-07-15,PNW,12,167.14,2005.68
BI100161,2025-07-15,PNW,13,167.14,2172.82
BI100161,2025-07-15,PNW,13,167.14,2172.82
BI100161,2025-08-15,NE,12,167.14,2005.68
BI100161,2025-08-15,NE,12,167.14,2005.68
BI100161,2025-08-15,NE,13,167.14,2172.82
BI100161,2025-08-15,NE,13,167.14,2172.82
BI100161,2025-08-15,MA,12,167.14,2005.68
BI100161,2025-08-15,MA,13,167.14,2172.82
BI100161,2025-08-15,MA,13,167.14,2172.82
BI100161,2025-08-15,MA,13,167.14,2172.82
BI100161,2025-08-15,MA,13,167.14,2172.82
BI100161,2025-08-15,SE,12,167.14,2005.68
BI100161,2025-08-15,SE,13,167.14,2172.82
BI100161,2025-08-15,SE,13,167.14,2172.82
BI100161,2025-08-15,SE,13,167.14,2172.82
BI100161,2025-08-15,MW,13,167.14,2172.82
BI100161,2025-08-15,MW,13,167.14,2172.82
BI100161,2025-08-15,MW,13,167.14,2172.82
BI100161,2025-08-15,MW,13,167.14,2172.82
BI100161,2025-08-15,MW,14,167.14,2339.96
BI100161,2025-08-15,TX,13,167.14,2172.82
BI100161,2025-08-15,TX,13,167.14,2172.82
BI100161,2025-08-15,TX,14,167.14,2339.96
BI100161,2025-08-15,MTN,12,167.14,2005.68
BI100161,2025-08-15,MTN,12,167.14,2005.68
BI100161,2025-08-15,MTN,12,167.14,2005.68
BI100161,2025-08-15,MTN,12,167.14,2005.68
BI100161,2025-08-15,PSW,13,167.14,2172.82
BI100161,2025-08-15,PSW,14,167.14,2339.96
BI100161,2025-08-15,PSW,14,167.14,2339.96
BI100161,2025-08-15,PSW,14,167.14,2339.96
BI100161,2025-08-15,PNW,12,167.14,2005.68
BI100161,2025-08-15,PNW,13,167.14,2172.82
BI100161,2025-08-15,PNW,13,167.14,2172.82
BI100161,2025-08-15,PNW,13,167.14,2172.82
BI100161,2025-09-15,NE,15,167.14,2507.1
BI100161,2025-09-15,NE,16,167.14,2674.24
BI100161,2025-09-15,NE,16,167.14,2674.24
BI100161,2025-09-15,MA,12,167.14,2005.68
BI100161,2025-09-15,MA,12,167.14,2005.68
BI100161,2025-09-15,MA,12,167.14,2005.68
BI100161,2025-09-15,MA,12,167.14,2005.68
BI100161,2025-09-15,MA,13,167.14,2172.82
BI100161,2025-09-15,SE,12,167.14,2005.68
BI100161,2025-09-15,SE,12,167.14,2005.68
BI100161,2025-09-15,SE,12,167.14,2005.68
BI100161,2025-09-15,SE,13,167.14,2172.82
BI100161,2025-09-15,MW,12,167.14,2005.68
BI100161,2025-09-15,MW,12,167.14,2005.68
BI100161,2025-09-15,MW,13,167.14,2172.82
BI100161,2025-09-15,MW,13,167.14,2172.82
BI100161,2025-09-15,MW,13,167.14,2172.82
BI100161,2025-09-15,TX,12,167.14,2005.68
BI100161,2025-09-15,TX,12,167.14,2005.68
BI100161,2025-09-15,TX,13,167.14,2172.82
BI100161,2025-09-15,MTN,15,167.14,2507.1
BI100161,2025-09-15,MTN,15,167.14,2507.1
BI100161,2025-09-15,MTN,15,167.14,2507.1
BI100161,2025-09-15,PSW,12,167.14,2005.68
BI100161,2025-09-15,PSW,13,167.14,2172.82
BI100161,2025-09-15,PSW,13,167.14,2172.82
BI100161,2025-09-15,PSW,13,167.14,2172.82
BI100161,2025-09-15,PNW,14,167.14,2339.96
BI100161,2025-09-15,PNW,15,167.14,2507.1
BI100161,2025-09-15,PNW,15,167.14,2507.1
BI100161,2025-10-15,NE,14,167.14,2339.96
BI100161,2025-10-15,NE,15,167.14,2507.1
BI100161,2025-10-15,NE,15,167.14,2507.1
BI100161,2025-10-15,MA,13,167.14,2172.82
BI100161,2025-10-15,MA,14,167.14,2339.96
BI100161,2025-10-15,MA,14,167.14,2339.96
BI100161,2025-10-15,MA,14,167.14,2339.96
BI100161,2025-10-15,SE,12,167.14,2005.68
BI100161,2025-10-15,SE,12,167.14,2005.68
BI100161,2025-10-15,SE,12,167.14,2005.68
BI100161,2025-10-15,SE,12,167.14,2005.68
BI100161,2025-10-15,MW,13,167.14,2172.82
BI100161,2025-10-15,MW,14,167.14,2339.96
BI100161,2025-10-15,MW,14,167.14,2339.96
BI100161,2025-10-15,MW,14,167.14,2339.96
BI100161,2025-10-15,TX,17,167.14,2841.38
BI100161,2025-10-15,TX,17,167.14,2841.38
BI100161,2025-10-15,MTN,13,167.14,2172.82
BI100161,2025-10-15,MTN,14,167.14,2339.96
BI100161,2025-10-15,MTN,14,167.14,2339.96
BI100161,2025-10-15,PSW,12,167.14,2005.68
BI100161,2025-10-15,PSW,12,167.14,2005.68
BI100161,2025-10-15,PSW,12,167.14,2005.68
BI100161,2025-10-15,PSW,13,167.14,2172.82
BI100161,2025-10-15,PNW,14,167.14,2339.96
BI100161,2025-10-15,PNW,14,167.14,2339.96
BI100161,2025-10-15,PNW,14,167.14,2339.96
BI100161,2025-11-15,NE,14,167.14,2339.96
BI100161,2025-11-15,NE,14,167.14,2339.96
BI100161,2025-11-15,NE,14,167.14,2339.96
BI100161,2025-11-15,MA,13,167.14,2172.82
BI100161,2025-11-15,MA,13,167.14,2172.82
BI100161,2025-11-15,MA,14,167.14,2339.96
BI100161,2025-11-15,MA,14,167.14,2339.96
BI100161,2025-11-15,SE,14,167.14,2339.96
BI100161,2025-11-15,SE,15,167.14,2507.1
BI100161,2025-11-15,SE,15,167.14,2507.1
BI100161,2025-11-15,MW,12,167.14,2005.68
BI100161,2025-11-15,MW,12,167.14,2005.68
BI100161,2025-11-15,MW,13,167.14,2172.82
BI100161,2025-11-15,MW,13,167.14,2172.82
BI100161,2025-11-15,TX,12,167.14,2005.68
BI100161,2025-11-15,TX,12,167.14,2005.68
BI100161,2025-11-15,TX,13,167.14,2172.82
BI100161,2025-11-15,MTN,13,167.14,2172.82
BI100161,2025-11-15,MTN,13,167.14,2172.82
BI100161,2025-11-15,MTN,14,167.14,2339.96
BI100161,2025-11-15,PSW,12,167.14,2005.68
BI100161,2025-11-15,PSW,12,167.14,2005.68
BI100161,2025-11-15,PSW,12,167.14,2005.68
BI100161,2025-11-15,PSW,13,167.14,2172.82
BI100161,2025-11-15,PNW,13,167.14,2172.82
BI100161,2025-11-15,PNW,13,167.14,2172.82
BI100161,2025-11-15,PNW,13,167.14,2172.82
BI100161,2025-12-15,NE,14,167.14,2339.96
BI100161,2025-12-15,NE,15,167.14,2507.1
BI100161,2025-12-15,NE,15,167.14,2507.1
BI100161,2025-12-15,MA,13,167.14,2172.82
BI100161,2025-12-15,MA,13,167.14,2172.82
BI100161,2025-12-15,MA,13,167.14,2172.82
BI100161,2025-12-15,MA,13,167.14,2172.82
BI100161,2025-12-15,SE,13,167.14,2172.82
BI100161,2025-12-15,SE,14,167.14,2339.96
BI100161,2025-12-15,SE,14,167.14,2339.96
BI100161,2025-12-15,MW,12,167.14,2005.68
BI100161,2025-12-15,MW,12,167.14,2005.68
BI100161,2025-12-15,MW,12,167.14,2005.68
BI100161,2025-12-15,MW,13,167.14,2172.82
BI100161,2025-12-15,TX,15,167.14,2507.1
BI100161,2025-12-15,TX,16,167.14,2674.24
BI100161,2025-12-15,MTN,12,167.14,2005.68
BI100161,2025-12-15,MTN,12,167.14,2005.68
BI100161,2025-12-15,MTN,12,167.14,2005.68
BI100161,2025-12-15,PSW,12,167.14,2005.68
BI100161,2025-12-15,PSW,12,167.14,2005.68
BI100161,2025-12-15,PSW,12,167.14,2005.68
BI100161,2025-12-15,PSW,12,167.14,2005.68
BI100161,2025-12-15,PNW,13,167.14,2172.82
BI100161,2025-12-15,PNW,13,167.14,2172.82
BI100161,2025-12-15,PNW,13,167.14,2172.82
BI100168,2024-01-15,NE,23,117.93,2712.39
BI100168,2024-01-15,MA,17,117.93,2004.81
BI100168,2024-01-15,SE,18,117.93,2122.74
BI100168,2024-01-15,MW,18,117.93,2122.74
BI100168,2024-01-15,TX,19,117.93,2240.67
BI100168,2024-01-15,MTN,20,117.93,2358.6
BI100168,2024-01-15,PSW,16,117.93,1886.88
BI100168,2024-01-15,PNW,17,117.93,2004.81
BI100168,2024-02-15,NE,12,117.93,1415.16
BI100168,2024-02-15,NE,13,117.93,1533.09
BI100168,2024-02-15,MA,17,117.93,2004.81
BI100168,2024-02-15,SE,19,117.93,2240.67
BI100168,2024-02-15,MW,19,117.93,2240.67
BI100168,2024-02-15,TX,21,117.93,2476.53
BI100168,2024-02-15,MTN,23,117.93,2712.39
BI100168,2024-02-15,PSW,19,117.93,2240.67
BI100168,2024-02-15,PNW,18,117.93,2122.74
BI100168,2024-03-15,NE,14,117.93,1651.02
BI100168,2024-03-15,NE,15,117.93,1768.95
BI100168,2024-03-15,MA,21,117.93,2476.53
BI100168,2024-03-15,SE,18,117.93,2122.74
BI100168,2024-03-15,MW,22,117.93,2594.46
BI100168,2024-03-15,TX,22,117.93,2594.46
BI100168,2024-03-15,MTN,22,117.93,2594.46
BI100168,2024-03-15,PSW,20,117.93,2358.6
BI100168,2024-03-15,PNW,22,117.93,2594.46
BI100168,2024-04-15,NE,14,117.93,1651.02
BI100168,2024-04-15,NE,15,117.93,1768.95
BI100168,2024-04-15,MA,22,117.93,2594.46
BI100168,2024-04-15,SE,22,117.93,2594.46
BI100168,2024-04-15,MW,21,117.93,2476.53
BI100168,2024-04-15,TX,13,117.93,1533.09
BI100168,2024-04-15,TX,14,117.93,1651.02
BI100168,2024-04-15,MTN,13,117.93,1533.09
BI100168,2024-04-15,MTN,14,117.93,1651.02
BI100168,2024-04-15,PSW,21,117.93,2476.53
BI100168,2024-04-15,PNW,12,117.93,1415.16
BI100168,2024-04-15,PNW,12,117.93,1415.16
BI100168,2024-05-15,NE,15,117.93,1768.95
BI100168,2024-05-15,NE,16,117.93,1886.88
BI100168,2024-05-15,MA,12,117.93,1415.16
BI100168,2024-05-15,MA,12,117.93,1415.16
BI100168,2024-05-15,SE,12,117.93,1415.16
BI100168,2024-05-15,SE,12,117.93,1415.16
BI100168,2024-05-15,MW,12,117.93,1415.16
BI100168,2024-05-15,MW,12,117.93,1415.16
BI100168,2024-05-15,TX,13,117.93,1533.09
BI100168,2024-05-15,TX,14,117.93,1651.02
BI100168,2024-05-15,MTN,13,117.93,1533.09
BI100168,2024-05-15,MTN,13,117.93,1533.09
BI100168,2024-05-15,PSW,22,117.93,2594.46
BI100168,2024-05-15,PNW,12,117.93,1415.16
BI100168,2024-05-15,PNW,13,117.93,1533.09
BI100168,2024-06-15,NE,16,117.93,1886.88
BI100168,2024-06-15,NE,17,117.93,2004.81
BI100168,2024-06-15,MA,12,117.93,1415.16
BI100168,2024-06-15,MA,12,117.93,1415.16
BI100168,2024-06-15,SE,12,117.93,1415.16
BI100168,2024-06-15,SE,13,117.93,1533.09
BI100168,2024-06-15,MW,12,117.93,1415.16
BI100168,2024-06-15,MW,12,117.93,1415.16
BI100168,2024-06-15,TX,12,117.93,1415.16
BI100168,2024-06-15,TX,13,117.93,1533.09
BI100168,2024-06-15,MTN,12,117.93,1415.16
BI100168,2024-06-15,MTN,13,117.93,1533.09
BI100168,2024-06-15,PSW,23,117.93,2712.39
BI100168,2024-06-15,PNW,23,117.93,2712.39
BI100168,2024-07-15,NE,15,117.93,1768.95
BI100168,2024-07-15,NE,15,117.93,1768.95
BI100168,2024-07-15,MA,22,117.93,2594.46
BI100168,2024-07-15,SE,12,117.93,1415.16
BI100168,2024-07-15,SE,12,117.93,1415.16
BI100168,2024-07-15,MW,12,117.93,1415.16
BI100168,2024-07-15,MW,13,117.93,1533.09
BI100168,2024-07-15,TX,14,117.93,1651.02
BI100168,2024-07-15,TX,14,117.93,1651.02
BI100168,2024-07-15,MTN,14,117.93,1651.02
BI100168,2024-07-15,MTN,14,117.93,1651.02
BI100168,2024-07-15,PSW,23,117.93,2712.39
BI100168,2024-07-15,PNW,12,117.93,1415.16
BI100168,2024-07-15,PNW,12,117.93,1415.16
BI100168,2024-08-15,NE,14,117.93,1651.02
BI100168,2024-08-15,NE,14,117.93,1651.02
BI100168,2024-08-15,MA,23,117.93,2712.39
BI100168,2024-08-15,SE,21,117.93,2476.53
BI100168,2024-08-15,MW,12,117.93,1415.16
BI100168,2024-08-15,MW,12,117.93,1415.16
BI100168,2024-08-15,TX,13,117.93,1533.09
BI100168,2024-08-15,TX,14,117.93,1651.02
BI100168,2024-08-15,MTN,12,117.93,1415.16
BI100168,2024-08-15,MTN,13,117.93,1533.09
BI100168,2024-08-15,PSW,22,117.93,2594.46
BI100168,2024-08-15,PNW,23,117.93,2712.39
BI100168,2024-09-15,NE,14,117.93,1651.02
BI100168,2024-09-15,NE,15,117.93,1768.95
BI100168,2024-09-15,MA,19,117.93,2240.67
BI100168,2024-09-15,SE,20,117.93,2358.6
BI100168,2024-09-15,MW,23,117.93,2712.39
BI100168,2024-09-15,TX,13,117.93,1533.09
BI100168,2024-09-15,TX,13,117.93,1533.09
BI100168,2024-09-15,MTN,12,117.93,1415.16
BI100168,2024-09-15,MTN,12,117.93,1415.16
BI100168,2024-09-15,PSW,19,117.93,2240.67
BI100168,2024-09-15,PNW,21,117.93,2476.53
BI100168,2024-10-15,NE,12,117.93,1415.16
BI100168,2024-10-15,NE,13,117.93,1533.09
BI100168,2024-10-15,MA,19,117.93,2240.67
BI100168,2024-10-15,SE,19,117.93,2240.67
BI100168,2024-10-15,MW,20,117.93,2358.6
BI100168,2024-10-15,TX,21,117.93,2476.53
BI100168,2024-10-15,MTN,21,117.93,2476.53
BI100168,2024-10-15,PSW,18,117.93,2122.74
BI100168,2024-10-15,PNW,19,117.93,2240.67
BI100168,2024-11-15,NE,12,117.93,1415.16
BI100168,2024-11-15,NE,12,117.93,1415.16
BI100168,2024-11-15,MA,19,117.93,2240.67
BI100168,2024-11-15,SE,19,117.93,2240.67
BI100168,2024-11-15,MW,20,117.93,2358.6
BI100168,2024-11-15,TX,20,117.93,2358.6
BI100168,2024-11-15,MTN,23,117.93,2712.39
BI100168,2024-11-15,PSW,18,117.93,2122.74
BI100168,2024-11-15,PNW,18,117.93,2122.74
BI100168,2024-12-15,NE,12,117.93,1415.16
BI100168,2024-12-15,NE,13,117.93,1533.09
BI100168,2024-12-15,MA,19,117.93,2240.67
BI100168,2024-12-15,SE,19,117.93,2240.67
BI100168,2024-12-15,MW,19,117.93,2240.67
BI100168,2024-12-15,TX,19,117.93,2240.67
BI100168,2024-12-15,MTN,21,117.93,2476.53
BI100168,2024-12-15,PSW,17,117.93,2004.81
BI100168,2024-12-15,PNW,20,117.93,2358.6
BI100168,2025-01-15,NE,23,117.93,2712.39
BI100168,2025-01-15,MA,18,117.93,2122.74
BI100168,2025-01-15,SE,19,117.93,2240.67
BI100168,2025-01-15,MW,20,117.93,2358.6
BI100168,2025-01-15,TX,22,117.93,2594.46
BI100168,2025-01-15,MTN,21,117.93,2476.53
BI100168,2025-01-15,PSW,18,117.93,2122.74
BI100168,2025-01-15,PNW,18,117.93,2122.74
BI100168,2025-02-15,NE,13,117.93,1533.09
BI100168,2025-02-15,NE,14,117.93,1651.02
BI100168,2025-02-15,MA,19,117.93,2240.67
BI100168,2025-02-15,SE,19,117.93,2240.67
BI100168,2025-02-15,MW,21,117.93,2476.53
BI100168,2025-02-15,TX,12,117.93,1415.16
BI100168,2025-02-15,TX,12,117.93,1415.16
BI100168,2025-02-15,MTN,12,117.93,1415.16
BI100168,2025-02-15,MTN,12,117.93,1415.16
BI100168,2025-02-15,PSW,20,117.93,2358.6
BI100168,2025-02-15,PNW,20,117.93,2358.6
BI100168,2025-03-15,NE,15,117.93,1768.95
BI100168,2025-03-15,NE,16,117.93,1886.88
BI100168,2025-03-15,MA,23,117.93,2712.39
BI100168,2025-03-15,SE,21,117.93,2476.53
BI100168,2025-03-15,MW,12,117.93,1415.16
BI100168,2025-03-15,MW,12,117.93,1415.16
BI100168,2025-03-15,TX,23,117.93,2712.39
BI100168,2025-03-15,MTN,13,117.93,1533.09
BI100168,2025-03-15,MTN,13,117.93,1533.09
BI100168,2025-03-15,PSW,20,117.93,2358.6
BI100168,2025-03-15,PNW,21,117.93,2476.53
BI100168,2025-04-15,NE,16,117.93,1886.88
BI100168,2025-04-15,NE,16,117.93,1886.88
BI100168,2025-04-15,MA,23,117.93,2712.39
BI100168,2025-04-15,SE,22,117.93,2594.46
BI100168,2025-04-15,MW,12,117.93,1415.16
BI100168,2025-04-15,MW,12,117.93,1415.16
BI100168,2025-04-15,TX,13,117.93,1533.09
BI100168,2025-04-15,TX,13,117.93,1533.09
BI100168,2025-04-15,MTN,13,117.93,1533.09
BI100168,2025-04-15,MTN,14,117.93,1651.02
BI100168,2025-04-15,PSW,23,117.93,2712.39
BI100168,2025-04-15,PNW,22,117.93,2594.46
BI100168,2025-05-15,NE,17,117.93,2004.81
BI100168,2025-05-15,NE,18,117.93,2122.74
BI100168,2025-05-15,MA,13,117.93,1533.09
BI100168,2025-05-15,MA,13,117.93,1533.09
BI100168,2025-05-15,SE,13,117.93,1533.09
BI100168,2025-05-15,SE,13,117.93,1533.09
BI100168,2025-05-15,MW,13,117.93,1533.09
BI100168,2025-05-15,MW,14,117.93,1651.02
BI100168,2025-05-15,TX,14,117.93,1651.02
BI100168,2025-05-15,TX,15,117.93,1768.95
BI100168,2025-05-15,MTN,14,117.93,1651.02
BI100168,2025-05-15,MTN,14,117.93,1651.02
BI100168,2025-05-15,PSW,21,117.93,2476.53
BI100168,2025-05-15,PNW,13,117.93,1533.09
BI100168,2025-05-15,PNW,13,117.93,1533.09
BI100168,2025-06-15,NE,12,117.93,1415.16
BI100168,2025-06-15,NE,12,117.93,1415.16
BI100168,2025-06-15,NE,12,117.93,1415.16
BI100168,2025-06-15,MA,13,117.93,1533.09
BI100168,2025-06-15,MA,14,117.93,1651.02
BI100168,2025-06-15,SE,23,117.93,2712.39
BI100168,2025-06-15,MW,12,117.93,1415.16
BI100168,2025-06-15,MW,12,117.93,1415.16
BI100168,2025-06-15,TX,14,117.93,1651.02
BI100168,2025-06-15,TX,15,117.93,1768.95
BI100168,2025-06-15,MTN,15,117.93,1768.95
BI100168,2025-06-15,MTN,15,117.93,1768.95
BI100168,2025-06-15,PSW,22,117.93,2594.46
BI100168,2025-06-15,PNW,12,117.93,1415.16
BI100168,2025-06-15,PNW,13,117.93,1533.09
BI100168,2025-07-15,NE,16,117.93,1886.88
BI100168,2025-07-15,NE,16,117.93,1886.88
BI100168,2025-07-15,MA,12,117.93,1415.16
BI100168,2025-07-15,MA,12,117.93,1415.16
BI100168,2025-07-15,SE,12,117.93,1415.16
BI100168,2025-07-15,SE,13,117.93,1533.09
BI100168,2025-07-15,MW,12,117.93,1415.16
BI100168,2025-07-15,MW,12,117.93,1415.16
BI100168,2025-07-15,TX,14,117.93,1651.02
BI100168,2025-07-15,TX,14,117.93,1651.02
BI100168,2025-07-15,MTN,13,117.93,1533.09
BI100168,2025-07-15,MTN,14,117.93,1651.02
BI100168,2025-07-15,PSW,12,117.93,1415.16
BI100168,2025-07-15,PSW,12,117.93,1415.16
BI100168,2025-07-15,PNW,12,117.93,1415.16
BI100168,2025-07-15,PNW,13,117.93,1533.09
BI100168,2025-08-15,NE,16,117.93,1886.88
BI100168,2025-08-15,NE,16,117.93,1886.88
BI100168,2025-08-15,MA,22,117.93,2594.46
BI100168,2025-08-15,SE,23,117.93,2712.39
BI100168,2025-08-15,MW,23,117.93,2712.39
BI100168,2025-08-15,TX,14,117.93,1651.02
BI100168,2025-08-15,TX,15,117.93,1768.95
BI100168,2025-08-15,MTN,13,117.93,1533.09
BI100168,2025-08-15,MTN,13,117.93,1533.09
BI100168,2025-08-15,PSW,22,117.93,2594.46
BI100168,2025-08-15,PNW,12,117.93,1415.16
BI100168,2025-08-15,PNW,13,117.93,1533.09
BI100168,2025-09-15,NE,15,117.93,1768.95
BI100168,2025-09-15,NE,15,117.93,1768.95
BI100168,2025-09-15,MA,23,117.93,2712.39
BI100168,2025-09-15,SE,22,117.93,2594.46
BI100168,2025-09-15,MW,22,117.93,2594.46
BI100168,2025-09-15,TX,13,117.93,1533.09
BI100168,2025-09-15,TX,13,117.93,1533.09
BI100168,2025-09-15,MTN,12,117.93,1415.16
BI100168,2025-09-15,MTN,12,117.93,1415.16
BI100168,2025-09-15,PSW,22,117.93,2594.46
BI100168,2025-09-15,PNW,21,117.93,2476.53
BI100168,2025-10-15,NE,15,117.93,1768.95
BI100168,2025-10-15,NE,15,117.93,1768.95
BI100168,2025-10-15,MA,20,117.93,2358.6
BI100168,2025-10-15,SE,19,117.93,2240.67
BI100168,2025-10-15,MW,22,117.93,2594.46
BI100168,2025-10-15,TX,12,117.93,1415.16
BI100168,2025-10-15,TX,12,117.93,1415.16
BI100168,2025-10-15,MTN,12,117.93,1415.16
BI100168,2025-10-15,MTN,13,117.93,1533.09
BI100168,2025-10-15,PSW,19,117.93,2240.67
BI100168,2025-10-15,PNW,21,117.93,2476.53
BI100168,2025-11-15,NE,13,117.93,1533.09
BI100168,2025-11-15,NE,14,117.93,1651.02
BI100168,2025-11-15,MA,19,117.93,2240.67
BI100168,2025-11-15,SE,19,117.93,2240.67
BI100168,2025-11-15,MW,19,117.93,2240.67
BI100168,2025-11-15,TX,22,117.93,2594.46
BI100168,2025-11-15,MTN,22,117.93,2594.46
BI100168,2025-11-15,PSW,19,117.93,2240.67
BI100168,2025-11-15,PNW,20,117.93,2358.6
BI100168,2025-12-15,NE,13,117.93,1533.09
BI100168,2025-12-15,NE,14,117.93,1651.02
BI100168,2025-12-15,MA,20,117.93,2358.6
BI100168,2025-12-15,SE,18,117.93,2122.74
BI100168,2025-12-15,MW,19,117.93,2240.67
BI100168,2025-12-15,TX,23,117.93,2712.39
BI100168,2025-12-15,MTN,21,117.93,2476.53
BI100168,2025-12-15,PSW,18,117.93,2122.74
BI100168,2025-12-15,PNW,18,117.93,2122.74
BI100175,2024-01-15,NE,16,134.92,2158.72
BI100175,2024-01-15,NE,16,134.92,2158.72
BI100175,2024-01-15,MA,15,134.92,2023.8
BI100175,2024-01-15,MA,15,134.92,2023.8
BI100175,2024-01-15,MA,16,134.92,2158.72
BI100175,2024-01-15,SE,13,134.92,1753.96
BI100175,2024-01-15,SE,13,134.92,1753.96
BI100175,2024-01-15,SE,13,134.92,1753.96
BI100175,2024-01-15,MW,16,134.92,2158.72
BI100175,2024-01-15,MW,17,134.92,2293.64
BI100175,2024-01-15,TX,12,134.92,1619.04
BI100175,2024-01-15,TX,12,134.92,1619.04
BI100175,2024-01-15,TX,12,134.92,1619.04
BI100175,2024-01-15,TX,13,134.92,1753.96
BI100175,2024-01-15,MTN,17,134.92,2293.64
BI100175,2024-01-15,MTN,17,134.92,2293.64
BI100175,2024-01-15,PSW,13,134.92,1753.96
BI100175,2024-01-15,PSW,14,134.92,1888.88
BI100175,2024-01-15,PSW,14,134.92,1888.88
BI100175,2024-01-15,PNW,14,134.92,1888.88
BI100175,2024-01-15,PNW,14,134.92,1888.88
BI100175,2024-01-15,PNW,15,134.92,2023.8
BI100175,2024-02-15,NE,17,134.92,2293.64
BI100175,2024-02-15,NE,17,134.92,2293.64
BI100175,2024-02-15,MA,12,134.92,1619.04
BI100175,2024-02-15,MA,12,134.92,1619.04
BI100175,2024-02-15,MA,12,134.92,1619.04
BI100175,2024-02-15,MA,12,134.92,1619.04
BI100175,2024-02-15,SE,13,134.92,1753.96
BI100175,2024-02-15,SE,13,134.92,1753.96
BI100175,2024-02-15,SE,14,134.92,1888.88
BI100175,2024-02-15,MW,16,134.92,2158.72
BI100175,2024-02-15,MW,16,134.92,2158.72
BI100175,2024-02-15,TX,12,134.92,1619.04
BI100175,2024-02-15,TX,12,134.92,1619.04
BI100175,2024-02-15,TX,13,134.92,1753.96
BI100175,2024-02-15,TX,13,134.92,1753.96
BI100175,2024-02-15,MTN,12,134.92,1619.04
BI100175,2024-02-15,MTN,12,134.92,1619.04
BI100175,2024-02-15,MTN,12,134.92,1619.04
BI100175,2024-02-15,PSW,13,134.92,1753.96
BI100175,2024-02-15,PSW,14,134.92,1888.88
BI100175,2024-02-15,PSW,14,134.92,1888.88
BI100175,2024-02-15,PNW,15,134.92,2023.8
BI100175,2024-02-15,PNW,15,134.92,2023.8
BI100175,2024-02-15,PNW,16,134.92,2158.72
BI100175,2024-03-15,NE,16,134.92,2158.72
BI100175,2024-03-15,NE,16,134.92,2158.72
BI100175,2024-03-15,MA,12,134.92,1619.04
BI100175,2024-03-15,MA,13,134.92,1753.96
BI100175,2024-03-15,MA,13,134.92,1753.96
BI100175,2024-03-15,MA,13,134.92,1753.96
BI100175,2024-03-15,SE,14,134.92,1888.88
BI100175,2024-03-15,SE,14,134.92,1888.88
BI100175,2024-03-15,SE,14,134.92,1888.88
BI100175,2024-03-15,MW,15,134.92,2023.8
BI100175,2024-03-15,MW,16,134.92,2158.72
BI100175,2024-03-15,TX,12,134.92,1619.04
BI100175,2024-03-15,TX,13,134.92,1753.96
BI100175,2024-03-15,TX,13,134.92,1753.96
BI100175,2024-03-15,TX,13,134.92,1753.96
BI100175,2024-03-15,MTN,16,134.92,2158.72
BI100175,2024-03-15,MTN,17,134.92,2293.64
BI100175,2024-03-15,PSW,14,134.92,1888.88
BI100175,2024-03-15,PSW,14,134.92,1888.88
BI100175,2024-03-15,PSW,15,134.92,2023.8
BI100175,2024-03-15,PNW,13,134.92,1753.96
BI100175,2024-03-15,PNW,14,134.92,1888.88
BI100175,2024-03-15,PNW,14,134.92,1888.88
BI100175,2024-04-15,NE,17,134.92,2293.64
BI100175,2024-04-15,NE,18,134.92,2428.56
BI100175,2024-04-15,MA,15,134.92,2023.8
BI100175,2024-04-15,MA,16,134.92,2158.72
BI100175,2024-04-15,MA,16,134.92,2158.72
BI100175,2024-04-15,SE,13,134.92,1753.96
BI100175,2024-04-15,SE,13,134.92,1753.96
BI100175,2024-04-15,SE,14,134.92,1888.88
BI100175,2024-04-15,MW,15,134.92,2023.8
BI100175,2024-04-15,MW,16,134.92,2158.72
BI100175,2024-04-15,TX,13,134.92,1753.96
BI100175,2024-04-15,TX,13,134.92,1753.96
BI100175,2024-04-15,TX,13,134.92,1753.96
BI100175,2024-04-15,TX,13,134.92,1753.96
BI100175,2024-04-15,MTN,12,134.92,1619.04
BI100175,2024-04-15,MTN,12,134.92,1619.04
BI100175,2024-04-15,MTN,13,134.92,1753.96
BI100175,2024-04-15,PSW,13,134.92,1753.96
BI100175,2024-04-15,PSW,14,134.92,1888.88
BI100175,2024-04-15,PSW,14,134.92,1888.88
BI100175,2024-04-15,PNW,15,134.92,2023.8
BI100175,2024-04-15,PNW,15,134.92,2023.8
BI100175,2024-04-15,PNW,15,134.92,2023.8
BI100175,2024-05-15,NE,17,134.92,2293.64
BI100175,2024-05-15,NE,18,134.92,2428.56
BI100175,2024-05-15,MA,15,134.92,2023.8
BI100175,2024-05-15,MA,16,134.92,2158.72
BI100175,2024-05-15,MA,16,134.92,2158.72
BI100175,2024-05-15,SE,14,134.92,1888.88
BI100175,2024-05-15,SE,14,134.92,1888.88
BI100175,2024-05-15,SE,14,134.92,1888.88
BI100175,2024-05-15,MW,17,134.92,2293.64
BI100175,2024-05-15,MW,17,134.92,2293.64
BI100175,2024-05-15,TX,15,134.92,2023.8
BI100175,2024-05-15,TX,16,134.92,2158.72
BI100175,2024-05-15,TX,16,134.92,2158.72
BI100175,2024-05-15,MTN,12,134.92,1619.04
BI100175,2024-05-15,MTN,12,134.92,1619.04
BI100175,2024-05-15,MTN,12,134.92,1619.04
BI100175,2024-05-15,PSW,14,134.92,1888.88
BI100175,2024-05-15,PSW,14,134.92,1888.88
BI100175,2024-05-15,PSW,14,134.92,1888.88
BI100175,2024-05-15,PNW,13,134.92,1753.96
BI100175,2024-05-15,PNW,14,134.92,1888.88
BI100175,2024-05-15,PNW,14,134.92,1888.88
BI100175,2024-06-15,NE,17,134.92,2293.64
BI100175,2024-06-15,NE,18,134.92,2428.56
BI100175,2024-06-15,MA,12,134.92,1619.04
BI100175,2024-06-15,MA,13,134.92,1753.96
BI100175,2024-06-15,MA,13,134.92,1753.96
BI100175,2024-06-15,MA,13,134.92,1753.96
BI100175,2024-06-15,SE,13,134.92,1753.96
BI100175,2024-06-15,SE,14,134.92,1888.88
BI100175,2024-06-15,SE,14,134.92,1888.88
BI100175,2024-06-15,MW,16,134.92,2158.72
BI100175,2024-06-15,MW,16,134.92,2158.72
BI100175,2024-06-15,TX,12,134.92,1619.04
BI100175,2024-06-15,TX,13,134.92,1753.96
BI100175,2024-06-15,TX,13,134.92,1753.96
BI100175,2024-06-15,TX,13,134.92,1753.96
BI100175,2024-06-15,MTN,17,134.92,2293.64
BI100175,2024-06-15,MTN,17,134.92,2293.64
BI100175,2024-06-15,PSW,14,134.92,1888.88
BI100175,2024-06-15,PSW,14,134.92,1888.88
BI100175,2024-06-15,PSW,14,134.92,1888.88
BI100175,2024-06-15,PNW,15,134.92,2023.8
BI100175,2024-06-15,PNW,15,134.92,2023.8
BI100175,2024-06-15,PNW,16,134.92,2158.72
BI100175,2024-07-15,NE,17,134.92,2293.64
BI100175,2024-07-15,NE,17,134.92,2293.64
BI100175,2024-07-15,MA,12,134.92,1619.04
BI100175,2024-07-15,MA,12,134.92,1619.04
BI100175,2024-07-15,MA,12,134.92,1619.04
BI100175,2024-07-15,MA,13,134.92,1753.96
BI100175,2024-07-15,SE,14,134.92,1888.88
BI100175,2024-07-15,SE,14,134.92,1888.88
BI100175,2024-07-15,SE,15,134.92,2023.8
BI100175,2024-07-15,MW,16,134.92,2158.72
BI100175,2024-07-15,MW,17,134.92,2293.64
BI100175,2024-07-15,TX,12,134.92,1619.04
BI100175,2024-07-15,TX,12,134.92,1619.04
BI100175,2024-07-15,TX,13,134.92,1753.96
BI100175,2024-07-15,TX,13,134.92,1753.96
BI100175,2024-07-15,MTN,17,134.92,2293.64
BI100175,2024-07-15,MTN,18,134.92,2428.56
BI100175,2024-07-15,PSW,13,134.92,1753.96
BI100175,2024-07-15,PSW,13,134.92,1753.96
BI100175,2024-07-15,PSW,13,134.92,1753.96
BI100175,2024-07-15,PNW,14,134.92,1888.88
BI100175,2024-07-15,PNW,14,134.92,1888.88
BI100175,2024-07-15,PNW,14,134.92,1888.88
BI100175,2024-08-15,NE,17,134.92,2293.64
BI100175,2024-08-15,NE,17,134.92,2293.64
BI100175,2024-08-15,MA,13,134.92,1753.96
BI100175,2024-08-15,MA,14,134.92,1888.88
BI100175,2024-08-15,MA,14,134.92,1888.88
BI100175,2024-08-15,MA,14,134.92,1888.88
BI100175,2024-08-15,SE,15,134.92,2023.8
BI100175,2024-08-15,SE,15,134.92,2023.8
BI100175,2024-08-15,SE,16,134.92,2158.72
BI100175,2024-08-15,MW,17,134.92,2293.64
BI100175,2024-08-15,MW,18,134.92,2428.56
BI100175,2024-08-15,TX,12,134.92,1619.04
BI100175,2024-08-15,TX,13,134.92,1753.96
BI100175,2024-08-15,TX,13,134.92,1753.96
BI100175,2024-08-15,TX,13,134.92,1753.96
BI100175,2024-08-15,MTN,12,134.92,1619.04
BI100175,2024-08-15,MTN,12,134.92,1619.04
BI100175,2024-08-15,MTN,13,134.92,1753.96
BI100175,2024-08-15,PSW,13,134.92,1753.96
BI100175,2024-08-15,PSW,13,134.92,1753.96
BI100175,2024-08-15,PSW,13,134.92,1753.96
BI100175,2024-08-15,PNW,15,134.92,2023.8
BI100175,2024-08-15,PNW,15,134.92,2023.8
BI100175,2024-08-15,PNW,15,134.92,2023.8
BI100175,2024-09-15,NE,17,134.92,2293.64
BI100175,2024-09-15,NE,17,134.92,2293.64
BI100175,2024-09-15,MA,12,134.92,1619.04
BI100175,2024-09-15,MA,12,134.92,1619.04
BI100175,2024-09-15,MA,13,134.92,1753.96
BI100175,2024-09-15,MA,13,134.92,1753.96
BI100175,2024-09-15,SE,14,134.92,1888.88
BI100175,2024-09-15,SE,15,134.92,2023.8
BI100175,2024-09-15,SE,15,134.92,2023.8
BI100175,2024-09-15,MW,17,134.92,2293.64
BI100175,2024-09-15,MW,18,134.92,2428.56
BI100175,2024-09-15,TX,12,134.92,1619.04
BI100175,2024-09-15,TX,12,134.92,1619.04
BI100175,2024-09-15,TX,13,134.92,1753.96
BI100175,2024-09-15,TX,13,134.92,1753.96
BI100175,2024-09-15,MTN,17,134.92,2293.64
BI100175,2024-09-15,MTN,17,134.92,2293.64
BI100175,2024-09-15,PSW,13,134.92,1753.96
BI100175,2024-09-15,PSW,13,134.92,1753.96
BI100175,2024-09-15,PSW,13,134.92,1753.96
BI100175,2024-09-15,PNW,15,134.92,2023.8
BI100175,2024-09-15,PNW,15,134.92,2023.8
BI100175,2024-09-15,PNW,15,134.92,2023.8
BI100175,2024-10-15,NE,12,134.92,1619.04
BI100175,2024-10-15,NE,12,134.92,1619.04
BI100175,2024-10-15,NE,13,134.92,1753.96
BI100175,2024-10-15,MA,13,134.92,1753.96
BI100175,2024-10-15,MA,14,134.92,1888.88
BI100175,2024-10-15,MA,14,134.92,1888.88
BI100175,2024-10-15,MA,14,134.92,1888.88
BI100175,2024-10-15,SE,15,134.92,2023.8
BI100175,2024-10-15,SE,15,134.92,2023.8
BI100175,2024-10-15,SE,16,134.92,2158.72
BI100175,2024-10-15,MW,17,134.92,2293.64
BI100175,2024-10-15,MW,18,134.92,2428.56
BI100175,2024-10-15,TX,15,134.92,2023.8
BI100175,2024-10-15,TX,15,134.92,2023.8
BI100175,2024-10-15,TX,16,134.92,2158.72
BI100175,2024-10-15,MTN,12,134.92,1619.04
BI100175,2024-10-15,MTN,13,134.92,1753.96
BI100175,2024-10-15,MTN,13,134.92,1753.96
BI100175,2024-10-15,PSW,13,134.92,1753.96
BI100175,2024-10-15,PSW,13,134.92,1753.96
BI100175,2024-10-15,PSW,14,134.92,1888.88
BI100175,2024-10-15,PNW,15,134.92,2023.8
BI100175,2024-10-15,PNW,15,134.92,2023.8
BI100175,2024-10-15,PNW,16,134.92,2158.72
BI100175,2024-11-15,NE,16,134.92,2158.72
BI100175,2024-11-15,NE,17,134.92,2293.64
BI100175,2024-11-15,MA,12,134.92,1619.04
BI100175,2024-11-15,MA,12,134.92,1619.04
BI100175,2024-11-15,MA,13,134.92,1753.96
BI100175,2024-11-15,MA,13,134.92,1753.96
BI100175,2024-11-15,SE,14,134.92,1888.88
BI100175,2024-11-15,SE,15,134.92,2023.8
BI100175,2024-11-15,SE,15,134.92,2023.8
BI100175,2024-11-15,MW,17,134.92,2293.64
BI100175,2024-11-15,MW,18,134.92,2428.56
BI100175,2024-11-15,TX,12,134.92,1619.04
BI100175,2024-11-15,TX,13,134.92,1753.96
BI100175,2024-11-15,TX,13,134.92,1753.96
BI100175,2024-11-15,TX,13,134.92,1753.96
BI100175,2024-11-15,MTN,13,134.92,1753.96
BI100175,2024-11-15,MTN,13,134.92,1753.96
BI100175,2024-11-15,MTN,13,134.92,1753.96
BI100175,2024-11-15,PSW,13,134.92,1753.96
BI100175,2024-11-15,PSW,14,134.92,1888.88
BI100175,2024-11-15,PSW,14,134.92,1888.88
BI100175,2024-11-15,PNW,12,134.92,1619.04
BI100175,2024-11-15,PNW,12,134.92,1619.04
BI100175,2024-11-15,PNW,12,134.92,1619.04
BI100175,2024-11-15,PNW,13,134.92,1753.96
BI100175,2024-12-15,NE,17,134.92,2293.64
BI100175,2024-12-15,NE,18,134.92,2428.56
BI100175,2024-12-15,MA,13,134.92,1753.96
BI100175,2024-12-15,MA,13,134.92,1753.96
BI100175,2024-12-15,MA,14,134.92,1888.88
BI100175,2024-12-15,MA,14,134.92,1888.88
BI100175,2024-12-15,SE,15,134.92,2023.8
BI100175,2024-12-15,SE,15,134.92,2023.8
BI100175,2024-12-15,SE,15,134.92,2023.8
BI100175,2024-12-15,MW,16,134.92,2158.72
BI100175,2024-12-15,MW,16,134.92,2158.72
BI100175,2024-12-15,TX,13,134.92,1753.96
BI100175,2024-12-15,TX,13,134.92,1753.96
BI100175,2024-12-15,TX,13,134.92,1753.96
BI100175,2024-12-15,TX,13,134.92,1753.96
BI100175,2024-12-15,MTN,12,134.92,1619.04
BI100175,2024-12-15,MTN,13,134.92,1753.96
BI100175,2024-12-15,MTN,13,134.92,1753.96
BI100175,2024-12-15,PSW,13,134.92,1753.96
BI100175,2024-12-15,PSW,13,134.92,1753.96
BI100175,2024-12-15,PSW,13,134.92,1753.96
BI100175,2024-12-15,PNW,15,134.92,2023.8
BI100175,2024-12-15,PNW,15,134.92,2023.8
BI100175,2024-12-15,PNW,15,134.92,2023.8
BI100175,2025-01-15,NE,12,134.92,1619.04
BI100175,2025-01-15,NE,12,134.92,1619.04
BI100175,2025-01-15,NE,13,134.92,1753.96
BI100175,2025-01-15,MA,12,134.92,1619.04
BI100175,2025-01-15,MA,12,134.92,1619.04
BI100175,2025-01-15,MA,12,134.92,1619.04
BI100175,2025-01-15,MA,13,134.92,1753.96
BI100175,2025-01-15,SE,14,134.92,1888.88
BI100175,2025-01-15,SE,14,134.92,1888.88
BI100175,2025-01-15,SE,14,134.92,1888.88
BI100175,2025-01-15,MW,12,134.92,1619.04
BI100175,2025-01-15,MW,12,134.92,1619.04
BI100175,2025-01-15,MW,12,134.92,1619.04
BI100175,2025-01-15,TX,12,134.92,1619.04
BI100175,2025-01-15,TX,12,134.92,1619.04
BI100175,2025-01-15,TX,13,134.92,1753.96
BI100175,2025-01-15,TX,13,134.92,1753.96
BI100175,2025-01-15,MTN,13,134.92,1753.96
BI100175,2025-01-15,MTN,13,134.92,1753.96
BI100175,2025-01-15,MTN,14,134.92,1888.88
BI100175,2025-01-15,PSW,13,134.92,1753.96
BI100175,2025-01-15,PSW,14,134.92,1888.88
BI100175,2025-01-15,PSW,14,134.92,1888.88
BI100175,2025-01-15,PNW,12,134.92,1619.04
BI100175,2025-01-15,PNW,12,134.92,1619.04
BI100175,2025-01-15,PNW,12,134.92,1619.04
BI100175,2025-01-15,PNW,13,134.92,1753.96
BI100175,2025-02-15,NE,17,134.92,2293.64
BI100175,2025-02-15,NE,18,134.92,2428.56
BI100175,2025-02-15,MA,12,134.92,1619.04
BI100175,2025-02-15,MA,13,134.92,1753.96
BI100175,2025-02-15,MA,13,134.92,1753.96
BI100175,2025-02-15,MA,13,134.92,1753.96
BI100175,2025-02-15,SE,14,134.92,1888.88
BI100175,2025-02-15,SE,15,134.92,2023.8
BI100175,2025-02-15,SE,15,134.92,2023.8
BI100175,2025-02-15,MW,16,134.92,2158.72
BI100175,2025-02-15,MW,16,134.92,2158.72
BI100175,2025-02-15,TX,12,134.92,1619.04
BI100175,2025-02-15,TX,12,134.92,1619.04
BI100175,2025-02-15,TX,12,134.92,1619.04
BI100175,2025-02-15,TX,13,134.92,1753.96
BI100175,2025-02-15,MTN,13,134.92,1753.96
BI100175,2025-02-15,MTN,14,134.92,1888.88
BI100175,2025-02-15,MTN,14,134.92,1888.88
BI100175,2025-02-15,PSW,14,134.92,1888.88
BI100175,2025-02-15,PSW,14,134.92,1888.88
BI100175,2025-02-15,PSW,14,134.92,1888.88
BI100175,2025-02-15,PNW,15,134.92,2023.8
BI100175,2025-02-15,PNW,15,134.92,2023.8
BI100175,2025-02-15,PNW,16,134.92,2158.72
BI100175,2025-03-15,NE,12,134.92,1619.04
BI100175,2025-03-15,NE,12,134.92,1619.04
BI100175,2025-03-15,NE,12,134.92,1619.04
BI100175,2025-03-15,MA,13,134.92,1753.96
BI100175,2025-03-15,MA,13,134.92,1753.96
BI100175,2025-03-15,MA,13,134.92,1753.96
BI100175,2025-03-15,MA,14,134.92,1888.88
BI100175,2025-03-15,SE,15,134.92,2023.8
BI100175,2025-03-15,SE,15,134.92,2023.8
BI100175,2025-03-15,SE,16,134.92,2158.72
BI100175,2025-03-15,MW,12,134.92,1619.04
BI100175,2025-03-15,MW,12,134.92,1619.04
BI100175,2025-03-15,MW,13,134.92,1753.96
BI100175,2025-03-15,TX,12,134.92,1619.04
BI100175,2025-03-15,TX,12,134.92,1619.04
BI100175,2025-03-15,TX,12,134.92,1619.04
BI100175,2025-03-15,TX,13,134.92,1753.96
BI100175,2025-03-15,MTN,13,134.92,1753.96
BI100175,2025-03-15,MTN,13,134.92,1753.96
BI100175,2025-03-15,MTN,13,134.92,1753.96
BI100175,2025-03-15,PSW,14,134.92,1888.88
BI100175,2025-03-15,PSW,14,134.92,1888.88
BI100175,2025-03-15,PSW,14,134.92,1888.88
BI100175,2025-03-15,PNW,12,134.92,1619.04
BI100175,2025-03-15,PNW,12,134.92,1619.04
BI100175,2025-03-15,PNW,12,134.92,1619.04
BI100175,2025-03-15,PNW,13,134.92,1753.96
BI100175,2025-04-15,NE,17,134.92,2293.64
BI100175,2025-04-15,NE,17,134.92,2293.64
BI100175,2025-04-15,MA,12,134.92,1619.04
BI100175,2025-04-15,MA,12,134.92,1619.04
BI100175,2025-04-15,MA,12,134.92,1619.04
BI100175,2025-04-15,MA,13,134.92,1753.96
BI100175,2025-04-15,SE,14,134.92,1888.88
BI100175,2025-04-15,SE,14,134.92,1888.88
BI100175,2025-04-15,SE,14,134.92,1888.88
BI100175,2025-04-15,MW,17,134.92,2293.64
BI100175,2025-04-15,MW,18,134.92,2428.56
BI100175,2025-04-15,TX,12,134.92,1619.04
BI100175,2025-04-15,TX,12,134.92,1619.04
BI100175,2025-04-15,TX,12,134.92,1619.04
BI100175,2025-04-15,TX,13,134.92,1753.96
BI100175,2025-04-15,MTN,13,134.92,1753.96
BI100175,2025-04-15,MTN,13,134.92,1753.96
BI100175,2025-04-15,MTN,13,134.92,1753.96
BI100175,2025-04-15,PSW,15,134.92,2023.8
BI100175,2025-04-15,PSW,15,134.92,2023.8
BI100175,2025-04-15,PSW,16,134.92,2158.72
BI100175,2025-04-15,PNW,12,134.92,1619.04
BI100175,2025-04-15,PNW,12,134.92,1619.04
BI100175,2025-04-15,PNW,13,134.92,1753.96
BI100175,2025-04-15,PNW,13,134.92,1753.96
BI100175,2025-05-15,NE,17,134.92,2293.64
BI100175,2025-05-15,NE,18,134.92,2428.56
BI100175,2025-05-15,MA,12,134.92,1619.04
BI100175,2025-05-15,MA,12,134.92,1619.04
BI100175,2025-05-15,MA,12,134.92,1619.04
BI100175,2025-05-15,MA,13,134.92,1753.96
BI100175,2025-05-15,SE,15,134.92,2023.8
BI100175,2025-05-15,SE,15,134.92,2023.8
BI100175,2025-05-15,SE,15,134.92,2023.8
BI100175,2025-05-15,MW,17,134.92,2293.64
BI100175,2025-05-15,MW,17,134.92,2293.64
BI100175,2025-05-15,TX,12,134.92,1619.04
BI100175,2025-05-15,TX,12,134.92,1619.04
BI100175,2025-05-15,TX,13,134.92,1753.96
BI100175,2025-05-15,TX,13,134.92,1753.96
BI100175,2025-05-15,MTN,12,134.92,1619.04
BI100175,2025-05-15,MTN,13,134.92,1753.96
BI100175,2025-05-15,MTN,13,134.92,1753.96
BI100175,2025-05-15,PSW,14,134.92,1888.88
BI100175,2025-05-15,PSW,14,134.92,1888.88
BI100175,2025-05-15,PSW,15,134.92,2023.8
BI100175,2025-05-15,PNW,14,134.92,1888.88
BI100175,2025-05-15,PNW,15,134.92,2023.8
BI100175,2025-05-15,PNW,15,134.92,2023.8
BI100175,2025-06-15,NE,13,134.92,1753.96
BI100175,2025-06-15,NE,13,134.92,1753.96
BI100175,2025-06-15,NE,13,134.92,1753.96
BI100175,2025-06-15,MA,12,134.92,1619.04
BI100175,2025-06-15,MA,13,134.92,1753.96
BI100175,2025-06-15,MA,13,134.92,1753.96
BI100175,2025-06-15,MA,13,134.92,1753.96
BI100175,2025-06-15,SE,12,134.92,1619.04
BI100175,2025-06-15,SE,12,134.92,1619.04
BI100175,2025-06-15,SE,12,134.92,1619.04
BI100175,2025-06-15,SE,12,134.92,1619.04
BI100175,2025-06-15,MW,16,134.92,2158.72
BI100175,2025-06-15,MW,17,134.92,2293.64
BI100175,2025-06-15,TX,14,134.92,1888.88
BI100175,2025-06-15,TX,14,134.92,1888.88
BI100175,2025-06-15,TX,14,134.92,1888.88
BI100175,2025-06-15,TX,14,134.92,1888.88
BI100175,2025-06-15,MTN,13,134.92,1753.96
BI100175,2025-06-15,MTN,13,134.92,1753.96
BI100175,2025-06-15,MTN,13,134.92,1753.96
BI100175,2025-06-15,PSW,15,134.92,2023.8
BI100175,2025-06-15,PSW,15,134.92,2023.8
BI100175,2025-06-15,PSW,16,134.92,2158.72
BI100175,2025-06-15,PNW,15,134.92,2023.8
BI100175,2025-06-15,PNW,15,134.92,2023.8
BI100175,2025-06-15,PNW,16,134.92,2158.72
BI100175,2025-07-15,NE,17,134.92,2293.64
BI100175,2025-07-15,NE,18,134.92,2428.56
BI100175,2025-07-15,MA,12,134.92,1619.04
BI100175,2025-07-15,MA,13,134.92,1753.96
BI100175,2025-07-15,MA,13,134.92,1753.96
BI100175,2025-07-15,MA,13,134.92,1753.96
BI100175,2025-07-15,SE,15,134.92,2023.8
BI100175,2025-07-15,SE,15,134.92,2023.8
BI100175,2025-07-15,SE,16,134.92,2158.72
BI100175,2025-07-15,MW,16,134.92,2158.72
BI100175,2025-07-15,MW,17,134.92,2293.64
BI100175,2025-07-15,TX,13,134.92,1753.96
BI100175,2025-07-15,TX,13,134.92,1753.96
BI100175,2025-07-15,TX,13,134.92,1753.96
BI100175,2025-07-15,TX,13,134.92,1753.96
BI100175,2025-07-15,MTN,13,134.92,1753.96
BI100175,2025-07-15,MTN,14,134.92,1888.88
BI100175,2025-07-15,MTN,14,134.92,1888.88
BI100175,2025-07-15,PSW,14,134.92,1888.88
BI100175,2025-07-15,PSW,14,134.92,1888.88
BI100175,2025-07-15,PSW,15,134.92,2023.8
BI100175,2025-07-15,PNW,12,134.92,1619.04
BI100175,2025-07-15,PNW,12,134.92,1619.04
BI100175,2025-07-15,PNW,13,134.92,1753.96
BI100175,2025-07-15,PNW,13,134.92,1753.96
BI100175,2025-08-15,NE,12,134.92,1619.04
BI100175,2025-08-15,NE,12,134.92,1619.04
BI100175,2025-08-15,NE,12,134.92,1619.04
BI100175,2025-08-15,MA,13,134.92,1753.96
BI100175,2025-08-15,MA,13,134.92,1753.96
BI100175,2025-08-15,MA,14,134.92,1888.88
BI100175,2025-08-15,MA,14,134.92,1888.88
BI100175,2025-08-15,SE,12,134.92,1619.04
BI100175,2025-08-15,SE,12,134.92,1619.04
BI100175,2025-08-15,SE,12,134.92,1619.04
BI100175,2025-08-15,SE,12,134.92,1619.04
BI100175,2025-08-15,MW,12,134.92,1619.04
BI100175,2025-08-15,MW,12,134.92,1619.04
BI100175,2025-08-15,MW,12,134.92,1619.04
BI100175,2025-08-15,TX,13,134.92,1753.96
BI100175,2025-08-15,TX,13,134.92,1753.96
BI100175,2025-08-15,TX,14,134.92,1888.88
BI100175,2025-08-15,TX,14,134.92,1888.88
BI100175,2025-08-15,MTN,13,134.92,1753.96
BI100175,2025-08-15,MTN,13,134.92,1753.96
BI100175,2025-08-15,MTN,13,134.92,1753.96
BI100175,2025-08-15,PSW,15,134.92,2023.8
BI100175,2025-08-15,PSW,16,134.92,2158.72
BI100175,2025-08-15,PSW,16,134.92,2158.72
BI100175,2025-08-15,PNW,14,134.92,1888.88
BI100175,2025-08-15,PNW,15,134.92,2023.8
BI100175,2025-08-15,PNW,15,134.92,2023.8
BI100175,2025-09-15,NE,13,134.92,1753.96
BI100175,2025-09-15,NE,13,134.92,1753.96
BI100175,2025-09-15,NE,14,134.92,1888.88
BI100175,2025-09-15,MA,13,134.92,1753.96
BI100175,2025-09-15,MA,14,134.92,1888.88
BI100175,2025-09-15,MA,14,134.92,1888.88
BI100175,2025-09-15,MA,14,134.92,1888.88
BI100175,2025-09-15,SE,15,134.92,2023.8
BI100175,2025-09-15,SE,15,134.92,2023.8
BI100175,2025-09-15,SE,16,134.92,2158.72
BI100175,2025-09-15,MW,17,134.92,2293.64
BI100175,2025-09-15,MW,18,134.92,2428.56
BI100175,2025-09-15,TX,13,134.92,1753.96
BI100175,2025-09-15,TX,13,134.92,1753.96
BI100175,2025-09-15,TX,13,134.92,1753.96
BI100175,2025-09-15,TX,14,134.92,1888.88
BI100175,2025-09-15,MTN,14,134.92,1888.88
BI100175,2025-09-15,MTN,14,134.92,1888.88
BI100175,2025-09-15,MTN,14,134.92,1888.88
BI100175,2025-09-15,PSW,14,134.92,1888.88
BI100175,2025-09-15,PSW,15,134.92,2023.8
BI100175,2025-09-15,PSW,15,134.92,2023.8
BI100175,2025-09-15,PNW,15,134.92,2023.8
BI100175,2025-09-15,PNW,15,134.92,2023.8
BI100175,2025-09-15,PNW,16,134.92,2158.72
BI100175,2025-10-15,NE,12,134.92,1619.04
BI100175,2025-10-15,NE,12,134.92,1619.04
BI100175,2025-10-15,NE,13,134.92,1753.96
BI100175,2025-10-15,MA,13,134.92,1753.96
BI100175,2025-10-15,MA,13,134.92,1753.96
BI100175,2025-10-15,MA,13,134.92,1753.96
BI100175,2025-10-15,MA,14,134.92,1888.88
BI100175,2025-10-15,SE,15,134.92,2023.8
BI100175,2025-10-15,SE,16,134.92,2158.72
BI100175,2025-10-15,SE,16,134.92,2158.72
BI100175,2025-10-15,MW,12,134.92,1619.04
BI100175,2025-10-15,MW,12,134.92,1619.04
BI100175,2025-10-15,MW,12,134.92,1619.04
BI100175,2025-10-15,TX,14,134.92,1888.88
BI100175,2025-10-15,TX,14,134.92,1888.88
BI100175,2025-10-15,TX,14,134.92,1888.88
BI100175,2025-10-15,TX,15,134.92,2023.8
BI100175,2025-10-15,MTN,14,134.92,1888.88
BI100175,2025-10-15,MTN,14,134.92,1888.88
BI100175,2025-10-15,MTN,14,134.92,1888.88
BI100175,2025-10-15,PSW,14,134.92,1888.88
BI100175,2025-10-15,PSW,14,134.92,1888.88
BI100175,2025-10-15,PSW,14,134.92,1888.88
BI100175,2025-10-15,PNW,15,134.92,2023.8
BI100175,2025-10-15,PNW,16,134.92,2158.72
BI100175,2025-10-15,PNW,16,134.92,2158.72
BI100175,2025-11-15,NE,13,134.92,1753.96
BI100175,2025-11-15,NE,13,134.92,1753.96
BI100175,2025-11-15,NE,14,134.92,1888.88
BI100175,2025-11-15,MA,14,134.92,1888.88
BI100175,2025-11-15,MA,14,134.92,1888.88
BI100175,2025-11-15,MA,14,134.92,1888.88
BI100175,2025-11-15,MA,14,134.92,1888.88
BI100175,2025-11-15,SE,15,134.92,2023.8
BI100175,2025-11-15,SE,16,134.92,2158.72
BI100175,2025-11-15,SE,16,134.92,2158.72
BI100175,2025-11-15,MW,13,134.92,1753.96
BI100175,2025-11-15,MW,13,134.92,1753.96
BI100175,2025-11-15,MW,13,134.92,1753.96
BI100175,2025-11-15,TX,13,134.92,1753.96
BI100175,2025-11-15,TX,13,134.92,1753.96
BI100175,2025-11-15,TX,13,134.92,1753.96
BI100175,2025-11-15,TX,13,134.92,1753.96
BI100175,2025-11-15,MTN,14,134.92,1888.88
BI100175,2025-11-15,MTN,14,134.92,1888.88
BI100175,2025-11-15,MTN,15,134.92,2023.8
BI100175,2025-11-15,PSW,14,134.92,1888.88
BI100175,2025-11-15,PSW,15,134.92,2023.8
BI100175,2025-11-15,PSW,15,134.92,2023.8
BI100175,2025-11-15,PNW,15,134.92,2023.8
BI100175,2025-11-15,PNW,15,134.92,2023.8
BI100175,2025-11-15,PNW,16,134.92,2158.72
BI100175,2025-12-15,NE,12,134.92,1619.04
BI100175,2025-12-15,NE,12,134.92,1619.04
BI100175,2025-12-15,NE,13,134.92,1753.96
BI100175,2025-12-15,MA,14,134.92,1888.88
BI100175,2025-12-15,MA,14,134.92,1888.88
BI100175,2025-12-15,MA,14,134.92,1888.88
BI100175,2025-12-15,MA,14,134.92,1888.88
BI100175,2025-12-15,SE,14,134.92,1888.88
BI100175,2025-12-15,SE,15,134.92,2023.8
BI100175,2025-12-15,SE,15,134.92,2023.8
BI100175,2025-12-15,MW,12,134.92,1619.04
BI100175,2025-12-15,MW,13,134.92,1753.96
BI100175,2025-12-15,MW,13,134.92,1753.96
BI100175,2025-12-15,TX,12,134.92,1619.04
BI100175,2025-12-15,TX,12,134.92,1619.04
BI100175,2025-12-15,TX,13,134.92,1753.96
BI100175,2025-12-15,TX,13,134.92,1753.96
BI100175,2025-12-15,MTN,13,134.92,1753.96
BI100175,2025-12-15,MTN,13,134.92,1753.96
BI100175,2025-12-15,MTN,14,134.92,1888.88
BI100175,2025-12-15,PSW,15,134.92,2023.8
BI100175,2025-12-15,PSW,15,134.92,2023.8
BI100175,2025-12-15,PSW,16,134.92,2158.72
BI100175,2025-12-15,PNW,12,134.92,1619.04
BI100175,2025-12-15,PNW,12,134.92,1619.04
BI100175,2025-12-15,PNW,12,134.92,1619.04
BI100175,2025-12-15,PNW,12,134.92,1619.04
BI100182,2024-01-15,NE,15,103.04,1545.6
BI100182,2024-01-15,NE,16,103.04,1648.64
BI100182,2024-01-15,NE,16,103.04,1648.64
BI100182,2024-01-15,MA,14,103.04,1442.56
BI100182,2024-01-15,MA,15,103.04,1545.6
BI100182,2024-01-15,MA,15,103.04,1545.6
BI100182,2024-01-15,MA,15,103.04,1545.6
BI100182,2024-01-15,SE,12,103.04,1236.48
BI100182,2024-01-15,SE,12,103.04,1236.48
BI100182,2024-01-15,SE,12,103.04,1236.48
BI100182,2024-01-15,SE,12,103.04,1236.48
BI100182,2024-01-15,MW,15,103.04,1545.6
BI100182,2024-01-15,MW,15,103.04,1545.6
BI100182,2024-01-15,MW,15,103.04,1545.6
BI100182,2024-01-15,TX,15,103.04,1545.6
BI100182,2024-01-15,TX,16,103.04,1648.64
BI100182,2024-01-15,TX,16,103.04,1648.64
BI100182,2024-01-15,MTN,13,103.04,1339.52
BI100182,2024-01-15,MTN,13,103.04,1339.52
BI100182,2024-01-15,MTN,13,103.04,1339.52
BI100182,2024-01-15,MTN,14,103.04,1442.56
BI100182,2024-01-15,PSW,12,103.04,1236.48
BI100182,2024-01-15,PSW,12,103.04,1236.48
BI100182,2024-01-15,PSW,12,103.04,1236.48
BI100182,2024-01-15,PSW,12,103.04,1236.48
BI100182,2024-01-15,PSW,12,103.04,1236.48
BI100182,2024-01-15,PNW,15,103.04,1545.6
BI100182,2024-01-15,PNW,15,103.04,1545.6
BI100182,2024-01-15,PNW,16,103.04,1648.64
BI100182,2024-02-15,NE,12,103.04,1236.48
BI100182,2024-02-15,NE,12,103.04,1236.48
BI100182,2024-02-15,NE,13,103.04,1339.52
BI100182,2024-02-15,NE,13,103.04,1339.52
BI100182,2024-02-15,MA,14,103.04,1442.56
BI100182,2024-02-15,MA,14,103.04,1442.56
BI100182,2024-02-15,MA,14,103.04,1442.56
BI100182,2024-02-15,MA,15,103.04,1545.6
BI100182,2024-02-15,SE,13,103.04,1339.52
BI100182,2024-02-15,SE,13,103.04,1339.52
BI100182,2024-02-15,SE,13,103.04,1339.52
BI100182,2024-02-15,SE,13,103.04,1339.52
BI100182,2024-02-15,MW,15,103.04,1545.6
BI100182,2024-02-15,MW,16,103.04,1648.64
BI100182,2024-02-15,MW,16,103.04,1648.64
BI100182,2024-02-15,TX,12,103.04,1236.48
BI100182,2024-02-15,TX,13,103.04,1339.52
BI100182,2024-02-15,TX,13,103.04,1339.52
BI100182,2024-02-15,TX,13,103.04,1339.52
BI100182,2024-02-15,MTN,12,103.04,1236.48
BI100182,2024-02-15,MTN,13,103.04,1339.52
BI100182,2024-02-15,MTN,13,103.04,1339.52
BI100182,2024-02-15,MTN,13,103.04,1339.52
BI100182,2024-02-15,PSW,14,103.04,1442.56
BI100182,2024-02-15,PSW,14,103.04,1442.56
BI100182,2024-02-15,PSW,14,103.04,1442.56
BI100182,2024-02-15,PSW,14,103.04,1442.56
BI100182,2024-02-15,PNW,15,103.04,1545.6
BI100182,2024-02-15,PNW,16,103.04,1648.64
BI100182,2024-02-15,PNW,16,103.04,1648.64
BI100182,2024-03-15,NE,15,103.04,1545.6
BI100182,2024-03-15,NE,16,103.04,1648.64
BI100182,2024-03-15,NE,16,103.04,1648.64
BI100182,2024-03-15,MA,12,103.04,1236.48
BI100182,2024-03-15,MA,12,103.04,1236.48
BI100182,2024-03-15,MA,12,103.04,1236.48
BI100182,2024-03-15,MA,12,103.04,1236.48
BI100182,2024-03-15,MA,12,103.04,1236.48
BI100182,2024-03-15,SE,12,103.04,1236.48
BI100182,2024-03-15,SE,12,103.04,1236.48
BI100182,2024-03-15,SE,12,103.04,1236.48
BI100182,2024-03-15,SE,13,103.04,1339.52
BI100182,2024-03-15,MW,14,103.04,1442.56
BI100182,2024-03-15,MW,15,103.04,1545.6
BI100182,2024-03-15,MW,15,103.04,1545.6
BI100182,2024-03-15,TX,12,103.04,1236.48
BI100182,2024-03-15,TX,12,103.04,1236.48
BI100182,2024-03-15,TX,12,103.04,1236.48
BI100182,2024-03-15,TX,13,103.04,1339.52
BI100182,2024-03-15,MTN,12,103.04,1236.48
BI100182,2024-03-15,MTN,12,103.04,1236.48
BI100182,2024-03-15,MTN,12,103.04,1236.48
BI100182,2024-03-15,MTN,13,103.04,1339.52
BI100182,2024-03-15,PSW,12,103.04,1236.48
BI100182,2024-03-15,PSW,12,103.04,1236.48
BI100182,2024-03-15,PSW,12,103.04,1236.48
BI100182,2024-03-15,PSW,12,103.04,1236.48
BI100182,2024-03-15,PSW,13,103.04,1339.52
BI100182,2024-03-15,PNW,15,103.04,1545.6
BI100182,2024-03-15,PNW,16,103.04,1648.64
BI100182,2024-03-15,PNW,16,103.04,1648.64
BI100182,2024-04-15,NE,15,103.04,1545.6
BI100182,2024-04-15,NE,15,103.04,1545.6
BI100182,2024-04-15,NE,16,103.04,1648.64
BI100182,2024-04-15,MA,14,103.04,1442.56
BI100182,2024-04-15,MA,15,103.04,1545.6
BI100182,2024-04-15,MA,15,103.04,1545.6
BI100182,2024-04-15,MA,15,103.04,1545.6
BI100182,2024-04-15,SE,12,103.04,1236.48
BI100182,2024-04-15,SE,12,103.04,1236.48
BI100182,2024-04-15,SE,12,103.04,1236.48
BI100182,2024-04-15,SE,12,103.04,1236.48
BI100182,2024-04-15,MW,14,103.04,1442.56
BI100182,2024-04-15,MW,15,103.04,1545.6
BI100182,2024-04-15,MW,15,103.04,1545.6
BI100182,2024-04-15,TX,13,103.04,1339.52
BI100182,2024-04-15,TX,13,103.04,1339.52
BI100182,2024-04-15,TX,13,103.04,1339.52
BI100182,2024-04-15,TX,14,103.04,1442.56
BI100182,2024-04-15,MTN,12,103.04,1236.48
BI100182,2024-04-15,MTN,12,103.04,1236.48
BI100182,2024-04-15,MTN,12,103.04,1236.48
BI100182,2024-04-15,MTN,12,103.04,1236.48
BI100182,2024-04-15,PSW,12,103.04,1236.48
BI100182,2024-04-15,PSW,12,103.04,1236.48
BI100182,2024-04-15,PSW,12,103.04,1236.48
BI100182,2024-04-15,PSW,12,103.04,1236.48
BI100182,2024-04-15,PSW,13,103.04,1339.52
BI100182,2024-04-15,PNW,15,103.04,1545.6
BI100182,2024-04-15,PNW,16,103.04,1648.64
BI100182,2024-04-15,PNW,16,103.04,1648.64
BI100182,2024-05-15,NE,13,103.04,1339.52
BI100182,2024-05-15,NE,13,103.04,1339.52
BI100182,2024-05-15,NE,13,103.04,1339.52
BI100182,2024-05-15,NE,13,103.04,1339.52
BI100182,2024-05-15,MA,12,103.04,1236.48
BI100182,2024-05-15,MA,12,103.04,1236.48
BI100182,2024-05-15,MA,12,103.04,1236.48
BI100182,2024-05-15,MA,12,103.04,1236.48
BI100182,2024-05-15,MA,12,103.04,1236.48
BI100182,2024-05-15,SE,12,103.04,1236.48
BI100182,2024-05-15,SE,12,103.04,1236.48
BI100182,2024-05-15,SE,13,103.04,1339.52
BI100182,2024-05-15,SE,13,103.04,1339.52
BI100182,2024-05-15,MW,12,103.04,1236.48
BI100182,2024-05-15,MW,12,103.04,1236.48
BI100182,2024-05-15,MW,12,103.04,1236.48
BI100182,2024-05-15,MW,13,103.04,1339.52
BI100182,2024-05-15,TX,13,103.04,1339.52
BI100182,2024-05-15,TX,13,103.04,1339.52
BI100182,2024-05-15,TX,14,103.04,1442.56
BI100182,2024-05-15,TX,14,103.04,1442.56
BI100182,2024-05-15,MTN,13,103.04,1339.52
BI100182,2024-05-15,MTN,13,103.04,1339.52
BI100182,2024-05-15,MTN,13,103.04,1339.52
BI100182,2024-05-15,MTN,13,103.04,1339.52
BI100182,2024-05-15,PSW,12,103.04,1236.48
BI100182,2024-05-15,PSW,12,103.04,1236.48
BI100182,2024-05-15,PSW,12,103.04,1236.48
BI100182,2024-05-15,PSW,12,103.04,1236.48
BI100182,2024-05-15,PSW,12,103.04,1236.48
BI100182,2024-05-15,PNW,14,103.04,1442.56
BI100182,2024-05-15,PNW,14,103.04,1442.56
BI100182,2024-05-15,PNW,15,103.04,1545.6
BI100182,2024-06-15,NE,13,103.04,1339.52
BI100182,2024-06-15,NE,13,103.04,1339.52
BI100182,2024-06-15,NE,13,103.04,1339.52
BI100182,2024-06-15,NE,13,103.04,1339.52
BI100182,2024-06-15,MA,13,103.04,1339.52
BI100182,2024-06-15,MA,13,103.04,1339.52
BI100182,2024-06-15,MA,13,103.04,1339.52
BI100182,2024-06-15,MA,13,103.04,1339.52
BI100182,2024-06-15,MA,13,103.04,1339.52
BI100182,2024-06-15,SE,13,103.04,1339.52
BI100182,2024-06-15,SE,13,103.04,1339.52
BI100182,2024-06-15,SE,13,103.04,1339.52
BI100182,2024-06-15,SE,13,103.04,1339.52
BI100182,2024-06-15,MW,12,103.04,1236.48
BI100182,2024-06-15,MW,12,103.04,1236.48
BI100182,2024-06-15,MW,12,103.04,1236.48
BI100182,2024-06-15,MW,12,103.04,1236.48
BI100182,2024-06-15,TX,13,103.04,1339.52
BI100182,2024-06-15,TX,13,103.04,1339.52
BI100182,2024-06-15,TX,14,103.04,1442.56
BI100182,2024-06-15,TX,14,103.04,1442.56
BI100182,2024-06-15,MTN,14,103.04,1442.56
BI100182,2024-06-15,MTN,14,103.04,1442.56
BI100182,2024-06-15,MTN,14,103.04,1442.56
BI100182,2024-06-15,MTN,14,103.04,1442.56
BI100182,2024-06-15,PSW,13,103.04,1339.52
BI100182,2024-06-15,PSW,13,103.04,1339.52
BI100182,2024-06-15,PSW,14,103.04,1442.56
BI100182,2024-06-15,PSW,14,103.04,1442.56
BI100182,2024-06-15,PNW,15,103.04,1545.6
BI100182,2024-06-15,PNW,15,103.04,1545.6
BI100182,2024-06-15,PNW,15,103.04,1545.6
BI100182,2024-07-15,NE,12,103.04,1236.48
BI100182,2024-07-15,NE,12,103.04,1236.48
BI100182,2024-07-15,NE,13,103.04,1339.52
BI100182,2024-07-15,NE,13,103.04,1339.52
BI100182,2024-07-15,MA,14,103.04,1442.56
BI100182,2024-07-15,MA,15,103.04,1545.6
BI100182,2024-07-15,MA,15,103.04,1545.6
BI100182,2024-07-15,MA,15,103.04,1545.6
BI100182,2024-07-15,SE,13,103.04,1339.52
BI100182,2024-07-15,SE,14,103.04,1442.56
BI100182,2024-07-15,SE,14,103.04,1442.56
BI100182,2024-07-15,SE,14,103.04,1442.56
BI100182,2024-07-15,MW,14,103.04,1442.56
BI100182,2024-07-15,MW,15,103.04,1545.6
BI100182,2024-07-15,MW,15,103.04,1545.6
BI100182,2024-07-15,TX,13,103.04,1339.52
BI100182,2024-07-15,TX,13,103.04,1339.52
BI100182,2024-07-15,TX,14,103.04,1442.56
BI100182,2024-07-15,TX,14,103.04,1442.56
BI100182,2024-07-15,MTN,13,103.04,1339.52
BI100182,2024-07-15,MTN,13,103.04,1339.52
BI100182,2024-07-15,MTN,13,103.04,1339.52
BI100182,2024-07-15,MTN,13,103.04,1339.52
BI100182,2024-07-15,PSW,12,103.04,1236.48
BI100182,2024-07-15,PSW,12,103.04,1236.48
BI100182,2024-07-15,PSW,12,103.04,1236.48
BI100182,2024-07-15,PSW,12,103.04,1236.48
BI100182,2024-07-15,PSW,13,103.04,1339.52
BI100182,2024-07-15,PNW,12,103.04,1236.48
BI100182,2024-07-15,PNW,12,103.04,1236.48
BI100182,2024-07-15,PNW,13,103.04,1339.52
BI100182,2024-07-15,PNW,13,103.04,1339.52
BI100182,2024-08-15,NE,12,103.04,1236.48
BI100182,2024-08-15,NE,13,103.04,1339.52
BI100182,2024-08-15,NE,13,103.04,1339.52
BI100182,2024-08-15,NE,13,103.04,1339.52
BI100182,2024-08-15,MA,14,103.04,1442.56
BI100182,2024-08-15,MA,14,103.04,1442.56
BI100182,2024-08-15,MA,14,103.04,1442.56
BI100182,2024-08-15,MA,15,103.04,1545.6
BI100182,2024-08-15,SE,13,103.04,1339.52
BI100182,2024-08-15,SE,14,103.04,1442.56
BI100182,2024-08-15,SE,14,103.04,1442.56
BI100182,2024-08-15,SE,14,103.04,1442.56
BI100182,2024-08-15,MW,15,103.04,1545.6
BI100182,2024-08-15,MW,15,103.04,1545.6
BI100182,2024-08-15,MW,15,103.04,1545.6
BI100182,2024-08-15,TX,12,103.04,1236.48
BI100182,2024-08-15,TX,13,103.04,1339.52
BI100182,2024-08-15,TX,13,103.04,1339.52
BI100182,2024-08-15,TX,13,103.04,1339.52
BI100182,2024-08-15,MTN,12,103.04,1236.48
BI100182,2024-08-15,MTN,13,103.04,1339.52
BI100182,2024-08-15,MTN,13,103.04,1339.52
BI100182,2024-08-15,MTN,13,103.04,1339.52
BI100182,2024-08-15,PSW,14,103.04,1442.56
BI100182,2024-08-15,PSW,15,103.04,1545.6
BI100182,2024-08-15,PSW,15,103.04,1545.6
BI100182,2024-08-15,PSW,15,103.04,1545.6
BI100182,2024-08-15,PNW,12,103.04,1236.48
BI100182,2024-08-15,PNW,12,103.04,1236.48
BI100182,2024-08-15,PNW,12,103.04,1236.48
BI100182,2024-08-15,PNW,12,103.04,1236.48
BI100182,2024-09-15,NE,12,103.04,1236.48
BI100182,2024-09-15,NE,12,103.04,1236.48
BI100182,2024-09-15,NE,12,103.04,1236.48
BI100182,2024-09-15,NE,13,103.04,1339.52
BI100182,2024-09-15,MA,12,103.04,1236.48
BI100182,2024-09-15,MA,13,103.04,1339.52
BI100182,2024-09-15,MA,13,103.04,1339.52
BI100182,2024-09-15,MA,13,103.04,1339.52
BI100182,2024-09-15,MA,13,103.04,1339.52
BI100182,2024-09-15,SE,12,103.04,1236.48
BI100182,2024-09-15,SE,13,103.04,1339.52
BI100182,2024-09-15,SE,13,103.04,1339.52
BI100182,2024-09-15,SE,13,103.04,1339.52
BI100182,2024-09-15,MW,15,103.04,1545.6
BI100182,2024-09-15,MW,15,103.04,1545.6
BI100182,2024-09-15,MW,15,103.04,1545.6
BI100182,2024-09-15,TX,14,103.04,1442.56
BI100182,2024-09-15,TX,14,103.04,1442.56
BI100182,2024-09-15,TX,14,103.04,1442.56
BI100182,2024-09-15,TX,14,103.04,1442.56
BI100182,2024-09-15,MTN,13,103.04,1339.52
BI100182,2024-09-15,MTN,13,103.04,1339.52
BI100182,2024-09-15,MTN,13,103.04,1339.52
BI100182,2024-09-15,MTN,14,103.04,1442.56
BI100182,2024-09-15,PSW,14,103.04,1442.56
BI100182,2024-09-15,PSW,14,103.04,1442.56
BI100182,2024-09-15,PSW,15,103.04,1545.6
BI100182,2024-09-15,PSW,15,103.04,1545.6
BI100182,2024-09-15,PNW,15,103.04,1545.6
BI100182,2024-09-15,PNW,16,103.04,1648.64
BI100182,2024-09-15,PNW,16,103.04,1648.64
BI100182,2024-10-15,NE,12,103.04,1236.48
BI100182,2024-10-15,NE,12,103.04,1236.48
BI100182,2024-10-15,NE,12,103.04,1236.48
BI100182,2024-10-15,NE,12,103.04,1236.48
BI100182,2024-10-15,MA,14,103.04,1442.56
BI100182,2024-10-15,MA,14,103.04,1442.56
BI100182,2024-10-15,MA,14,103.04,1442.56
BI100182,2024-10-15,MA,15,103.04,1545.6
BI100182,2024-10-15,SE,12,103.04,1236.48
BI100182,2024-10-15,SE,12,103.04,1236.48
BI100182,2024-10-15,SE,13,103.04,1339.52
BI100182,2024-10-15,SE,13,103.04,1339.52
BI100182,2024-10-15,MW,12,103.04,1236.48
BI100182,2024-10-15,MW,13,103.04,1339.52
BI100182,2024-10-15,MW,13,103.04,1339.52
BI100182,2024-10-15,MW,13,103.04,1339.52
BI100182,2024-10-15,TX,14,103.04,1442.56
BI100182,2024-10-15,TX,14,103.04,1442.56
BI100182,2024-10-15,TX,14,103.04,1442.56
BI100182,2024-10-15,TX,14,103.04,1442.56
BI100182,2024-10-15,MTN,14,103.04,1442.56
BI100182,2024-10-15,MTN,14,103.04,1442.56
BI100182,2024-10-15,MTN,14,103.04,1442.56
BI100182,2024-10-15,MTN,14,103.04,1442.56
BI100182,2024-10-15,PSW,12,103.04,1236.48
BI100182,2024-10-15,PSW,12,103.04,1236.48
BI100182,2024-10-15,PSW,12,103.04,1236.48
BI100182,2024-10-15,PSW,12,103.04,1236.48
BI100182,2024-10-15,PSW,13,103.04,1339.52
BI100182,2024-10-15,PNW,15,103.04,1545.6
BI100182,2024-10-15,PNW,15,103.04,1545.6
BI100182,2024-10-15,PNW,15,103.04,1545.6
BI100182,2024-11-15,NE,15,103.04,1545.6
BI100182,2024-11-15,NE,16,103.04,1648.64
BI100182,2024-11-15,NE,16,103.04,1648.64
BI100182,2024-11-15,MA,14,103.04,1442.56
BI100182,2024-11-15,MA,14,103.04,1442.56
BI100182,2024-11-15,MA,15,103.04,1545.6
BI100182,2024-11-15,MA,15,103.04,1545.6
BI100182,2024-11-15,SE,13,103.04,1339.52
BI100182,2024-11-15,SE,13,103.04,1339.52
BI100182,2024-11-15,SE,14,103.04,1442.56
BI100182,2024-11-15,SE,14,103.04,1442.56
BI100182,2024-11-15,MW,15,103.04,1545.6
BI100182,2024-11-15,MW,15,103.04,1545.6
BI100182,2024-11-15,MW,16,103.04,1648.64
BI100182,2024-11-15,TX,13,103.04,1339.52
BI100182,2024-11-15,TX,13,103.04,1339.52
BI100182,2024-11-15,TX,13,103.04,1339.52
BI100182,2024-11-15,TX,13,103.04,1339.52
BI100182,2024-11-15,MTN,14,103.04,1442.56
BI100182,2024-11-15,MTN,14,103.04,1442.56
BI100182,2024-11-15,MTN,14,103.04,1442.56
BI100182,2024-11-15,MTN,14,103.04,1442.56
BI100182,2024-11-15,PSW,13,103.04,1339.52
BI100182,2024-11-15,PSW,14,103.04,1442.56
BI100182,2024-11-15,PSW,14,103.04,1442.56
BI100182,2024-11-15,PSW,14,103.04,1442.56
BI100182,2024-11-15,PNW,12,103.04,1236.48
BI100182,2024-11-15,PNW,12,103.04,1236.48
BI100182,2024-11-15,PNW,12,103.04,1236.48
BI100182,2024-11-15,PNW,12,103.04,1236.48
BI100182,2024-12-15,NE,13,103.04,1339.52
BI100182,2024-12-15,NE,13,103.04,1339.52
BI100182,2024-12-15,NE,13,103.04,1339.52
BI100182,2024-12-15,NE,13,103.04,1339.52
BI100182,2024-12-15,MA,12,103.04,1236.48
BI100182,2024-12-15,MA,12,103.04,1236.48
BI100182,2024-12-15,MA,12,103.04,1236.48
BI100182,2024-12-15,MA,12,103.04,1236.48
BI100182,2024-12-15,MA,13,103.04,1339.52
BI100182,2024-12-15,SE,13,103.04,1339.52
BI100182,2024-12-15,SE,13,103.04,1339.52
BI100182,2024-12-15,SE,13,103.04,1339.52
BI100182,2024-12-15,SE,13,103.04,1339.52
BI100182,2024-12-15,MW,12,103.04,1236.48
BI100182,2024-12-15,MW,12,103.04,1236.48
BI100182,2024-12-15,MW,13,103.04,1339.52
BI100182,2024-12-15,MW,13,103.04,1339.52
BI100182,2024-12-15,TX,13,103.04,1339.52
BI100182,2024-12-15,TX,13,103.04,1339.52
BI100182,2024-12-15,TX,14,103.04,1442.56
BI100182,2024-12-15,TX,14,103.04,1442.56
BI100182,2024-12-15,MTN,14,103.04,1442.56
BI100182,2024-12-15,MTN,14,103.04,1442.56
BI100182,2024-12-15,MTN,14,103.04,1442.56
BI100182,2024-12-15,MTN,15,103.04,1545.6
BI100182,2024-12-15,PSW,14,103.04,1442.56
BI100182,2024-12-15,PSW,14,103.04,1442.56
BI100182,2024-12-15,PSW,15,103.04,1545.6
BI100182,2024-12-15,PSW,15,103.04,1545.6
BI100182,2024-12-15,PNW,15,103.04,1545.6
BI100182,2024-12-15,PNW,16,103.04,1648.64
BI100182,2024-12-15,PNW,16,103.04,1648.64
BI100182,2025-01-15,NE,12,103.04,1236.48
BI100182,2025-01-15,NE,12,103.04,1236.48
BI100182,2025-01-15,NE,12,103.04,1236.48
BI100182,2025-01-15,NE,12,103.04,1236.48
BI100182,2025-01-15,MA,12,103.04,1236.48
BI100182,2025-01-15,MA,12,103.04,1236.48
BI100182,2025-01-15,MA,12,103.04,1236.48
BI100182,2025-01-15,MA,12,103.04,1236.48
BI100182,2025-01-15,MA,13,103.04,1339.52
BI100182,2025-01-15,SE,14,103.04,1442.56
BI100182,2025-01-15,SE,14,103.04,1442.56
BI100182,2025-01-15,SE,14,103.04,1442.56
BI100182,2025-01-15,SE,14,103.04,1442.56
BI100182,2025-01-15,MW,15,103.04,1545.6
BI100182,2025-01-15,MW,15,103.04,1545.6
BI100182,2025-01-15,MW,16,103.04,1648.64
BI100182,2025-01-15,TX,13,103.04,1339.52
BI100182,2025-01-15,TX,13,103.04,1339.52
BI100182,2025-01-15,TX,13,103.04,1339.52
BI100182,2025-01-15,TX,13,103.04,1339.52
BI100182,2025-01-15,MTN,14,103.04,1442.56
BI100182,2025-01-15,MTN,14,103.04,1442.56
BI100182,2025-01-15,MTN,15,103.04,1545.6
BI100182,2025-01-15,MTN,15,103.04,1545.6
BI100182,2025-01-15,PSW,14,103.04,1442.56
BI100182,2025-01-15,PSW,14,103.04,1442.56
BI100182,2025-01-15,PSW,14,103.04,1442.56
BI100182,2025-01-15,PSW,15,103.04,1545.6
BI100182,2025-01-15,PNW,15,103.04,1545.6
BI100182,2025-01-15,PNW,16,103.04,1648.64
BI100182,2025-01-15,PNW,16,103.04,1648.64
BI100182,2025-02-15,NE,12,103.04,1236.48
BI100182,2025-02-15,NE,12,103.04,1236.48
BI100182,2025-02-15,NE,12,103.04,1236.48
BI100182,2025-02-15,NE,12,103.04,1236.48
BI100182,2025-02-15,MA,13,103.04,1339.52
BI100182,2025-02-15,MA,13,103.04,1339.52
BI100182,2025-02-15,MA,13,103.04,1339.52
BI100182,2025-02-15,MA,13,103.04,1339.52
BI100182,2025-02-15,MA,13,103.04,1339.52
BI100182,2025-02-15,SE,13,103.04,1339.52
BI100182,2025-02-15,SE,14,103.04,1442.56
BI100182,2025-02-15,SE,14,103.04,1442.56
BI100182,2025-02-15,SE,14,103.04,1442.56
BI100182,2025-02-15,MW,13,103.04,1339.52
BI100182,2025-02-15,MW,13,103.04,1339.52
BI100182,2025-02-15,MW,13,103.04,1339.52
BI100182,2025-02-15,MW,14,103.04,1442.56
BI100182,2025-02-15,TX,13,103.04,1339.52
BI100182,2025-02-15,TX,13,103.04,1339.52
BI100182,2025-02-15,TX,13,103.04,1339.52
BI100182,2025-02-15,TX,13,103.04,1339.52
BI100182,2025-02-15,MTN,14,103.04,1442.56
BI100182,2025-02-15,MTN,14,103.04,1442.56
BI100182,2025-02-15,MTN,14,103.04,1442.56
BI100182,2025-02-15,MTN,14,103.04,1442.56
BI100182,2025-02-15,PSW,12,103.04,1236.48
BI100182,2025-02-15,PSW,12,103.04,1236.48
BI100182,2025-02-15,PSW,12,103.04,1236.48
BI100182,2025-02-15,PSW,13,103.04,1339.52
BI100182,2025-02-15,PSW,13,103.04,1339.52
BI100182,2025-02-15,PNW,12,103.04,1236.48
BI100182,2025-02-15,PNW,12,103.04,1236.48
BI100182,2025-02-15,PNW,13,103.04,1339.52
BI100182,2025-02-15,PNW,13,103.04,1339.52
BI100182,2025-03-15,NE,12,103.04,1236.48
BI100182,2025-03-15,NE,12,103.04,1236.48
BI100182,2025-03-15,NE,13,103.04,1339.52
BI100182,2025-03-15,NE,13,103.04,1339.52
BI100182,2025-03-15,MA,13,103.04,1339.52
BI100182,2025-03-15,MA,13,103.04,1339.52
BI100182,2025-03-15,MA,13,103.04,1339.52
BI100182,2025-03-15,MA,13,103.04,1339.52
BI100182,2025-03-15,MA,14,103.04,1442.56
BI100182,2025-03-15,SE,12,103.04,1236.48
BI100182,2025-03-15,SE,13,103.04,1339.52
BI100182,2025-03-15,SE,13,103.04,1339.52
BI100182,2025-03-15,SE,13,103.04,1339.52
BI100182,2025-03-15,MW,12,103.04,1236.48
BI100182,2025-03-15,MW,13,103.04,1339.52
BI100182,2025-03-15,MW,13,103.04,1339.52
BI100182,2025-03-15,MW,13,103.04,1339.52
BI100182,2025-03-15,TX,14,103.04,1442.56
BI100182,2025-03-15,TX,15,103.04,1545.6
BI100182,2025-03-15,TX,15,103.04,1545.6
BI100182,2025-03-15,TX,15,103.04,1545.6
BI100182,2025-03-15,MTN,14,103.04,1442.56
BI100182,2025-03-15,MTN,14,103.04,1442.56
BI100182,2025-03-15,MTN,14,103.04,1442.56
BI100182,2025-03-15,MTN,14,103.04,1442.56
BI100182,2025-03-15,PSW,12,103.04,1236.48
BI100182,2025-03-15,PSW,13,103.04,1339.52
BI100182,2025-03-15,PSW,13,103.04,1339.52
BI100182,2025-03-15,PSW,13,103.04,1339.52
BI100182,2025-03-15,PSW,13,103.04,1339.52
BI100182,2025-03-15,PNW,15,103.04,1545.6
BI100182,2025-03-15,PNW,15,103.04,1545.6
BI100182,2025-03-15,PNW,16,103.04,1648.64
BI100182,2025-04-15,NE,12,103.04,1236.48
BI100182,2025-04-15,NE,12,103.04,1236.48
BI100182,2025-04-15,NE,12,103.04,1236.48
BI100182,2025-04-15,NE,13,103.04,1339.52
BI100182,2025-04-15,MA,13,103.04,1339.52
BI100182,2025-04-15,MA,13,103.04,1339.52
BI100182,2025-04-15,MA,13,103.04,1339.52
BI100182,2025-04-15,MA,13,103.04,1339.52
BI100182,2025-04-15,MA,13,103.04,1339.52
BI100182,2025-04-15,SE,13,103.04,1339.52
BI100182,2025-04-15,SE,13,103.04,1339.52
BI100182,2025-04-15,SE,13,103.04,1339.52
BI100182,2025-04-15,SE,13,103.04,1339.52
BI100182,2025-04-15,MW,15,103.04,1545.6
BI100182,2025-04-15,MW,16,103.04,1648.64
BI100182,2025-04-15,MW,16,103.04,1648.64
BI100182,2025-04-15,TX,14,103.04,1442.56
BI100182,2025-04-15,TX,15,103.04,1545.6
BI100182,2025-04-15,TX,15,103.04,1545.6
BI100182,2025-04-15,TX,15,103.04,1545.6
BI100182,2025-04-15,MTN,14,103.04,1442.56
BI100182,2025-04-15,MTN,14,103.04,1442.56
BI100182,2025-04-15,MTN,14,103.04,1442.56
BI100182,2025-04-15,MTN,15,103.04,1545.6
BI100182,2025-04-15,PSW,14,103.04,1442.56
BI100182,2025-04-15,PSW,14,103.04,1442.56
BI100182,2025-04-15,PSW,14,103.04,1442.56
BI100182,2025-04-15,PSW,15,103.04,1545.6
BI100182,2025-04-15,PNW,13,103.04,1339.52
BI100182,2025-04-15,PNW,13,103.04,1339.52
BI100182,2025-04-15,PNW,13,103.04,1339.52
BI100182,2025-04-15,PNW,14,103.04,1442.56
BI100182,2025-05-15,NE,12,103.04,1236.48
BI100182,2025-05-15,NE,13,103.04,1339.52
BI100182,2025-05-15,NE,13,103.04,1339.52
BI100182,2025-05-15,NE,13,103.04,1339.52
BI100182,2025-05-15,MA,12,103.04,1236.48
BI100182,2025-05-15,MA,12,103.04,1236.48
BI100182,2025-05-15,MA,12,103.04,1236.48
BI100182,2025-05-15,MA,12,103.04,1236.48
BI100182,2025-05-15,MA,13,103.04,1339.52
BI100182,2025-05-15,SE,13,103.04,1339.52
BI100182,2025-05-15,SE,14,103.04,1442.56
BI100182,2025-05-15,SE,14,103.04,1442.56
BI100182,2025-05-15,SE,14,103.04,1442.56
BI100182,2025-05-15,MW,12,103.04,1236.48
BI100182,2025-05-15,MW,12,103.04,1236.48
BI100182,2025-05-15,MW,13,103.04,1339.52
BI100182,2025-05-15,MW,13,103.04,1339.52
BI100182,2025-05-15,TX,13,103.04,1339.52
BI100182,2025-05-15,TX,14,103.04,1442.56
BI100182,2025-05-15,TX,14,103.04,1442.56
BI100182,2025-05-15,TX,14,103.04,1442.56
BI100182,2025-05-15,MTN,14,103.04,1442.56
BI100182,2025-05-15,MTN,14,103.04,1442.56
BI100182,2025-05-15,MTN,14,103.04,1442.56
BI100182,2025-05-15,MTN,14,103.04,1442.56
BI100182,2025-05-15,PSW,13,103.04,1339.52
BI100182,2025-05-15,PSW,13,103.04,1339.52
BI100182,2025-05-15,PSW,13,103.04,1339.52
BI100182,2025-05-15,PSW,13,103.04,1339.52
BI100182,2025-05-15,PSW,13,103.04,1339.52
BI100182,2025-05-15,PNW,12,103.04,1236.48
BI100182,2025-05-15,PNW,12,103.04,1236.48
BI100182,2025-05-15,PNW,12,103.04,1236.48
BI100182,2025-05-15,PNW,12,103.04,1236.48
BI100182,2025-06-15,NE,12,103.04,1236.48
BI100182,2025-06-15,NE,13,103.04,1339.52
BI100182,2025-06-15,NE,13,103.04,1339.52
BI100182,2025-06-15,NE,13,103.04,1339.52
BI100182,2025-06-15,MA,13,103.04,1339.52
BI100182,2025-06-15,MA,13,103.04,1339.52
BI100182,2025-06-15,MA,13,103.04,1339.52
BI100182,2025-06-15,MA,13,103.04,1339.52
BI100182,2025-06-15,MA,14,103.04,1442.56
BI100182,2025-06-15,SE,13,103.04,1339.52
BI100182,2025-06-15,SE,14,103.04,1442.56
BI100182,2025-06-15,SE,14,103.04,1442.56
BI100182,2025-06-15,SE,14,103.04,1442.56
BI100182,2025-06-15,MW,15,103.04,1545.6
BI100182,2025-06-15,MW,15,103.04,1545.6
BI100182,2025-06-15,MW,16,103.04,1648.64
BI100182,2025-06-15,TX,13,103.04,1339.52
BI100182,2025-06-15,TX,14,103.04,1442.56
BI100182,2025-06-15,TX,14,103.04,1442.56
BI100182,2025-06-15,TX,14,103.04,1442.56
BI100182,2025-06-15,MTN,13,103.04,1339.52
BI100182,2025-06-15,MTN,14,103.04,1442.56
BI100182,2025-06-15,MTN,14,103.04,1442.56
BI100182,2025-06-15,MTN,14,103.04,1442.56
BI100182,2025-06-15,PSW,12,103.04,1236.48
BI100182,2025-06-15,PSW,12,103.04,1236.48
BI100182,2025-06-15,PSW,13,103.04,1339.52
BI100182,2025-06-15,PSW,13,103.04,1339.52
BI100182,2025-06-15,PSW,13,103.04,1339.52
BI100182,2025-06-15,PNW,13,103.04,1339.52
BI100182,2025-06-15,PNW,13,103.04,1339.52
BI100182,2025-06-15,PNW,13,103.04,1339.52
BI100182,2025-06-15,PNW,13,103.04,1339.52
BI100182,2025-07-15,NE,12,103.04,1236.48
BI100182,2025-07-15,NE,13,103.04,1339.52
BI100182,2025-07-15,NE,13,103.04,1339.52
BI100182,2025-07-15,NE,13,103.04,1339.52
BI100182,2025-07-15,MA,13,103.04,1339.52
BI100182,2025-07-15,MA,14,103.04,1442.56
BI100182,2025-07-15,MA,14,103.04,1442.56
BI100182,2025-07-15,MA,14,103.04,1442.56
BI100182,2025-07-15,MA,14,103.04,1442.56
BI100182,2025-07-15,SE,14,103.04,1442.56
BI100182,2025-07-15,SE,14,103.04,1442.56
BI100182,2025-07-15,SE,14,103.04,1442.56
BI100182,2025-07-15,SE,15,103.04,1545.6
BI100182,2025-07-15,MW,12,103.04,1236.48
BI100182,2025-07-15,MW,12,103.04,1236.48
BI100182,2025-07-15,MW,13,103.04,1339.52
BI100182,2025-07-15,MW,13,103.04,1339.52
BI100182,2025-07-15,TX,14,103.04,1442.56
BI100182,2025-07-15,TX,15,103.04,1545.6
BI100182,2025-07-15,TX,15,103.04,1545.6
BI100182,2025-07-15,TX,15,103.04,1545.6
BI100182,2025-07-15,MTN,13,103.04,1339.52
BI100182,2025-07-15,MTN,13,103.04,1339.52
BI100182,2025-07-15,MTN,13,103.04,1339.52
BI100182,2025-07-15,MTN,14,103.04,1442.56
BI100182,2025-07-15,PSW,12,103.04,1236.48
BI100182,2025-07-15,PSW,12,103.04,1236.48
BI100182,2025-07-15,PSW,12,103.04,1236.48
BI100182,2025-07-15,PSW,12,103.04,1236.48
BI100182,2025-07-15,PSW,13,103.04,1339.52
BI100182,2025-07-15,PNW,12,103.04,1236.48
BI100182,2025-07-15,PNW,13,103.04,1339.52
BI100182,2025-07-15,PNW,13,103.04,1339.52
BI100182,2025-07-15,PNW,13,103.04,1339.52
BI100182,2025-08-15,NE,13,103.04,1339.52
BI100182,2025-08-15,NE,13,103.04,1339.52
BI100182,2025-08-15,NE,14,103.04,1442.56
BI100182,2025-08-15,NE,14,103.04,1442.56
BI100182,2025-08-15,MA,13,103.04,1339.52
BI100182,2025-08-15,MA,13,103.04,1339.52
BI100182,2025-08-15,MA,13,103.04,1339.52
BI100182,2025-08-15,MA,13,103.04,1339.52
BI100182,2025-08-15,MA,13,103.04,1339.52
BI100182,2025-08-15,SE,14,103.04,1442.56
BI100182,2025-08-15,SE,14,103.04,1442.56
BI100182,2025-08-15,SE,14,103.04,1442.56
BI100182,2025-08-15,SE,15,103.04,1545.6
BI100182,2025-08-15,MW,12,103.04,1236.48
BI100182,2025-08-15,MW,12,103.04,1236.48
BI100182,2025-08-15,MW,13,103.04,1339.52
BI100182,2025-08-15,MW,13,103.04,1339.52
BI100182,2025-08-15,TX,13,103.04,1339.52
BI100182,2025-08-15,TX,13,103.04,1339.52
BI100182,2025-08-15,TX,13,103.04,1339.52
BI100182,2025-08-15,TX,14,103.04,1442.56
BI100182,2025-08-15,MTN,13,103.04,1339.52
BI100182,2025-08-15,MTN,13,103.04,1339.52
BI100182,2025-08-15,MTN,14,103.04,1442.56
BI100182,2025-08-15,MTN,14,103.04,1442.56
BI100182,2025-08-15,PSW,13,103.04,1339.52
BI100182,2025-08-15,PSW,13,103.04,1339.52
BI100182,2025-08-15,PSW,13,103.04,1339.52
BI100182,2025-08-15,PSW,14,103.04,1442.56
BI100182,2025-08-15,PSW,14,103.04,1442.56
BI100182,2025-08-15,PNW,13,103.04,1339.52
BI100182,2025-08-15,PNW,13,103.04,1339.52
BI100182,2025-08-15,PNW,13,103.04,1339.52
BI100182,2025-08-15,PNW,14,103.04,1442.56
BI100182,2025-09-15,NE,12,103.04,1236.48
BI100182,2025-09-15,NE,12,103.04,1236.48
BI100182,2025-09-15,NE,13,103.04,1339.52
BI100182,2025-09-15,NE,13,103.04,1339.52
BI100182,2025-09-15,MA,13,103.04,1339.52
BI100182,2025-09-15,MA,14,103.04,1442.56
BI100182,2025-09-15,MA,14,103.04,1442.56
BI100182,2025-09-15,MA,14,103.04,1442.56
BI100182,2025-09-15,MA,14,103.04,1442.56
BI100182,2025-09-15,SE,12,103.04,1236.48
BI100182,2025-09-15,SE,12,103.04,1236.48
BI100182,2025-09-15,SE,12,103.04,1236.48
BI100182,2025-09-15,SE,12,103.04,1236.48
BI100182,2025-09-15,SE,12,103.04,1236.48
BI100182,2025-09-15,MW,12,103.04,1236.48
BI100182,2025-09-15,MW,12,103.04,1236.48
BI100182,2025-09-15,MW,12,103.04,1236.48
BI100182,2025-09-15,MW,13,103.04,1339.52
BI100182,2025-09-15,TX,14,103.04,1442.56
BI100182,2025-09-15,TX,15,103.04,1545.6
BI100182,2025-09-15,TX,15,103.04,1545.6
BI100182,2025-09-15,TX,15,103.04,1545.6
BI100182,2025-09-15,MTN,14,103.04,1442.56
BI100182,2025-09-15,MTN,15,103.04,1545.6
BI100182,2025-09-15,MTN,15,103.04,1545.6
BI100182,2025-09-15,MTN,15,103.04,1545.6
BI100182,2025-09-15,PSW,12,103.04,1236.48
BI100182,2025-09-15,PSW,12,103.04,1236.48
BI100182,2025-09-15,PSW,13,103.04,1339.52
BI100182,2025-09-15,PSW,13,103.04,1339.52
BI100182,2025-09-15,PSW,13,103.04,1339.52
BI100182,2025-09-15,PNW,13,103.04,1339.52
BI100182,2025-09-15,PNW,13,103.04,1339.52
BI100182,2025-09-15,PNW,13,103.04,1339.52
BI100182,2025-09-15,PNW,13,103.04,1339.52
BI100182,2025-10-15,NE,13,103.04,1339.52
BI100182,2025-10-15,NE,13,103.04,1339.52
BI100182,2025-10-15,NE,13,103.04,1339.52
BI100182,2025-10-15,NE,14,103.04,1442.56
BI100182,2025-10-15,MA,13,103.04,1339.52
BI100182,2025-10-15,MA,13,103.04,1339.52
BI100182,2025-10-15,MA,13,103.04,1339.52
BI100182,2025-10-15,MA,14,103.04,1442.56
BI100182,2025-10-15,MA,14,103.04,1442.56
BI100182,2025-10-15,SE,13,103.04,1339.52
BI100182,2025-10-15,SE,13,103.04,1339.52
BI100182,2025-10-15,SE,13,103.04,1339.52
BI100182,2025-10-15,SE,14,103.04,1442.56
BI100182,2025-10-15,MW,13,103.04,1339.52
BI100182,2025-10-15,MW,13,103.04,1339.52
BI100182,2025-10-15,MW,13,103.04,1339.52
BI100182,2025-10-15,MW,13,103.04,1339.52
BI100182,2025-10-15,TX,14,103.04,1442.56
BI100182,2025-10-15,TX,14,103.04,1442.56
BI100182,2025-10-15,TX,15,103.04,1545.6
BI100182,2025-10-15,TX,15,103.04,1545.6
BI100182,2025-10-15,MTN,14,103.04,1442.56
BI100182,2025-10-15,MTN,15,103.04,1545.6
BI100182,2025-10-15,MTN,15,103.04,1545.6
BI100182,2025-10-15,MTN,15,103.04,1545.6
BI100182,2025-10-15,PSW,12,103.04,1236.48
BI100182,2025-10-15,PSW,12,103.04,1236.48
BI100182,2025-10-15,PSW,12,103.04,1236.48
BI100182,2025-10-15,PSW,12,103.04,1236.48
BI100182,2025-10-15,PSW,12,103.04,1236.48
BI100182,2025-10-15,PNW,15,103.04,1545.6
BI100182,2025-10-15,PNW,16,103.04,1648.64
BI100182,2025-10-15,PNW,16,103.04,1648.64
BI100182,2025-11-15,NE,14,103.04,1442.56
BI100182,2025-11-15,NE,14,103.04,1442.56
BI100182,2025-11-15,NE,14,103.04,1442.56
BI100182,2025-11-15,NE,15,103.04,1545.6
BI100182,2025-11-15,MA,13,103.04,1339.52
BI100182,2025-11-15,MA,13,103.04,1339.52
BI100182,2025-11-15,MA,13,103.04,1339.52
BI100182,2025-11-15,MA,14,103.04,1442.56
BI100182,2025-11-15,MA,14,103.04,1442.56
BI100182,2025-11-15,SE,14,103.04,1442.56
BI100182,2025-11-15,SE,14,103.04,1442.56
BI100182,2025-11-15,SE,14,103.04,1442.56
BI100182,2025-11-15,SE,15,103.04,1545.6
BI100182,2025-11-15,MW,13,103.04,1339.52
BI100182,2025-11-15,MW,13,103.04,1339.52
BI100182,2025-11-15,MW,14,103.04,1442.56
BI100182,2025-11-15,MW,14,103.04,1442.56
BI100182,2025-11-15,TX,13,103.04,1339.52
BI100182,2025-11-15,TX,13,103.04,1339.52
BI100182,2025-11-15,TX,14,103.04,1442.56
BI100182,2025-11-15,TX,14,103.04,1442.56
BI100182,2025-11-15,MTN,13,103.04,1339.52
BI100182,2025-11-15,MTN,13,103.04,1339.52
BI100182,2025-11-15,MTN,14,103.04,1442.56
BI100182,2025-11-15,MTN,14,103.04,1442.56
BI100182,2025-11-15,PSW,13,103.04,1339.52
BI100182,2025-11-15,PSW,13,103.04,1339.52
BI100182,2025-11-15,PSW,13,103.04,1339.52
BI100182,2025-11-15,PSW,13,103.04,1339.52
BI100182,2025-11-15,PSW,13,103.04,1339.52
BI100182,2025-11-15,PNW,13,103.04,1339.52
BI100182,2025-11-15,PNW,13,103.04,1339.52
BI100182,2025-11-15,PNW,13,103.04,1339.52
BI100182,2025-11-15,PNW,14,103.04,1442.56
BI100182,2025-12-15,NE,14,103.04,1442.56
BI100182,2025-12-15,NE,14,103.04,1442.56
BI100182,2025-12-15,NE,14,103.04,1442.56
BI100182,2025-12-15,NE,14,103.04,1442.56
BI100182,2025-12-15,MA,12,103.04,1236.48
BI100182,2025-12-15,MA,12,103.04,1236.48
BI100182,2025-12-15,MA,13,103.04,1339.52
BI100182,2025-12-15,MA,13,103.04,1339.52
BI100182,2025-12-15,MA,13,103.04,1339.52
BI100182,2025-12-15,SE,14,103.04,1442.56
BI100182,2025-12-15,SE,14,103.04,1442.56
BI100182,2025-12-15,SE,14,103.04,1442.56
BI100182,2025-12-15,SE,14,103.04,1442.56
BI100182,2025-12-15,MW,12,103.04,1236.48
BI100182,2025-12-15,MW,12,103.04,1236.48
BI100182,2025-12-15,MW,13,103.04,1339.52
BI100182,2025-12-15,MW,13,103.04,1339.52
BI100182,2025-12-15,TX,12,103.04,1236.48
BI100182,2025-12-15,TX,12,103.04,1236.48
BI100182,2025-12-15,TX,12,103.04,1236.48
BI100182,2025-12-15,TX,12,103.04,1236.48
BI100182,2025-12-15,TX,12,103.04,1236.48
BI100182,2025-12-15,MTN,14,103.04,1442.56
BI100182,2025-12-15,MTN,14,103.04,1442.56
BI100182,2025-12-15,MTN,14,103.04,1442.56
BI100182,2025-12-15,MTN,15,103.04,1545.6
BI100182,2025-12-15,PSW,12,103.04,1236.48
BI100182,2025-12-15,PSW,12,103.04,1236.48
BI100182,2025-12-15,PSW,12,103.04,1236.48
BI100182,2025-12-15,PSW,12,103.04,1236.48
BI100182,2025-12-15,PSW,13,103.04,1339.52
BI100182,2025-12-15,PNW,13,103.04,1339.52
BI100182,2025-12-15,PNW,13,103.04,1339.52
BI100182,2025-12-15,PNW,14,103.04,1442.56
BI100182,2025-12-15,PNW,14,103.04,1442.56
BI100189,2024-01-15,NE,15,208.94,3134.1
BI100189,2024-01-15,MA,15,208.94,3134.1
BI100189,2024-01-15,SE,11,208.94,2298.34
BI100189,2024-01-15,MW,12,208.94,2507.28
BI100189,2024-01-15,TX,13,208.94,2716.22
BI100189,2024-01-15,MTN,13,208.94,2716.22
BI100189,2024-01-15,PSW,11,208.94,2298.34
BI100189,2024-01-15,PNW,11,208.94,2298.34
BI100189,2024-02-15,NE,15,208.94,3134.1
BI100189,2024-02-15,MA,13,208.94,2716.22
BI100189,2024-02-15,SE,11,208.94,2298.34
BI100189,2024-02-15,MW,13,208.94,2716.22
BI100189,2024-02-15,TX,14,208.94,2925.16
BI100189,2024-02-15,MTN,13,208.94,2716.22
BI100189,2024-02-15,PSW,11,208.94,2298.34
BI100189,2024-02-15,PNW,13,208.94,2716.22
BI100189,2024-03-15,NE,15,208.94,3134.1
BI100189,2024-03-15,MA,14,208.94,2925.16
BI100189,2024-03-15,SE,12,208.94,2507.28
BI100189,2024-03-15,MW,13,208.94,2716.22
BI100189,2024-03-15,TX,13,208.94,2716.22
BI100189,2024-03-15,MTN,14,208.94,2925.16
BI100189,2024-03-15,PSW,11,208.94,2298.34
BI100189,2024-03-15,PNW,13,208.94,2716.22
BI100189,2024-04-15,NE,16,208.94,3343.04
BI100189,2024-04-15,MA,14,208.94,2925.16
BI100189,2024-04-15,SE,11,208.94,2298.34
BI100189,2024-04-15,MW,12,208.94,2507.28
BI100189,2024-04-15,TX,14,208.94,2925.16
BI100189,2024-04-15,MTN,14,208.94,2925.16
BI100189,2024-04-15,PSW,12,208.94,2507.28
BI100189,2024-04-15,PNW,12,208.94,2507.28
BI100189,2024-05-15,NE,16,208.94,3343.04
BI100189,2024-05-15,MA,15,208.94,3134.1
BI100189,2024-05-15,SE,13,208.94,2716.22
BI100189,2024-05-15,MW,13,208.94,2716.22
BI100189,2024-05-15,TX,14,208.94,2925.16
BI100189,2024-05-15,MTN,14,208.94,2925.16
BI100189,2024-05-15,PSW,11,208.94,2298.34
BI100189,2024-05-15,PNW,11,208.94,2298.34
BI100189,2024-06-15,NE,17,208.94,3551.98
BI100189,2024-06-15,MA,13,208.94,2716.22
BI100189,2024-06-15,SE,12,208.94,2507.28
BI100189,2024-06-15,MW,13,208.94,2716.22
BI100189,2024-06-15,TX,15,208.94,3134.1
BI100189,2024-06-15,MTN,13,208.94,2716.22
BI100189,2024-06-15,PSW,11,208.94,2298.34
BI100189,2024-06-15,PNW,13,208.94,2716.22
BI100189,2024-07-15,NE,17,208.94,3551.98
BI100189,2024-07-15,MA,13,208.94,2716.22
BI100189,2024-07-15,SE,12,208.94,2507.28
BI100189,2024-07-15,MW,13,208.94,2716.22
BI100189,2024-07-15,TX,14,208.94,2925.16
BI100189,2024-07-15,MTN,13,208.94,2716.22
BI100189,2024-07-15,PSW,12,208.94,2507.28
BI100189,2024-07-15,PNW,12,208.94,2507.28
BI100189,2024-08-15,NE,15,208.94,3134.1
BI100189,2024-08-15,MA,15,208.94,3134.1
BI100189,2024-08-15,SE,12,208.94,2507.28
BI100189,2024-08-15,MW,12,208.94,2507.28
BI100189,2024-08-15,TX,13,208.94,2716.22
BI100189,2024-08-15,MTN,14,208.94,2925.16
BI100189,2024-08-15,PSW,12,208.94,2507.28
BI100189,2024-08-15,PNW,13,208.94,2716.22
BI100189,2024-09-15,NE,17,208.94,3551.98
BI100189,2024-09-15,MA,14,208.94,2925.16
BI100189,2024-09-15,SE,12,208.94,2507.28
BI100189,2024-09-15,MW,12,208.94,2507.28
BI100189,2024-09-15,TX,13,208.94,2716.22
BI100189,2024-09-15,MTN,13,208.94,2716.22
BI100189,2024-09-15,PSW,12,208.94,2507.28
BI100189,2024-09-15,PNW,13,208.94,2716.22
BI100189,2024-10-15,NE,17,208.94,3551.98
BI100189,2024-10-15,MA,14,208.94,2925.16
BI100189,2024-10-15,SE,11,208.94,2298.34
BI100189,2024-10-15,MW,12,208.94,2507.28
BI100189,2024-10-15,TX,14,208.94,2925.16
BI100189,2024-10-15,MTN,14,208.94,2925.16
BI100189,2024-10-15,PSW,11,208.94,2298.34
BI100189,2024-10-15,PNW,12,208.94,2507.28
BI100189,2024-11-15,NE,18,208.94,3760.92
BI100189,2024-11-15,MA,15,208.94,3134.1
BI100189,2024-11-15,SE,12,208.94,2507.28
BI100189,2024-11-15,MW,12,208.94,2507.28
BI100189,2024-11-15,TX,13,208.94,2716.22
BI100189,2024-11-15,MTN,14,208.94,2925.16
BI100189,2024-11-15,PSW,11,208.94,2298.34
BI100189,2024-11-15,PNW,13,208.94,2716.22
BI100189,2024-12-15,NE,18,208.94,3760.92
BI100189,2024-12-15,MA,15,208.94,3134.1
BI100189,2024-12-15,SE,12,208.94,2507.28
BI100189,2024-12-15,MW,12,208.94,2507.28
BI100189,2024-12-15,TX,15,208.94,3134.1
BI100189,2024-12-15,MTN,14,208.94,2925.16
BI100189,2024-12-15,PSW,12,208.94,2507.28
BI100189,2024-12-15,PNW,13,208.94,2716.22
BI100189,2025-01-15,NE,17,208.94,3551.98
BI100189,2025-01-15,MA,16,208.94,3343.04
BI100189,2025-01-15,SE,13,208.94,2716.22
BI100189,2025-01-15,MW,14,208.94,2925.16
BI100189,2025-01-15,TX,13,208.94,2716.22
BI100189,2025-01-15,MTN,13,208.94,2716.22
BI100189,2025-01-15,PSW,12,208.94,2507.28
BI100189,2025-01-15,PNW,13,208.94,2716.22
BI100189,2025-02-15,NE,18,208.94,3760.92
BI100189,2025-02-15,MA,15,208.94,3134.1
BI100189,2025-02-15,SE,12,208.94,2507.28
BI100189,2025-02-15,MW,13,208.94,2716.22
BI100189,2025-02-15,TX,14,208.94,2925.16
BI100189,2025-02-15,MTN,14,208.94,2925.16
BI100189,2025-02-15,PSW,11,208.94,2298.34
BI100189,2025-02-15,PNW,13,208.94,2716.22
BI100189,2025-03-15,NE,16,208.94,3343.04
BI100189,2025-03-15,MA,16,208.94,3343.04
BI100189,2025-03-15,SE,12,208.94,2507.28
BI100189,2025-03-15,MW,14,208.94,2925.16
BI100189,2025-03-15,TX,14,208.94,2925.16
BI100189,2025-03-15,MTN,16,208.94,3343.04
BI100189,2025-03-15,PSW,12,208.94,2507.28
BI100189,2025-03-15,PNW,14,208.94,2925.16
BI100189,2025-04-15,NE,17,208.94,3551.98
BI100189,2025-04-15,MA,14,208.94,2925.16
BI100189,2025-04-15,SE,12,208.94,2507.28
BI100189,2025-04-15,MW,13,208.94,2716.22
BI100189,2025-04-15,TX,14,208.94,2925.16
BI100189,2025-04-15,MTN,14,208.94,2925.16
BI100189,2025-04-15,PSW,12,208.94,2507.28
BI100189,2025-04-15,PNW,12,208.94,2507.28
BI100189,2025-05-15,NE,17,208.94,3551.98
BI100189,2025-05-15,MA,16,208.94,3343.04
BI100189,2025-05-15,SE,13,208.94,2716.22
BI100189,2025-05-15,MW,12,208.94,2507.28
BI100189,2025-05-15,TX,14,208.94,2925.16
BI100189,2025-05-15,MTN,15,208.94,3134.1
BI100189,2025-05-15,PSW,11,208.94,2298.34
BI100189,2025-05-15,PNW,13,208.94,2716.22
BI100189,2025-06-15,NE,18,208.94,3760.92
BI100189,2025-06-15,MA,15,208.94,3134.1
BI100189,2025-06-15,SE,12,208.94,2507.28
BI100189,2025-06-15,MW,12,208.94,2507.28
BI100189,2025-06-15,TX,14,208.94,2925.16
BI100189,2025-06-15,MTN,15,208.94,3134.1
BI100189,2025-06-15,PSW,13,208.94,2716.22
BI100189,2025-06-15,PNW,13,208.94,2716.22
BI100189,2025-07-15,NE,17,208.94,3551.98
BI100189,2025-07-15,MA,16,208.94,3343.04
BI100189,2025-07-15,SE,13,208.94,2716.22
BI100189,2025-07-15,MW,14,208.94,2925.16
BI100189,2025-07-15,TX,14,208.94,2925.16
BI100189,2025-07-15,MTN,14,208.94,2925.16
BI100189,2025-07-15,PSW,12,208.94,2507.28
BI100189,2025-07-15,PNW,13,208.94,2716.22
BI100189,2025-08-15,NE,16,208.94,3343.04
BI100189,2025-08-15,MA,16,208.94,3343.04
BI100189,2025-08-15,SE,13,208.94,2716.22
BI100189,2025-08-15,MW,14,208.94,2925.16
BI100189,2025-08-15,TX,14,208.94,2925.16
BI100189,2025-08-15,MTN,16,208.94,3343.04
BI100189,2025-08-15,PSW,12,208.94,2507.28
BI100189,2025-08-15,PNW,13,208.94,2716.22
BI100189,2025-09-15,NE,17,208.94,3551.98
BI100189,2025-09-15,MA,15,208.94,3134.1
BI100189,2025-09-15,SE,14,208.94,2925.16
BI100189,2025-09-15,MW,14,208.94,2925.16
BI100189,2025-09-15,TX,15,208.94,3134.1
BI100189,2025-09-15,MTN,16,208.94,3343.04
BI100189,2025-09-15,PSW,12,208.94,2507.28
BI100189,2025-09-15,PNW,13,208.94,2716.22
BI100189,2025-10-15,NE,19,208.94,3969.86
BI100189,2025-10-15,MA,16,208.94,3343.04
BI100189,2025-10-15,SE,12,208.94,2507.28
BI100189,2025-10-15,MW,15,208.94,3134.1
BI100189,2025-10-15,TX,14,208.94,2925.16
BI100189,2025-10-15,MTN,16,208.94,3343.04
BI100189,2025-10-15,PSW,12,208.94,2507.28
BI100189,2025-10-15,PNW,13,208.94,2716.22
BI100189,2025-11-15,NE,18,208.94,3760.92
BI100189,2025-11-15,MA,14,208.94,2925.16
BI100189,2025-11-15,SE,12,208.94,2507.28
BI100189,2025-11-15,MW,14,208.94,2925.16
BI100189,2025-11-15,TX,14,208.94,2925.16
BI100189,2025-11-15,MTN,16,208.94,3343.04
BI100189,2025-11-15,PSW,13,208.94,2716.22
BI100189,2025-11-15,PNW,13,208.94,2716.22
BI100189,2025-12-15,NE,17,208.94,3551.98
BI100189,2025-12-15,MA,16,208.94,3343.04
BI100189,2025-12-15,SE,12,208.94,2507.28
BI100189,2025-12-15,MW,13,208.94,2716.22
BI100189,2025-12-15,TX,14,208.94,2925.16
BI100189,2025-12-15,MTN,16,208.94,3343.04
BI100189,2025-12-15,PSW,13,208.94,2716.22
BI100189,2025-12-15,PNW,13,208.94,2716.22
BI100196,2024-01-15,NE,13,172.65,2244.45
BI100196,2024-01-15,NE,13,172.65,2244.45
BI100196,2024-01-15,NE,14,172.65,2417.1
BI100196,2024-01-15,NE,14,172.65,2417.1
BI100196,2024-01-15,NE,14,172.65,2417.1
BI100196,2024-01-15,MA,12,172.65,2071.8
BI100196,2024-01-15,MA,12,172.65,2071.8
BI100196,2024-01-15,MA,12,172.65,2071.8
BI100196,2024-01-15,MA,13,172.65,2244.45
BI100196,2024-01-15,MA,13,172.65,2244.45
BI100196,2024-01-15,SE,12,172.65,2071.8
BI100196,2024-01-15,SE,12,172.65,2071.8
BI100196,2024-01-15,SE,13,172.65,2244.45
BI100196,2024-01-15,SE,13,172.65,2244.45
BI100196,2024-01-15,SE,13,172.65,2244.45
BI100196,2024-01-15,SE,13,172.65,2244.45
BI100196,2024-01-15,MW,14,172.65,2417.1
BI100196,2024-01-15,MW,14,172.65,2417.1
BI100196,2024-01-15,MW,14,172.65,2417.1
BI100196,2024-01-15,MW,14,172.65,2417.1
BI100196,2024-01-15,MW,14,172.65,2417.1
BI100196,2024-01-15,TX,12,172.65,2071.8
BI100196,2024-01-15,TX,12,172.65,2071.8
BI100196,2024-01-15,TX,12,172.65,2071.8
BI100196,2024-01-15,TX,12,172.65,2071.8
BI100196,2024-01-15,TX,12,172.65,2071.8
BI100196,2024-01-15,TX,12,172.65,2071.8
BI100196,2024-01-15,MTN,13,172.65,2244.45
BI100196,2024-01-15,MTN,13,172.65,2244.45
BI100196,2024-01-15,MTN,13,172.65,2244.45
BI100196,2024-01-15,MTN,13,172.65,2244.45
BI100196,2024-01-15,MTN,13,172.65,2244.45
BI100196,2024-01-15,MTN,13,172.65,2244.45
BI100196,2024-01-15,PSW,13,172.65,2244.45
BI100196,2024-01-15,PSW,13,172.65,2244.45
BI100196,2024-01-15,PSW,13,172.65,2244.45
BI100196,2024-01-15,PSW,14,172.65,2417.1
BI100196,2024-01-15,PSW,14,172.65,2417.1
BI100196,2024-01-15,PSW,14,172.65,2417.1
BI100196,2024-01-15,PNW,12,172.65,2071.8
BI100196,2024-01-15,PNW,12,172.65,2071.8
BI100196,2024-01-15,PNW,12,172.65,2071.8
BI100196,2024-01-15,PNW,12,172.65,2071.8
BI100196,2024-01-15,PNW,12,172.65,2071.8
BI100196,2024-01-15,PNW,12,172.65,2071.8
BI100196,2024-01-15,PNW,12,172.65,2071.8
BI100196,2024-02-15,NE,12,172.65,2071.8
BI100196,2024-02-15,NE,12,172.65,2071.8
BI100196,2024-02-15,NE,12,172.65,2071.8
BI100196,2024-02-15,NE,13,172.65,2244.45
BI100196,2024-02-15,NE,13,172.65,2244.45
BI100196,2024-02-15,NE,13,172.65,2244.45
BI100196,2024-02-15,MA,14,172.65,2417.1
BI100196,2024-02-15,MA,14,172.65,2417.1
BI100196,2024-02-15,MA,14,172.65,2417.1
BI100196,2024-02-15,MA,14,172.65,2417.1
BI100196,2024-02-15,MA,15,172.65,2589.75
BI100196,2024-02-15,SE,13,172.65,2244.45
BI100196,2024-02-15,SE,13,172.65,2244.45
BI100196,2024-02-15,SE,13,172.65,2244.45
BI100196,2024-02-15,SE,14,172.65,2417.1
BI100196,2024-02-15,SE,14,172.65,2417.1
BI100196,2024-02-15,MW,12,172.65,2071.8
BI100196,2024-02-15,MW,12,172.65,2071.8
BI100196,2024-02-15,MW,12,172.65,2071.8
BI100196,2024-02-15,MW,12,172.65,2071.8
BI100196,2024-02-15,MW,12,172.65,2071.8
BI100196,2024-02-15,MW,12,172.65,2071.8
BI100196,2024-02-15,TX,13,172.65,2244.45
BI100196,2024-02-15,TX,13,172.65,2244.45
BI100196,2024-02-15,TX,13,172.65,2244.45
BI100196,2024-02-15,TX,13,172.65,2244.45
BI100196,2024-02-15,TX,13,172.65,2244.45
BI100196,2024-02-15,TX,14,172.65,2417.1
BI100196,2024-02-15,MTN,13,172.65,2244.45
BI100196,2024-02-15,MTN,13,172.65,2244.45
BI100196,2024-02-15,MTN,13,172.65,2244.45
BI100196,2024-02-15,MTN,14,172.65,2417.1
BI100196,2024-02-15,MTN,14,172.65,2417.1
BI100196,2024-02-15,MTN,14,172.65,2417.1
BI100196,2024-02-15,PSW,13,172.65,2244.45
BI100196,2024-02-15,PSW,13,172.65,2244.45
BI100196,2024-02-15,PSW,13,172.65,2244.45
BI100196,2024-02-15,PSW,13,172.65,2244.45
BI100196,2024-02-15,PSW,14,172.65,2417.1
BI100196,2024-02-15,PSW,14,172.65,2417.1
BI100196,2024-02-15,PNW,13,172.65,2244.45
BI100196,2024-02-15,PNW,13,172.65,2244.45
BI100196,2024-02-15,PNW,13,172.65,2244.45
BI100196,2024-02-15,PNW,13,172.65,2244.45
BI100196,2024-02-15,PNW,13,172.65,2244.45
BI100196,2024-02-15,PNW,14,172.65,2417.1
BI100196,2024-03-15,NE,13,172.65,2244.45
BI100196,2024-03-15,NE,14,172.65,2417.1
BI100196,2024-03-15,NE,14,172.65,2417.1
BI100196,2024-03-15,NE,14,172.65,2417.1
BI100196,2024-03-15,NE,14,172.65,2417.1
BI100196,2024-03-15,MA,13,172.65,2244.45
BI100196,2024-03-15,MA,13,172.65,2244.45
BI100196,2024-03-15,MA,13,172.65,2244.45
BI100196,2024-03-15,MA,13,172.65,2244.45
BI100196,2024-03-15,MA,14,172.65,2417.1
BI100196,2024-03-15,SE,14,172.65,2417.1
BI100196,2024-03-15,SE,14,172.65,2417.1
BI100196,2024-03-15,SE,14,172.65,2417.1
BI100196,2024-03-15,SE,14,172.65,2417.1
BI100196,2024-03-15,SE,15,172.65,2589.75
BI100196,2024-03-15,MW,13,172.65,2244.45
BI100196,2024-03-15,MW,13,172.65,2244.45
BI100196,2024-03-15,MW,14,172.65,2417.1
BI100196,2024-03-15,MW,14,172.65,2417.1
BI100196,2024-03-15,MW,14,172.65,2417.1
BI100196,2024-03-15,TX,12,172.65,2071.8
BI100196,2024-03-15,TX,12,172.65,2071.8
BI100196,2024-03-15,TX,12,172.65,2071.8
BI100196,2024-03-15,TX,12,172.65,2071.8
BI100196,2024-03-15,TX,12,172.65,2071.8
BI100196,2024-03-15,TX,13,172.65,2244.45
BI100196,2024-03-15,MTN,13,172.65,2244.45
BI100196,2024-03-15,MTN,13,172.65,2244.45
BI100196,2024-03-15,MTN,13,172.65,2244.45
BI100196,2024-03-15,MTN,14,172.65,2417.1
BI100196,2024-03-15,MTN,14,172.65,2417.1
BI100196,2024-03-15,MTN,14,172.65,2417.1
BI100196,2024-03-15,PSW,13,172.65,2244.45
BI100196,2024-03-15,PSW,13,172.65,2244.45
BI100196,2024-03-15,PSW,13,172.65,2244.45
BI100196,2024-03-15,PSW,13,172.65,2244.45
BI100196,2024-03-15,PSW,13,172.65,2244.45
BI100196,2024-03-15,PSW,14,172.65,2417.1
BI100196,2024-03-15,PNW,13,172.65,2244.45
BI100196,2024-03-15,PNW,13,172.65,2244.45
BI100196,2024-03-15,PNW,13,172.65,2244.45
BI100196,2024-03-15,PNW,13,172.65,2244.45
BI100196,2024-03-15,PNW,13,172.65,2244.45
BI100196,2024-03-15,PNW,14,172.65,2417.1
BI100196,2024-04-15,NE,13,172.65,2244.45
BI100196,2024-04-15,NE,13,172.65,2244.45
BI100196,2024-04-15,NE,13,172.65,2244.45
BI100196,2024-04-15,NE,14,172.65,2417.1
BI100196,2024-04-15,NE,14,172.65,2417.1
BI100196,2024-04-15,MA,12,172.65,2071.8
BI100196,2024-04-15,MA,12,172.65,2071.8
BI100196,2024-04-15,MA,12,172.65,2071.8
BI100196,2024-04-15,MA,13,172.65,2244.45
BI100196,2024-04-15,MA,13,172.65,2244.45
BI100196,2024-04-15,SE,13,172.65,2244.45
BI100196,2024-04-15,SE,13,172.65,2244.45
BI100196,2024-04-15,SE,13,172.65,2244.45
BI100196,2024-04-15,SE,13,172.65,2244.45
BI100196,2024-04-15,SE,13,172.65,2244.45
BI100196,2024-04-15,SE,13,172.65,2244.45
BI100196,2024-04-15,MW,13,172.65,2244.45
BI100196,2024-04-15,MW,13,172.65,2244.45
BI100196,2024-04-15,MW,13,172.65,2244.45
BI100196,2024-04-15,MW,13,172.65,2244.45
BI100196,2024-04-15,MW,14,172.65,2417.1
BI100196,2024-04-15,TX,12,172.65,2071.8
BI100196,2024-04-15,TX,13,172.65,2244.45
BI100196,2024-04-15,TX,13,172.65,2244.45
BI100196,2024-04-15,TX,13,172.65,2244.45
BI100196,2024-04-15,TX,13,172.65,2244.45
BI100196,2024-04-15,TX,13,172.65,2244.45
BI100196,2024-04-15,MTN,12,172.65,2071.8
BI100196,2024-04-15,MTN,12,172.65,2071.8
BI100196,2024-04-15,MTN,12,172.65,2071.8
BI100196,2024-04-15,MTN,12,172.65,2071.8
BI100196,2024-04-15,MTN,12,172.65,2071.8
BI100196,2024-04-15,MTN,12,172.65,2071.8
BI100196,2024-04-15,MTN,12,172.65,2071.8
BI100196,2024-04-15,PSW,12,172.65,2071.8
BI100196,2024-04-15,PSW,12,172.65,2071.8
BI100196,2024-04-15,PSW,13,172.65,2244.45
BI100196,2024-04-15,PSW,13,172.65,2244.45
BI100196,2024-04-15,PSW,13,172.65,2244.45
BI100196,2024-04-15,PSW,13,172.65,2244.45
BI100196,2024-04-15,PNW,13,172.65,2244.45
BI100196,2024-04-15,PNW,14,172.65,2417.1
BI100196,2024-04-15,PNW,14,172.65,2417.1
BI100196,2024-04-15,PNW,14,172.65,2417.1
BI100196,2024-04-15,PNW,14,172.65,2417.1
BI100196,2024-04-15,PNW,14,172.65,2417.1
BI100196,2024-05-15,NE,14,172.65,2417.1
BI100196,2024-05-15,NE,14,172.65,2417.1
BI100196,2024-05-15,NE,14,172.65,2417.1
BI100196,2024-05-15,NE,14,172.65,2417.1
BI100196,2024-05-15,NE,15,172.65,2589.75
BI100196,2024-05-15,MA,13,172.65,2244.45
BI100196,2024-05-15,MA,13,172.65,2244.45
BI100196,2024-05-15,MA,13,172.65,2244.45
BI100196,2024-05-15,MA,14,172.65,2417.1
BI100196,2024-05-15,MA,14,172.65,2417.1
BI100196,2024-05-15,SE,14,172.65,2417.1
BI100196,2024-05-15,SE,14,172.65,2417.1
BI100196,2024-05-15,SE,14,172.65,2417.1
BI100196,2024-05-15,SE,14,172.65,2417.1
BI100196,2024-05-15,SE,14,172.65,2417.1
BI100196,2024-05-15,MW,12,172.65,2071.8
BI100196,2024-05-15,MW,12,172.65,2071.8
BI100196,2024-05-15,MW,12,172.65,2071.8
BI100196,2024-05-15,MW,12,172.65,2071.8
BI100196,2024-05-15,MW,12,172.65,2071.8
BI100196,2024-05-15,MW,12,172.65,2071.8
BI100196,2024-05-15,TX,12,172.65,2071.8
BI100196,2024-05-15,TX,12,172.65,2071.8
BI100196,2024-05-15,TX,12,172.65,2071.8
BI100196,2024-05-15,TX,12,172.65,2071.8
BI100196,2024-05-15,TX,12,172.65,2071.8
BI100196,2024-05-15,TX,12,172.65,2071.8
BI100196,2024-05-15,MTN,12,172.65,2071.8
BI100196,2024-05-15,MTN,12,172.65,2071.8
BI100196,2024-05-15,MTN,12,172.65,2071.8
BI100196,2024-05-15,MTN,12,172.65,2071.8
BI100196,2024-05-15,MTN,13,172.65,2244.45
BI100196,2024-05-15,MTN,13,172.65,2244.45
BI100196,2024-05-15,MTN,13,172.65,2244.45
BI100196,2024-05-15,PSW,13,172.65,2244.45
BI100196,2024-05-15,PSW,13,172.65,2244.45
BI100196,2024-05-15,PSW,13,172.65,2244.45
BI100196,2024-05-15,PSW,13,172.65,2244.45
BI100196,2024-05-15,PSW,14,172.65,2417.1
BI100196,2024-05-15,PSW,14,172.65,2417.1
BI100196,2024-05-15,PNW,12,172.65,2071.8
BI100196,2024-05-15,PNW,12,172.65,2071.8
BI100196,2024-05-15,PNW,13,172.65,2244.45
BI100196,2024-05-15,PNW,13,172.65,2244.45
BI100196,2024-05-15,PNW,13,172.65,2244.45
BI100196,2024-05-15,PNW,13,172.65,2244.45
BI100196,2024-05-15,PNW,13,172.65,2244.45
BI100196,2024-06-15,NE,12,172.65,2071.8
BI100196,2024-06-15,NE,12,172.65,2071.8
BI100196,2024-06-15,NE,13,172.65,2244.45
BI100196,2024-06-15,NE,13,172.65,2244.45
BI100196,2024-06-15,NE,13,172.65,2244.45
BI100196,2024-06-15,NE,13,172.65,2244.45
BI100196,2024-06-15,MA,14,172.65,2417.1
BI100196,2024-06-15,MA,14,172.65,2417.1
BI100196,2024-06-15,MA,14,172.65,2417.1
BI100196,2024-06-15,MA,14,172.65,2417.1
BI100196,2024-06-15,MA,15,172.65,2589.75
BI100196,2024-06-15,SE,13,172.65,2244.45
BI100196,2024-06-15,SE,13,172.65,2244.45
BI100196,2024-06-15,SE,13,172.65,2244.45
BI100196,2024-06-15,SE,13,172.65,2244.45
BI100196,2024-06-15,SE,13,172.65,2244.45
BI100196,2024-06-15,SE,13,172.65,2244.45
BI100196,2024-06-15,MW,13,172.65,2244.45
BI100196,2024-06-15,MW,14,172.65,2417.1
BI100196,2024-06-15,MW,14,172.65,2417.1
BI100196,2024-06-15,MW,14,172.65,2417.1
BI100196,2024-06-15,MW,14,172.65,2417.1
BI100196,2024-06-15,TX,12,172.65,2071.8
BI100196,2024-06-15,TX,12,172.65,2071.8
BI100196,2024-06-15,TX,12,172.65,2071.8
BI100196,2024-06-15,TX,13,172.65,2244.45
BI100196,2024-06-15,TX,13,172.65,2244.45
BI100196,2024-06-15,TX,13,172.65,2244.45
BI100196,2024-06-15,MTN,13,172.65,2244.45
BI100196,2024-06-15,MTN,13,172.65,2244.45
BI100196,2024-06-15,MTN,13,172.65,2244.45
BI100196,2024-06-15,MTN,13,172.65,2244.45
BI100196,2024-06-15,MTN,13,172.65,2244.45
BI100196,2024-06-15,MTN,13,172.65,2244.45
BI100196,2024-06-15,PSW,13,172.65,2244.45
BI100196,2024-06-15,PSW,14,172.65,2417.1
BI100196,2024-06-15,PSW,14,172.65,2417.1
BI100196,2024-06-15,PSW,14,172.65,2417.1
BI100196,2024-06-15,PSW,14,172.65,2417.1
BI100196,2024-06-15,PSW,14,172.65,2417.1
BI100196,2024-06-15,PNW,12,172.65,2071.8
BI100196,2024-06-15,PNW,12,172.65,2071.8
BI100196,2024-06-15,PNW,13,172.65,2244.45
BI100196,2024-06-15,PNW,13,172.65,2244.45
BI100196,2024-06-15,PNW,13,172.65,2244.45
BI100196,2024-06-15,PNW,13,172.65,2244.45
BI100196,2024-06-15,PNW,13,172.65,2244.45
BI100196,2024-07-15,NE,12,172.65,2071.8
BI100196,2024-07-15,NE,13,172.65,2244.45
BI100196,2024-07-15,NE,13,172.65,2244.45
BI100196,2024-07-15,NE,13,172.65,2244.45
BI100196,2024-07-15,NE,13,172.65,2244.45
BI100196,2024-07-15,NE,13,172.65,2244.45
BI100196,2024-07-15,MA,14,172.65,2417.1
BI100196,2024-07-15,MA,14,172.65,2417.1
BI100196,2024-07-15,MA,14,172.65,2417.1
BI100196,2024-07-15,MA,14,172.65,2417.1
BI100196,2024-07-15,MA,14,172.65,2417.1
BI100196,2024-07-15,SE,12,172.65,2071.8
BI100196,2024-07-15,SE,13,172.65,2244.45
BI100196,2024-07-15,SE,13,172.65,2244.45
BI100196,2024-07-15,SE,13,172.65,2244.45
BI100196,2024-07-15,SE,13,172.65,2244.45
BI100196,2024-07-15,SE,13,172.65,2244.45
BI100196,2024-07-15,MW,14,172.65,2417.1
BI100196,2024-07-15,MW,14,172.65,2417.1
BI100196,2024-07-15,MW,14,172.65,2417.1
BI100196,2024-07-15,MW,14,172.65,2417.1
BI100196,2024-07-15,MW,15,172.65,2589.75
BI100196,2024-07-15,TX,12,172.65,2071.8
BI100196,2024-07-15,TX,12,172.65,2071.8
BI100196,2024-07-15,TX,12,172.65,2071.8
BI100196,2024-07-15,TX,12,172.65,2071.8
BI100196,2024-07-15,TX,13,172.65,2244.45
BI100196,2024-07-15,TX,13,172.65,2244.45
BI100196,2024-07-15,MTN,13,172.65,2244.45
BI100196,2024-07-15,MTN,13,172.65,2244.45
BI100196,2024-07-15,MTN,13,172.65,2244.45
BI100196,2024-07-15,MTN,13,172.65,2244.45
BI100196,2024-07-15,MTN,14,172.65,2417.1
BI100196,2024-07-15,MTN,14,172.65,2417.1
BI100196,2024-07-15,PSW,12,172.65,2071.8
BI100196,2024-07-15,PSW,12,172.65,2071.8
BI100196,2024-07-15,PSW,12,172.65,2071.8
BI100196,2024-07-15,PSW,12,172.65,2071.8
BI100196,2024-07-15,PSW,12,172.65,2071.8
BI100196,2024-07-15,PSW,13,172.65,2244.45
BI100196,2024-07-15,PSW,13,172.65,2244.45
BI100196,2024-07-15,PNW,12,172.65,2071.8
BI100196,2024-07-15,PNW,12,172.65,2071.8
BI100196,2024-07-15,PNW,12,172.65,2071.8
BI100196,2024-07-15,PNW,12,172.65,2071.8
BI100196,2024-07-15,PNW,12,172.65,2071.8
BI100196,2024-07-15,PNW,12,172.65,2071.8
BI100196,2024-07-15,PNW,13,172.65,2244.45
BI100196,2024-08-15,NE,13,172.65,2244.45
BI100196,2024-08-15,NE,13,172.65,2244.45
BI100196,2024-08-15,NE,14,172.65,2417.1
BI100196,2024-08-15,NE,14,172.65,2417.1
BI100196,2024-08-15,NE,14,172.65,2417.1
BI100196,2024-08-15,MA,13,172.65,2244.45
BI100196,2024-08-15,MA,13,172.65,2244.45
BI100196,2024-08-15,MA,13,172.65,2244.45
BI100196,2024-08-15,MA,13,172.65,2244.45
BI100196,2024-08-15,MA,13,172.65,2244.45
BI100196,2024-08-15,SE,12,172.65,2071.8
BI100196,2024-08-15,SE,12,172.65,2071.8
BI100196,2024-08-15,SE,12,172.65,2071.8
BI100196,2024-08-15,SE,13,172.65,2244.45
BI100196,2024-08-15,SE,13,172.65,2244.45
BI100196,2024-08-15,SE,13,172.65,2244.45
BI100196,2024-08-15,MW,12,172.65,2071.8
BI100196,2024-08-15,MW,12,172.65,2071.8
BI100196,2024-08-15,MW,12,172.65,2071.8
BI100196,2024-08-15,MW,12,172.65,2071.8
BI100196,2024-08-15,MW,12,172.65,2071.8
BI100196,2024-08-15,MW,13,172.65,2244.45
BI100196,2024-08-15,TX,13,172.65,2244.45
BI100196,2024-08-15,TX,13,172.65,2244.45
BI100196,2024-08-15,TX,13,172.65,2244.45
BI100196,2024-08-15,TX,14,172.65,2417.1
BI100196,2024-08-15,TX,14,172.65,2417.1
BI100196,2024-08-15,TX,14,172.65,2417.1
BI100196,2024-08-15,MTN,12,172.65,2071.8
BI100196,2024-08-15,MTN,12,172.65,2071.8
BI100196,2024-08-15,MTN,12,172.65,2071.8
BI100196,2024-08-15,MTN,12,172.65,2071.8
BI100196,2024-08-15,MTN,12,172.65,2071.8
BI100196,2024-08-15,MTN,13,172.65,2244.45
BI100196,2024-08-15,MTN,13,172.65,2244.45
BI100196,2024-08-15,PSW,13,172.65,2244.45
BI100196,2024-08-15,PSW,13,172.65,2244.45
BI100196,2024-08-15,PSW,13,172.65,2244.45
BI100196,2024-08-15,PSW,13,172.65,2244.45
BI100196,2024-08-15,PSW,14,172.65,2417.1
BI100196,2024-08-15,PSW,14,172.65,2417.1
BI100196,2024-08-15,PNW,13,172.65,2244.45
BI100196,2024-08-15,PNW,13,172.65,2244.45
BI100196,2024-08-15,PNW,13,172.65,2244.45
BI100196,2024-08-15,PNW,13,172.65,2244.45
BI100196,2024-08-15,PNW,14,172.65,2417.1
BI100196,2024-08-15,PNW,14,172.65,2417.1
BI100196,2024-08-15,PNW,14,172.65,2417.1
BI100196,2024-09-15,NE,13,172.65,2244.45
BI100196,2024-09-15,NE,13,172.65,2244.45
BI100196,2024-09-15,NE,14,172.65,2417.1
BI100196,2024-09-15,NE,14,172.65,2417.1
BI100196,2024-09-15,NE,14,172.65,2417.1
BI100196,2024-09-15,MA,12,172.65,2071.8
BI100196,2024-09-15,MA,12,172.65,2071.8
BI100196,2024-09-15,MA,12,172.65,2071.8
BI100196,2024-09-15,MA,12,172.65,2071.8
BI100196,2024-09-15,MA,12,172.65,2071.8
BI100196,2024-09-15,MA,13,172.65,2244.45
BI100196,2024-09-15,SE,13,172.65,2244.45
BI100196,2024-09-15,SE,13,172.65,2244.45
BI100196,2024-09-15,SE,13,172.65,2244.45
BI100196,2024-09-15,SE,13,172.65,2244.45
BI100196,2024-09-15,SE,13,172.65,2244.45
BI100196,2024-09-15,SE,13,172.65,2244.45
BI100196,2024-09-15,MW,12,172.65,2071.8
BI100196,2024-09-15,MW,12,172.65,2071.8
BI100196,2024-09-15,MW,12,172.65,2071.8
BI100196,2024-09-15,MW,12,172.65,2071.8
BI100196,2024-09-15,MW,12,172.65,2071.8
BI100196,2024-09-15,MW,12,172.65,2071.8
BI100196,2024-09-15,TX,13,172.65,2244.45
BI100196,2024-09-15,TX,13,172.65,2244.45
BI100196,2024-09-15,TX,13,172.65,2244.45
BI100196,2024-09-15,TX,13,172.65,2244.45
BI100196,2024-09-15,TX,14,172.65,2417.1
BI100196,2024-09-15,TX,14,172.65,2417.1
BI100196,2024-09-15,MTN,13,172.65,2244.45
BI100196,2024-09-15,MTN,13,172.65,2244.45
BI100196,2024-09-15,MTN,13,172.65,2244.45
BI100196,2024-09-15,MTN,13,172.65,2244.45
BI100196,2024-09-15,MTN,14,172.65,2417.1
BI100196,2024-09-15,MTN,14,172.65,2417.1
BI100196,2024-09-15,PSW,12,172.65,2071.8
BI100196,2024-09-15,PSW,12,172.65,2071.8
BI100196,2024-09-15,PSW,12,172.65,2071.8
BI100196,2024-09-15,PSW,12,172.65,2071.8
BI100196,2024-09-15,PSW,13,172.65,2244.45
BI100196,2024-09-15,PSW,13,172.65,2244.45
BI100196,2024-09-15,PSW,13,172.65,2244.45
BI100196,2024-09-15,PNW,12,172.65,2071.8
BI100196,2024-09-15,PNW,12,172.65,2071.8
BI100196,2024-09-15,PNW,12,172.65,2071.8
BI100196,2024-09-15,PNW,12,172.65,2071.8
BI100196,2024-09-15,PNW,12,172.65,2071.8
BI100196,2024-09-15,PNW,12,172.65,2071.8
BI100196,2024-09-15,PNW,13,172.65,2244.45
BI100196,2024-10-15,NE,14,172.65,2417.1
BI100196,2024-10-15,NE,14,172.65,2417.1
BI100196,2024-10-15,NE,14,172.65,2417.1
BI100196,2024-10-15,NE,14,172.65,2417.1
BI100196,2024-10-15,NE,14,172.65,2417.1
BI100196,2024-10-15,MA,14,172.65,2417.1
BI100196,2024-10-15,MA,14,172.65,2417.1
BI100196,2024-10-15,MA,14,172.65,2417.1
BI100196,2024-10-15,MA,14,172.65,2417.1
BI100196,2024-10-15,MA,14,172.65,2417.1
BI100196,2024-10-15,SE,14,172.65,2417.1
BI100196,2024-10-15,SE,14,172.65,2417.1
BI100196,2024-10-15,SE,14,172.65,2417.1
BI100196,2024-10-15,SE,14,172.65,2417.1
BI100196,2024-10-15,SE,15,172.65,2589.75
BI100196,2024-10-15,MW,13,172.65,2244.45
BI100196,2024-10-15,MW,13,172.65,2244.45
BI100196,2024-10-15,MW,13,172.65,2244.45
BI100196,2024-10-15,MW,14,172.65,2417.1
BI100196,2024-10-15,MW,14,172.65,2417.1
BI100196,2024-10-15,TX,12,172.65,2071.8
BI100196,2024-10-15,TX,13,172.65,2244.45
BI100196,2024-10-15,TX,13,172.65,2244.45
BI100196,2024-10-15,TX,13,172.65,2244.45
BI100196,2024-10-15,TX,13,172.65,2244.45
BI100196,2024-10-15,TX,13,172.65,2244.45
BI100196,2024-10-15,MTN,13,172.65,2244.45
BI100196,2024-10-15,MTN,13,172.65,2244.45
BI100196,2024-10-15,MTN,13,172.65,2244.45
BI100196,2024-10-15,MTN,13,172.65,2244.45
BI100196,2024-10-15,MTN,13,172.65,2244.45
BI100196,2024-10-15,MTN,13,172.65,2244.45
BI100196,2024-10-15,PSW,13,172.65,2244.45
BI100196,2024-10-15,PSW,13,172.65,2244.45
BI100196,2024-10-15,PSW,14,172.65,2417.1
BI100196,2024-10-15,PSW,14,172.65,2417.1
BI100196,2024-10-15,PSW,14,172.65,2417.1
BI100196,2024-10-15,PSW,14,172.65,2417.1
BI100196,2024-10-15,PNW,13,172.65,2244.45
BI100196,2024-10-15,PNW,14,172.65,2417.1
BI100196,2024-10-15,PNW,14,172.65,2417.1
BI100196,2024-10-15,PNW,14,172.65,2417.1
BI100196,2024-10-15,PNW,14,172.65,2417.1
BI100196,2024-10-15,PNW,14,172.65,2417.1
BI100196,2024-11-15,NE,13,172.65,2244.45
BI100196,2024-11-15,NE,13,172.65,2244.45
BI100196,2024-11-15,NE,13,172.65,2244.45
BI100196,2024-11-15,NE,13,172.65,2244.45
BI100196,2024-11-15,NE,13,172.65,2244.45
BI100196,2024-11-15,NE,14,172.65,2417.1
BI100196,2024-11-15,MA,12,172.65,2071.8
BI100196,2024-11-15,MA,12,172.65,2071.8
BI100196,2024-11-15,MA,12,172.65,2071.8
BI100196,2024-11-15,MA,13,172.65,2244.45
BI100196,2024-11-15,MA,13,172.65,2244.45
BI100196,2024-11-15,MA,13,172.65,2244.45
BI100196,2024-11-15,SE,13,172.65,2244.45
BI100196,2024-11-15,SE,13,172.65,2244.45
BI100196,2024-11-15,SE,13,172.65,2244.45
BI100196,2024-11-15,SE,13,172.65,2244.45
BI100196,2024-11-15,SE,13,172.65,2244.45
BI100196,2024-11-15,SE,14,172.65,2417.1
BI100196,2024-11-15,MW,12,172.65,2071.8
BI100196,2024-11-15,MW,12,172.65,2071.8
BI100196,2024-11-15,MW,13,172.65,2244.45
BI100196,2024-11-15,MW,13,172.65,2244.45
BI100196,2024-11-15,MW,13,172.65,2244.45
BI100196,2024-11-15,MW,13,172.65,2244.45
BI100196,2024-11-15,TX,12,172.65,2071.8
BI100196,2024-11-15,TX,12,172.65,2071.8
BI100196,2024-11-15,TX,12,172.65,2071.8
BI100196,2024-11-15,TX,12,172.65,2071.8
BI100196,2024-11-15,TX,12,172.65,2071.8
BI100196,2024-11-15,TX,13,172.65,2244.45
BI100196,2024-11-15,MTN,12,172.65,2071.8
BI100196,2024-11-15,MTN,12,172.65,2071.8
BI100196,2024-11-15,MTN,13,172.65,2244.45
BI100196,2024-11-15,MTN,13,172.65,2244.45
BI100196,2024-11-15,MTN,13,172.65,2244.45
BI100196,2024-11-15,MTN,13,172.65,2244.45
BI100196,2024-11-15,MTN,13,172.65,2244.45
BI100196,2024-11-15,PSW,13,172.65,2244.45
BI100196,2024-11-15,PSW,13,172.65,2244.45
BI100196,2024-11-15,PSW,13,172.65,2244.45
BI100196,2024-11-15,PSW,13,172.65,2244.45
BI100196,2024-11-15,PSW,13,172.65,2244.45
BI100196,2024-11-15,PSW,13,172.65,2244.45
BI100196,2024-11-15,PNW,12,172.65,2071.8
BI100196,2024-11-15,PNW,12,172.65,2071.8
BI100196,2024-11-15,PNW,12,172.65,2071.8
BI100196,2024-11-15,PNW,12,172.65,2071.8
BI100196,2024-11-15,PNW,12,172.65,2071.8
BI100196,2024-11-15,PNW,12,172.65,2071.8
BI100196,2024-11-15,PNW,13,172.65,2244.45
BI100196,2024-12-15,NE,12,172.65,2071.8
BI100196,2024-12-15,NE,12,172.65,2071.8
BI100196,2024-12-15,NE,12,172.65,2071.8
BI100196,2024-12-15,NE,12,172.65,2071.8
BI100196,2024-12-15,NE,12,172.65,2071.8
BI100196,2024-12-15,NE,13,172.65,2244.45
BI100196,2024-12-15,MA,13,172.65,2244.45
BI100196,2024-12-15,MA,13,172.65,2244.45
BI100196,2024-12-15,MA,14,172.65,2417.1
BI100196,2024-12-15,MA,14,172.65,2417.1
BI100196,2024-12-15,MA,14,172.65,2417.1
BI100196,2024-12-15,SE,12,172.65,2071.8
BI100196,2024-12-15,SE,12,172.65,2071.8
BI100196,2024-12-15,SE,12,172.65,2071.8
BI100196,2024-12-15,SE,12,172.65,2071.8
BI100196,2024-12-15,SE,12,172.65,2071.8
BI100196,2024-12-15,SE,13,172.65,2244.45
BI100196,2024-12-15,MW,12,172.65,2071.8
BI100196,2024-12-15,MW,12,172.65,2071.8
BI100196,2024-12-15,MW,12,172.65,2071.8
BI100196,2024-12-15,MW,12,172.65,2071.8
BI100196,2024-12-15,MW,12,172.65,2071.8
BI100196,2024-12-15,MW,13,172.65,2244.45
BI100196,2024-12-15,TX,12,172.65,2071.8
BI100196,2024-12-15,TX,12,172.65,2071.8
BI100196,2024-12-15,TX,12,172.65,2071.8
BI100196,2024-12-15,TX,13,172.65,2244.45
BI100196,2024-12-15,TX,13,172.65,2244.45
BI100196,2024-12-15,TX,13,172.65,2244.45
BI100196,2024-12-15,MTN,13,172.65,2244.45
BI100196,2024-12-15,MTN,13,172.65,2244.45
BI100196,2024-12-15,MTN,13,172.65,2244.45
BI100196,2024-12-15,MTN,13,172.65,2244.45
BI100196,2024-12-15,MTN,13,172.65,2244.45
BI100196,2024-12-15,MTN,14,172.65,2417.1
BI100196,2024-12-15,PSW,12,172.65,2071.8
BI100196,2024-12-15,PSW,12,172.65,2071.8
BI100196,2024-12-15,PSW,12,172.65,2071.8
BI100196,2024-12-15,PSW,13,172.65,2244.45
BI100196,2024-12-15,PSW,13,172.65,2244.45
BI100196,2024-12-15,PSW,13,172.65,2244.45
BI100196,2024-12-15,PSW,13,172.65,2244.45
BI100196,2024-12-15,PNW,12,172.65,2071.8
BI100196,2024-12-15,PNW,12,172.65,2071.8
BI100196,2024-12-15,PNW,12,172.65,2071.8
BI100196,2024-12-15,PNW,12,172.65,2071.8
BI100196,2024-12-15,PNW,12,172.65,2071.8
BI100196,2024-12-15,PNW,12,172.65,2071.8
BI100196,2024-12-15,PNW,13,172.65,2244.45
BI100196,2025-01-15,NE,13,172.65,2244.45
BI100196,2025-01-15,NE,13,172.65,2244.45
BI100196,2025-01-15,NE,13,172.65,2244.45
BI100196,2025-01-15,NE,13,172.65,2244.45
BI100196,2025-01-15,NE,14,172.65,2417.1
BI100196,2025-01-15,NE,14,172.65,2417.1
BI100196,2025-01-15,MA,14,172.65,2417.1
BI100196,2025-01-15,MA,14,172.65,2417.1
BI100196,2025-01-15,MA,14,172.65,2417.1
BI100196,2025-01-15,MA,14,172.65,2417.1
BI100196,2025-01-15,MA,14,172.65,2417.1
BI100196,2025-01-15,SE,13,172.65,2244.45
BI100196,2025-01-15,SE,13,172.65,2244.45
BI100196,2025-01-15,SE,13,172.65,2244.45
BI100196,2025-01-15,SE,13,172.65,2244.45
BI100196,2025-01-15,SE,13,172.65,2244.45
BI100196,2025-01-15,SE,13,172.65,2244.45
BI100196,2025-01-15,MW,13,172.65,2244.45
BI100196,2025-01-15,MW,14,172.65,2417.1
BI100196,2025-01-15,MW,14,172.65,2417.1
BI100196,2025-01-15,MW,14,172.65,2417.1
BI100196,2025-01-15,MW,14,172.65,2417.1
BI100196,2025-01-15,TX,13,172.65,2244.45
BI100196,2025-01-15,TX,13,172.65,2244.45
BI100196,2025-01-15,TX,13,172.65,2244.45
BI100196,2025-01-15,TX,13,172.65,2244.45
BI100196,2025-01-15,TX,14,172.65,2417.1
BI100196,2025-01-15,TX,14,172.65,2417.1
BI100196,2025-01-15,MTN,13,172.65,2244.45
BI100196,2025-01-15,MTN,13,172.65,2244.45
BI100196,2025-01-15,MTN,14,172.65,2417.1
BI100196,2025-01-15,MTN,14,172.65,2417.1
BI100196,2025-01-15,MTN,14,172.65,2417.1
BI100196,2025-01-15,MTN,14,172.65,2417.1
BI100196,2025-01-15,PSW,13,172.65,2244.45
BI100196,2025-01-15,PSW,13,172.65,2244.45
BI100196,2025-01-15,PSW,13,172.65,2244.45
BI100196,2025-01-15,PSW,13,172.65,2244.45
BI100196,2025-01-15,PSW,14,172.65,2417.1
BI100196,2025-01-15,PSW,14,172.65,2417.1
BI100196,2025-01-15,PNW,13,172.65,2244.45
BI100196,2025-01-15,PNW,13,172.65,2244.45
BI100196,2025-01-15,PNW,13,172.65,2244.45
BI100196,2025-01-15,PNW,13,172.65,2244.45
BI100196,2025-01-15,PNW,13,172.65,2244.45
BI100196,2025-01-15,PNW,14,172.65,2417.1
BI100196,2025-01-15,PNW,14,172.65,2417.1
BI100196,2025-02-15,NE,12,172.65,2071.8
BI100196,2025-02-15,NE,12,172.65,2071.8
BI100196,2025-02-15,NE,13,172.65,2244.45
BI100196,2025-02-15,NE,13,172.65,2244.45
BI100196,2025-02-15,NE,13,172.65,2244.45
BI100196,2025-02-15,NE,13,172.65,2244.45
BI100196,2025-02-15,MA,14,172.65,2417.1
BI100196,2025-02-15,MA,14,172.65,2417.1
BI100196,2025-02-15,MA,14,172.65,2417.1
BI100196,2025-02-15,MA,14,172.65,2417.1
BI100196,2025-02-15,MA,14,172.65,2417.1
BI100196,2025-02-15,SE,13,172.65,2244.45
BI100196,2025-02-15,SE,13,172.65,2244.45
BI100196,2025-02-15,SE,13,172.65,2244.45
BI100196,2025-02-15,SE,14,172.65,2417.1
BI100196,2025-02-15,SE,14,172.65,2417.1
BI100196,2025-02-15,SE,14,172.65,2417.1
BI100196,2025-02-15,MW,12,172.65,2071.8
BI100196,2025-02-15,MW,12,172.65,2071.8
BI100196,2025-02-15,MW,12,172.65,2071.8
BI100196,2025-02-15,MW,12,172.65,2071.8
BI100196,2025-02-15,MW,12,172.65,2071.8
BI100196,2025-02-15,MW,13,172.65,2244.45
BI100196,2025-02-15,TX,13,172.65,2244.45
BI100196,2025-02-15,TX,13,172.65,2244.45
BI100196,2025-02-15,TX,13,172.65,2244.45
BI100196,2025-02-15,TX,14,172.65,2417.1
BI100196,2025-02-15,TX,14,172.65,2417.1
BI100196,2025-02-15,TX,14,172.65,2417.1
BI100196,2025-02-15,MTN,13,172.65,2244.45
BI100196,2025-02-15,MTN,13,172.65,2244.45
BI100196,2025-02-15,MTN,13,172.65,2244.45
BI100196,2025-02-15,MTN,13,172.65,2244.45
BI100196,2025-02-15,MTN,13,172.65,2244.45
BI100196,2025-02-15,MTN,13,172.65,2244.45
BI100196,2025-02-15,MTN,13,172.65,2244.45
BI100196,2025-02-15,PSW,12,172.65,2071.8
BI100196,2025-02-15,PSW,12,172.65,2071.8
BI100196,2025-02-15,PSW,12,172.65,2071.8
BI100196,2025-02-15,PSW,12,172.65,2071.8
BI100196,2025-02-15,PSW,12,172.65,2071.8
BI100196,2025-02-15,PSW,13,172.65,2244.45
BI100196,2025-02-15,PSW,13,172.65,2244.45
BI100196,2025-02-15,PNW,12,172.65,2071.8
BI100196,2025-02-15,PNW,12,172.65,2071.8
BI100196,2025-02-15,PNW,12,172.65,2071.8
BI100196,2025-02-15,PNW,12,172.65,2071.8
BI100196,2025-02-15,PNW,12,172.65,2071.8
BI100196,2025-02-15,PNW,12,172.65,2071.8
BI100196,2025-02-15,PNW,12,172.65,2071.8
BI100196,2025-02-15,PNW,12,172.65,2071.8
BI100196,2025-03-15,NE,13,172.65,2244.45
BI100196,2025-03-15,NE,14,172.65,2417.1
BI100196,2025-03-15,NE,14,172.65,2417.1
BI100196,2025-03-15,NE,14,172.65,2417.1
BI100196,2025-03-15,NE,14,172.65,2417.1
BI100196,2025-03-15,MA,12,172.65,2071.8
BI100196,2025-03-15,MA,12,172.65,2071.8
BI100196,2025-03-15,MA,12,172.65,2071.8
BI100196,2025-03-15,MA,12,172.65,2071.8
BI100196,2025-03-15,MA,13,172.65,2244.45
BI100196,2025-03-15,MA,13,172.65,2244.45
BI100196,2025-03-15,SE,12,172.65,2071.8
BI100196,2025-03-15,SE,12,172.65,2071.8
BI100196,2025-03-15,SE,13,172.65,2244.45
BI100196,2025-03-15,SE,13,172.65,2244.45
BI100196,2025-03-15,SE,13,172.65,2244.45
BI100196,2025-03-15,SE,13,172.65,2244.45
BI100196,2025-03-15,MW,12,172.65,2071.8
BI100196,2025-03-15,MW,12,172.65,2071.8
BI100196,2025-03-15,MW,12,172.65,2071.8
BI100196,2025-03-15,MW,13,172.65,2244.45
BI100196,2025-03-15,MW,13,172.65,2244.45
BI100196,2025-03-15,MW,13,172.65,2244.45
BI100196,2025-03-15,TX,12,172.65,2071.8
BI100196,2025-03-15,TX,12,172.65,2071.8
BI100196,2025-03-15,TX,12,172.65,2071.8
BI100196,2025-03-15,TX,12,172.65,2071.8
BI100196,2025-03-15,TX,12,172.65,2071.8
BI100196,2025-03-15,TX,12,172.65,2071.8
BI100196,2025-03-15,TX,13,172.65,2244.45
BI100196,2025-03-15,MTN,13,172.65,2244.45
BI100196,2025-03-15,MTN,13,172.65,2244.45
BI100196,2025-03-15,MTN,14,172.65,2417.1
BI100196,2025-03-15,MTN,14,172.65,2417.1
BI100196,2025-03-15,MTN,14,172.65,2417.1
BI100196,2025-03-15,MTN,14,172.65,2417.1
BI100196,2025-03-15,PSW,13,172.65,2244.45
BI100196,2025-03-15,PSW,13,172.65,2244.45
BI100196,2025-03-15,PSW,13,172.65,2244.45
BI100196,2025-03-15,PSW,13,172.65,2244.45
BI100196,2025-03-15,PSW,13,172.65,2244.45
BI100196,2025-03-15,PSW,13,172.65,2244.45
BI100196,2025-03-15,PSW,14,172.65,2417.1
BI100196,2025-03-15,PNW,12,172.65,2071.8
BI100196,2025-03-15,PNW,12,172.65,2071.8
BI100196,2025-03-15,PNW,12,172.65,2071.8
BI100196,2025-03-15,PNW,12,172.65,2071.8
BI100196,2025-03-15,PNW,12,172.65,2071.8
BI100196,2025-03-15,PNW,12,172.65,2071.8
BI100196,2025-03-15,PNW,12,172.65,2071.8
BI100196,2025-03-15,PNW,13,172.65,2244.45
BI100196,2025-04-15,NE,14,172.65,2417.1
BI100196,2025-04-15,NE,14,172.65,2417.1
BI100196,2025-04-15,NE,14,172.65,2417.1
BI100196,2025-04-15,NE,14,172.65,2417.1
BI100196,2025-04-15,NE,15,172.65,2589.75
BI100196,2025-04-15,MA,13,172.65,2244.45
BI100196,2025-04-15,MA,13,172.65,2244.45
BI100196,2025-04-15,MA,14,172.65,2417.1
BI100196,2025-04-15,MA,14,172.65,2417.1
BI100196,2025-04-15,MA,14,172.65,2417.1
BI100196,2025-04-15,SE,12,172.65,2071.8
BI100196,2025-04-15,SE,12,172.65,2071.8
BI100196,2025-04-15,SE,12,172.65,2071.8
BI100196,2025-04-15,SE,12,172.65,2071.8
BI100196,2025-04-15,SE,12,172.65,2071.8
BI100196,2025-04-15,SE,12,172.65,2071.8
BI100196,2025-04-15,SE,12,172.65,2071.8
BI100196,2025-04-15,MW,12,172.65,2071.8
BI100196,2025-04-15,MW,12,172.65,2071.8
BI100196,2025-04-15,MW,12,172.65,2071.8
BI100196,2025-04-15,MW,12,172.65,2071.8
BI100196,2025-04-15,MW,12,172.65,2071.8
BI100196,2025-04-15,MW,12,172.65,2071.8
BI100196,2025-04-15,TX,12,172.65,2071.8
BI100196,2025-04-15,TX,12,172.65,2071.8
BI100196,2025-04-15,TX,12,172.65,2071.8
BI100196,2025-04-15,TX,12,172.65,2071.8
BI100196,2025-04-15,TX,12,172.65,2071.8
BI100196,2025-04-15,TX,13,172.65,2244.45
BI100196,2025-04-15,TX,13,172.65,2244.45
BI100196,2025-04-15,MTN,13,172.65,2244.45
BI100196,2025-04-15,MTN,13,172.65,2244.45
BI100196,2025-04-15,MTN,13,172.65,2244.45
BI100196,2025-04-15,MTN,13,172.65,2244.45
BI100196,2025-04-15,MTN,13,172.65,2244.45
BI100196,2025-04-15,MTN,13,172.65,2244.45
BI100196,2025-04-15,MTN,14,172.65,2417.1
BI100196,2025-04-15,PSW,12,172.65,2071.8
BI100196,2025-04-15,PSW,12,172.65,2071.8
BI100196,2025-04-15,PSW,12,172.65,2071.8
BI100196,2025-04-15,PSW,12,172.65,2071.8
BI100196,2025-04-15,PSW,12,172.65,2071.8
BI100196,2025-04-15,PSW,12,172.65,2071.8
BI100196,2025-04-15,PSW,12,172.65,2071.8
BI100196,2025-04-15,PNW,13,172.65,2244.45
BI100196,2025-04-15,PNW,13,172.65,2244.45
BI100196,2025-04-15,PNW,13,172.65,2244.45
BI100196,2025-04-15,PNW,13,172.65,2244.45
BI100196,2025-04-15,PNW,13,172.65,2244.45
BI100196,2025-04-15,PNW,13,172.65,2244.45
BI100196,2025-04-15,PNW,14,172.65,2417.1
BI100196,2025-05-15,NE,14,172.65,2417.1
BI100196,2025-05-15,NE,14,172.65,2417.1
BI100196,2025-05-15,NE,14,172.65,2417.1
BI100196,2025-05-15,NE,14,172.65,2417.1
BI100196,2025-05-15,NE,15,172.65,2589.75
BI100196,2025-05-15,MA,12,172.65,2071.8
BI100196,2025-05-15,MA,12,172.65,2071.8
BI100196,2025-05-15,MA,12,172.65,2071.8
BI100196,2025-05-15,MA,12,172.65,2071.8
BI100196,2025-05-15,MA,12,172.65,2071.8
BI100196,2025-05-15,MA,13,172.65,2244.45
BI100196,2025-05-15,SE,13,172.65,2244.45
BI100196,2025-05-15,SE,13,172.65,2244.45
BI100196,2025-05-15,SE,13,172.65,2244.45
BI100196,2025-05-15,SE,13,172.65,2244.45
BI100196,2025-05-15,SE,13,172.65,2244.45
BI100196,2025-05-15,SE,14,172.65,2417.1
BI100196,2025-05-15,MW,13,172.65,2244.45
BI100196,2025-05-15,MW,13,172.65,2244.45
BI100196,2025-05-15,MW,14,172.65,2417.1
BI100196,2025-05-15,MW,14,172.65,2417.1
BI100196,2025-05-15,MW,14,172.65,2417.1
BI100196,2025-05-15,TX,13,172.65,2244.45
BI100196,2025-05-15,TX,14,172.65,2417.1
BI100196,2025-05-15,TX,14,172.65,2417.1
BI100196,2025-05-15,TX,14,172.65,2417.1
BI100196,2025-05-15,TX,14,172.65,2417.1
BI100196,2025-05-15,TX,14,172.65,2417.1
BI100196,2025-05-15,MTN,12,172.65,2071.8
BI100196,2025-05-15,MTN,12,172.65,2071.8
BI100196,2025-05-15,MTN,12,172.65,2071.8
BI100196,2025-05-15,MTN,12,172.65,2071.8
BI100196,2025-05-15,MTN,12,172.65,2071.8
BI100196,2025-05-15,MTN,12,172.65,2071.8
BI100196,2025-05-15,MTN,13,172.65,2244.45
BI100196,2025-05-15,PSW,12,172.65,2071.8
BI100196,2025-05-15,PSW,12,172.65,2071.8
BI100196,2025-05-15,PSW,12,172.65,2071.8
BI100196,2025-05-15,PSW,12,172.65,2071.8
BI100196,2025-05-15,PSW,12,172.65,2071.8
BI100196,2025-05-15,PSW,12,172.65,2071.8
BI100196,2025-05-15,PSW,12,172.65,2071.8
BI100196,2025-05-15,PNW,12,172.65,2071.8
BI100196,2025-05-15,PNW,12,172.65,2071.8
BI100196,2025-05-15,PNW,12,172.65,2071.8
BI100196,2025-05-15,PNW,12,172.65,2071.8
BI100196,2025-05-15,PNW,12,172.65,2071.8
BI100196,2025-05-15,PNW,12,172.65,2071.8
BI100196,2025-05-15,PNW,12,172.65,2071.8
BI100196,2025-05-15,PNW,12,172.65,2071.8
BI100196,2025-06-15,NE,12,172.65,2071.8
BI100196,2025-06-15,NE,12,172.65,2071.8
BI100196,2025-06-15,NE,12,172.65,2071.8
BI100196,2025-06-15,NE,12,172.65,2071.8
BI100196,2025-06-15,NE,13,172.65,2244.45
BI100196,2025-06-15,NE,13,172.65,2244.45
BI100196,2025-06-15,MA,12,172.65,2071.8
BI100196,2025-06-15,MA,12,172.65,2071.8
BI100196,2025-06-15,MA,12,172.65,2071.8
BI100196,2025-06-15,MA,12,172.65,2071.8
BI100196,2025-06-15,MA,12,172.65,2071.8
BI100196,2025-06-15,MA,13,172.65,2244.45
BI100196,2025-06-15,SE,12,172.65,2071.8
BI100196,2025-06-15,SE,12,172.65,2071.8
BI100196,2025-06-15,SE,12,172.65,2071.8
BI100196,2025-06-15,SE,12,172.65,2071.8
BI100196,2025-06-15,SE,12,172.65,2071.8
BI100196,2025-06-15,SE,12,172.65,2071.8
BI100196,2025-06-15,SE,12,172.65,2071.8
BI100196,2025-06-15,MW,12,172.65,2071.8
BI100196,2025-06-15,MW,12,172.65,2071.8
BI100196,2025-06-15,MW,12,172.65,2071.8
BI100196,2025-06-15,MW,12,172.65,2071.8
BI100196,2025-06-15,MW,13,172.65,2244.45
BI100196,2025-06-15,MW,13,172.65,2244.45
BI100196,2025-06-15,TX,13,172.65,2244.45
BI100196,2025-06-15,TX,13,172.65,2244.45
BI100196,2025-06-15,TX,13,172.65,2244.45
BI100196,2025-06-15,TX,13,172.65,2244.45
BI100196,2025-06-15,TX,14,172.65,2417.1
BI100196,2025-06-15,TX,14,172.65,2417.1
BI100196,2025-06-15,MTN,13,172.65,2244.45
BI100196,2025-06-15,MTN,13,172.65,2244.45
BI100196,2025-06-15,MTN,13,172.65,2244.45
BI100196,2025-06-15,MTN,13,172.65,2244.45
BI100196,2025-06-15,MTN,13,172.65,2244.45
BI100196,2025-06-15,MTN,14,172.65,2417.1
BI100196,2025-06-15,MTN,14,172.65,2417.1
BI100196,2025-06-15,PSW,12,172.65,2071.8
BI100196,2025-06-15,PSW,12,172.65,2071.8
BI100196,2025-06-15,PSW,13,172.65,2244.45
BI100196,2025-06-15,PSW,13,172.65,2244.45
BI100196,2025-06-15,PSW,13,172.65,2244.45
BI100196,2025-06-15,PSW,13,172.65,2244.45
BI100196,2025-06-15,PSW,13,172.65,2244.45
BI100196,2025-06-15,PNW,12,172.65,2071.8
BI100196,2025-06-15,PNW,12,172.65,2071.8
BI100196,2025-06-15,PNW,12,172.65,2071.8
BI100196,2025-06-15,PNW,12,172.65,2071.8
BI100196,2025-06-15,PNW,12,172.65,2071.8
BI100196,2025-06-15,PNW,12,172.65,2071.8
BI100196,2025-06-15,PNW,12,172.65,2071.8
BI100196,2025-06-15,PNW,12,172.65,2071.8
BI100196,2025-07-15,NE,12,172.65,2071.8
BI100196,2025-07-15,NE,12,172.65,2071.8
BI100196,2025-07-15,NE,13,172.65,2244.45
BI100196,2025-07-15,NE,13,172.65,2244.45
BI100196,2025-07-15,NE,13,172.65,2244.45
BI100196,2025-07-15,NE,13,172.65,2244.45
BI100196,2025-07-15,MA,12,172.65,2071.8
BI100196,2025-07-15,MA,13,172.65,2244.45
BI100196,2025-07-15,MA,13,172.65,2244.45
BI100196,2025-07-15,MA,13,172.65,2244.45
BI100196,2025-07-15,MA,13,172.65,2244.45
BI100196,2025-07-15,MA,13,172.65,2244.45
BI100196,2025-07-15,SE,13,172.65,2244.45
BI100196,2025-07-15,SE,13,172.65,2244.45
BI100196,2025-07-15,SE,13,172.65,2244.45
BI100196,2025-07-15,SE,14,172.65,2417.1
BI100196,2025-07-15,SE,14,172.65,2417.1
BI100196,2025-07-15,SE,14,172.65,2417.1
BI100196,2025-07-15,MW,12,172.65,2071.8
BI100196,2025-07-15,MW,12,172.65,2071.8
BI100196,2025-07-15,MW,13,172.65,2244.45
BI100196,2025-07-15,MW,13,172.65,2244.45
BI100196,2025-07-15,MW,13,172.65,2244.45
BI100196,2025-07-15,MW,13,172.65,2244.45
BI100196,2025-07-15,TX,13,172.65,2244.45
BI100196,2025-07-15,TX,13,172.65,2244.45
BI100196,2025-07-15,TX,13,172.65,2244.45
BI100196,2025-07-15,TX,14,172.65,2417.1
BI100196,2025-07-15,TX,14,172.65,2417.1
BI100196,2025-07-15,TX,14,172.65,2417.1
BI100196,2025-07-15,MTN,12,172.65,2071.8
BI100196,2025-07-15,MTN,12,172.65,2071.8
BI100196,2025-07-15,MTN,12,172.65,2071.8
BI100196,2025-07-15,MTN,12,172.65,2071.8
BI100196,2025-07-15,MTN,12,172.65,2071.8
BI100196,2025-07-15,MTN,12,172.65,2071.8
BI100196,2025-07-15,MTN,12,172.65,2071.8
BI100196,2025-07-15,PSW,13,172.65,2244.45
BI100196,2025-07-15,PSW,13,172.65,2244.45
BI100196,2025-07-15,PSW,13,172.65,2244.45
BI100196,2025-07-15,PSW,13,172.65,2244.45
BI100196,2025-07-15,PSW,13,172.65,2244.45
BI100196,2025-07-15,PSW,13,172.65,2244.45
BI100196,2025-07-15,PSW,13,172.65,2244.45
BI100196,2025-07-15,PNW,12,172.65,2071.8
BI100196,2025-07-15,PNW,12,172.65,2071.8
BI100196,2025-07-15,PNW,12,172.65,2071.8
BI100196,2025-07-15,PNW,12,172.65,2071.8
BI100196,2025-07-15,PNW,12,172.65,2071.8
BI100196,2025-07-15,PNW,12,172.65,2071.8
BI100196,2025-07-15,PNW,12,172.65,2071.8
BI100196,2025-07-15,PNW,13,172.65,2244.45
BI100196,2025-08-15,NE,12,172.65,2071.8
BI100196,2025-08-15,NE,12,172.65,2071.8
BI100196,2025-08-15,NE,12,172.65,2071.8
BI100196,2025-08-15,NE,12,172.65,2071.8
BI100196,2025-08-15,NE,12,172.65,2071.8
BI100196,2025-08-15,NE,12,172.65,2071.8
BI100196,2025-08-15,MA,14,172.65,2417.1
BI100196,2025-08-15,MA,14,172.65,2417.1
BI100196,2025-08-15,MA,14,172.65,2417.1
BI100196,2025-08-15,MA,14,172.65,2417.1
BI100196,2025-08-15,MA,14,172.65,2417.1
BI100196,2025-08-15,SE,12,172.65,2071.8
BI100196,2025-08-15,SE,12,172.65,2071.8
BI100196,2025-08-15,SE,12,172.65,2071.8
BI100196,2025-08-15,SE,12,172.65,2071.8
BI100196,2025-08-15,SE,12,172.65,2071.8
BI100196,2025-08-15,SE,13,172.65,2244.45
BI100196,2025-08-15,SE,13,172.65,2244.45
BI100196,2025-08-15,MW,14,172.65,2417.1
BI100196,2025-08-15,MW,14,172.65,2417.1
BI100196,2025-08-15,MW,14,172.65,2417.1
BI100196,2025-08-15,MW,14,172.65,2417.1
BI100196,2025-08-15,MW,14,172.65,2417.1
BI100196,2025-08-15,TX,12,172.65,2071.8
BI100196,2025-08-15,TX,12,172.65,2071.8
BI100196,2025-08-15,TX,12,172.65,2071.8
BI100196,2025-08-15,TX,13,172.65,2244.45
BI100196,2025-08-15,TX,13,172.65,2244.45
BI100196,2025-08-15,TX,13,172.65,2244.45
BI100196,2025-08-15,MTN,13,172.65,2244.45
BI100196,2025-08-15,MTN,13,172.65,2244.45
BI100196,2025-08-15,MTN,13,172.65,2244.45
BI100196,2025-08-15,MTN,13,172.65,2244.45
BI100196,2025-08-15,MTN,13,172.65,2244.45
BI100196,2025-08-15,MTN,13,172.65,2244.45
BI100196,2025-08-15,MTN,13,172.65,2244.45
BI100196,2025-08-15,PSW,12,172.65,2071.8
BI100196,2025-08-15,PSW,12,172.65,2071.8
BI100196,2025-08-15,PSW,13,172.65,2244.45
BI100196,2025-08-15,PSW,13,172.65,2244.45
BI100196,2025-08-15,PSW,13,172.65,2244.45
BI100196,2025-08-15,PSW,13,172.65,2244.45
BI100196,2025-08-15,PSW,13,172.65,2244.45
BI100196,2025-08-15,PNW,13,172.65,2244.45
BI100196,2025-08-15,PNW,13,172.65,2244.45
BI100196,2025-08-15,PNW,13,172.65,2244.45
BI100196,2025-08-15,PNW,13,172.65,2244.45
BI100196,2025-08-15,PNW,14,172.65,2417.1
BI100196,2025-08-15,PNW,14,172.65,2417.1
BI100196,2025-08-15,PNW,14,172.65,2417.1
BI100196,2025-09-15,NE,12,172.65,2071.8
BI100196,2025-09-15,NE,12,172.65,2071.8
BI100196,2025-09-15,NE,12,172.65,2071.8
BI100196,2025-09-15,NE,12,172.65,2071.8
BI100196,2025-09-15,NE,12,172.65,2071.8
BI100196,2025-09-15,NE,12,172.65,2071.8
BI100196,2025-09-15,MA,13,172.65,2244.45
BI100196,2025-09-15,MA,13,172.65,2244.45
BI100196,2025-09-15,MA,13,172.65,2244.45
BI100196,2025-09-15,MA,13,172.65,2244.45
BI100196,2025-09-15,MA,14,172.65,2417.1
BI100196,2025-09-15,MA,14,172.65,2417.1
BI100196,2025-09-15,SE,12,172.65,2071.8
BI100196,2025-09-15,SE,12,172.65,2071.8
BI100196,2025-09-15,SE,12,172.65,2071.8
BI100196,2025-09-15,SE,12,172.65,2071.8
BI100196,2025-09-15,SE,12,172.65,2071.8
BI100196,2025-09-15,SE,13,172.65,2244.45
BI100196,2025-09-15,SE,13,172.65,2244.45
BI100196,2025-09-15,MW,13,172.65,2244.45
BI100196,2025-09-15,MW,14,172.65,2417.1
BI100196,2025-09-15,MW,14,172.65,2417.1
BI100196,2025-09-15,MW,14,172.65,2417.1
BI100196,2025-09-15,MW,14,172.65,2417.1
BI100196,2025-09-15,TX,13,172.65,2244.45
BI100196,2025-09-15,TX,13,172.65,2244.45
BI100196,2025-09-15,TX,14,172.65,2417.1
BI100196,2025-09-15,TX,14,172.65,2417.1
BI100196,2025-09-15,TX,14,172.65,2417.1
BI100196,2025-09-15,TX,14,172.65,2417.1
BI100196,2025-09-15,MTN,13,172.65,2244.45
BI100196,2025-09-15,MTN,13,172.65,2244.45
BI100196,2025-09-15,MTN,13,172.65,2244.45
BI100196,2025-09-15,MTN,13,172.65,2244.45
BI100196,2025-09-15,MTN,13,172.65,2244.45
BI100196,2025-09-15,MTN,13,172.65,2244.45
BI100196,2025-09-15,MTN,14,172.65,2417.1
BI100196,2025-09-15,PSW,13,172.65,2244.45
BI100196,2025-09-15,PSW,13,172.65,2244.45
BI100196,2025-09-15,PSW,13,172.65,2244.45
BI100196,2025-09-15,PSW,13,172.65,2244.45
BI100196,2025-09-15,PSW,14,172.65,2417.1
BI100196,2025-09-15,PSW,14,172.65,2417.1
BI100196,2025-09-15,PSW,14,172.65,2417.1
BI100196,2025-09-15,PNW,13,172.65,2244.45
BI100196,2025-09-15,PNW,13,172.65,2244.45
BI100196,2025-09-15,PNW,13,172.65,2244.45
BI100196,2025-09-15,PNW,13,172.65,2244.45
BI100196,2025-09-15,PNW,14,172.65,2417.1
BI100196,2025-09-15,PNW,14,172.65,2417.1
BI100196,2025-09-15,PNW,14,172.65,2417.1
BI100196,2025-10-15,NE,12,172.65,2071.8
BI100196,2025-10-15,NE,13,172.65,2244.45
BI100196,2025-10-15,NE,13,172.65,2244.45
BI100196,2025-10-15,NE,13,172.65,2244.45
BI100196,2025-10-15,NE,13,172.65,2244.45
BI100196,2025-10-15,NE,13,172.65,2244.45
BI100196,2025-10-15,MA,13,172.65,2244.45
BI100196,2025-10-15,MA,13,172.65,2244.45
BI100196,2025-10-15,MA,13,172.65,2244.45
BI100196,2025-10-15,MA,13,172.65,2244.45
BI100196,2025-10-15,MA,13,172.65,2244.45
BI100196,2025-10-15,MA,13,172.65,2244.45
BI100196,2025-10-15,SE,12,172.65,2071.8
BI100196,2025-10-15,SE,12,172.65,2071.8
BI100196,2025-10-15,SE,12,172.65,2071.8
BI100196,2025-10-15,SE,12,172.65,2071.8
BI100196,2025-10-15,SE,13,172.65,2244.45
BI100196,2025-10-15,SE,13,172.65,2244.45
BI100196,2025-10-15,SE,13,172.65,2244.45
BI100196,2025-10-15,MW,12,172.65,2071.8
BI100196,2025-10-15,MW,12,172.65,2071.8
BI100196,2025-10-15,MW,12,172.65,2071.8
BI100196,2025-10-15,MW,12,172.65,2071.8
BI100196,2025-10-15,MW,12,172.65,2071.8
BI100196,2025-10-15,MW,13,172.65,2244.45
BI100196,2025-10-15,TX,13,172.65,2244.45
BI100196,2025-10-15,TX,13,172.65,2244.45
BI100196,2025-10-15,TX,14,172.65,2417.1
BI100196,2025-10-15,TX,14,172.65,2417.1
BI100196,2025-10-15,TX,14,172.65,2417.1
BI100196,2025-10-15,TX,14,172.65,2417.1
BI100196,2025-10-15,MTN,13,172.65,2244.45
BI100196,2025-10-15,MTN,13,172.65,2244.45
BI100196,2025-10-15,MTN,13,172.65,2244.45
BI100196,2025-10-15,MTN,13,172.65,2244.45
BI100196,2025-10-15,MTN,14,172.65,2417.1
BI100196,2025-10-15,MTN,14,172.65,2417.1
BI100196,2025-10-15,MTN,14,172.65,2417.1
BI100196,2025-10-15,PSW,13,172.65,2244.45
BI100196,2025-10-15,PSW,13,172.65,2244.45
BI100196,2025-10-15,PSW,13,172.65,2244.45
BI100196,2025-10-15,PSW,14,172.65,2417.1
BI100196,2025-10-15,PSW,14,172.65,2417.1
BI100196,2025-10-15,PSW,14,172.65,2417.1
BI100196,2025-10-15,PSW,14,172.65,2417.1
BI100196,2025-10-15,PNW,12,172.65,2071.8
BI100196,2025-10-15,PNW,12,172.65,2071.8
BI100196,2025-10-15,PNW,12,172.65,2071.8
BI100196,2025-10-15,PNW,12,172.65,2071.8
BI100196,2025-10-15,PNW,12,172.65,2071.8
BI100196,2025-10-15,PNW,12,172.65,2071.8
BI100196,2025-10-15,PNW,13,172.65,2244.45
BI100196,2025-10-15,PNW,13,172.65,2244.45
BI100196,2025-11-15,NE,13,172.65,2244.45
BI100196,2025-11-15,NE,13,172.65,2244.45
BI100196,2025-11-15,NE,14,172.65,2417.1
BI100196,2025-11-15,NE,14,172.65,2417.1
BI100196,2025-11-15,NE,14,172.65,2417.1
BI100196,2025-11-15,NE,14,172.65,2417.1
BI100196,2025-11-15,MA,14,172.65,2417.1
BI100196,2025-11-15,MA,14,172.65,2417.1
BI100196,2025-11-15,MA,14,172.65,2417.1
BI100196,2025-11-15,MA,14,172.65,2417.1
BI100196,2025-11-15,MA,14,172.65,2417.1
BI100196,2025-11-15,SE,13,172.65,2244.45
BI100196,2025-11-15,SE,13,172.65,2244.45
BI100196,2025-11-15,SE,14,172.65,2417.1
BI100196,2025-11-15,SE,14,172.65,2417.1
BI100196,2025-11-15,SE,14,172.65,2417.1
BI100196,2025-11-15,SE,14,172.65,2417.1
BI100196,2025-11-15,MW,13,172.65,2244.45
BI100196,2025-11-15,MW,13,172.65,2244.45
BI100196,2025-11-15,MW,13,172.65,2244.45
BI100196,2025-11-15,MW,14,172.65,2417.1
BI100196,2025-11-15,MW,14,172.65,2417.1
BI100196,2025-11-15,MW,14,172.65,2417.1
BI100196,2025-11-15,TX,12,172.65,2071.8
BI100196,2025-11-15,TX,12,172.65,2071.8
BI100196,2025-11-15,TX,12,172.65,2071.8
BI100196,2025-11-15,TX,13,172.65,2244.45
BI100196,2025-11-15,TX,13,172.65,2244.45
BI100196,2025-11-15,TX,13,172.65,2244.45
BI100196,2025-11-15,TX,13,172.65,2244.45
BI100196,2025-11-15,MTN,13,172.65,2244.45
BI100196,2025-11-15,MTN,13,172.65,2244.45
BI100196,2025-11-15,MTN,13,172.65,2244.45
BI100196,2025-11-15,MTN,13,172.65,2244.45
BI100196,2025-11-15,MTN,13,172.65,2244.45
BI100196,2025-11-15,MTN,14,172.65,2417.1
BI100196,2025-11-15,MTN,14,172.65,2417.1
BI100196,2025-11-15,PSW,12,172.65,2071.8
BI100196,2025-11-15,PSW,12,172.65,2071.8
BI100196,2025-11-15,PSW,12,172.65,2071.8
BI100196,2025-11-15,PSW,12,172.65,2071.8
BI100196,2025-11-15,PSW,12,172.65,2071.8
BI100196,2025-11-15,PSW,13,172.65,2244.45
BI100196,2025-11-15,PSW,13,172.65,2244.45
BI100196,2025-11-15,PNW,12,172.65,2071.8
BI100196,2025-11-15,PNW,12,172.65,2071.8
BI100196,2025-11-15,PNW,13,172.65,2244.45
BI100196,2025-11-15,PNW,13,172.65,2244.45
BI100196,2025-11-15,PNW,13,172.65,2244.45
BI100196,2025-11-15,PNW,13,172.65,2244.45
BI100196,2025-11-15,PNW,13,172.65,2244.45
BI100196,2025-11-15,PNW,13,172.65,2244.45
BI100196,2025-12-15,NE,13,172.65,2244.45
BI100196,2025-12-15,NE,13,172.65,2244.45
BI100196,2025-12-15,NE,13,172.65,2244.45
BI100196,2025-12-15,NE,13,172.65,2244.45
BI100196,2025-12-15,NE,13,172.65,2244.45
BI100196,2025-12-15,NE,13,172.65,2244.45
BI100196,2025-12-15,MA,14,172.65,2417.1
BI100196,2025-12-15,MA,14,172.65,2417.1
BI100196,2025-12-15,MA,14,172.65,2417.1
BI100196,2025-12-15,MA,14,172.65,2417.1
BI100196,2025-12-15,MA,15,172.65,2589.75
BI100196,2025-12-15,SE,12,172.65,2071.8
BI100196,2025-12-15,SE,13,172.65,2244.45
BI100196,2025-12-15,SE,13,172.65,2244.45
BI100196,2025-12-15,SE,13,172.65,2244.45
BI100196,2025-12-15,SE,13,172.65,2244.45
BI100196,2025-12-15,SE,13,172.65,2244.45
BI100196,2025-12-15,MW,12,172.65,2071.8
BI100196,2025-12-15,MW,12,172.65,2071.8
BI100196,2025-12-15,MW,12,172.65,2071.8
BI100196,2025-12-15,MW,12,172.65,2071.8
BI100196,2025-12-15,MW,13,172.65,2244.45
BI100196,2025-12-15,MW,13,172.65,2244.45
BI100196,2025-12-15,TX,12,172.65,2071.8
BI100196,2025-12-15,TX,13,172.65,2244.45
BI100196,2025-12-15,TX,13,172.65,2244.45
BI100196,2025-12-15,TX,13,172.65,2244.45
BI100196,2025-12-15,TX,13,172.65,2244.45
BI100196,2025-12-15,TX,13,172.65,2244.45
BI100196,2025-12-15,MTN,12,172.65,2071.8
BI100196,2025-12-15,MTN,12,172.65,2071.8
BI100196,2025-12-15,MTN,12,172.65,2071.8
BI100196,2025-12-15,MTN,12,172.65,2071.8
BI100196,2025-12-15,MTN,12,172.65,2071.8
BI100196,2025-12-15,MTN,12,172.65,2071.8
BI100196,2025-12-15,MTN,13,172.65,2244.45
BI100196,2025-12-15,PSW,13,172.65,2244.45
BI100196,2025-12-15,PSW,13,172.65,2244.45
BI100196,2025-12-15,PSW,13,172.65,2244.45
BI100196,2025-12-15,PSW,13,172.65,2244.45
BI100196,2025-12-15,PSW,13,172.65,2244.45
BI100196,2025-12-15,PSW,14,172.65,2417.1
BI100196,2025-12-15,PSW,14,172.65,2417.1
BI100196,2025-12-15,PNW,12,172.65,2071.8
BI100196,2025-12-15,PNW,12,172.65,2071.8
BI100196,2025-12-15,PNW,12,172.65,2071.8
BI100196,2025-12-15,PNW,12,172.65,2071.8
BI100196,2025-12-15,PNW,12,172.65,2071.8
BI100196,2025-12-15,PNW,13,172.65,2244.45
BI100196,2025-12-15,PNW,13,172.65,2244.45
BI100196,2025-12-15,PNW,13,172.65,2244.45
BI100203,2024-01-15,NE,15,114.87,1723.05
BI100203,2024-01-15,NE,16,114.87,1837.92
BI100203,2024-01-15,NE,16,114.87,1837.92
BI100203,2024-01-15,MA,12,114.87,1378.44
BI100203,2024-01-15,MA,12,114.87,1378.44
BI100203,2024-01-15,MA,13,114.87,1493.31
BI100203,2024-01-15,MA,13,114.87,1493.31
BI100203,2024-01-15,MA,13,114.87,1493.31
BI100203,2024-01-15,MA,13,114.87,1493.31
BI100203,2024-01-15,SE,14,114.87,1608.18
BI100203,2024-01-15,SE,15,114.87,1723.05
BI100203,2024-01-15,SE,15,114.87,1723.05
BI100203,2024-01-15,SE,15,114.87,1723.05
BI100203,2024-01-15,MW,13,114.87,1493.31
BI100203,2024-01-15,MW,13,114.87,1493.31
BI100203,2024-01-15,MW,13,114.87,1493.31
BI100203,2024-01-15,MW,13,114.87,1493.31
BI100203,2024-01-15,MW,13,114.87,1493.31
BI100203,2024-01-15,TX,15,114.87,1723.05
BI100203,2024-01-15,TX,15,114.87,1723.05
BI100203,2024-01-15,TX,15,114.87,1723.05
BI100203,2024-01-15,MTN,13,114.87,1493.31
BI100203,2024-01-15,MTN,13,114.87,1493.31
BI100203,2024-01-15,MTN,14,114.87,1608.18
BI100203,2024-01-15,MTN,14,114.87,1608.18
BI100203,2024-01-15,PSW,12,114.87,1378.44
BI100203,2024-01-15,PSW,12,114.87,1378.44
BI100203,2024-01-15,PSW,13,114.87,1493.31
BI100203,2024-01-15,PSW,13,114.87,1493.31
BI100203,2024-01-15,PSW,13,114.87,1493.31
BI100203,2024-01-15,PNW,12,114.87,1378.44
BI100203,2024-01-15,PNW,12,114.87,1378.44
BI100203,2024-01-15,PNW,12,114.87,1378.44
BI100203,2024-01-15,PNW,13,114.87,1493.31
BI100203,2024-02-15,NE,12,114.87,1378.44
BI100203,2024-02-15,NE,13,114.87,1493.31
BI100203,2024-02-15,NE,13,114.87,1493.31
BI100203,2024-02-15,NE,13,114.87,1493.31
BI100203,2024-02-15,MA,13,114.87,1493.31
BI100203,2024-02-15,MA,13,114.87,1493.31
BI100203,2024-02-15,MA,13,114.87,1493.31
BI100203,2024-02-15,MA,14,114.87,1608.18
BI100203,2024-02-15,MA,14,114.87,1608.18
BI100203,2024-02-15,SE,12,114.87,1378.44
BI100203,2024-02-15,SE,12,114.87,1378.44
BI100203,2024-02-15,SE,12,114.87,1378.44
BI100203,2024-02-15,SE,13,114.87,1493.31
BI100203,2024-02-15,SE,13,114.87,1493.31
BI100203,2024-02-15,MW,13,114.87,1493.31
BI100203,2024-02-15,MW,13,114.87,1493.31
BI100203,2024-02-15,MW,13,114.87,1493.31
BI100203,2024-02-15,MW,14,114.87,1608.18
BI100203,2024-02-15,MW,14,114.87,1608.18
BI100203,2024-02-15,TX,12,114.87,1378.44
BI100203,2024-02-15,TX,12,114.87,1378.44
BI100203,2024-02-15,TX,12,114.87,1378.44
BI100203,2024-02-15,TX,12,114.87,1378.44
BI100203,2024-02-15,MTN,12,114.87,1378.44
BI100203,2024-02-15,MTN,13,114.87,1493.31
BI100203,2024-02-15,MTN,13,114.87,1493.31
BI100203,2024-02-15,MTN,13,114.87,1493.31
BI100203,2024-02-15,PSW,12,114.87,1378.44
BI100203,2024-02-15,PSW,13,114.87,1493.31
BI100203,2024-02-15,PSW,13,114.87,1493.31
BI100203,2024-02-15,PSW,13,114.87,1493.31
BI100203,2024-02-15,PSW,13,114.87,1493.31
BI100203,2024-02-15,PNW,12,114.87,1378.44
BI100203,2024-02-15,PNW,12,114.87,1378.44
BI100203,2024-02-15,PNW,13,114.87,1493.31
BI100203,2024-02-15,PNW,13,114.87,1493.31
BI100203,2024-03-15,NE,12,114.87,1378.44
BI100203,2024-03-15,NE,12,114.87,1378.44
BI100203,2024-03-15,NE,12,114.87,1378.44
BI100203,2024-03-15,NE,12,114.87,1378.44
BI100203,2024-03-15,MA,13,114.87,1493.31
BI100203,2024-03-15,MA,13,114.87,1493.31
BI100203,2024-03-15,MA,13,114.87,1493.31
BI100203,2024-03-15,MA,14,114.87,1608.18
BI100203,2024-03-15,MA,14,114.87,1608.18
BI100203,2024-03-15,SE,12,114.87,1378.44
BI100203,2024-03-15,SE,12,114.87,1378.44
BI100203,2024-03-15,SE,13,114.87,1493.31
BI100203,2024-03-15,SE,13,114.87,1493.31
BI100203,2024-03-15,SE,13,114.87,1493.31
BI100203,2024-03-15,MW,13,114.87,1493.31
BI100203,2024-03-15,MW,13,114.87,1493.31
BI100203,2024-03-15,MW,14,114.87,1608.18
BI100203,2024-03-15,MW,14,114.87,1608.18
BI100203,2024-03-15,MW,14,114.87,1608.18
BI100203,2024-03-15,TX,12,114.87,1378.44
BI100203,2024-03-15,TX,12,114.87,1378.44
BI100203,2024-03-15,TX,12,114.87,1378.44
BI100203,2024-03-15,TX,13,114.87,1493.31
BI100203,2024-03-15,MTN,14,114.87,1608.18
BI100203,2024-03-15,MTN,14,114.87,1608.18
BI100203,2024-03-15,MTN,15,114.87,1723.05
BI100203,2024-03-15,MTN,15,114.87,1723.05
BI100203,2024-03-15,PSW,13,114.87,1493.31
BI100203,2024-03-15,PSW,13,114.87,1493.31
BI100203,2024-03-15,PSW,13,114.87,1493.31
BI100203,2024-03-15,PSW,13,114.87,1493.31
BI100203,2024-03-15,PSW,13,114.87,1493.31
BI100203,2024-03-15,PNW,12,114.87,1378.44
BI100203,2024-03-15,PNW,12,114.87,1378.44
BI100203,2024-03-15,PNW,13,114.87,1493.31
BI100203,2024-03-15,PNW,13,114.87,1493.31
BI100203,2024-04-15,NE,12,114.87,1378.44
BI100203,2024-04-15,NE,12,114.87,1378.44
BI100203,2024-04-15,NE,12,114.87,1378.44
BI100203,2024-04-15,NE,13,114.87,1493.31
BI100203,2024-04-15,MA,12,114.87,1378.44
BI100203,2024-04-15,MA,12,114.87,1378.44
BI100203,2024-04-15,MA,13,114.87,1493.31
BI100203,2024-04-15,MA,13,114.87,1493.31
BI100203,2024-04-15,MA,13,114.87,1493.31
BI100203,2024-04-15,MA,13,114.87,1493.31
BI100203,2024-04-15,SE,12,114.87,1378.44
BI100203,2024-04-15,SE,12,114.87,1378.44
BI100203,2024-04-15,SE,13,114.87,1493.31
BI100203,2024-04-15,SE,13,114.87,1493.31
BI100203,2024-04-15,SE,13,114.87,1493.31
BI100203,2024-04-15,MW,12,114.87,1378.44
BI100203,2024-04-15,MW,12,114.87,1378.44
BI100203,2024-04-15,MW,12,114.87,1378.44
BI100203,2024-04-15,MW,12,114.87,1378.44
BI100203,2024-04-15,MW,12,114.87,1378.44
BI100203,2024-04-15,TX,12,114.87,1378.44
BI100203,2024-04-15,TX,12,114.87,1378.44
BI100203,2024-04-15,TX,13,114.87,1493.31
BI100203,2024-04-15,TX,13,114.87,1493.31
BI100203,2024-04-15,MTN,12,114.87,1378.44
BI100203,2024-04-15,MTN,12,114.87,1378.44
BI100203,2024-04-15,MTN,13,114.87,1493.31
BI100203,2024-04-15,MTN,13,114.87,1493.31
BI100203,2024-04-15,PSW,14,114.87,1608.18
BI100203,2024-04-15,PSW,14,114.87,1608.18
BI100203,2024-04-15,PSW,14,114.87,1608.18
BI100203,2024-04-15,PSW,14,114.87,1608.18
BI100203,2024-04-15,PSW,14,114.87,1608.18
BI100203,2024-04-15,PNW,12,114.87,1378.44
BI100203,2024-04-15,PNW,12,114.87,1378.44
BI100203,2024-04-15,PNW,12,114.87,1378.44
BI100203,2024-04-15,PNW,12,114.87,1378.44
BI100203,2024-05-15,NE,15,114.87,1723.05
BI100203,2024-05-15,NE,16,114.87,1837.92
BI100203,2024-05-15,NE,16,114.87,1837.92
BI100203,2024-05-15,MA,12,114.87,1378.44
BI100203,2024-05-15,MA,12,114.87,1378.44
BI100203,2024-05-15,MA,12,114.87,1378.44
BI100203,2024-05-15,MA,12,114.87,1378.44
BI100203,2024-05-15,MA,12,114.87,1378.44
BI100203,2024-05-15,MA,12,114.87,1378.44
BI100203,2024-05-15,SE,12,114.87,1378.44
BI100203,2024-05-15,SE,13,114.87,1493.31
BI100203,2024-05-15,SE,13,114.87,1493.31
BI100203,2024-05-15,SE,13,114.87,1493.31
BI100203,2024-05-15,SE,13,114.87,1493.31
BI100203,2024-05-15,MW,12,114.87,1378.44
BI100203,2024-05-15,MW,12,114.87,1378.44
BI100203,2024-05-15,MW,13,114.87,1493.31
BI100203,2024-05-15,MW,13,114.87,1493.31
BI100203,2024-05-15,MW,13,114.87,1493.31
BI100203,2024-05-15,TX,15,114.87,1723.05
BI100203,2024-05-15,TX,15,114.87,1723.05
BI100203,2024-05-15,TX,16,114.87,1837.92
BI100203,2024-05-15,MTN,13,114.87,1493.31
BI100203,2024-05-15,MTN,13,114.87,1493.31
BI100203,2024-05-15,MTN,14,114.87,1608.18
BI100203,2024-05-15,MTN,14,114.87,1608.18
BI100203,2024-05-15,PSW,13,114.87,1493.31
BI100203,2024-05-15,PSW,13,114.87,1493.31
BI100203,2024-05-15,PSW,14,114.87,1608.18
BI100203,2024-05-15,PSW,14,114.87,1608.18
BI100203,2024-05-15,PSW,14,114.87,1608.18
BI100203,2024-05-15,PNW,14,114.87,1608.18
BI100203,2024-05-15,PNW,15,114.87,1723.05
BI100203,2024-05-15,PNW,15,114.87,1723.05
BI100203,2024-06-15,NE,15,114.87,1723.05
BI100203,2024-06-15,NE,15,114.87,1723.05
BI100203,2024-06-15,NE,16,114.87,1837.92
BI100203,2024-06-15,MA,13,114.87,1493.31
BI100203,2024-06-15,MA,13,114.87,1493.31
BI100203,2024-06-15,MA,13,114.87,1493.31
BI100203,2024-06-15,MA,13,114.87,1493.31
BI100203,2024-06-15,MA,13,114.87,1493.31
BI100203,2024-06-15,MA,13,114.87,1493.31
BI100203,2024-06-15,SE,12,114.87,1378.44
BI100203,2024-06-15,SE,13,114.87,1493.31
BI100203,2024-06-15,SE,13,114.87,1493.31
BI100203,2024-06-15,SE,13,114.87,1493.31
BI100203,2024-06-15,SE,13,114.87,1493.31
BI100203,2024-06-15,MW,13,114.87,1493.31
BI100203,2024-06-15,MW,13,114.87,1493.31
BI100203,2024-06-15,MW,13,114.87,1493.31
BI100203,2024-06-15,MW,13,114.87,1493.31
BI100203,2024-06-15,MW,14,114.87,1608.18
BI100203,2024-06-15,TX,12,114.87,1378.44
BI100203,2024-06-15,TX,12,114.87,1378.44
BI100203,2024-06-15,TX,12,114.87,1378.44
BI100203,2024-06-15,TX,12,114.87,1378.44
BI100203,2024-06-15,MTN,13,114.87,1493.31
BI100203,2024-06-15,MTN,13,114.87,1493.31
BI100203,2024-06-15,MTN,14,114.87,1608.18
BI100203,2024-06-15,MTN,14,114.87,1608.18
BI100203,2024-06-15,PSW,12,114.87,1378.44
BI100203,2024-06-15,PSW,12,114.87,1378.44
BI100203,2024-06-15,PSW,12,114.87,1378.44
BI100203,2024-06-15,PSW,12,114.87,1378.44
BI100203,2024-06-15,PSW,12,114.87,1378.44
BI100203,2024-06-15,PSW,13,114.87,1493.31
BI100203,2024-06-15,PNW,12,114.87,1378.44
BI100203,2024-06-15,PNW,12,114.87,1378.44
BI100203,2024-06-15,PNW,12,114.87,1378.44
BI100203,2024-06-15,PNW,12,114.87,1378.44
BI100203,2024-07-15,NE,12,114.87,1378.44
BI100203,2024-07-15,NE,13,114.87,1493.31
BI100203,2024-07-15,NE,13,114.87,1493.31
BI100203,2024-07-15,NE,13,114.87,1493.31
BI100203,2024-07-15,MA,13,114.87,1493.31
BI100203,2024-07-15,MA,14,114.87,1608.18
BI100203,2024-07-15,MA,14,114.87,1608.18
BI100203,2024-07-15,MA,14,114.87,1608.18
BI100203,2024-07-15,MA,14,114.87,1608.18
BI100203,2024-07-15,SE,14,114.87,1608.18
BI100203,2024-07-15,SE,15,114.87,1723.05
BI100203,2024-07-15,SE,15,114.87,1723.05
BI100203,2024-07-15,SE,15,114.87,1723.05
BI100203,2024-07-15,MW,13,114.87,1493.31
BI100203,2024-07-15,MW,13,114.87,1493.31
BI100203,2024-07-15,MW,13,114.87,1493.31
BI100203,2024-07-15,MW,13,114.87,1493.31
BI100203,2024-07-15,MW,14,114.87,1608.18
BI100203,2024-07-15,TX,12,114.87,1378.44
BI100203,2024-07-15,TX,12,114.87,1378.44
BI100203,2024-07-15,TX,13,114.87,1493.31
BI100203,2024-07-15,TX,13,114.87,1493.31
BI100203,2024-07-15,MTN,14,114.87,1608.18
BI100203,2024-07-15,MTN,14,114.87,1608.18
BI100203,2024-07-15,MTN,14,114.87,1608.18
BI100203,2024-07-15,MTN,15,114.87,1723.05
BI100203,2024-07-15,PSW,12,114.87,1378.44
BI100203,2024-07-15,PSW,12,114.87,1378.44
BI100203,2024-07-15,PSW,12,114.87,1378.44
BI100203,2024-07-15,PSW,12,114.87,1378.44
BI100203,2024-07-15,PSW,13,114.87,1493.31
BI100203,2024-07-15,PSW,13,114.87,1493.31
BI100203,2024-07-15,PNW,15,114.87,1723.05
BI100203,2024-07-15,PNW,15,114.87,1723.05
BI100203,2024-07-15,PNW,15,114.87,1723.05
BI100203,2024-08-15,NE,13,114.87,1493.31
BI100203,2024-08-15,NE,13,114.87,1493.31
BI100203,2024-08-15,NE,13,114.87,1493.31
BI100203,2024-08-15,NE,14,114.87,1608.18
BI100203,2024-08-15,MA,12,114.87,1378.44
BI100203,2024-08-15,MA,13,114.87,1493.31
BI100203,2024-08-15,MA,13,114.87,1493.31
BI100203,2024-08-15,MA,13,114.87,1493.31
BI100203,2024-08-15,MA,13,114.87,1493.31
BI100203,2024-08-15,MA,13,114.87,1493.31
BI100203,2024-08-15,SE,12,114.87,1378.44
BI100203,2024-08-15,SE,12,114.87,1378.44
BI100203,2024-08-15,SE,12,114.87,1378.44
BI100203,2024-08-15,SE,13,114.87,1493.31
BI100203,2024-08-15,SE,13,114.87,1493.31
BI100203,2024-08-15,MW,12,114.87,1378.44
BI100203,2024-08-15,MW,12,114.87,1378.44
BI100203,2024-08-15,MW,12,114.87,1378.44
BI100203,2024-08-15,MW,13,114.87,1493.31
BI100203,2024-08-15,MW,13,114.87,1493.31
BI100203,2024-08-15,TX,12,114.87,1378.44
BI100203,2024-08-15,TX,13,114.87,1493.31
BI100203,2024-08-15,TX,13,114.87,1493.31
BI100203,2024-08-15,TX,13,114.87,1493.31
BI100203,2024-08-15,MTN,13,114.87,1493.31
BI100203,2024-08-15,MTN,13,114.87,1493.31
BI100203,2024-08-15,MTN,13,114.87,1493.31
BI100203,2024-08-15,MTN,14,114.87,1608.18
BI100203,2024-08-15,PSW,13,114.87,1493.31
BI100203,2024-08-15,PSW,13,114.87,1493.31
BI100203,2024-08-15,PSW,13,114.87,1493.31
BI100203,2024-08-15,PSW,13,114.87,1493.31
BI100203,2024-08-15,PSW,13,114.87,1493.31
BI100203,2024-08-15,PNW,13,114.87,1493.31
BI100203,2024-08-15,PNW,13,114.87,1493.31
BI100203,2024-08-15,PNW,13,114.87,1493.31
BI100203,2024-08-15,PNW,13,114.87,1493.31
BI100203,2024-09-15,NE,12,114.87,1378.44
BI100203,2024-09-15,NE,12,114.87,1378.44
BI100203,2024-09-15,NE,12,114.87,1378.44
BI100203,2024-09-15,NE,12,114.87,1378.44
BI100203,2024-09-15,MA,12,114.87,1378.44
BI100203,2024-09-15,MA,12,114.87,1378.44
BI100203,2024-09-15,MA,12,114.87,1378.44
BI100203,2024-09-15,MA,12,114.87,1378.44
BI100203,2024-09-15,MA,12,114.87,1378.44
BI100203,2024-09-15,MA,13,114.87,1493.31
BI100203,2024-09-15,SE,12,114.87,1378.44
BI100203,2024-09-15,SE,13,114.87,1493.31
BI100203,2024-09-15,SE,13,114.87,1493.31
BI100203,2024-09-15,SE,13,114.87,1493.31
BI100203,2024-09-15,SE,13,114.87,1493.31
BI100203,2024-09-15,MW,13,114.87,1493.31
BI100203,2024-09-15,MW,13,114.87,1493.31
BI100203,2024-09-15,MW,14,114.87,1608.18
BI100203,2024-09-15,MW,14,114.87,1608.18
BI100203,2024-09-15,MW,14,114.87,1608.18
BI100203,2024-09-15,TX,12,114.87,1378.44
BI100203,2024-09-15,TX,13,114.87,1493.31
BI100203,2024-09-15,TX,13,114.87,1493.31
BI100203,2024-09-15,TX,13,114.87,1493.31
BI100203,2024-09-15,MTN,12,114.87,1378.44
BI100203,2024-09-15,MTN,13,114.87,1493.31
BI100203,2024-09-15,MTN,13,114.87,1493.31
BI100203,2024-09-15,MTN,13,114.87,1493.31
BI100203,2024-09-15,PSW,12,114.87,1378.44
BI100203,2024-09-15,PSW,12,114.87,1378.44
BI100203,2024-09-15,PSW,12,114.87,1378.44
BI100203,2024-09-15,PSW,12,114.87,1378.44
BI100203,2024-09-15,PSW,13,114.87,1493.31
BI100203,2024-09-15,PSW,13,114.87,1493.31
BI100203,2024-09-15,PNW,15,114.87,1723.05
BI100203,2024-09-15,PNW,16,114.87,1837.92
BI100203,2024-09-15,PNW,16,114.87,1837.92
BI100203,2024-10-15,NE,12,114.87,1378.44
BI100203,2024-10-15,NE,13,114.87,1493.31
BI100203,2024-10-15,NE,13,114.87,1493.31
BI100203,2024-10-15,NE,13,114.87,1493.31
BI100203,2024-10-15,MA,12,114.87,1378.44
BI100203,2024-10-15,MA,12,114.87,1378.44
BI100203,2024-10-15,MA,12,114.87,1378.44
BI100203,2024-10-15,MA,12,114.87,1378.44
BI100203,2024-10-15,MA,13,114.87,1493.31
BI100203,2024-10-15,MA,13,114.87,1493.31
BI100203,2024-10-15,SE,14,114.87,1608.18
BI100203,2024-10-15,SE,15,114.87,1723.05
BI100203,2024-10-15,SE,15,114.87,1723.05
BI100203,2024-10-15,SE,15,114.87,1723.05
BI100203,2024-10-15,MW,13,114.87,1493.31
BI100203,2024-10-15,MW,13,114.87,1493.31
BI100203,2024-10-15,MW,14,114.87,1608.18
BI100203,2024-10-15,MW,14,114.87,1608.18
BI100203,2024-10-15,MW,14,114.87,1608.18
BI100203,2024-10-15,TX,12,114.87,1378.44
BI100203,2024-10-15,TX,12,114.87,1378.44
BI100203,2024-10-15,TX,13,114.87,1493.31
BI100203,2024-10-15,TX,13,114.87,1493.31
BI100203,2024-10-15,MTN,13,114.87,1493.31
BI100203,2024-10-15,MTN,13,114.87,1493.31
BI100203,2024-10-15,MTN,13,114.87,1493.31
BI100203,2024-10-15,MTN,14,114.87,1608.18
BI100203,2024-10-15,PSW,13,114.87,1493.31
BI100203,2024-10-15,PSW,13,114.87,1493.31
BI100203,2024-10-15,PSW,13,114.87,1493.31
BI100203,2024-10-15,PSW,14,114.87,1608.18
BI100203,2024-10-15,PSW,14,114.87,1608.18
BI100203,2024-10-15,PNW,15,114.87,1723.05
BI100203,2024-10-15,PNW,15,114.87,1723.05
BI100203,2024-10-15,PNW,16,114.87,1837.92
BI100203,2024-11-15,NE,13,114.87,1493.31
BI100203,2024-11-15,NE,13,114.87,1493.31
BI100203,2024-11-15,NE,14,114.87,1608.18
BI100203,2024-11-15,NE,14,114.87,1608.18
BI100203,2024-11-15,MA,13,114.87,1493.31
BI100203,2024-11-15,MA,13,114.87,1493.31
BI100203,2024-11-15,MA,13,114.87,1493.31
BI100203,2024-11-15,MA,13,114.87,1493.31
BI100203,2024-11-15,MA,14,114.87,1608.18
BI100203,2024-11-15,MA,14,114.87,1608.18
BI100203,2024-11-15,SE,13,114.87,1493.31
BI100203,2024-11-15,SE,13,114.87,1493.31
BI100203,2024-11-15,SE,13,114.87,1493.31
BI100203,2024-11-15,SE,14,114.87,1608.18
BI100203,2024-11-15,SE,14,114.87,1608.18
BI100203,2024-11-15,MW,13,114.87,1493.31
BI100203,2024-11-15,MW,14,114.87,1608.18
BI100203,2024-11-15,MW,14,114.87,1608.18
BI100203,2024-11-15,MW,14,114.87,1608.18
BI100203,2024-11-15,MW,14,114.87,1608.18
BI100203,2024-11-15,TX,13,114.87,1493.31
BI100203,2024-11-15,TX,13,114.87,1493.31
BI100203,2024-11-15,TX,14,114.87,1608.18
BI100203,2024-11-15,TX,14,114.87,1608.18
BI100203,2024-11-15,MTN,14,114.87,1608.18
BI100203,2024-11-15,MTN,14,114.87,1608.18
BI100203,2024-11-15,MTN,14,114.87,1608.18
BI100203,2024-11-15,MTN,15,114.87,1723.05
BI100203,2024-11-15,PSW,14,114.87,1608.18
BI100203,2024-11-15,PSW,14,114.87,1608.18
BI100203,2024-11-15,PSW,14,114.87,1608.18
BI100203,2024-11-15,PSW,14,114.87,1608.18
BI100203,2024-11-15,PSW,15,114.87,1723.05
BI100203,2024-11-15,PNW,15,114.87,1723.05
BI100203,2024-11-15,PNW,15,114.87,1723.05
BI100203,2024-11-15,PNW,16,114.87,1837.92
BI100203,2024-12-15,NE,12,114.87,1378.44
BI100203,2024-12-15,NE,12,114.87,1378.44
BI100203,2024-12-15,NE,12,114.87,1378.44
BI100203,2024-12-15,NE,13,114.87,1493.31
BI100203,2024-12-15,MA,13,114.87,1493.31
BI100203,2024-12-15,MA,13,114.87,1493.31
BI100203,2024-12-15,MA,13,114.87,1493.31
BI100203,2024-12-15,MA,13,114.87,1493.31
BI100203,2024-12-15,MA,14,114.87,1608.18
BI100203,2024-12-15,MA,14,114.87,1608.18
BI100203,2024-12-15,SE,12,114.87,1378.44
BI100203,2024-12-15,SE,12,114.87,1378.44
BI100203,2024-12-15,SE,12,114.87,1378.44
BI100203,2024-12-15,SE,12,114.87,1378.44
BI100203,2024-12-15,SE,12,114.87,1378.44
BI100203,2024-12-15,MW,13,114.87,1493.31
BI100203,2024-12-15,MW,13,114.87,1493.31
BI100203,2024-12-15,MW,13,114.87,1493.31
BI100203,2024-12-15,MW,13,114.87,1493.31
BI100203,2024-12-15,MW,14,114.87,1608.18
BI100203,2024-12-15,TX,13,114.87,1493.31
BI100203,2024-12-15,TX,13,114.87,1493.31
BI100203,2024-12-15,TX,14,114.87,1608.18
BI100203,2024-12-15,TX,14,114.87,1608.18
BI100203,2024-12-15,MTN,12,114.87,1378.44
BI100203,2024-12-15,MTN,12,114.87,1378.44
BI100203,2024-12-15,MTN,12,114.87,1378.44
BI100203,2024-12-15,MTN,12,114.87,1378.44
BI100203,2024-12-15,MTN,13,114.87,1493.31
BI100203,2024-12-15,PSW,14,114.87,1608.18
BI100203,2024-12-15,PSW,14,114.87,1608.18
BI100203,2024-12-15,PSW,14,114.87,1608.18
BI100203,2024-12-15,PSW,14,114.87,1608.18
BI100203,2024-12-15,PSW,14,114.87,1608.18
BI100203,2024-12-15,PNW,12,114.87,1378.44
BI100203,2024-12-15,PNW,13,114.87,1493.31
BI100203,2024-12-15,PNW,13,114.87,1493.31
BI100203,2024-12-15,PNW,13,114.87,1493.31
BI100203,2025-01-15,NE,13,114.87,1493.31
BI100203,2025-01-15,NE,13,114.87,1493.31
BI100203,2025-01-15,NE,13,114.87,1493.31
BI100203,2025-01-15,NE,13,114.87,1493.31
BI100203,2025-01-15,MA,12,114.87,1378.44
BI100203,2025-01-15,MA,12,114.87,1378.44
BI100203,2025-01-15,MA,12,114.87,1378.44
BI100203,2025-01-15,MA,12,114.87,1378.44
BI100203,2025-01-15,MA,13,114.87,1493.31
BI100203,2025-01-15,MA,13,114.87,1493.31
BI100203,2025-01-15,SE,13,114.87,1493.31
BI100203,2025-01-15,SE,13,114.87,1493.31
BI100203,2025-01-15,SE,13,114.87,1493.31
BI100203,2025-01-15,SE,13,114.87,1493.31
BI100203,2025-01-15,SE,14,114.87,1608.18
BI100203,2025-01-15,MW,12,114.87,1378.44
BI100203,2025-01-15,MW,13,114.87,1493.31
BI100203,2025-01-15,MW,13,114.87,1493.31
BI100203,2025-01-15,MW,13,114.87,1493.31
BI100203,2025-01-15,MW,13,114.87,1493.31
BI100203,2025-01-15,TX,13,114.87,1493.31
BI100203,2025-01-15,TX,13,114.87,1493.31
BI100203,2025-01-15,TX,14,114.87,1608.18
BI100203,2025-01-15,TX,14,114.87,1608.18
BI100203,2025-01-15,MTN,14,114.87,1608.18
BI100203,2025-01-15,MTN,14,114.87,1608.18
BI100203,2025-01-15,MTN,15,114.87,1723.05
BI100203,2025-01-15,MTN,15,114.87,1723.05
BI100203,2025-01-15,PSW,14,114.87,1608.18
BI100203,2025-01-15,PSW,14,114.87,1608.18
BI100203,2025-01-15,PSW,14,114.87,1608.18
BI100203,2025-01-15,PSW,14,114.87,1608.18
BI100203,2025-01-15,PSW,14,114.87,1608.18
BI100203,2025-01-15,PNW,13,114.87,1493.31
BI100203,2025-01-15,PNW,13,114.87,1493.31
BI100203,2025-01-15,PNW,13,114.87,1493.31
BI100203,2025-01-15,PNW,14,114.87,1608.18
BI100203,2025-02-15,NE,13,114.87,1493.31
BI100203,2025-02-15,NE,13,114.87,1493.31
BI100203,2025-02-15,NE,13,114.87,1493.31
BI100203,2025-02-15,NE,13,114.87,1493.31
BI100203,2025-02-15,MA,12,114.87,1378.44
BI100203,2025-02-15,MA,12,114.87,1378.44
BI100203,2025-02-15,MA,12,114.87,1378.44
BI100203,2025-02-15,MA,12,114.87,1378.44
BI100203,2025-02-15,MA,12,114.87,1378.44
BI100203,2025-02-15,MA,12,114.87,1378.44
BI100203,2025-02-15,SE,12,114.87,1378.44
BI100203,2025-02-15,SE,12,114.87,1378.44
BI100203,2025-02-15,SE,12,114.87,1378.44
BI100203,2025-02-15,SE,12,114.87,1378.44
BI100203,2025-02-15,SE,12,114.87,1378.44
BI100203,2025-02-15,MW,14,114.87,1608.18
BI100203,2025-02-15,MW,14,114.87,1608.18
BI100203,2025-02-15,MW,14,114.87,1608.18
BI100203,2025-02-15,MW,14,114.87,1608.18
BI100203,2025-02-15,MW,15,114.87,1723.05
BI100203,2025-02-15,TX,12,114.87,1378.44
BI100203,2025-02-15,TX,12,114.87,1378.44
BI100203,2025-02-15,TX,13,114.87,1493.31
BI100203,2025-02-15,TX,13,114.87,1493.31
BI100203,2025-02-15,MTN,13,114.87,1493.31
BI100203,2025-02-15,MTN,13,114.87,1493.31
BI100203,2025-02-15,MTN,14,114.87,1608.18
BI100203,2025-02-15,MTN,14,114.87,1608.18
BI100203,2025-02-15,PSW,13,114.87,1493.31
BI100203,2025-02-15,PSW,13,114.87,1493.31
BI100203,2025-02-15,PSW,13,114.87,1493.31
BI100203,2025-02-15,PSW,14,114.87,1608.18
BI100203,2025-02-15,PSW,14,114.87,1608.18
BI100203,2025-02-15,PNW,12,114.87,1378.44
BI100203,2025-02-15,PNW,12,114.87,1378.44
BI100203,2025-02-15,PNW,13,114.87,1493.31
BI100203,2025-02-15,PNW,13,114.87,1493.31
BI100203,2025-03-15,NE,12,114.87,1378.44
BI100203,2025-03-15,NE,12,114.87,1378.44
BI100203,2025-03-15,NE,13,114.87,1493.31
BI100203,2025-03-15,NE,13,114.87,1493.31
BI100203,2025-03-15,MA,12,114.87,1378.44
BI100203,2025-03-15,MA,13,114.87,1493.31
BI100203,2025-03-15,MA,13,114.87,1493.31
BI100203,2025-03-15,MA,13,114.87,1493.31
BI100203,2025-03-15,MA,13,114.87,1493.31
BI100203,2025-03-15,MA,13,114.87,1493.31
BI100203,2025-03-15,SE,13,114.87,1493.31
BI100203,2025-03-15,SE,13,114.87,1493.31
BI100203,2025-03-15,SE,13,114.87,1493.31
BI100203,2025-03-15,SE,14,114.87,1608.18
BI100203,2025-03-15,SE,14,114.87,1608.18
BI100203,2025-03-15,MW,14,114.87,1608.18
BI100203,2025-03-15,MW,14,114.87,1608.18
BI100203,2025-03-15,MW,14,114.87,1608.18
BI100203,2025-03-15,MW,14,114.87,1608.18
BI100203,2025-03-15,MW,15,114.87,1723.05
BI100203,2025-03-15,TX,12,114.87,1378.44
BI100203,2025-03-15,TX,12,114.87,1378.44
BI100203,2025-03-15,TX,13,114.87,1493.31
BI100203,2025-03-15,TX,13,114.87,1493.31
BI100203,2025-03-15,MTN,14,114.87,1608.18
BI100203,2025-03-15,MTN,14,114.87,1608.18
BI100203,2025-03-15,MTN,15,114.87,1723.05
BI100203,2025-03-15,MTN,15,114.87,1723.05
BI100203,2025-03-15,PSW,13,114.87,1493.31
BI100203,2025-03-15,PSW,13,114.87,1493.31
BI100203,2025-03-15,PSW,13,114.87,1493.31
BI100203,2025-03-15,PSW,14,114.87,1608.18
BI100203,2025-03-15,PSW,14,114.87,1608.18
BI100203,2025-03-15,PNW,12,114.87,1378.44
BI100203,2025-03-15,PNW,12,114.87,1378.44
BI100203,2025-03-15,PNW,13,114.87,1493.31
BI100203,2025-03-15,PNW,13,114.87,1493.31
BI100203,2025-04-15,NE,12,114.87,1378.44
BI100203,2025-04-15,NE,12,114.87,1378.44
BI100203,2025-04-15,NE,12,114.87,1378.44
BI100203,2025-04-15,NE,12,114.87,1378.44
BI100203,2025-04-15,MA,12,114.87,1378.44
BI100203,2025-04-15,MA,12,114.87,1378.44
BI100203,2025-04-15,MA,12,114.87,1378.44
BI100203,2025-04-15,MA,12,114.87,1378.44
BI100203,2025-04-15,MA,12,114.87,1378.44
BI100203,2025-04-15,MA,13,114.87,1493.31
BI100203,2025-04-15,SE,12,114.87,1378.44
BI100203,2025-04-15,SE,12,114.87,1378.44
BI100203,2025-04-15,SE,13,114.87,1493.31
BI100203,2025-04-15,SE,13,114.87,1493.31
BI100203,2025-04-15,SE,13,114.87,1493.31
BI100203,2025-04-15,MW,12,114.87,1378.44
BI100203,2025-04-15,MW,13,114.87,1493.31
BI100203,2025-04-15,MW,13,114.87,1493.31
BI100203,2025-04-15,MW,13,114.87,1493.31
BI100203,2025-04-15,MW,13,114.87,1493.31
BI100203,2025-04-15,TX,13,114.87,1493.31
BI100203,2025-04-15,TX,13,114.87,1493.31
BI100203,2025-04-15,TX,13,114.87,1493.31
BI100203,2025-04-15,TX,14,114.87,1608.18
BI100203,2025-04-15,MTN,13,114.87,1493.31
BI100203,2025-04-15,MTN,14,114.87,1608.18
BI100203,2025-04-15,MTN,14,114.87,1608.18
BI100203,2025-04-15,MTN,14,114.87,1608.18
BI100203,2025-04-15,PSW,13,114.87,1493.31
BI100203,2025-04-15,PSW,14,114.87,1608.18
BI100203,2025-04-15,PSW,14,114.87,1608.18
BI100203,2025-04-15,PSW,14,114.87,1608.18
BI100203,2025-04-15,PSW,14,114.87,1608.18
BI100203,2025-04-15,PNW,15,114.87,1723.05
BI100203,2025-04-15,PNW,16,114.87,1837.92
BI100203,2025-04-15,PNW,16,114.87,1837.92
BI100203,2025-05-15,NE,13,114.87,1493.31
BI100203,2025-05-15,NE,13,114.87,1493.31
BI100203,2025-05-15,NE,13,114.87,1493.31
BI100203,2025-05-15,NE,14,114.87,1608.18
BI100203,2025-05-15,MA,13,114.87,1493.31
BI100203,2025-05-15,MA,13,114.87,1493.31
BI100203,2025-05-15,MA,14,114.87,1608.18
BI100203,2025-05-15,MA,14,114.87,1608.18
BI100203,2025-05-15,MA,14,114.87,1608.18
BI100203,2025-05-15,MA,14,114.87,1608.18
BI100203,2025-05-15,SE,13,114.87,1493.31
BI100203,2025-05-15,SE,13,114.87,1493.31
BI100203,2025-05-15,SE,13,114.87,1493.31
BI100203,2025-05-15,SE,14,114.87,1608.18
BI100203,2025-05-15,SE,14,114.87,1608.18
BI100203,2025-05-15,MW,13,114.87,1493.31
BI100203,2025-05-15,MW,13,114.87,1493.31
BI100203,2025-05-15,MW,14,114.87,1608.18
BI100203,2025-05-15,MW,14,114.87,1608.18
BI100203,2025-05-15,MW,14,114.87,1608.18
BI100203,2025-05-15,TX,13,114.87,1493.31
BI100203,2025-05-15,TX,13,114.87,1493.31
BI100203,2025-05-15,TX,14,114.87,1608.18
BI100203,2025-05-15,TX,14,114.87,1608.18
BI100203,2025-05-15,MTN,13,114.87,1493.31
BI100203,2025-05-15,MTN,13,114.87,1493.31
BI100203,2025-05-15,MTN,14,114.87,1608.18
BI100203,2025-05-15,MTN,14,114.87,1608.18
BI100203,2025-05-15,PSW,13,114.87,1493.31
BI100203,2025-05-15,PSW,14,114.87,1608.18
BI100203,2025-05-15,PSW,14,114.87,1608.18
BI100203,2025-05-15,PSW,14,114.87,1608.18
BI100203,2025-05-15,PSW,14,114.87,1608.18
BI100203,2025-05-15,PNW,12,114.87,1378.44
BI100203,2025-05-15,PNW,12,114.87,1378.44
BI100203,2025-05-15,PNW,13,114.87,1493.31
BI100203,2025-05-15,PNW,13,114.87,1493.31
BI100203,2025-06-15,NE,14,114.87,1608.18
BI100203,2025-06-15,NE,14,114.87,1608.18
BI100203,2025-06-15,NE,14,114.87,1608.18
BI100203,2025-06-15,NE,15,114.87,1723.05
BI100203,2025-06-15,MA,13,114.87,1493.31
BI100203,2025-06-15,MA,13,114.87,1493.31
BI100203,2025-06-15,MA,13,114.87,1493.31
BI100203,2025-06-15,MA,13,114.87,1493.31
BI100203,2025-06-15,MA,13,114.87,1493.31
BI100203,2025-06-15,MA,13,114.87,1493.31
BI100203,2025-06-15,SE,12,114.87,1378.44
BI100203,2025-06-15,SE,12,114.87,1378.44
BI100203,2025-06-15,SE,12,114.87,1378.44
BI100203,2025-06-15,SE,12,114.87,1378.44
BI100203,2025-06-15,SE,13,114.87,1493.31
BI100203,2025-06-15,MW,13,114.87,1493.31
BI100203,2025-06-15,MW,13,114.87,1493.31
BI100203,2025-06-15,MW,13,114.87,1493.31
BI100203,2025-06-15,MW,13,114.87,1493.31
BI100203,2025-06-15,MW,14,114.87,1608.18
BI100203,2025-06-15,TX,13,114.87,1493.31
BI100203,2025-06-15,TX,13,114.87,1493.31
BI100203,2025-06-15,TX,14,114.87,1608.18
BI100203,2025-06-15,TX,14,114.87,1608.18
BI100203,2025-06-15,MTN,12,114.87,1378.44
BI100203,2025-06-15,MTN,12,114.87,1378.44
BI100203,2025-06-15,MTN,12,114.87,1378.44
BI100203,2025-06-15,MTN,12,114.87,1378.44
BI100203,2025-06-15,MTN,12,114.87,1378.44
BI100203,2025-06-15,PSW,12,114.87,1378.44
BI100203,2025-06-15,PSW,12,114.87,1378.44
BI100203,2025-06-15,PSW,12,114.87,1378.44
BI100203,2025-06-15,PSW,12,114.87,1378.44
BI100203,2025-06-15,PSW,12,114.87,1378.44
BI100203,2025-06-15,PSW,13,114.87,1493.31
BI100203,2025-06-15,PNW,13,114.87,1493.31
BI100203,2025-06-15,PNW,13,114.87,1493.31
BI100203,2025-06-15,PNW,13,114.87,1493.31
BI100203,2025-06-15,PNW,13,114.87,1493.31
BI100203,2025-07-15,NE,12,114.87,1378.44
BI100203,2025-07-15,NE,13,114.87,1493.31
BI100203,2025-07-15,NE,13,114.87,1493.31
BI100203,2025-07-15,NE,13,114.87,1493.31
BI100203,2025-07-15,MA,12,114.87,1378.44
BI100203,2025-07-15,MA,13,114.87,1493.31
BI100203,2025-07-15,MA,13,114.87,1493.31
BI100203,2025-07-15,MA,13,114.87,1493.31
BI100203,2025-07-15,MA,13,114.87,1493.31
BI100203,2025-07-15,MA,13,114.87,1493.31
BI100203,2025-07-15,SE,12,114.87,1378.44
BI100203,2025-07-15,SE,13,114.87,1493.31
BI100203,2025-07-15,SE,13,114.87,1493.31
BI100203,2025-07-15,SE,13,114.87,1493.31
BI100203,2025-07-15,SE,13,114.87,1493.31
BI100203,2025-07-15,MW,12,114.87,1378.44
BI100203,2025-07-15,MW,12,114.87,1378.44
BI100203,2025-07-15,MW,12,114.87,1378.44
BI100203,2025-07-15,MW,13,114.87,1493.31
BI100203,2025-07-15,MW,13,114.87,1493.31
BI100203,2025-07-15,MW,13,114.87,1493.31
BI100203,2025-07-15,TX,12,114.87,1378.44
BI100203,2025-07-15,TX,13,114.87,1493.31
BI100203,2025-07-15,TX,13,114.87,1493.31
BI100203,2025-07-15,TX,13,114.87,1493.31
BI100203,2025-07-15,MTN,13,114.87,1493.31
BI100203,2025-07-15,MTN,14,114.87,1608.18
BI100203,2025-07-15,MTN,14,114.87,1608.18
BI100203,2025-07-15,MTN,14,114.87,1608.18
BI100203,2025-07-15,PSW,12,114.87,1378.44
BI100203,2025-07-15,PSW,12,114.87,1378.44
BI100203,2025-07-15,PSW,12,114.87,1378.44
BI100203,2025-07-15,PSW,12,114.87,1378.44
BI100203,2025-07-15,PSW,13,114.87,1493.31
BI100203,2025-07-15,PSW,13,114.87,1493.31
BI100203,2025-07-15,PNW,13,114.87,1493.31
BI100203,2025-07-15,PNW,13,114.87,1493.31
BI100203,2025-07-15,PNW,13,114.87,1493.31
BI100203,2025-07-15,PNW,14,114.87,1608.18
BI100203,2025-08-15,NE,14,114.87,1608.18
BI100203,2025-08-15,NE,14,114.87,1608.18
BI100203,2025-08-15,NE,14,114.87,1608.18
BI100203,2025-08-15,NE,15,114.87,1723.05
BI100203,2025-08-15,MA,13,114.87,1493.31
BI100203,2025-08-15,MA,13,114.87,1493.31
BI100203,2025-08-15,MA,14,114.87,1608.18
BI100203,2025-08-15,MA,14,114.87,1608.18
BI100203,2025-08-15,MA,14,114.87,1608.18
BI100203,2025-08-15,MA,14,114.87,1608.18
BI100203,2025-08-15,SE,13,114.87,1493.31
BI100203,2025-08-15,SE,13,114.87,1493.31
BI100203,2025-08-15,SE,13,114.87,1493.31
BI100203,2025-08-15,SE,13,114.87,1493.31
BI100203,2025-08-15,SE,13,114.87,1493.31
BI100203,2025-08-15,MW,12,114.87,1378.44
BI100203,2025-08-15,MW,12,114.87,1378.44
BI100203,2025-08-15,MW,12,114.87,1378.44
BI100203,2025-08-15,MW,12,114.87,1378.44
BI100203,2025-08-15,MW,13,114.87,1493.31
BI100203,2025-08-15,MW,13,114.87,1493.31
BI100203,2025-08-15,TX,12,114.87,1378.44
BI100203,2025-08-15,TX,12,114.87,1378.44
BI100203,2025-08-15,TX,12,114.87,1378.44
BI100203,2025-08-15,TX,13,114.87,1493.31
BI100203,2025-08-15,MTN,12,114.87,1378.44
BI100203,2025-08-15,MTN,12,114.87,1378.44
BI100203,2025-08-15,MTN,12,114.87,1378.44
BI100203,2025-08-15,MTN,13,114.87,1493.31
BI100203,2025-08-15,MTN,13,114.87,1493.31
BI100203,2025-08-15,PSW,14,114.87,1608.18
BI100203,2025-08-15,PSW,14,114.87,1608.18
BI100203,2025-08-15,PSW,14,114.87,1608.18
BI100203,2025-08-15,PSW,14,114.87,1608.18
BI100203,2025-08-15,PSW,14,114.87,1608.18
BI100203,2025-08-15,PNW,13,114.87,1493.31
BI100203,2025-08-15,PNW,13,114.87,1493.31
BI100203,2025-08-15,PNW,14,114.87,1608.18
BI100203,2025-08-15,PNW,14,114.87,1608.18
BI100203,2025-09-15,NE,13,114.87,1493.31
BI100203,2025-09-15,NE,13,114.87,1493.31
BI100203,2025-09-15,NE,14,114.87,1608.18
BI100203,2025-09-15,NE,14,114.87,1608.18
BI100203,2025-09-15,MA,12,114.87,1378.44
BI100203,2025-09-15,MA,12,114.87,1378.44
BI100203,2025-09-15,MA,12,114.87,1378.44
BI100203,2025-09-15,MA,12,114.87,1378.44
BI100203,2025-09-15,MA,12,114.87,1378.44
BI100203,2025-09-15,MA,13,114.87,1493.31
BI100203,2025-09-15,SE,12,114.87,1378.44
BI100203,2025-09-15,SE,12,114.87,1378.44
BI100203,2025-09-15,SE,12,114.87,1378.44
BI100203,2025-09-15,SE,12,114.87,1378.44
BI100203,2025-09-15,SE,12,114.87,1378.44
BI100203,2025-09-15,SE,12,114.87,1378.44
BI100203,2025-09-15,MW,13,114.87,1493.31
BI100203,2025-09-15,MW,13,114.87,1493.31
BI100203,2025-09-15,MW,13,114.87,1493.31
BI100203,2025-09-15,MW,14,114.87,1608.18
BI100203,2025-09-15,MW,14,114.87,1608.18
BI100203,2025-09-15,TX,14,114.87,1608.18
BI100203,2025-09-15,TX,14,114.87,1608.18
BI100203,2025-09-15,TX,14,114.87,1608.18
BI100203,2025-09-15,TX,15,114.87,1723.05
BI100203,2025-09-15,MTN,12,114.87,1378.44
BI100203,2025-09-15,MTN,12,114.87,1378.44
BI100203,2025-09-15,MTN,12,114.87,1378.44
BI100203,2025-09-15,MTN,12,114.87,1378.44
BI100203,2025-09-15,MTN,12,114.87,1378.44
BI100203,2025-09-15,PSW,12,114.87,1378.44
BI100203,2025-09-15,PSW,12,114.87,1378.44
BI100203,2025-09-15,PSW,12,114.87,1378.44
BI100203,2025-09-15,PSW,12,114.87,1378.44
BI100203,2025-09-15,PSW,13,114.87,1493.31
BI100203,2025-09-15,PSW,13,114.87,1493.31
BI100203,2025-09-15,PNW,12,114.87,1378.44
BI100203,2025-09-15,PNW,12,114.87,1378.44
BI100203,2025-09-15,PNW,12,114.87,1378.44
BI100203,2025-09-15,PNW,13,114.87,1493.31
BI100203,2025-10-15,NE,14,114.87,1608.18
BI100203,2025-10-15,NE,14,114.87,1608.18
BI100203,2025-10-15,NE,15,114.87,1723.05
BI100203,2025-10-15,NE,15,114.87,1723.05
BI100203,2025-10-15,MA,13,114.87,1493.31
BI100203,2025-10-15,MA,13,114.87,1493.31
BI100203,2025-10-15,MA,13,114.87,1493.31
BI100203,2025-10-15,MA,13,114.87,1493.31
BI100203,2025-10-15,MA,14,114.87,1608.18
BI100203,2025-10-15,MA,14,114.87,1608.18
BI100203,2025-10-15,SE,12,114.87,1378.44
BI100203,2025-10-15,SE,12,114.87,1378.44
BI100203,2025-10-15,SE,12,114.87,1378.44
BI100203,2025-10-15,SE,12,114.87,1378.44
BI100203,2025-10-15,SE,12,114.87,1378.44
BI100203,2025-10-15,SE,12,114.87,1378.44
BI100203,2025-10-15,MW,12,114.87,1378.44
BI100203,2025-10-15,MW,12,114.87,1378.44
BI100203,2025-10-15,MW,12,114.87,1378.44
BI100203,2025-10-15,MW,12,114.87,1378.44
BI100203,2025-10-15,MW,13,114.87,1493.31
BI100203,2025-10-15,MW,13,114.87,1493.31
BI100203,2025-10-15,TX,13,114.87,1493.31
BI100203,2025-10-15,TX,14,114.87,1608.18
BI100203,2025-10-15,TX,14,114.87,1608.18
BI100203,2025-10-15,TX,14,114.87,1608.18
BI100203,2025-10-15,MTN,14,114.87,1608.18
BI100203,2025-10-15,MTN,15,114.87,1723.05
BI100203,2025-10-15,MTN,15,114.87,1723.05
BI100203,2025-10-15,MTN,15,114.87,1723.05
BI100203,2025-10-15,PSW,13,114.87,1493.31
BI100203,2025-10-15,PSW,13,114.87,1493.31
BI100203,2025-10-15,PSW,13,114.87,1493.31
BI100203,2025-10-15,PSW,13,114.87,1493.31
BI100203,2025-10-15,PSW,13,114.87,1493.31
BI100203,2025-10-15,PSW,14,114.87,1608.18
BI100203,2025-10-15,PNW,12,114.87,1378.44
BI100203,2025-10-15,PNW,12,114.87,1378.44
BI100203,2025-10-15,PNW,12,114.87,1378.44
BI100203,2025-10-15,PNW,13,114.87,1493.31
BI100203,2025-11-15,NE,14,114.87,1608.18
BI100203,2025-11-15,NE,14,114.87,1608.18
BI100203,2025-11-15,NE,14,114.87,1608.18
BI100203,2025-11-15,NE,15,114.87,1723.05
BI100203,2025-11-15,MA,12,114.87,1378.44
BI100203,2025-11-15,MA,12,114.87,1378.44
BI100203,2025-11-15,MA,12,114.87,1378.44
BI100203,2025-11-15,MA,12,114.87,1378.44
BI100203,2025-11-15,MA,12,114.87,1378.44
BI100203,2025-11-15,MA,12,114.87,1378.44
BI100203,2025-11-15,MA,12,114.87,1378.44
BI100203,2025-11-15,SE,12,114.87,1378.44
BI100203,2025-11-15,SE,12,114.87,1378.44
BI100203,2025-11-15,SE,12,114.87,1378.44
BI100203,2025-11-15,SE,12,114.87,1378.44
BI100203,2025-11-15,SE,12,114.87,1378.44
BI100203,2025-11-15,SE,12,114.87,1378.44
BI100203,2025-11-15,MW,13,114.87,1493.31
BI100203,2025-11-15,MW,13,114.87,1493.31
BI100203,2025-11-15,MW,13,114.87,1493.31
BI100203,2025-11-15,MW,13,114.87,1493.31
BI100203,2025-11-15,MW,14,114.87,1608.18
BI100203,2025-11-15,TX,13,114.87,1493.31
BI100203,2025-11-15,TX,13,114.87,1493.31
BI100203,2025-11-15,TX,14,114.87,1608.18
BI100203,2025-11-15,TX,14,114.87,1608.18
BI100203,2025-11-15,MTN,14,114.87,1608.18
BI100203,2025-11-15,MTN,14,114.87,1608.18
BI100203,2025-11-15,MTN,15,114.87,1723.05
BI100203,2025-11-15,MTN,15,114.87,1723.05
BI100203,2025-11-15,PSW,14,114.87,1608.18
BI100203,2025-11-15,PSW,14,114.87,1608.18
BI100203,2025-11-15,PSW,14,114.87,1608.18
BI100203,2025-11-15,PSW,14,114.87,1608.18
BI100203,2025-11-15,PSW,14,114.87,1608.18
BI100203,2025-11-15,PNW,12,114.87,1378.44
BI100203,2025-11-15,PNW,13,114.87,1493.31
BI100203,2025-11-15,PNW,13,114.87,1493.31
BI100203,2025-11-15,PNW,13,114.87,1493.31
BI100203,2025-12-15,NE,12,114.87,1378.44
BI100203,2025-12-15,NE,13,114.87,1493.31
BI100203,2025-12-15,NE,13,114.87,1493.31
BI100203,2025-12-15,NE,13,114.87,1493.31
BI100203,2025-12-15,MA,13,114.87,1493.31
BI100203,2025-12-15,MA,13,114.87,1493.31
BI100203,2025-12-15,MA,14,114.87,1608.18
BI100203,2025-12-15,MA,14,114.87,1608.18
BI100203,2025-12-15,MA,14,114.87,1608.18
BI100203,2025-12-15,MA,14,114.87,1608.18
BI100203,2025-12-15,SE,12,114.87,1378.44
BI100203,2025-12-15,SE,12,114.87,1378.44
BI100203,2025-12-15,SE,12,114.87,1378.44
BI100203,2025-12-15,SE,12,114.87,1378.44
BI100203,2025-12-15,SE,12,114.87,1378.44
BI100203,2025-12-15,SE,13,114.87,1493.31
BI100203,2025-12-15,MW,13,114.87,1493.31
BI100203,2025-12-15,MW,13,114.87,1493.31
BI100203,2025-12-15,MW,13,114.87,1493.31
BI100203,2025-12-15,MW,13,114.87,1493.31
BI100203,2025-12-15,MW,14,114.87,1608.18
BI100203,2025-12-15,TX,14,114.87,1608.18
BI100203,2025-12-15,TX,14,114.87,1608.18
BI100203,2025-12-15,TX,14,114.87,1608.18
BI100203,2025-12-15,TX,14,114.87,1608.18
BI100203,2025-12-15,MTN,12,114.87,1378.44
BI100203,2025-12-15,MTN,12,114.87,1378.44
BI100203,2025-12-15,MTN,12,114.87,1378.44
BI100203,2025-12-15,MTN,13,114.87,1493.31
BI100203,2025-12-15,MTN,13,114.87,1493.31
BI100203,2025-12-15,PSW,13,114.87,1493.31
BI100203,2025-12-15,PSW,13,114.87,1493.31
BI100203,2025-12-15,PSW,13,114.87,1493.31
BI100203,2025-12-15,PSW,13,114.87,1493.31
BI100203,2025-12-15,PSW,13,114.87,1493.31
BI100203,2025-12-15,PSW,14,114.87,1608.18
BI100203,2025-12-15,PNW,14,114.87,1608.18
BI100203,2025-12-15,PNW,14,114.87,1608.18
BI100203,2025-12-15,PNW,14,114.87,1608.18
BI100203,2025-12-15,PNW,14,114.87,1608.18
BI100210,2024-01-15,NE,14,162.61,2276.54
BI100210,2024-01-15,MA,15,162.61,2439.15
BI100210,2024-01-15,SE,13,162.61,2113.93
BI100210,2024-01-15,MW,16,162.61,2601.76
BI100210,2024-01-15,TX,19,162.61,3089.59
BI100210,2024-01-15,MTN,19,162.61,3089.59
BI100210,2024-01-15,PSW,16,162.61,2601.76
BI100210,2024-01-15,PNW,17,162.61,2764.37
BI100210,2024-02-15,NE,15,162.61,2439.15
BI100210,2024-02-15,MA,13,162.61,2113.93
BI100210,2024-02-15,SE,15,162.61,2439.15
BI100210,2024-02-15,MW,17,162.61,2764.37
BI100210,2024-02-15,TX,18,162.61,2926.98
BI100210,2024-02-15,MTN,22,162.61,3577.42
BI100210,2024-02-15,PSW,17,162.61,2764.37
BI100210,2024-02-15,PNW,19,162.61,3089.59
BI100210,2024-03-15,NE,15,162.61,2439.15
BI100210,2024-03-15,MA,14,162.61,2276.54
BI100210,2024-03-15,SE,14,162.61,2276.54
BI100210,2024-03-15,MW,16,162.61,2601.76
BI100210,2024-03-15,TX,18,162.61,2926.98
BI100210,2024-03-15,MTN,21,162.61,3414.81
BI100210,2024-03-15,PSW,15,162.61,2439.15
BI100210,2024-03-15,PNW,19,162.61,3089.59
BI100210,2024-04-15,NE,15,162.61,2439.15
BI100210,2024-04-15,MA,15,162.61,2439.15
BI100210,2024-04-15,SE,15,162.61,2439.15
BI100210,2024-04-15,MW,17,162.61,2764.37
BI100210,2024-04-15,TX,18,162.61,2926.98
BI100210,2024-04-15,MTN,21,162.61,3414.81
BI100210,2024-04-15,PSW,15,162.61,2439.15
BI100210,2024-04-15,PNW,19,162.61,3089.59
BI100210,2024-05-15,NE,15,162.61,2439.15
BI100210,2024-05-15,MA,15,162.61,2439.15
BI100210,2024-05-15,SE,14,162.61,2276.54
BI100210,2024-05-15,MW,17,162.61,2764.37
BI100210,2024-05-15,TX,18,162.61,2926.98
BI100210,2024-05-15,MTN,21,162.61,3414.81
BI100210,2024-05-15,PSW,16,162.61,2601.76
BI100210,2024-05-15,PNW,18,162.61,2926.98
BI100210,2024-06-15,NE,15,162.61,2439.15
BI100210,2024-06-15,MA,14,162.61,2276.54
BI100210,2024-06-15,SE,15,162.61,2439.15
BI100210,2024-06-15,MW,18,162.61,2926.98
BI100210,2024-06-15,TX,20,162.61,3252.2
BI100210,2024-06-15,MTN,21,162.61,3414.81
BI100210,2024-06-15,PSW,17,162.61,2764.37
BI100210,2024-06-15,PNW,19,162.61,3089.59
BI100210,2024-07-15,NE,16,162.61,2601.76
BI100210,2024-07-15,MA,14,162.61,2276.54
BI100210,2024-07-15,SE,13,162.61,2113.93
BI100210,2024-07-15,MW,16,162.61,2601.76
BI100210,2024-07-15,TX,18,162.61,2926.98
BI100210,2024-07-15,MTN,21,162.61,3414.81
BI100210,2024-07-15,PSW,16,162.61,2601.76
BI100210,2024-07-15,PNW,18,162.61,2926.98
BI100210,2024-08-15,NE,16,162.61,2601.76
BI100210,2024-08-15,MA,14,162.61,2276.54
BI100210,2024-08-15,SE,13,162.61,2113.93
BI100210,2024-08-15,MW,17,162.61,2764.37
BI100210,2024-08-15,TX,20,162.61,3252.2
BI100210,2024-08-15,MTN,20,162.61,3252.2
BI100210,2024-08-15,PSW,17,162.61,2764.37
BI100210,2024-08-15,PNW,19,162.61,3089.59
BI100210,2024-09-15,NE,15,162.61,2439.15
BI100210,2024-09-15,MA,14,162.61,2276.54
BI100210,2024-09-15,SE,14,162.61,2276.54
BI100210,2024-09-15,MW,18,162.61,2926.98
BI100210,2024-09-15,TX,18,162.61,2926.98
BI100210,2024-09-15,MTN,21,162.61,3414.81
BI100210,2024-09-15,PSW,17,162.61,2764.37
BI100210,2024-09-15,PNW,21,162.61,3414.81
BI100210,2024-10-15,NE,16,162.61,2601.76
BI100210,2024-10-15,MA,15,162.61,2439.15
BI100210,2024-10-15,SE,14,162.61,2276.54
BI100210,2024-10-15,MW,18,162.61,2926.98
BI100210,2024-10-15,TX,20,162.61,3252.2
BI100210,2024-10-15,MTN,20,162.61,3252.2
BI100210,2024-10-15,PSW,17,162.61,2764.37
BI100210,2024-10-15,PNW,20,162.61,3252.2
BI100210,2024-11-15,NE,15,162.61,2439.15
BI100210,2024-11-15,MA,14,162.61,2276.54
BI100210,2024-11-15,SE,14,162.61,2276.54
BI100210,2024-11-15,MW,19,162.61,3089.59
BI100210,2024-11-15,TX,20,162.61,3252.2
BI100210,2024-11-15,MTN,22,162.61,3577.42
BI100210,2024-11-15,PSW,17,162.61,2764.37
BI100210,2024-11-15,PNW,20,162.61,3252.2
BI100210,2024-12-15,NE,16,162.61,2601.76
BI100210,2024-12-15,MA,15,162.61,2439.15
BI100210,2024-12-15,SE,14,162.61,2276.54
BI100210,2024-12-15,MW,17,162.61,2764.37
BI100210,2024-12-15,TX,20,162.61,3252.2
BI100210,2024-12-15,MTN,20,162.61,3252.2
BI100210,2024-12-15,PSW,17,162.61,2764.37
BI100210,2024-12-15,PNW,20,162.61,3252.2
BI100210,2025-01-15,NE,16,162.61,2601.76
BI100210,2025-01-15,MA,16,162.61,2601.76
BI100210,2025-01-15,SE,16,162.61,2601.76
BI100210,2025-01-15,MW,19,162.61,3089.59
BI100210,2025-01-15,TX,19,162.61,3089.59
BI100210,2025-01-15,MTN,21,162.61,3414.81
BI100210,2025-01-15,PSW,16,162.61,2601.76
BI100210,2025-01-15,PNW,18,162.61,2926.98
BI100210,2025-02-15,NE,16,162.61,2601.76
BI100210,2025-02-15,MA,15,162.61,2439.15
BI100210,2025-02-15,SE,15,162.61,2439.15
BI100210,2025-02-15,MW,18,162.61,2926.98
BI100210,2025-02-15,TX,21,162.61,3414.81
BI100210,2025-02-15,MTN,20,162.61,3252.2
BI100210,2025-02-15,PSW,17,162.61,2764.37
BI100210,2025-02-15,PNW,18,162.61,2926.98
BI100210,2025-03-15,NE,17,162.61,2764.37
BI100210,2025-03-15,MA,15,162.61,2439.15
BI100210,2025-03-15,SE,16,162.61,2601.76
BI100210,2025-03-15,MW,20,162.61,3252.2
BI100210,2025-03-15,TX,20,162.61,3252.2
BI100210,2025-03-15,MTN,23,162.61,3740.03
BI100210,2025-03-15,PSW,17,162.61,2764.37
BI100210,2025-03-15,PNW,20,162.61,3252.2
BI100210,2025-04-15,NE,17,162.61,2764.37
BI100210,2025-04-15,MA,16,162.61,2601.76
BI100210,2025-04-15,SE,16,162.61,2601.76
BI100210,2025-04-15,MW,17,162.61,2764.37
BI100210,2025-04-15,TX,20,162.61,3252.2
BI100210,2025-04-15,MTN,23,162.61,3740.03
BI100210,2025-04-15,PSW,16,162.61,2601.76
BI100210,2025-04-15,PNW,20,162.61,3252.2
BI100210,2025-05-15,NE,16,162.61,2601.76
BI100210,2025-05-15,MA,16,162.61,2601.76
BI100210,2025-05-15,SE,15,162.61,2439.15
BI100210,2025-05-15,MW,19,162.61,3089.59
BI100210,2025-05-15,TX,20,162.61,3252.2
BI100210,2025-05-15,MTN,23,162.61,3740.03
BI100210,2025-05-15,PSW,18,162.61,2926.98
BI100210,2025-05-15,PNW,21,162.61,3414.81
BI100210,2025-06-15,NE,17,162.61,2764.37
BI100210,2025-06-15,MA,14,162.61,2276.54
BI100210,2025-06-15,SE,14,162.61,2276.54
BI100210,2025-06-15,MW,19,162.61,3089.59
BI100210,2025-06-15,TX,20,162.61,3252.2
BI100210,2025-06-15,MTN,22,162.61,3577.42
BI100210,2025-06-15,PSW,17,162.61,2764.37
BI100210,2025-06-15,PNW,20,162.61,3252.2
BI100210,2025-07-15,NE,16,162.61,2601.76
BI100210,2025-07-15,MA,16,162.61,2601.76
BI100210,2025-07-15,SE,15,162.61,2439.15
BI100210,2025-07-15,MW,17,162.61,2764.37
BI100210,2025-07-15,TX,21,162.61,3414.81
BI100210,2025-07-15,MTN,21,162.61,3414.81
BI100210,2025-07-15,PSW,16,162.61,2601.76
BI100210,2025-07-15,PNW,20,162.61,3252.2
BI100210,2025-08-15,NE,16,162.61,2601.76
BI100210,2025-08-15,MA,15,162.61,2439.15
BI100210,2025-08-15,SE,15,162.61,2439.15
BI100210,2025-08-15,MW,18,162.61,2926.98
BI100210,2025-08-15,TX,19,162.61,3089.59
BI100210,2025-08-15,MTN,21,162.61,3414.81
BI100210,2025-08-15,PSW,18,162.61,2926.98
BI100210,2025-08-15,PNW,21,162.61,3414.81
BI100210,2025-09-15,NE,17,162.61,2764.37
BI100210,2025-09-15,MA,15,162.61,2439.15
BI100210,2025-09-15,SE,16,162.61,2601.76
BI100210,2025-09-15,MW,18,162.61,2926.98
BI100210,2025-09-15,TX,21,162.61,3414.81
BI100210,2025-09-15,MTN,22,162.61,3577.42
BI100210,2025-09-15,PSW,17,162.61,2764.37
BI100210,2025-09-15,PNW,20,162.61,3252.2
BI100210,2025-10-15,NE,17,162.61,2764.37
BI100210,2025-10-15,MA,15,162.61,2439.15
BI100210,2025-10-15,SE,16,162.61,2601.76
BI100210,2025-10-15,MW,18,162.61,2926.98
BI100210,2025-10-15,TX,21,162.61,3414.81
BI100210,2025-10-15,MTN,23,162.61,3740.03
BI100210,2025-10-15,PSW,17,162.61,2764.37
BI100210,2025-10-15,PNW,21,162.61,3414.81
BI100210,2025-11-15,NE,16,162.61,2601.76
BI100210,2025-11-15,MA,16,162.61,2601.76
BI100210,2025-11-15,SE,16,162.61,2601.76
BI100210,2025-11-15,MW,19,162.61,3089.59
BI100210,2025-11-15,TX,19,162.61,3089.59
BI100210,2025-11-15,MTN,12,162.61,1951.32
BI100210,2025-11-15,MTN,12,162.61,1951.32
BI100210,2025-11-15,PSW,19,162.61,3089.59
BI100210,2025-11-15,PNW,22,162.61,3577.42
BI100210,2025-12-15,NE,16,162.61,2601.76
BI100210,2025-12-15,MA,16,162.61,2601.76
BI100210,2025-12-15,SE,16,162.61,2601.76
BI100210,2025-12-15,MW,18,162.61,2926.98
BI100210,2025-12-15,TX,21,162.61,3414.81
BI100210,2025-12-15,MTN,21,162.61,3414.81
BI100210,2025-12-15,PSW,18,162.61,2926.98
BI100210,2025-12-15,PNW,20,162.61,3252.2
BI100217,2024-01-15,NE,9,19.1,171.9
BI100217,2024-01-15,MA,11,19.1,210.1
BI100217,2024-01-15,SE,10,19.1,191.0
BI100217,2024-01-15,MW,13,19.1,248.3
BI100217,2024-01-15,TX,11,19.1,210.1
BI100217,2024-01-15,MTN,8,19.1,152.8
BI100217,2024-01-15,PSW,12,19.1,229.2
BI100217,2024-01-15,PNW,10,19.1,191.0
BI100217,2024-02-15,NE,9,19.1,171.9
BI100217,2024-02-15,MA,12,19.1,229.2
BI100217,2024-02-15,SE,9,19.1,171.9
BI100217,2024-02-15,MW,12,19.1,229.2
BI100217,2024-02-15,TX,11,19.1,210.1
BI100217,2024-02-15,MTN,8,19.1,152.8
BI100217,2024-02-15,PSW,11,19.1,210.1
BI100217,2024-02-15,PNW,10,19.1,191.0
BI100217,2024-03-15,NE,8,19.1,152.8
BI100217,2024-03-15,MA,12,19.1,229.2
BI100217,2024-03-15,SE,10,19.1,191.0
BI100217,2024-03-15,MW,13,19.1,248.3
BI100217,2024-03-15,TX,10,19.1,191.0
BI100217,2024-03-15,MTN,9,19.1,171.9
BI100217,2024-03-15,PSW,11,19.1,210.1
BI100217,2024-03-15,PNW,10,19.1,191.0
BI100217,2024-04-15,NE,8,19.1,152.8
BI100217,2024-04-15,MA,12,19.1,229.2
BI100217,2024-04-15,SE,10,19.1,191.0
BI100217,2024-04-15,MW,14,19.1,267.4
BI100217,2024-04-15,TX,10,19.1,191.0
BI100217,2024-04-15,MTN,9,19.1,171.9
BI100217,2024-04-15,PSW,12,19.1,229.2
BI100217,2024-04-15,PNW,10,19.1,191.0
BI100217,2024-05-15,NE,9,19.1,171.9
BI100217,2024-05-15,MA,12,19.1,229.2
BI100217,2024-05-15,SE,10,19.1,191.0
BI100217,2024-05-15,MW,12,19.1,229.2
BI100217,2024-05-15,TX,10,19.1,191.0
BI100217,2024-05-15,MTN,8,19.1,152.8
BI100217,2024-05-15,PSW,12,19.1,229.2
BI100217,2024-05-15,PNW,10,19.1,191.0
BI100217,2024-06-15,NE,8,19.1,152.8
BI100217,2024-06-15,MA,11,19.1,210.1
BI100217,2024-06-15,SE,11,19.1,210.1
BI100217,2024-06-15,MW,13,19.1,248.3
BI100217,2024-06-15,TX,11,19.1,210.1
BI100217,2024-06-15,MTN,8,19.1,152.8
BI100217,2024-06-15,PSW,12,19.1,229.2
BI100217,2024-06-15,PNW,10,19.1,191.0
BI100217,2024-07-15,NE,8,19.1,152.8
BI100217,2024-07-15,MA,12,19.1,229.2
BI100217,2024-07-15,SE,10,19.1,191.0
BI100217,2024-07-15,MW,14,19.1,267.4
BI100217,2024-07-15,TX,11,19.1,210.1
BI100217,2024-07-15,MTN,9,19.1,171.9
BI100217,2024-07-15,PSW,12,19.1,229.2
BI100217,2024-07-15,PNW,9,19.1,171.9
BI100217,2024-08-15,NE,9,19.1,171.9
BI100217,2024-08-15,MA,11,19.1,210.1
BI100217,2024-08-15,SE,11,19.1,210.1
BI100217,2024-08-15,MW,14,19.1,267.4
BI100217,2024-08-15,TX,11,19.1,210.1
BI100217,2024-08-15,MTN,8,19.1,152.8
BI100217,2024-08-15,PSW,12,19.1,229.2
BI100217,2024-08-15,PNW,10,19.1,191.0
BI100217,2024-09-15,NE,8,19.1,152.8
BI100217,2024-09-15,MA,12,19.1,229.2
BI100217,2024-09-15,SE,11,19.1,210.1
BI100217,2024-09-15,MW,14,19.1,267.4
BI100217,2024-09-15,TX,11,19.1,210.1
BI100217,2024-09-15,MTN,9,19.1,171.9
BI100217,2024-09-15,PSW,13,19.1,248.3
BI100217,2024-09-15,PNW,10,19.1,191.0
BI100217,2024-10-15,NE,8,19.1,152.8
BI100217,2024-10-15,MA,12,19.1,229.2
BI100217,2024-10-15,SE,11,19.1,210.1
BI100217,2024-10-15,MW,13,19.1,248.3
BI100217,2024-10-15,TX,11,19.1,210.1
BI100217,2024-10-15,MTN,10,19.1,191.0
BI100217,2024-10-15,PSW,11,19.1,210.1
BI100217,2024-10-15,PNW,10,19.1,191.0
BI100217,2024-11-15,NE,9,19.1,171.9
BI100217,2024-11-15,MA,13,19.1,248.3
BI100217,2024-11-15,SE,10,19.1,191.0
BI100217,2024-11-15,MW,14,19.1,267.4
BI100217,2024-11-15,TX,11,19.1,210.1
BI100217,2024-11-15,MTN,9,19.1,171.9
BI100217,2024-11-15,PSW,12,19.1,229.2
BI100217,2024-11-15,PNW,10,19.1,191.0
BI100217,2024-12-15,NE,9,19.1,171.9
BI100217,2024-12-15,MA,13,19.1,248.3
BI100217,2024-12-15,SE,11,19.1,210.1
BI100217,2024-12-15,MW,14,19.1,267.4
BI100217,2024-12-15,TX,11,19.1,210.1
BI100217,2024-12-15,MTN,9,19.1,171.9
BI100217,2024-12-15,PSW,13,19.1,248.3
BI100217,2024-12-15,PNW,10,19.1,191.0
BI100217,2025-01-15,NE,9,19.1,171.9
BI100217,2025-01-15,MA,12,19.1,229.2
BI100217,2025-01-15,SE,10,19.1,191.0
BI100217,2025-01-15,MW,13,19.1,248.3
BI100217,2025-01-15,TX,11,19.1,210.1
BI100217,2025-01-15,MTN,9,19.1,171.9
BI100217,2025-01-15,PSW,13,19.1,248.3
BI100217,2025-01-15,PNW,10,19.1,191.0
BI100217,2025-02-15,NE,8,19.1,152.8
BI100217,2025-02-15,MA,13,19.1,248.3
BI100217,2025-02-15,SE,11,19.1,210.1
BI100217,2025-02-15,MW,14,19.1,267.4
BI100217,2025-02-15,TX,12,19.1,229.2
BI100217,2025-02-15,MTN,9,19.1,171.9
BI100217,2025-02-15,PSW,12,19.1,229.2
BI100217,2025-02-15,PNW,9,19.1,171.9
BI100217,2025-03-15,NE,9,19.1,171.9
BI100217,2025-03-15,MA,14,19.1,267.4
BI100217,2025-03-15,SE,11,19.1,210.1
BI100217,2025-03-15,MW,13,19.1,248.3
BI100217,2025-03-15,TX,10,19.1,191.0
BI100217,2025-03-15,MTN,10,19.1,191.0
BI100217,2025-03-15,PSW,11,19.1,210.1
BI100217,2025-03-15,PNW,10,19.1,191.0
BI100217,2025-04-15,NE,9,19.1,171.9
BI100217,2025-04-15,MA,12,19.1,229.2
BI100217,2025-04-15,SE,11,19.1,210.1
BI100217,2025-04-15,MW,15,19.1,286.5
BI100217,2025-04-15,TX,10,19.1,191.0
BI100217,2025-04-15,MTN,10,19.1,191.0
BI100217,2025-04-15,PSW,13,19.1,248.3
BI100217,2025-04-15,PNW,11,19.1,210.1
BI100217,2025-05-15,NE,8,19.1,152.8
BI100217,2025-05-15,MA,13,19.1,248.3
BI100217,2025-05-15,SE,11,19.1,210.1
BI100217,2025-05-15,MW,13,19.1,248.3
BI100217,2025-05-15,TX,11,19.1,210.1
BI100217,2025-05-15,MTN,10,19.1,191.0
BI100217,2025-05-15,PSW,12,19.1,229.2
BI100217,2025-05-15,PNW,10,19.1,191.0
BI100217,2025-06-15,NE,9,19.1,171.9
BI100217,2025-06-15,MA,13,19.1,248.3
BI100217,2025-06-15,SE,10,19.1,191.0
BI100217,2025-06-15,MW,15,19.1,286.5
BI100217,2025-06-15,TX,11,19.1,210.1
BI100217,2025-06-15,MTN,10,19.1,191.0
BI100217,2025-06-15,PSW,13,19.1,248.3
BI100217,2025-06-15,PNW,10,19.1,191.0
BI100217,2025-07-15,NE,9,19.1,171.9
BI100217,2025-07-15,MA,14,19.1,267.4
BI100217,2025-07-15,SE,11,19.1,210.1
BI100217,2025-07-15,MW,13,19.1,248.3
BI100217,2025-07-15,TX,12,19.1,229.2
BI100217,2025-07-15,MTN,9,19.1,171.9
BI100217,2025-07-15,PSW,13,19.1,248.3
BI100217,2025-07-15,PNW,10,19.1,191.0
BI100217,2025-08-15,NE,9,19.1,171.9
BI100217,2025-08-15,MA,13,19.1,248.3
BI100217,2025-08-15,SE,12,19.1,229.2
BI100217,2025-08-15,MW,15,19.1,286.5
BI100217,2025-08-15,TX,11,19.1,210.1
BI100217,2025-08-15,MTN,9,19.1,171.9
BI100217,2025-08-15,PSW,12,19.1,229.2
BI100217,2025-08-15,PNW,11,19.1,210.1
BI100217,2025-09-15,NE,9,19.1,171.9
BI100217,2025-09-15,MA,14,19.1,267.4
BI100217,2025-09-15,SE,11,19.1,210.1
BI100217,2025-09-15,MW,15,19.1,286.5
BI100217,2025-09-15,TX,12,19.1,229.2
BI100217,2025-09-15,MTN,10,19.1,191.0
BI100217,2025-09-15,PSW,13,19.1,248.3
BI100217,2025-09-15,PNW,11,19.1,210.1
BI100217,2025-10-15,NE,9,19.1,171.9
BI100217,2025-10-15,MA,14,19.1,267.4
BI100217,2025-10-15,SE,11,19.1,210.1
BI100217,2025-10-15,MW,14,19.1,267.4
BI100217,2025-10-15,TX,11,19.1,210.1
BI100217,2025-10-15,MTN,9,19.1,171.9
BI100217,2025-10-15,PSW,12,19.1,229.2
BI100217,2025-10-15,PNW,11,19.1,210.1
BI100217,2025-11-15,NE,10,19.1,191.0
BI100217,2025-11-15,MA,13,19.1,248.3
BI100217,2025-11-15,SE,11,19.1,210.1
BI100217,2025-11-15,MW,15,19.1,286.5
BI100217,2025-11-15,TX,12,19.1,229.2
BI100217,2025-11-15,MTN,10,19.1,191.0
BI100217,2025-11-15,PSW,13,19.1,248.3
BI100217,2025-11-15,PNW,11,19.1,210.1
BI100217,2025-12-15,NE,8,19.1,152.8
BI100217,2025-12-15,MA,14,19.1,267.4
BI100217,2025-12-15,SE,11,19.1,210.1
BI100217,2025-12-15,MW,14,19.1,267.4
BI100217,2025-12-15,TX,12,19.1,229.2
BI100217,2025-12-15,MTN,9,19.1,171.9
BI100217,2025-12-15,PSW,12,19.1,229.2
BI100217,2025-12-15,PNW,11,19.1,210.1
BI100224,2024-01-15,NE,13,207.87,2702.31
BI100224,2024-01-15,MA,12,207.87,2494.44
BI100224,2024-01-15,SE,15,207.87,3118.05
BI100224,2024-01-15,MW,17,207.87,3533.79
BI100224,2024-01-15,TX,13,207.87,2702.31
BI100224,2024-01-15,MTN,10,207.87,2078.7
BI100224,2024-01-15,PSW,10,207.87,2078.7
BI100224,2024-01-15,PNW,12,207.87,2494.44
BI100224,2024-02-15,NE,14,207.87,2910.18
BI100224,2024-02-15,MA,12,207.87,2494.44
BI100224,2024-02-15,SE,15,207.87,3118.05
BI100224,2024-02-15,MW,16,207.87,3325.92
BI100224,2024-02-15,TX,13,207.87,2702.31
BI100224,2024-02-15,MTN,10,207.87,2078.7
BI100224,2024-02-15,PSW,11,207.87,2286.57
BI100224,2024-02-15,PNW,13,207.87,2702.31
BI100224,2024-03-15,NE,12,207.87,2494.44
BI100224,2024-03-15,MA,11,207.87,2286.57
BI100224,2024-03-15,SE,16,207.87,3325.92
BI100224,2024-03-15,MW,17,207.87,3533.79
BI100224,2024-03-15,TX,13,207.87,2702.31
BI100224,2024-03-15,MTN,11,207.87,2286.57
BI100224,2024-03-15,PSW,11,207.87,2286.57
BI100224,2024-03-15,PNW,12,207.87,2494.44
BI100224,2024-04-15,NE,14,207.87,2910.18
BI100224,2024-04-15,MA,12,207.87,2494.44
BI100224,2024-04-15,SE,17,207.87,3533.79
BI100224,2024-04-15,MW,17,207.87,3533.79
BI100224,2024-04-15,TX,13,207.87,2702.31
BI100224,2024-04-15,MTN,11,207.87,2286.57
BI100224,2024-04-15,PSW,10,207.87,2078.7
BI100224,2024-04-15,PNW,13,207.87,2702.31
BI100224,2024-05-15,NE,14,207.87,2910.18
BI100224,2024-05-15,MA,12,207.87,2494.44
BI100224,2024-05-15,SE,15,207.87,3118.05
BI100224,2024-05-15,MW,17,207.87,3533.79
BI100224,2024-05-15,TX,13,207.87,2702.31
BI100224,2024-05-15,MTN,12,207.87,2494.44
BI100224,2024-05-15,PSW,10,207.87,2078.7
BI100224,2024-05-15,PNW,13,207.87,2702.31
BI100224,2024-06-15,NE,13,207.87,2702.31
BI100224,2024-06-15,MA,11,207.87,2286.57
BI100224,2024-06-15,SE,17,207.87,3533.79
BI100224,2024-06-15,MW,16,207.87,3325.92
BI100224,2024-06-15,TX,13,207.87,2702.31
BI100224,2024-06-15,MTN,11,207.87,2286.57
BI100224,2024-06-15,PSW,10,207.87,2078.7
BI100224,2024-06-15,PNW,13,207.87,2702.31
BI100224,2024-07-15,NE,14,207.87,2910.18
BI100224,2024-07-15,MA,11,207.87,2286.57
BI100224,2024-07-15,SE,15,207.87,3118.05
BI100224,2024-07-15,MW,18,207.87,3741.66
BI100224,2024-07-15,TX,13,207.87,2702.31
BI100224,2024-07-15,MTN,10,207.87,2078.7
BI100224,2024-07-15,PSW,11,207.87,2286.57
BI100224,2024-07-15,PNW,12,207.87,2494.44
BI100224,2024-08-15,NE,13,207.87,2702.31
BI100224,2024-08-15,MA,11,207.87,2286.57
BI100224,2024-08-15,SE,16,207.87,3325.92
BI100224,2024-08-15,MW,16,207.87,3325.92
BI100224,2024-08-15,TX,12,207.87,2494.44
BI100224,2024-08-15,MTN,11,207.87,2286.57
BI100224,2024-08-15,PSW,10,207.87,2078.7
BI100224,2024-08-15,PNW,14,207.87,2910.18
BI100224,2024-09-15,NE,13,207.87,2702.31
BI100224,2024-09-15,MA,11,207.87,2286.57
BI100224,2024-09-15,SE,16,207.87,3325.92
BI100224,2024-09-15,MW,18,207.87,3741.66
BI100224,2024-09-15,TX,14,207.87,2910.18
BI100224,2024-09-15,MTN,12,207.87,2494.44
BI100224,2024-09-15,PSW,11,207.87,2286.57
BI100224,2024-09-15,PNW,14,207.87,2910.18
BI100224,2024-10-15,NE,14,207.87,2910.18
BI100224,2024-10-15,MA,12,207.87,2494.44
BI100224,2024-10-15,SE,17,207.87,3533.79
BI100224,2024-10-15,MW,18,207.87,3741.66
BI100224,2024-10-15,TX,13,207.87,2702.31
BI100224,2024-10-15,MTN,11,207.87,2286.57
BI100224,2024-10-15,PSW,11,207.87,2286.57
BI100224,2024-10-15,PNW,13,207.87,2702.31
BI100224,2024-11-15,NE,13,207.87,2702.31
BI100224,2024-11-15,MA,12,207.87,2494.44
BI100224,2024-11-15,SE,16,207.87,3325.92
BI100224,2024-11-15,MW,18,207.87,3741.66
BI100224,2024-11-15,TX,13,207.87,2702.31
BI100224,2024-11-15,MTN,11,207.87,2286.57
BI100224,2024-11-15,PSW,12,207.87,2494.44
BI100224,2024-11-15,PNW,13,207.87,2702.31
BI100224,2024-12-15,NE,14,207.87,2910.18
BI100224,2024-12-15,MA,11,207.87,2286.57
BI100224,2024-12-15,SE,16,207.87,3325.92
BI100224,2024-12-15,MW,16,207.87,3325.92
BI100224,2024-12-15,TX,13,207.87,2702.31
BI100224,2024-12-15,MTN,11,207.87,2286.57
BI100224,2024-12-15,PSW,12,207.87,2494.44
BI100224,2024-12-15,PNW,14,207.87,2910.18
BI100224,2025-01-15,NE,14,207.87,2910.18
BI100224,2025-01-15,MA,12,207.87,2494.44
BI100224,2025-01-15,SE,16,207.87,3325.92
BI100224,2025-01-15,MW,17,207.87,3533.79
BI100224,2025-01-15,TX,15,207.87,3118.05
BI100224,2025-01-15,MTN,11,207.87,2286.57
BI100224,2025-01-15,PSW,12,207.87,2494.44
BI100224,2025-01-15,PNW,13,207.87,2702.31
BI100224,2025-02-15,NE,14,207.87,2910.18
BI100224,2025-02-15,MA,12,207.87,2494.44
BI100224,2025-02-15,SE,16,207.87,3325.92
BI100224,2025-02-15,MW,17,207.87,3533.79
BI100224,2025-02-15,TX,14,207.87,2910.18
BI100224,2025-02-15,MTN,12,207.87,2494.44
BI100224,2025-02-15,PSW,11,207.87,2286.57
BI100224,2025-02-15,PNW,13,207.87,2702.31
BI100224,2025-03-15,NE,15,207.87,3118.05
BI100224,2025-03-15,MA,12,207.87,2494.44
BI100224,2025-03-15,SE,16,207.87,3325.92
BI100224,2025-03-15,MW,16,207.87,3325.92
BI100224,2025-03-15,TX,14,207.87,2910.18
BI100224,2025-03-15,MTN,12,207.87,2494.44
BI100224,2025-03-15,PSW,12,207.87,2494.44
BI100224,2025-03-15,PNW,13,207.87,2702.31
BI100224,2025-04-15,NE,14,207.87,2910.18
BI100224,2025-04-15,MA,12,207.87,2494.44
BI100224,2025-04-15,SE,17,207.87,3533.79
BI100224,2025-04-15,MW,18,207.87,3741.66
BI100224,2025-04-15,TX,14,207.87,2910.18
BI100224,2025-04-15,MTN,11,207.87,2286.57
BI100224,2025-04-15,PSW,11,207.87,2286.57
BI100224,2025-04-15,PNW,14,207.87,2910.18
BI100224,2025-05-15,NE,14,207.87,2910.18
BI100224,2025-05-15,MA,12,207.87,2494.44
BI100224,2025-05-15,SE,17,207.87,3533.79
BI100224,2025-05-15,MW,17,207.87,3533.79
BI100224,2025-05-15,TX,13,207.87,2702.31
BI100224,2025-05-15,MTN,11,207.87,2286.57
BI100224,2025-05-15,PSW,12,207.87,2494.44
BI100224,2025-05-15,PNW,13,207.87,2702.31
BI100224,2025-06-15,NE,14,207.87,2910.18
BI100224,2025-06-15,MA,12,207.87,2494.44
BI100224,2025-06-15,SE,16,207.87,3325.92
BI100224,2025-06-15,MW,17,207.87,3533.79
BI100224,2025-06-15,TX,14,207.87,2910.18
BI100224,2025-06-15,MTN,11,207.87,2286.57
BI100224,2025-06-15,PSW,11,207.87,2286.57
BI100224,2025-06-15,PNW,15,207.87,3118.05
BI100224,2025-07-15,NE,15,207.87,3118.05
BI100224,2025-07-15,MA,13,207.87,2702.31
BI100224,2025-07-15,SE,17,207.87,3533.79
BI100224,2025-07-15,MW,17,207.87,3533.79
BI100224,2025-07-15,TX,15,207.87,3118.05
BI100224,2025-07-15,MTN,12,207.87,2494.44
BI100224,2025-07-15,PSW,12,207.87,2494.44
BI100224,2025-07-15,PNW,14,207.87,2910.18
BI100224,2025-08-15,NE,14,207.87,2910.18
BI100224,2025-08-15,MA,11,207.87,2286.57
BI100224,2025-08-15,SE,18,207.87,3741.66
BI100224,2025-08-15,MW,17,207.87,3533.79
BI100224,2025-08-15,TX,13,207.87,2702.31
BI100224,2025-08-15,MTN,12,207.87,2494.44
BI100224,2025-08-15,PSW,11,207.87,2286.57
BI100224,2025-08-15,PNW,13,207.87,2702.31
BI100224,2025-09-15,NE,14,207.87,2910.18
BI100224,2025-09-15,MA,12,207.87,2494.44
BI100224,2025-09-15,SE,16,207.87,3325.92
BI100224,2025-09-15,MW,17,207.87,3533.79
BI100224,2025-09-15,TX,14,207.87,2910.18
BI100224,2025-09-15,MTN,12,207.87,2494.44
BI100224,2025-09-15,PSW,12,207.87,2494.44
BI100224,2025-09-15,PNW,15,207.87,3118.05
BI100224,2025-10-15,NE,14,207.87,2910.18
BI100224,2025-10-15,MA,12,207.87,2494.44
BI100224,2025-10-15,SE,18,207.87,3741.66
BI100224,2025-10-15,MW,17,207.87,3533.79
BI100224,2025-10-15,TX,14,207.87,2910.18
BI100224,2025-10-15,MTN,12,207.87,2494.44
BI100224,2025-10-15,PSW,11,207.87,2286.57
BI100224,2025-10-15,PNW,15,207.87,3118.05
BI100224,2025-11-15,NE,14,207.87,2910.18
BI100224,2025-11-15,MA,13,207.87,2702.31
BI100224,2025-11-15,SE,18,207.87,3741.66
BI100224,2025-11-15,MW,19,207.87,3949.53
BI100224,2025-11-15,TX,14,207.87,2910.18
BI100224,2025-11-15,MTN,11,207.87,2286.57
BI100224,2025-11-15,PSW,12,207.87,2494.44
BI100224,2025-11-15,PNW,14,207.87,2910.18
BI100224,2025-12-15,NE,14,207.87,2910.18
BI100224,2025-12-15,MA,13,207.87,2702.31
BI100224,2025-12-15,SE,18,207.87,3741.66
BI100224,2025-12-15,MW,18,207.87,3741.66
BI100224,2025-12-15,TX,14,207.87,2910.18
BI100224,2025-12-15,MTN,13,207.87,2702.31
BI100224,2025-12-15,PSW,11,207.87,2286.57
BI100224,2025-12-15,PNW,14,207.87,2910.18
