vendor_part_no,period_month,store_region,qty,sales_dollars,avg_price
BI100007,2024-01,NE,30,694.8,23.16
BI100007,2024-01,MA,37,856.92,23.16
BI100007,2024-01,SE,35,810.6,23.16
BI100007,2024-01,MW,31,717.96,23.16
BI100007,2024-01,TX,42,972.72,23.16
BI100007,2024-01,MTN,33,764.28,23.16
BI100007,2024-01,PSW,26,602.16,23.16
BI100007,2024-01,PNW,24,555.84,23.16
BI100007,2024-02,NE,33,764.28,23.16
BI100007,2024-02,MA,44,1019.04,23.16
BI100007,2024-02,SE,39,903.24,23.16
BI100007,2024-02,MW,33,764.28,23.16
BI100007,2024-02,TX,47,1088.52,23.16
BI100007,2024-02,MTN,38,880.08,23.16
BI100007,2024-02,PSW,32,741.12,23.16
BI100007,2024-02,PNW,29,671.64,23.16
BI100007,2024-03,NE,43,995.88,23.16
BI100007,2024-03,MA,49,1134.84,23.16
BI100007,2024-03,SE,43,995.88,23.16
BI100007,2024-03,MW,39,903.24,23.16
BI100007,2024-03,TX,49,1134.84,23.16
BI100007,2024-03,MTN,44,1019.04,23.16
BI100007,2024-03,PSW,35,810.6,23.16
BI100007,2024-03,PNW,33,764.28,23.16
BI100007,2024-04,NE,44,1019.04,23.16
BI100007,2024-04,MA,60,1389.6,23.16
BI100007,2024-04,SE,51,1181.16,23.16
BI100007,2024-04,MW,43,995.88,23.16
BI100007,2024-04,TX,56,1296.96,23.16
BI100007,2024-04,MTN,48,1111.68,23.16
BI100007,2024-04,PSW,37,856.92,23.16
BI100007,2024-04,PNW,36,833.76,23.16
BI100007,2024-05,NE,48,1111.68,23.16
BI100007,2024-05,MA,68,1574.88,23.16
BI100007,2024-05,SE,58,1343.28,23.16
BI100007,2024-05,MW,50,1158.0,23.16
BI100007,2024-05,TX,69,1598.04,23.16
BI100007,2024-05,MTN,54,1250.64,23.16
BI100007,2024-05,PSW,46,1065.36,23.16
BI100007,2024-05,PNW,38,880.08,23.16
BI100007,2024-06,NE,53,1227.48,23.16
BI100007,2024-06,MA,65,1505.4,23.16
BI100007,2024-06,SE,57,1320.12,23.16
BI100007,2024-06,MW,47,1088.52,23.16
BI100007,2024-06,TX,67,1551.72,23.16
BI100007,2024-06,MTN,57,1320.12,23.16
BI100007,2024-06,PSW,43,995.88,23.16
BI100007,2024-06,PNW,44,1019.04,23.16
BI100007,2024-07,NE,52,1204.32,23.16
BI100007,2024-07,MA,65,1505.4,23.16
BI100007,2024-07,SE,56,1296.96,23.16
BI100007,2024-07,MW,53,1227.48,23.16
BI100007,2024-07,TX,72,1667.52,23.16
BI100007,2024-07,MTN,52,1204.32,23.16
BI100007,2024-07,PSW,40,926.4,23.16
BI100007,2024-07,PNW,43,995.88,23.16
BI100007,2024-08,NE,52,1204.32,23.16
BI100007,2024-08,MA,57,1320.12,23.16
BI100007,2024-08,SE,50,1158.0,23.16
BI100007,2024-08,MW,47,1088.52,23.16
BI100007,2024-08,TX,64,1482.24,23.16
BI100007,2024-08,MTN,46,1065.36,23.16
BI100007,2024-08,PSW,42,972.72,23.16
BI100007,2024-08,PNW,38,880.08,23.16
BI100007,2024-09,NE,43,995.88,23.16
BI100007,2024-09,MA,50,1158.0,23.16
BI100007,2024-09,SE,49,1134.84,23.16
BI100007,2024-09,MW,44,1019.04,23.16
BI100007,2024-09,TX,54,1250.64,23.16
BI100007,2024-09,MTN,46,1065.36,23.16
BI100007,2024-09,PSW,38,880.08,23.16
BI100007,2024-09,PNW,33,764.28,23.16
BI100007,2024-10,NE,37,856.92,23.16
BI100007,2024-10,MA,45,1042.2,23.16
BI100007,2024-10,SE,45,1042.2,23.16
BI100007,2024-10,MW,37,856.92,23.16
BI100007,2024-10,TX,47,1088.52,23.16
BI100007,2024-10,MTN,41,949.56,23.16
BI100007,2024-10,PSW,32,741.12,23.16
BI100007,2024-10,PNW,28,648.48,23.16
BI100007,2024-11,NE,33,764.28,23.16
BI100007,2024-11,MA,45,1042.2,23.16
BI100007,2024-11,SE,37,856.92,23.16
BI100007,2024-11,MW,33,764.28,23.16
BI100007,2024-11,TX,41,949.56,23.16
BI100007,2024-11,MTN,36,833.76,23.16
BI100007,2024-11,PSW,30,694.8,23.16
BI100007,2024-11,PNW,27,625.32,23.16
BI100007,2024-12,NE,35,810.6,23.16
BI100007,2024-12,MA,42,972.72,23.16
BI100007,2024-12,SE,34,787.44,23.16
BI100007,2024-12,MW,32,741.12,23.16
BI100007,2024-12,TX,41,949.56,23.16
BI100007,2024-12,MTN,34,787.44,23.16
BI100007,2024-12,PSW,28,648.48,23.16
BI100007,2024-12,PNW,26,602.16,23.16
BI100007,2025-01,NE,34,787.44,23.16
BI100007,2025-01,MA,44,1019.04,23.16
BI100007,2025-01,SE,38,880.08,23.16
BI100007,2025-01,MW,35,810.6,23.16
BI100007,2025-01,TX,31,847.23,27.33
BI100007,2025-01,MTN,37,856.92,23.16
BI100007,2025-01,PSW,28,648.48,23.16
BI100007,2025-01,PNW,28,648.48,23.16
BI100007,2025-02,NE,40,926.4,23.16
BI100007,2025-02,MA,49,1134.84,23.16
BI100007,2025-02,SE,46,1065.36,23.16
BI100007,2025-02,MW,37,856.92,23.16
BI100007,2025-02,TX,35,956.55,27.33
BI100007,2025-02,MTN,38,880.08,23.16
BI100007,2025-02,PSW,31,717.96,23.16
BI100007,2025-02,PNW,30,694.8,23.16
BI100007,2025-03,NE,48,1111.68,23.16
BI100007,2025-03,MA,58,1343.28,23.16
BI100007,2025-03,SE,51,1181.16,23.16
BI100007,2025-03,MW,45,1042.2,23.16
BI100007,2025-03,TX,61,1412.76,23.16
BI100007,2025-03,MTN,48,1111.68,23.16
BI100007,2025-03,PSW,38,880.08,23.16
BI100007,2025-03,PNW,34,787.44,23.16
BI100007,2025-04,NE,47,1088.52,23.16
BI100007,2025-04,MA,58,1343.28,23.16
BI100007,2025-04,SE,52,1204.32,23.16
BI100007,2025-04,MW,48,1111.68,23.16
BI100007,2025-04,TX,67,1551.72,23.16
BI100007,2025-04,MTN,55,1273.8,23.16
BI100007,2025-04,PSW,40,926.4,23.16
BI100007,2025-04,PNW,42,972.72,23.16
BI100007,2025-05,NE,57,1320.12,23.16
BI100007,2025-05,MA,67,1551.72,23.16
BI100007,2025-05,SE,56,1296.96,23.16
BI100007,2025-05,MW,52,1204.32,23.16
BI100007,2025-05,TX,74,1713.84,23.16
BI100007,2025-05,MTN,56,1296.96,23.16
BI100007,2025-05,PSW,46,1065.36,23.16
BI100007,2025-05,PNW,46,1065.36,23.16
BI100007,2025-06,NE,54,1250.64,23.16
BI100007,2025-06,MA,75,1737.0,23.16
BI100007,2025-06,SE,61,1412.76,23.16
BI100007,2025-06,MW,54,1250.64,23.16
BI100007,2025-06,TX,74,1713.84,23.16
BI100007,2025-06,MTN,54,1250.64,23.16
BI100007,2025-06,PSW,50,1158.0,23.16
BI100007,2025-06,PNW,44,1019.04,23.16
BI100007,2025-07,NE,52,1204.32,23.16
BI100007,2025-07,MA,71,1644.36,23.16
BI100007,2025-07,SE,65,1505.4,23.16
BI100007,2025-07,MW,52,1204.32,23.16
BI100007,2025-07,TX,70,1621.2,23.16
BI100007,2025-07,MTN,59,1366.44,23.16
BI100007,2025-07,PSW,46,1065.36,23.16
BI100007,2025-07,PNW,42,972.72,23.16
BI100007,2025-08,NE,53,1227.48,23.16
BI100007,2025-08,MA,69,1598.04,23.16
BI100007,2025-08,SE,54,1250.64,23.16
BI100007,2025-08,MW,53,1227.48,23.16
BI100007,2025-08,TX,65,1505.4,23.16
BI100007,2025-08,MTN,53,1227.48,23.16
BI100007,2025-08,PSW,40,926.4,23.16
BI100007,2025-08,PNW,41,949.56,23.16
BI100007,2025-09,NE,43,995.88,23.16
BI100007,2025-09,MA,59,1366.44,23.16
BI100007,2025-09,SE,51,1181.16,23.16
BI100007,2025-09,MW,45,1042.2,23.16
BI100007,2025-09,TX,57,1320.12,23.16
BI100007,2025-09,MTN,45,1042.2,23.16
BI100007,2025-09,PSW,39,903.24,23.16
BI100007,2025-09,PNW,39,903.24,23.16
BI100007,2025-10,NE,44,1019.04,23.16
BI100007,2025-10,MA,52,1204.32,23.16
BI100007,2025-10,SE,44,1019.04,23.16
BI100007,2025-10,MW,37,856.92,23.16
BI100007,2025-10,TX,49,1134.84,23.16
BI100007,2025-10,MTN,43,995.88,23.16
BI100007,2025-10,PSW,33,764.28,23.16
BI100007,2025-10,PNW,30,694.8,23.16
BI100007,2025-11,NE,36,833.76,23.16
BI100007,2025-11,MA,48,1111.68,23.16
BI100007,2025-11,SE,40,926.4,23.16
BI100007,2025-11,MW,36,833.76,23.16
BI100007,2025-11,TX,47,1088.52,23.16
BI100007,2025-11,MTN,40,926.4,23.16
BI100007,2025-11,PSW,31,717.96,23.16
BI100007,2025-11,PNW,27,625.32,23.16
BI100007,2025-12,NE,37,856.92,23.16
BI100007,2025-12,MA,41,949.56,23.16
BI100007,2025-12,SE,40,926.4,23.16
BI100007,2025-12,MW,34,787.44,23.16
BI100007,2025-12,TX,47,1088.52,23.16
BI100007,2025-12,MTN,34,787.44,23.16
BI100007,2025-12,PSW,27,625.32,23.16
BI100007,2025-12,PNW,29,671.64,23.16
BI100014,2024-01,NE,91,4645.55,51.05
BI100014,2024-01,MA,70,3573.5,51.05
BI100014,2024-01,SE,68,3471.4,51.05
BI100014,2024-01,MW,69,3522.45,51.05
BI100014,2024-01,TX,97,4951.85,51.05
BI100014,2024-01,MTN,63,3216.15,51.05
BI100014,2024-01,PSW,90,4594.5,51.05
BI100014,2024-01,PNW,62,3165.1,51.05
BI100014,2024-02,NE,103,5258.15,51.05
BI100014,2024-02,MA,89,4543.45,51.05
BI100014,2024-02,SE,81,4135.05,51.05
BI100014,2024-02,MW,79,4032.95,51.05
BI100014,2024-02,TX,115,5870.75,51.05
BI100014,2024-02,MTN,77,3930.85,51.05
BI100014,2024-02,PSW,88,4492.4,51.05
BI100014,2024-02,PNW,62,3165.1,51.05
BI100014,2024-03,NE,120,6126.0,51.05
BI100014,2024-03,MA,103,5258.15,51.05
BI100014,2024-03,SE,98,5002.9,51.05
BI100014,2024-03,MW,97,4951.85,51.05
BI100014,2024-03,TX,121,6177.05,51.05
BI100014,2024-03,MTN,90,4594.5,51.05
BI100014,2024-03,PSW,112,5717.6,51.05
BI100014,2024-03,PNW,82,4186.1,51.05
BI100014,2024-04,NE,132,6738.6,51.05
BI100014,2024-04,MA,104,5309.2,51.05
BI100014,2024-04,SE,105,5360.25,51.05
BI100014,2024-04,MW,110,5615.5,51.05
BI100014,2024-04,TX,137,6993.85,51.05
BI100014,2024-04,MTN,96,4900.8,51.05
BI100014,2024-04,PSW,121,6177.05,51.05
BI100014,2024-04,PNW,83,4237.15,51.05
BI100014,2024-05,NE,153,7810.65,51.05
BI100014,2024-05,MA,119,6074.95,51.05
BI100014,2024-05,SE,116,5921.8,51.05
BI100014,2024-05,MW,108,5513.4,51.05
BI100014,2024-05,TX,153,7810.65,51.05
BI100014,2024-05,MTN,98,5002.9,51.05
BI100014,2024-05,PSW,127,6483.35,51.05
BI100014,2024-05,PNW,97,4951.85,51.05
BI100014,2024-06,NE,161,8219.05,51.05
BI100014,2024-06,MA,120,6126.0,51.05
BI100014,2024-06,SE,111,5666.55,51.05
BI100014,2024-06,MW,113,5768.65,51.05
BI100014,2024-06,TX,149,7606.45,51.05
BI100014,2024-06,MTN,104,5309.2,51.05
BI100014,2024-06,PSW,128,6534.4,51.05
BI100014,2024-06,PNW,96,4900.8,51.05
BI100014,2024-07,NE,149,7606.45,51.05
BI100014,2024-07,MA,127,6483.35,51.05
BI100014,2024-07,SE,106,5411.3,51.05
BI100014,2024-07,MW,122,6228.1,51.05
BI100014,2024-07,TX,149,7606.45,51.05
BI100014,2024-07,MTN,108,5513.4,51.05
BI100014,2024-07,PSW,144,7351.2,51.05
BI100014,2024-07,PNW,95,4849.75,51.05
BI100014,2024-08,NE,153,7810.65,51.05
BI100014,2024-08,MA,120,6126.0,51.05
BI100014,2024-08,SE,110,5615.5,51.05
BI100014,2024-08,MW,103,5258.15,51.05
BI100014,2024-08,TX,135,6891.75,51.05
BI100014,2024-08,MTN,99,5053.95,51.05
BI100014,2024-08,PSW,129,6585.45,51.05
BI100014,2024-08,PNW,84,4288.2,51.05
BI100014,2024-09,NE,137,6993.85,51.05
BI100014,2024-09,MA,107,5462.35,51.05
BI100014,2024-09,SE,96,4900.8,51.05
BI100014,2024-09,MW,98,5002.9,51.05
BI100014,2024-09,TX,127,6483.35,51.05
BI100014,2024-09,MTN,88,4492.4,51.05
BI100014,2024-09,PSW,115,5870.75,51.05
BI100014,2024-09,PNW,78,3981.9,51.05
BI100014,2024-10,NE,117,5972.85,51.05
BI100014,2024-10,MA,86,4390.3,51.05
BI100014,2024-10,SE,78,3981.9,51.05
BI100014,2024-10,MW,90,4594.5,51.05
BI100014,2024-10,TX,121,6177.05,51.05
BI100014,2024-10,MTN,79,4032.95,51.05
BI100014,2024-10,PSW,101,5156.05,51.05
BI100014,2024-10,PNW,68,3471.4,51.05
BI100014,2024-11,NE,100,5105.0,51.05
BI100014,2024-11,MA,85,4339.25,51.05
BI100014,2024-11,SE,71,3624.55,51.05
BI100014,2024-11,MW,80,4084.0,51.05
BI100014,2024-11,TX,97,4951.85,51.05
BI100014,2024-11,MTN,70,3573.5,51.05
BI100014,2024-11,PSW,86,4390.3,51.05
BI100014,2024-11,PNW,61,3114.05,51.05
BI100014,2024-12,NE,104,5309.2,51.05
BI100014,2024-12,MA,75,3828.75,51.05
BI100014,2024-12,SE,77,3930.85,51.05
BI100014,2024-12,MW,70,3573.5,51.05
BI100014,2024-12,TX,103,5258.15,51.05
BI100014,2024-12,MTN,70,3573.5,51.05
BI100014,2024-12,PSW,85,4339.25,51.05
BI100014,2024-12,PNW,59,3011.95,51.05
BI100014,2025-01,NE,102,5207.1,51.05
BI100014,2025-01,MA,79,4032.95,51.05
BI100014,2025-01,SE,75,3828.75,51.05
BI100014,2025-01,MW,73,3726.65,51.05
BI100014,2025-01,TX,76,4578.24,60.24
BI100014,2025-01,MTN,67,3420.35,51.05
BI100014,2025-01,PSW,86,4390.3,51.05
BI100014,2025-01,PNW,59,3011.95,51.05
BI100014,2025-02,NE,108,5513.4,51.05
BI100014,2025-02,MA,95,4849.75,51.05
BI100014,2025-02,SE,88,4492.4,51.05
BI100014,2025-02,MW,81,4135.05,51.05
BI100014,2025-02,TX,79,4758.96,60.24
BI100014,2025-02,MTN,81,4135.05,51.05
BI100014,2025-02,PSW,105,5360.25,51.05
BI100014,2025-02,PNW,69,3522.45,51.05
BI100014,2025-03,NE,133,6789.65,51.05
BI100014,2025-03,MA,99,5053.95,51.05
BI100014,2025-03,SE,96,4900.8,51.05
BI100014,2025-03,MW,102,5207.1,51.05
BI100014,2025-03,TX,131,6687.55,51.05
BI100014,2025-03,MTN,97,4951.85,51.05
BI100014,2025-03,PSW,110,5615.5,51.05
BI100014,2025-03,PNW,87,4441.35,51.05
BI100014,2025-04,NE,151,7708.55,51.05
BI100014,2025-04,MA,120,6126.0,51.05
BI100014,2025-04,SE,104,5309.2,51.05
BI100014,2025-04,MW,116,5921.8,51.05
BI100014,2025-04,TX,150,7657.5,51.05
BI100014,2025-04,MTN,99,5053.95,51.05
BI100014,2025-04,PSW,139,7095.95,51.05
BI100014,2025-04,PNW,89,4543.45,51.05
BI100014,2025-05,NE,165,8423.25,51.05
BI100014,2025-05,MA,126,6432.3,51.05
BI100014,2025-05,SE,118,6023.9,51.05
BI100014,2025-05,MW,125,6381.25,51.05
BI100014,2025-05,TX,176,8984.8,51.05
BI100014,2025-05,MTN,107,5462.35,51.05
BI100014,2025-05,PSW,139,7095.95,51.05
BI100014,2025-05,PNW,95,4849.75,51.05
BI100014,2025-06,NE,175,8933.75,51.05
BI100014,2025-06,MA,138,7044.9,51.05
BI100014,2025-06,SE,133,6789.65,51.05
BI100014,2025-06,MW,127,6483.35,51.05
BI100014,2025-06,TX,166,8474.3,51.05
BI100014,2025-06,MTN,118,6023.9,51.05
BI100014,2025-06,PSW,157,8014.85,51.05
BI100014,2025-06,PNW,111,5666.55,51.05
BI100014,2025-07,NE,173,8831.65,51.05
BI100014,2025-07,MA,132,6738.6,51.05
BI100014,2025-07,SE,112,5717.6,51.05
BI100014,2025-07,MW,132,6738.6,51.05
BI100014,2025-07,TX,176,8984.8,51.05
BI100014,2025-07,MTN,119,6074.95,51.05
BI100014,2025-07,PSW,146,7453.3,51.05
BI100014,2025-07,PNW,104,5309.2,51.05
BI100014,2025-08,NE,152,7759.6,51.05
BI100014,2025-08,MA,130,6636.5,51.05
BI100014,2025-08,SE,116,5921.8,51.05
BI100014,2025-08,MW,117,5972.85,51.05
BI100014,2025-08,TX,146,7453.3,51.05
BI100014,2025-08,MTN,101,5156.05,51.05
BI100014,2025-08,PSW,135,6891.75,51.05
BI100014,2025-08,PNW,91,4645.55,51.05
BI100014,2025-09,NE,148,7555.4,51.05
BI100014,2025-09,MA,112,5717.6,51.05
BI100014,2025-09,SE,103,5258.15,51.05
BI100014,2025-09,MW,102,5207.1,51.05
BI100014,2025-09,TX,128,6534.4,51.05
BI100014,2025-09,MTN,91,4645.55,51.05
BI100014,2025-09,PSW,121,6177.05,51.05
BI100014,2025-09,PNW,89,4543.45,51.05
BI100014,2025-10,NE,120,6126.0,51.05
BI100014,2025-10,MA,88,4492.4,51.05
BI100014,2025-10,SE,91,4645.55,51.05
BI100014,2025-10,MW,88,4492.4,51.05
BI100014,2025-10,TX,116,5921.8,51.05
BI100014,2025-10,MTN,78,3981.9,51.05
BI100014,2025-10,PSW,101,5156.05,51.05
BI100014,2025-10,PNW,71,3624.55,51.05
BI100014,2025-11,NE,106,5411.3,51.05
BI100014,2025-11,MA,80,4084.0,51.05
BI100014,2025-11,SE,76,3879.8,51.05
BI100014,2025-11,MW,85,4339.25,51.05
BI100014,2025-11,TX,109,5564.45,51.05
BI100014,2025-11,MTN,76,3879.8,51.05
BI100014,2025-11,PSW,94,4798.7,51.05
BI100014,2025-11,PNW,69,3522.45,51.05
BI100014,2025-12,NE,109,5564.45,51.05
BI100014,2025-12,MA,78,3981.9,51.05
BI100014,2025-12,SE,72,3675.6,51.05
BI100014,2025-12,MW,80,4084.0,51.05
BI100014,2025-12,TX,112,5717.6,51.05
BI100014,2025-12,MTN,66,3369.3,51.05
BI100014,2025-12,PSW,91,4645.55,51.05
BI100014,2025-12,PNW,61,3114.05,51.05
BI100021,2024-01,NE,28,5280.24,188.58
BI100021,2024-01,MA,28,5280.24,188.58
BI100021,2024-01,SE,25,4714.5,188.58
BI100021,2024-01,MW,24,4525.92,188.58
BI100021,2024-01,TX,35,6600.3,188.58
BI100021,2024-01,MTN,29,5468.82,188.58
BI100021,2024-01,PSW,39,7354.62,188.58
BI100021,2024-01,PNW,37,6977.46,188.58
BI100021,2024-02,NE,30,5657.4,188.58
BI100021,2024-02,MA,32,6034.56,188.58
BI100021,2024-02,SE,29,5468.82,188.58
BI100021,2024-02,MW,30,5657.4,188.58
BI100021,2024-02,TX,41,7731.78,188.58
BI100021,2024-02,MTN,28,5280.24,188.58
BI100021,2024-02,PSW,45,8486.1,188.58
BI100021,2024-02,PNW,43,8108.94,188.58
BI100021,2024-03,NE,33,6223.14,188.58
BI100021,2024-03,MA,33,6223.14,188.58
BI100021,2024-03,SE,34,6411.72,188.58
BI100021,2024-03,MW,32,6034.56,188.58
BI100021,2024-03,TX,44,8297.52,188.58
BI100021,2024-03,MTN,36,6788.88,188.58
BI100021,2024-03,PSW,52,9806.16,188.58
BI100021,2024-03,PNW,47,8863.26,188.58
BI100021,2024-04,NE,37,6977.46,188.58
BI100021,2024-04,MA,37,6977.46,188.58
BI100021,2024-04,SE,34,6411.72,188.58
BI100021,2024-04,MW,40,7543.2,188.58
BI100021,2024-04,TX,55,10371.9,188.58
BI100021,2024-04,MTN,40,7543.2,188.58
BI100021,2024-04,PSW,57,10749.06,188.58
BI100021,2024-04,PNW,57,10749.06,188.58
BI100021,2024-05,NE,45,8486.1,188.58
BI100021,2024-05,MA,46,8674.68,188.58
BI100021,2024-05,SE,39,7354.62,188.58
BI100021,2024-05,MW,41,7731.78,188.58
BI100021,2024-05,TX,58,10937.64,188.58
BI100021,2024-05,MTN,43,8108.94,188.58
BI100021,2024-05,PSW,62,11691.96,188.58
BI100021,2024-05,PNW,54,10183.32,188.58
BI100021,2024-06,NE,45,8486.1,188.58
BI100021,2024-06,MA,48,9051.84,188.58
BI100021,2024-06,SE,43,8108.94,188.58
BI100021,2024-06,MW,44,8297.52,188.58
BI100021,2024-06,TX,55,10371.9,188.58
BI100021,2024-06,MTN,42,7920.36,188.58
BI100021,2024-06,PSW,64,12069.12,188.58
BI100021,2024-06,PNW,60,11314.8,188.58
BI100021,2024-07,NE,43,8108.94,188.58
BI100021,2024-07,MA,43,8108.94,188.58
BI100021,2024-07,SE,42,7920.36,188.58
BI100021,2024-07,MW,39,7354.62,188.58
BI100021,2024-07,TX,58,10937.64,188.58
BI100021,2024-07,MTN,44,8297.52,188.58
BI100021,2024-07,PSW,58,10937.64,188.58
BI100021,2024-07,PNW,61,11503.38,188.58
BI100021,2024-08,NE,41,7731.78,188.58
BI100021,2024-08,MA,38,7166.04,188.58
BI100021,2024-08,SE,38,7166.04,188.58
BI100021,2024-08,MW,40,7543.2,188.58
BI100021,2024-08,TX,49,9240.42,188.58
BI100021,2024-08,MTN,39,7354.62,188.58
BI100021,2024-08,PSW,58,10937.64,188.58
BI100021,2024-08,PNW,52,9806.16,188.58
BI100021,2024-09,NE,37,6977.46,188.58
BI100021,2024-09,MA,36,6788.88,188.58
BI100021,2024-09,SE,31,5845.98,188.58
BI100021,2024-09,MW,33,6223.14,188.58
BI100021,2024-09,TX,48,9051.84,188.58
BI100021,2024-09,MTN,35,6600.3,188.58
BI100021,2024-09,PSW,47,8863.26,188.58
BI100021,2024-09,PNW,47,8863.26,188.58
BI100021,2024-10,NE,34,6411.72,188.58
BI100021,2024-10,MA,34,6411.72,188.58
BI100021,2024-10,SE,27,5091.66,188.58
BI100021,2024-10,MW,29,5468.82,188.58
BI100021,2024-10,TX,42,7920.36,188.58
BI100021,2024-10,MTN,33,6223.14,188.58
BI100021,2024-10,PSW,41,7731.78,188.58
BI100021,2024-10,PNW,41,7731.78,188.58
BI100021,2024-11,NE,29,5468.82,188.58
BI100021,2024-11,MA,27,5091.66,188.58
BI100021,2024-11,SE,28,5280.24,188.58
BI100021,2024-11,MW,27,5091.66,188.58
BI100021,2024-11,TX,39,7354.62,188.58
BI100021,2024-11,MTN,28,5280.24,188.58
BI100021,2024-11,PSW,40,7543.2,188.58
BI100021,2024-11,PNW,36,6788.88,188.58
BI100021,2024-12,NE,29,5468.82,188.58
BI100021,2024-12,MA,25,4714.5,188.58
BI100021,2024-12,SE,27,5091.66,188.58
BI100021,2024-12,MW,28,5280.24,188.58
BI100021,2024-12,TX,39,7354.62,188.58
BI100021,2024-12,MTN,26,4903.08,188.58
BI100021,2024-12,PSW,39,7354.62,188.58
BI100021,2024-12,PNW,38,7166.04,188.58
BI100021,2025-01,NE,28,5280.24,188.58
BI100021,2025-01,MA,27,5091.66,188.58
BI100021,2025-01,SE,26,4903.08,188.58
BI100021,2025-01,MW,25,4714.5,188.58
BI100021,2025-01,TX,29,6453.08,222.52
BI100021,2025-01,MTN,30,5657.4,188.58
BI100021,2025-01,PSW,38,7166.04,188.58
BI100021,2025-01,PNW,41,7731.78,188.58
BI100021,2025-02,NE,30,5657.4,188.58
BI100021,2025-02,MA,32,6034.56,188.58
BI100021,2025-02,SE,29,5468.82,188.58
BI100021,2025-02,MW,29,5468.82,188.58
BI100021,2025-02,TX,30,6675.6,222.52
BI100021,2025-02,MTN,35,6600.3,188.58
BI100021,2025-02,PSW,47,8863.26,188.58
BI100021,2025-02,PNW,40,7543.2,188.58
BI100021,2025-03,NE,40,7543.2,188.58
BI100021,2025-03,MA,39,7354.62,188.58
BI100021,2025-03,SE,33,6223.14,188.58
BI100021,2025-03,MW,33,6223.14,188.58
BI100021,2025-03,TX,52,9806.16,188.58
BI100021,2025-03,MTN,35,6600.3,188.58
BI100021,2025-03,PSW,51,9617.58,188.58
BI100021,2025-03,PNW,50,9429.0,188.58
BI100021,2025-04,NE,42,7920.36,188.58
BI100021,2025-04,MA,40,7543.2,188.58
BI100021,2025-04,SE,41,7731.78,188.58
BI100021,2025-04,MW,39,7354.62,188.58
BI100021,2025-04,TX,51,9617.58,188.58
BI100021,2025-04,MTN,40,7543.2,188.58
BI100021,2025-04,PSW,62,11691.96,188.58
BI100021,2025-04,PNW,57,10749.06,188.58
BI100021,2025-05,NE,44,8297.52,188.58
BI100021,2025-05,MA,47,8863.26,188.58
BI100021,2025-05,SE,41,7731.78,188.58
BI100021,2025-05,MW,43,8108.94,188.58
BI100021,2025-05,TX,63,11880.54,188.58
BI100021,2025-05,MTN,43,8108.94,188.58
BI100021,2025-05,PSW,60,11314.8,188.58
BI100021,2025-05,PNW,57,10749.06,188.58
BI100021,2025-06,NE,46,8674.68,188.58
BI100021,2025-06,MA,44,8297.52,188.58
BI100021,2025-06,SE,45,8486.1,188.58
BI100021,2025-06,MW,45,8486.1,188.58
BI100021,2025-06,TX,60,11314.8,188.58
BI100021,2025-06,MTN,47,8863.26,188.58
BI100021,2025-06,PSW,66,12446.28,188.58
BI100021,2025-06,PNW,64,12069.12,188.58
BI100021,2025-07,NE,46,8674.68,188.58
BI100021,2025-07,MA,43,8108.94,188.58
BI100021,2025-07,SE,40,7543.2,188.58
BI100021,2025-07,MW,46,8674.68,188.58
BI100021,2025-07,TX,58,10937.64,188.58
BI100021,2025-07,MTN,45,8486.1,188.58
BI100021,2025-07,PSW,68,12823.44,188.58
BI100021,2025-07,PNW,60,11314.8,188.58
BI100021,2025-08,NE,41,7731.78,188.58
BI100021,2025-08,MA,43,8108.94,188.58
BI100021,2025-08,SE,42,7920.36,188.58
BI100021,2025-08,MW,43,8108.94,188.58
BI100021,2025-08,TX,61,11503.38,188.58
BI100021,2025-08,MTN,44,8297.52,188.58
BI100021,2025-08,PSW,64,12069.12,188.58
BI100021,2025-08,PNW,57,10749.06,188.58
BI100021,2025-09,NE,36,6788.88,188.58
BI100021,2025-09,MA,37,6977.46,188.58
BI100021,2025-09,SE,35,6600.3,188.58
BI100021,2025-09,MW,37,6977.46,188.58
BI100021,2025-09,TX,49,9240.42,188.58
BI100021,2025-09,MTN,39,7354.62,188.58
BI100021,2025-09,PSW,54,10183.32,188.58
BI100021,2025-09,PNW,49,9240.42,188.58
BI100021,2025-10,NE,31,5845.98,188.58
BI100021,2025-10,MA,31,5845.98,188.58
BI100021,2025-10,SE,29,5468.82,188.58
BI100021,2025-10,MW,32,6034.56,188.58
BI100021,2025-10,TX,47,8863.26,188.58
BI100021,2025-10,MTN,35,6600.3,188.58
BI100021,2025-10,PSW,50,9429.0,188.58
BI100021,2025-10,PNW,43,8108.94,188.58
BI100021,2025-11,NE,29,5468.82,188.58
BI100021,2025-11,MA,32,6034.56,188.58
BI100021,2025-11,SE,28,5280.24,188.58
BI100021,2025-11,MW,30,5657.4,188.58
BI100021,2025-11,TX,43,8108.94,188.58
BI100021,2025-11,MTN,31,5845.98,188.58
BI100021,2025-11,PSW,43,8108.94,188.58
BI100021,2025-11,PNW,40,7543.2,188.58
BI100021,2025-12,NE,31,5845.98,188.58
BI100021,2025-12,MA,29,5468.82,188.58
BI100021,2025-12,SE,27,5091.66,188.58
BI100021,2025-12,MW,27,5091.66,188.58
BI100021,2025-12,TX,36,6788.88,188.58
BI100021,2025-12,MTN,31,5845.98,188.58
BI100021,2025-12,PSW,44,8297.52,188.58
BI100021,2025-12,PNW,36,6788.88,188.58
BI100028,2024-01,NE,53,3134.42,59.14
BI100028,2024-01,MA,40,2365.6,59.14
BI100028,2024-01,SE,34,2010.76,59.14
BI100028,2024-01,MW,54,3193.56,59.14
BI100028,2024-01,TX,57,3370.98,59.14
BI100028,2024-01,MTN,45,2661.3,59.14
BI100028,2024-01,PSW,34,2010.76,59.14
BI100028,2024-01,PNW,49,2897.86,59.14
BI100028,2024-02,NE,64,3784.96,59.14
BI100028,2024-02,MA,49,2897.86,59.14
BI100028,2024-02,SE,37,2188.18,59.14
BI100028,2024-02,MW,56,3311.84,59.14
BI100028,2024-02,TX,59,3489.26,59.14
BI100028,2024-02,MTN,49,2897.86,59.14
BI100028,2024-02,PSW,39,2306.46,59.14
BI100028,2024-02,PNW,55,3252.7,59.14
BI100028,2024-03,NE,75,4435.5,59.14
BI100028,2024-03,MA,53,3134.42,59.14
BI100028,2024-03,SE,46,2720.44,59.14
BI100028,2024-03,MW,69,4080.66,59.14
BI100028,2024-03,TX,69,4080.66,59.14
BI100028,2024-03,MTN,52,3075.28,59.14
BI100028,2024-03,PSW,48,2838.72,59.14
BI100028,2024-03,PNW,65,3844.1,59.14
BI100028,2024-04,NE,80,4731.2,59.14
BI100028,2024-04,MA,61,3607.54,59.14
BI100028,2024-04,SE,50,2957.0,59.14
BI100028,2024-04,MW,71,4198.94,59.14
BI100028,2024-04,TX,86,5086.04,59.14
BI100028,2024-04,MTN,65,3844.1,59.14
BI100028,2024-04,PSW,53,3134.42,59.14
BI100028,2024-04,PNW,76,4494.64,59.14
BI100028,2024-05,NE,91,5381.74,59.14
BI100028,2024-05,MA,67,3962.38,59.14
BI100028,2024-05,SE,60,3548.4,59.14
BI100028,2024-05,MW,88,5204.32,59.14
BI100028,2024-05,TX,94,5559.16,59.14
BI100028,2024-05,MTN,65,3844.1,59.14
BI100028,2024-05,PSW,60,3548.4,59.14
BI100028,2024-05,PNW,78,4612.92,59.14
BI100028,2024-06,NE,88,5204.32,59.14
BI100028,2024-06,MA,65,3844.1,59.14
BI100028,2024-06,SE,58,3430.12,59.14
BI100028,2024-06,MW,91,5381.74,59.14
BI100028,2024-06,TX,96,5677.44,59.14
BI100028,2024-06,MTN,76,4494.64,59.14
BI100028,2024-06,PSW,56,3311.84,59.14
BI100028,2024-06,PNW,81,4790.34,59.14
BI100028,2024-07,NE,81,4790.34,59.14
BI100028,2024-07,MA,62,3666.68,59.14
BI100028,2024-07,SE,60,3548.4,59.14
BI100028,2024-07,MW,82,4849.48,59.14
BI100028,2024-07,TX,87,5145.18,59.14
BI100028,2024-07,MTN,71,4198.94,59.14
BI100028,2024-07,PSW,61,3607.54,59.14
BI100028,2024-07,PNW,75,4435.5,59.14
BI100028,2024-08,NE,78,4612.92,59.14
BI100028,2024-08,MA,65,3844.1,59.14
BI100028,2024-08,SE,50,2957.0,59.14
BI100028,2024-08,MW,78,4612.92,59.14
BI100028,2024-08,TX,82,4849.48,59.14
BI100028,2024-08,MTN,61,3607.54,59.14
BI100028,2024-08,PSW,53,3134.42,59.14
BI100028,2024-08,PNW,77,4553.78,59.14
BI100028,2024-09,NE,73,4317.22,59.14
BI100028,2024-09,MA,58,3430.12,59.14
BI100028,2024-09,SE,47,2779.58,59.14
BI100028,2024-09,MW,68,4021.52,59.14
BI100028,2024-09,TX,74,4376.36,59.14
BI100028,2024-09,MTN,55,3252.7,59.14
BI100028,2024-09,PSW,44,2602.16,59.14
BI100028,2024-09,PNW,65,3844.1,59.14
BI100028,2024-10,NE,62,3666.68,59.14
BI100028,2024-10,MA,49,2897.86,59.14
BI100028,2024-10,SE,39,2306.46,59.14
BI100028,2024-10,MW,65,3844.1,59.14
BI100028,2024-10,TX,69,4080.66,59.14
BI100028,2024-10,MTN,50,2957.0,59.14
BI100028,2024-10,PSW,41,2424.74,59.14
BI100028,2024-10,PNW,55,3252.7,59.14
BI100028,2024-11,NE,62,3666.68,59.14
BI100028,2024-11,MA,43,2543.02,59.14
BI100028,2024-11,SE,37,2188.18,59.14
BI100028,2024-11,MW,53,3134.42,59.14
BI100028,2024-11,TX,61,3607.54,59.14
BI100028,2024-11,MTN,46,2720.44,59.14
BI100028,2024-11,PSW,38,2247.32,59.14
BI100028,2024-11,PNW,55,3252.7,59.14
BI100028,2024-12,NE,55,3252.7,59.14
BI100028,2024-12,MA,42,2483.88,59.14
BI100028,2024-12,SE,34,2010.76,59.14
BI100028,2024-12,MW,50,2957.0,59.14
BI100028,2024-12,TX,60,3548.4,59.14
BI100028,2024-12,MTN,45,2661.3,59.14
BI100028,2024-12,PSW,37,2188.18,59.14
BI100028,2024-12,PNW,52,3075.28,59.14
BI100028,2025-01,NE,56,3311.84,59.14
BI100028,2025-01,MA,45,2661.3,59.14
BI100028,2025-01,SE,38,2247.32,59.14
BI100028,2025-01,MW,52,3075.28,59.14
BI100028,2025-01,TX,43,3000.97,69.79
BI100028,2025-01,MTN,49,2897.86,59.14
BI100028,2025-01,PSW,39,2306.46,59.14
BI100028,2025-01,PNW,50,2957.0,59.14
BI100028,2025-02,NE,67,3962.38,59.14
BI100028,2025-02,MA,52,3075.28,59.14
BI100028,2025-02,SE,41,2424.74,59.14
BI100028,2025-02,MW,64,3784.96,59.14
BI100028,2025-02,TX,45,3140.55,69.79
BI100028,2025-02,MTN,55,3252.7,59.14
BI100028,2025-02,PSW,42,2483.88,59.14
BI100028,2025-02,PNW,64,3784.96,59.14
BI100028,2025-03,NE,76,4494.64,59.14
BI100028,2025-03,MA,60,3548.4,59.14
BI100028,2025-03,SE,45,2661.3,59.14
BI100028,2025-03,MW,75,4435.5,59.14
BI100028,2025-03,TX,79,4672.06,59.14
BI100028,2025-03,MTN,63,3725.82,59.14
BI100028,2025-03,PSW,50,2957.0,59.14
BI100028,2025-03,PNW,68,4021.52,59.14
BI100028,2025-04,NE,85,5026.9,59.14
BI100028,2025-04,MA,66,3903.24,59.14
BI100028,2025-04,SE,57,3370.98,59.14
BI100028,2025-04,MW,85,5026.9,59.14
BI100028,2025-04,TX,80,4731.2,59.14
BI100028,2025-04,MTN,71,4198.94,59.14
BI100028,2025-04,PSW,54,3193.56,59.14
BI100028,2025-04,PNW,71,4198.94,59.14
BI100028,2025-05,NE,89,5263.46,59.14
BI100028,2025-05,MA,68,4021.52,59.14
BI100028,2025-05,SE,63,3725.82,59.14
BI100028,2025-05,MW,84,4967.76,59.14
BI100028,2025-05,TX,91,5381.74,59.14
BI100028,2025-05,MTN,75,4435.5,59.14
BI100028,2025-05,PSW,55,3252.7,59.14
BI100028,2025-05,PNW,83,4908.62,59.14
BI100028,2025-06,NE,96,5677.44,59.14
BI100028,2025-06,MA,77,4553.78,59.14
BI100028,2025-06,SE,63,3725.82,59.14
BI100028,2025-06,MW,92,5440.88,59.14
BI100028,2025-06,TX,92,5440.88,59.14
BI100028,2025-06,MTN,70,4139.8,59.14
BI100028,2025-06,PSW,64,3784.96,59.14
BI100028,2025-06,PNW,81,4790.34,59.14
BI100028,2025-07,NE,97,5736.58,59.14
BI100028,2025-07,MA,69,4080.66,59.14
BI100028,2025-07,SE,62,3666.68,59.14
BI100028,2025-07,MW,97,5736.58,59.14
BI100028,2025-07,TX,89,5263.46,59.14
BI100028,2025-07,MTN,71,4198.94,59.14
BI100028,2025-07,PSW,56,3311.84,59.14
BI100028,2025-07,PNW,81,4790.34,59.14
BI100028,2025-08,NE,89,5263.46,59.14
BI100028,2025-08,MA,69,4080.66,59.14
BI100028,2025-08,SE,53,3134.42,59.14
BI100028,2025-08,MW,79,4672.06,59.14
BI100028,2025-08,TX,85,5026.9,59.14
BI100028,2025-08,MTN,67,3962.38,59.14
BI100028,2025-08,PSW,58,3430.12,59.14
BI100028,2025-08,PNW,83,4908.62,59.14
BI100028,2025-09,NE,73,4317.22,59.14
BI100028,2025-09,MA,61,3607.54,59.14
BI100028,2025-09,SE,54,3193.56,59.14
BI100028,2025-09,MW,72,4258.08,59.14
BI100028,2025-09,TX,76,4494.64,59.14
BI100028,2025-09,MTN,65,3844.1,59.14
BI100028,2025-09,PSW,54,3193.56,59.14
BI100028,2025-09,PNW,75,4435.5,59.14
BI100028,2025-10,NE,68,4021.52,59.14
BI100028,2025-10,MA,53,3134.42,59.14
BI100028,2025-10,SE,47,2779.58,59.14
BI100028,2025-10,MW,68,4021.52,59.14
BI100028,2025-10,TX,72,4258.08,59.14
BI100028,2025-10,MTN,57,3370.98,59.14
BI100028,2025-10,PSW,47,2779.58,59.14
BI100028,2025-10,PNW,67,3962.38,59.14
BI100028,2025-11,NE,58,3430.12,59.14
BI100028,2025-11,MA,46,2720.44,59.14
BI100028,2025-11,SE,39,2306.46,59.14
BI100028,2025-11,MW,61,3607.54,59.14
BI100028,2025-11,TX,60,3548.4,59.14
BI100028,2025-11,MTN,51,3016.14,59.14
BI100028,2025-11,PSW,42,2483.88,59.14
BI100028,2025-11,PNW,59,3489.26,59.14
BI100028,2025-12,NE,61,3607.54,59.14
BI100028,2025-12,MA,45,2661.3,59.14
BI100028,2025-12,SE,39,2306.46,59.14
BI100028,2025-12,MW,56,3311.84,59.14
BI100028,2025-12,TX,59,3489.26,59.14
BI100028,2025-12,MTN,43,2543.02,59.14
BI100028,2025-12,PSW,37,2188.18,59.14
BI100028,2025-12,PNW,55,3252.7,59.14
BI100035,2024-01,NE,21,1599.78,76.18
BI100035,2024-01,MA,29,2209.22,76.18
BI100035,2024-01,SE,19,1447.42,76.18
BI100035,2024-01,MW,25,1904.5,76.18
BI100035,2024-01,TX,26,1980.68,76.18
BI100035,2024-01,MTN,24,1828.32,76.18
BI100035,2024-01,PSW,27,2056.86,76.18
BI100035,2024-01,PNW,22,1675.96,76.18
BI100035,2024-02,NE,23,1752.14,76.18
BI100035,2024-02,MA,32,2437.76,76.18
BI100035,2024-02,SE,19,1447.42,76.18
BI100035,2024-02,MW,31,2361.58,76.18
BI100035,2024-02,TX,26,1980.68,76.18
BI100035,2024-02,MTN,28,2133.04,76.18
BI100035,2024-02,PSW,32,2437.76,76.18
BI100035,2024-02,PNW,24,1828.32,76.18
BI100035,2024-03,NE,27,2056.86,76.18
BI100035,2024-03,MA,35,2666.3,76.18
BI100035,2024-03,SE,23,1752.14,76.18
BI100035,2024-03,MW,31,2361.58,76.18
BI100035,2024-03,TX,30,2285.4,76.18
BI100035,2024-03,MTN,35,2666.3,76.18
BI100035,2024-03,PSW,34,2590.12,76.18
BI100035,2024-03,PNW,28,2133.04,76.18
BI100035,2024-04,NE,29,2209.22,76.18
BI100035,2024-04,MA,42,3199.56,76.18
BI100035,2024-04,SE,28,2133.04,76.18
BI100035,2024-04,MW,38,2894.84,76.18
BI100035,2024-04,TX,35,2666.3,76.18
BI100035,2024-04,MTN,35,2666.3,76.18
BI100035,2024-04,PSW,38,2894.84,76.18
BI100035,2024-04,PNW,34,2590.12,76.18
BI100035,2024-05,NE,30,2285.4,76.18
BI100035,2024-05,MA,41,3123.38,76.18
BI100035,2024-05,SE,29,2209.22,76.18
BI100035,2024-05,MW,44,3351.92,76.18
BI100035,2024-05,TX,37,2818.66,76.18
BI100035,2024-05,MTN,43,3275.74,76.18
BI100035,2024-05,PSW,40,3047.2,76.18
BI100035,2024-05,PNW,36,2742.48,76.18
BI100035,2024-06,NE,35,2666.3,76.18
BI100035,2024-06,MA,46,3504.28,76.18
BI100035,2024-06,SE,28,2133.04,76.18
BI100035,2024-06,MW,40,3047.2,76.18
BI100035,2024-06,TX,39,2971.02,76.18
BI100035,2024-06,MTN,43,3275.74,76.18
BI100035,2024-06,PSW,45,3428.1,76.18
BI100035,2024-06,PNW,36,2742.48,76.18
BI100035,2024-07,NE,31,2361.58,76.18
BI100035,2024-07,MA,40,3047.2,76.18
BI100035,2024-07,SE,31,2361.58,76.18
BI100035,2024-07,MW,39,2971.02,76.18
BI100035,2024-07,TX,37,2818.66,76.18
BI100035,2024-07,MTN,43,3275.74,76.18
BI100035,2024-07,PSW,44,3351.92,76.18
BI100035,2024-07,PNW,38,2894.84,76.18
BI100035,2024-08,NE,28,2133.04,76.18
BI100035,2024-08,MA,38,2894.84,76.18
BI100035,2024-08,SE,27,2056.86,76.18
BI100035,2024-08,MW,37,2818.66,76.18
BI100035,2024-08,TX,38,2894.84,76.18
BI100035,2024-08,MTN,38,2894.84,76.18
BI100035,2024-08,PSW,42,3199.56,76.18
BI100035,2024-08,PNW,36,2742.48,76.18
BI100035,2024-09,NE,26,1980.68,76.18
BI100035,2024-09,MA,35,2666.3,76.18
BI100035,2024-09,SE,24,1828.32,76.18
BI100035,2024-09,MW,34,2590.12,76.18
BI100035,2024-09,TX,32,2437.76,76.18
BI100035,2024-09,MTN,34,2590.12,76.18
BI100035,2024-09,PSW,36,2742.48,76.18
BI100035,2024-09,PNW,29,2209.22,76.18
BI100035,2024-10,NE,22,1675.96,76.18
BI100035,2024-10,MA,33,2513.94,76.18
BI100035,2024-10,SE,20,1523.6,76.18
BI100035,2024-10,MW,29,2209.22,76.18
BI100035,2024-10,TX,31,2361.58,76.18
BI100035,2024-10,MTN,28,2133.04,76.18
BI100035,2024-10,PSW,31,2361.58,76.18
BI100035,2024-10,PNW,27,2056.86,76.18
BI100035,2024-11,NE,21,1599.78,76.18
BI100035,2024-11,MA,28,2133.04,76.18
BI100035,2024-11,SE,19,1447.42,76.18
BI100035,2024-11,MW,27,2056.86,76.18
BI100035,2024-11,TX,28,2133.04,76.18
BI100035,2024-11,MTN,29,2209.22,76.18
BI100035,2024-11,PSW,29,2209.22,76.18
BI100035,2024-11,PNW,23,1752.14,76.18
BI100035,2024-12,NE,19,1447.42,76.18
BI100035,2024-12,MA,29,2209.22,76.18
BI100035,2024-12,SE,17,1295.06,76.18
BI100035,2024-12,MW,25,1904.5,76.18
BI100035,2024-12,TX,24,1828.32,76.18
BI100035,2024-12,MTN,26,1980.68,76.18
BI100035,2024-12,PSW,28,2133.04,76.18
BI100035,2024-12,PNW,24,1828.32,76.18
BI100035,2025-01,NE,21,1599.78,76.18
BI100035,2025-01,MA,27,2056.86,76.18
BI100035,2025-01,SE,20,1523.6,76.18
BI100035,2025-01,MW,28,2133.04,76.18
BI100035,2025-01,TX,27,2056.86,76.18
BI100035,2025-01,MTN,27,2056.86,76.18
BI100035,2025-01,PSW,30,2285.4,76.18
BI100035,2025-01,PNW,24,1828.32,76.18
BI100035,2025-02,NE,23,1752.14,76.18
BI100035,2025-02,MA,31,2361.58,76.18
BI100035,2025-02,SE,20,1523.6,76.18
BI100035,2025-02,MW,33,2513.94,76.18
BI100035,2025-02,TX,28,2133.04,76.18
BI100035,2025-02,MTN,31,2361.58,76.18
BI100035,2025-02,PSW,33,2513.94,76.18
BI100035,2025-02,PNW,27,2056.86,76.18
BI100035,2025-03,NE,26,1980.68,76.18
BI100035,2025-03,MA,37,2818.66,76.18
BI100035,2025-03,SE,23,1752.14,76.18
BI100035,2025-03,MW,34,2590.12,76.18
BI100035,2025-03,TX,35,2666.3,76.18
BI100035,2025-03,MTN,34,2590.12,76.18
BI100035,2025-03,PSW,35,2666.3,76.18
BI100035,2025-03,PNW,29,2209.22,76.18
BI100035,2025-04,NE,33,2513.94,76.18
BI100035,2025-04,MA,44,3351.92,76.18
BI100035,2025-04,SE,27,2056.86,76.18
BI100035,2025-04,MW,41,3123.38,76.18
BI100035,2025-04,TX,40,3047.2,76.18
BI100035,2025-04,MTN,40,3047.2,76.18
BI100035,2025-04,PSW,40,3047.2,76.18
BI100035,2025-04,PNW,34,2590.12,76.18
BI100035,2025-05,NE,36,2742.48,76.18
BI100035,2025-05,MA,45,3428.1,76.18
BI100035,2025-05,SE,30,2285.4,76.18
BI100035,2025-05,MW,46,3504.28,76.18
BI100035,2025-05,TX,45,3428.1,76.18
BI100035,2025-05,MTN,43,3275.74,76.18
BI100035,2025-05,PSW,42,3199.56,76.18
BI100035,2025-05,PNW,41,3123.38,76.18
BI100035,2025-06,NE,34,2590.12,76.18
BI100035,2025-06,MA,48,3656.64,76.18
BI100035,2025-06,SE,30,2285.4,76.18
BI100035,2025-06,MW,44,3351.92,76.18
BI100035,2025-06,TX,46,3504.28,76.18
BI100035,2025-06,MTN,43,3275.74,76.18
BI100035,2025-06,PSW,48,3656.64,76.18
BI100035,2025-06,PNW,39,2971.02,76.18
BI100035,2025-07,NE,33,2513.94,76.18
BI100035,2025-07,MA,49,3732.82,76.18
BI100035,2025-07,SE,33,2513.94,76.18
BI100035,2025-07,MW,42,3199.56,76.18
BI100035,2025-07,TX,44,3351.92,76.18
BI100035,2025-07,MTN,47,3580.46,76.18
BI100035,2025-07,PSW,45,3428.1,76.18
BI100035,2025-07,PNW,40,3047.2,76.18
BI100035,2025-08,NE,33,2513.94,76.18
BI100035,2025-08,MA,46,3504.28,76.18
BI100035,2025-08,SE,29,2209.22,76.18
BI100035,2025-08,MW,44,3351.92,76.18
BI100035,2025-08,TX,40,3047.2,76.18
BI100035,2025-08,MTN,39,2971.02,76.18
BI100035,2025-08,PSW,39,2971.02,76.18
BI100035,2025-08,PNW,33,2513.94,76.18
BI100035,2025-09,NE,28,2133.04,76.18
BI100035,2025-09,MA,39,2971.02,76.18
BI100035,2025-09,SE,27,2056.86,76.18
BI100035,2025-09,MW,34,2590.12,76.18
BI100035,2025-09,TX,34,2590.12,76.18
BI100035,2025-09,MTN,36,2742.48,76.18
BI100035,2025-09,PSW,39,2971.02,76.18
BI100035,2025-09,PNW,31,2361.58,76.18
BI100035,2025-10,NE,25,1904.5,76.18
BI100035,2025-10,MA,33,2513.94,76.18
BI100035,2025-10,SE,24,1828.32,76.18
BI100035,2025-10,MW,33,2513.94,76.18
BI100035,2025-10,TX,29,2209.22,76.18
BI100035,2025-10,MTN,34,2590.12,76.18
BI100035,2025-10,PSW,33,2513.94,76.18
BI100035,2025-10,PNW,28,2133.04,76.18
BI100035,2025-11,NE,21,1599.78,76.18
BI100035,2025-11,MA,32,2437.76,76.18
BI100035,2025-11,SE,21,1599.78,76.18
BI100035,2025-11,MW,27,2056.86,76.18
BI100035,2025-11,TX,30,2285.4,76.18
BI100035,2025-11,MTN,29,2209.22,76.18
BI100035,2025-11,PSW,30,2285.4,76.18
BI100035,2025-11,PNW,27,2056.86,76.18
BI100035,2025-12,NE,23,1752.14,76.18
BI100035,2025-12,MA,30,2285.4,76.18
BI100035,2025-12,SE,19,1447.42,76.18
BI100035,2025-12,MW,28,2133.04,76.18
BI100035,2025-12,TX,27,2056.86,76.18
BI100035,2025-12,MTN,28,2133.04,76.18
BI100035,2025-12,PSW,29,2209.22,76.18
BI100035,2025-12,PNW,25,1904.5,76.18
BI100042,2024-01,NE,51,9536.49,186.99
BI100042,2024-01,MA,73,13650.27,186.99
BI100042,2024-01,SE,64,11967.36,186.99
BI100042,2024-01,MW,49,9162.51,186.99
BI100042,2024-01,TX,78,14585.22,186.99
BI100042,2024-01,MTN,78,14585.22,186.99
BI100042,2024-01,PSW,76,14211.24,186.99
BI100042,2024-01,PNW,80,14959.2,186.99
BI100042,2024-02,NE,59,11032.41,186.99
BI100042,2024-02,MA,79,14772.21,186.99
BI100042,2024-02,SE,66,12341.34,186.99
BI100042,2024-02,MW,59,11032.41,186.99
BI100042,2024-02,TX,83,15520.17,186.99
BI100042,2024-02,MTN,89,16642.11,186.99
BI100042,2024-02,PSW,92,17203.08,186.99
BI100042,2024-02,PNW,86,16081.14,186.99
BI100042,2024-03,NE,70,13089.3,186.99
BI100042,2024-03,MA,92,17203.08,186.99
BI100042,2024-03,SE,84,15707.16,186.99
BI100042,2024-03,MW,64,11967.36,186.99
BI100042,2024-03,TX,90,16829.1,186.99
BI100042,2024-03,MTN,92,17203.08,186.99
BI100042,2024-03,PSW,99,18512.01,186.99
BI100042,2024-03,PNW,93,17390.07,186.99
BI100042,2024-04,NE,86,16081.14,186.99
BI100042,2024-04,MA,102,19072.98,186.99
BI100042,2024-04,SE,95,17764.05,186.99
BI100042,2024-04,MW,77,14398.23,186.99
BI100042,2024-04,TX,102,19072.98,186.99
BI100042,2024-04,MTN,100,18699.0,186.99
BI100042,2024-04,PSW,111,20755.89,186.99
BI100042,2024-04,PNW,119,22251.81,186.99
BI100042,2024-05,NE,86,16081.14,186.99
BI100042,2024-05,MA,116,21690.84,186.99
BI100042,2024-05,SE,100,18699.0,186.99
BI100042,2024-05,MW,79,14772.21,186.99
BI100042,2024-05,TX,122,22812.78,186.99
BI100042,2024-05,MTN,112,20942.88,186.99
BI100042,2024-05,PSW,122,22812.78,186.99
BI100042,2024-05,PNW,125,23373.75,186.99
BI100042,2024-06,NE,97,18138.03,186.99
BI100042,2024-06,MA,113,21129.87,186.99
BI100042,2024-06,SE,110,20568.9,186.99
BI100042,2024-06,MW,81,15146.19,186.99
BI100042,2024-06,TX,122,22812.78,186.99
BI100042,2024-06,MTN,125,23373.75,186.99
BI100042,2024-06,PSW,125,23373.75,186.99
BI100042,2024-06,PNW,134,25056.66,186.99
BI100042,2024-07,NE,88,16455.12,186.99
BI100042,2024-07,MA,114,21316.86,186.99
BI100042,2024-07,SE,108,20194.92,186.99
BI100042,2024-07,MW,86,16081.14,186.99
BI100042,2024-07,TX,115,21503.85,186.99
BI100042,2024-07,MTN,114,21316.86,186.99
BI100042,2024-07,PSW,130,24308.7,186.99
BI100042,2024-07,PNW,130,24308.7,186.99
BI100042,2024-08,NE,77,14398.23,186.99
BI100042,2024-08,MA,99,18512.01,186.99
BI100042,2024-08,SE,96,17951.04,186.99
BI100042,2024-08,MW,77,14398.23,186.99
BI100042,2024-08,TX,118,22064.82,186.99
BI100042,2024-08,MTN,114,21316.86,186.99
BI100042,2024-08,PSW,114,21316.86,186.99
BI100042,2024-08,PNW,109,20381.91,186.99
BI100042,2024-09,NE,76,14211.24,186.99
BI100042,2024-09,MA,94,17577.06,186.99
BI100042,2024-09,SE,88,16455.12,186.99
BI100042,2024-09,MW,69,12902.31,186.99
BI100042,2024-09,TX,106,19820.94,186.99
BI100042,2024-09,MTN,99,18512.01,186.99
BI100042,2024-09,PSW,101,18885.99,186.99
BI100042,2024-09,PNW,108,20194.92,186.99
BI100042,2024-10,NE,70,13089.3,186.99
BI100042,2024-10,MA,79,14772.21,186.99
BI100042,2024-10,SE,70,13089.3,186.99
BI100042,2024-10,MW,63,11780.37,186.99
BI100042,2024-10,TX,94,17577.06,186.99
BI100042,2024-10,MTN,92,17203.08,186.99
BI100042,2024-10,PSW,91,17016.09,186.99
BI100042,2024-10,PNW,93,17390.07,186.99
BI100042,2024-11,NE,59,11032.41,186.99
BI100042,2024-11,MA,82,15333.18,186.99
BI100042,2024-11,SE,65,12154.35,186.99
BI100042,2024-11,MW,57,10658.43,186.99
BI100042,2024-11,TX,77,14398.23,186.99
BI100042,2024-11,MTN,82,15333.18,186.99
BI100042,2024-11,PSW,83,15520.17,186.99
BI100042,2024-11,PNW,87,16268.13,186.99
BI100042,2024-12,NE,60,11219.4,186.99
BI100042,2024-12,MA,69,12902.31,186.99
BI100042,2024-12,SE,63,11780.37,186.99
BI100042,2024-12,MW,53,9910.47,186.99
BI100042,2024-12,TX,71,13276.29,186.99
BI100042,2024-12,MTN,71,13276.29,186.99
BI100042,2024-12,PSW,77,14398.23,186.99
BI100042,2024-12,PNW,82,15333.18,186.99
BI100042,2025-01,NE,63,11780.37,186.99
BI100042,2025-01,MA,74,13837.26,186.99
BI100042,2025-01,SE,64,11967.36,186.99
BI100042,2025-01,MW,54,10097.46,186.99
BI100042,2025-01,TX,76,14211.24,186.99
BI100042,2025-01,MTN,80,14959.2,186.99
BI100042,2025-01,PSW,86,16081.14,186.99
BI100042,2025-01,PNW,86,16081.14,186.99
BI100042,2025-02,NE,71,13276.29,186.99
BI100042,2025-02,MA,81,15146.19,186.99
BI100042,2025-02,SE,74,13837.26,186.99
BI100042,2025-02,MW,63,11780.37,186.99
BI100042,2025-02,TX,88,16455.12,186.99
BI100042,2025-02,MTN,93,17390.07,186.99
BI100042,2025-02,PSW,92,17203.08,186.99
BI100042,2025-02,PNW,85,15894.15,186.99
BI100042,2025-03,NE,74,13837.26,186.99
BI100042,2025-03,MA,92,17203.08,186.99
BI100042,2025-03,SE,93,17390.07,186.99
BI100042,2025-03,MW,70,13089.3,186.99
BI100042,2025-03,TX,107,20007.93,186.99
BI100042,2025-03,MTN,94,17577.06,186.99
BI100042,2025-03,PSW,106,19820.94,186.99
BI100042,2025-03,PNW,98,18325.02,186.99
BI100042,2025-04,NE,82,15333.18,186.99
BI100042,2025-04,MA,115,21503.85,186.99
BI100042,2025-04,SE,90,16829.1,186.99
BI100042,2025-04,MW,85,15894.15,186.99
BI100042,2025-04,TX,117,21877.83,186.99
BI100042,2025-04,MTN,119,22251.81,186.99
BI100042,2025-04,PSW,120,22438.8,186.99
BI100042,2025-04,PNW,118,22064.82,186.99
BI100042,2025-05,NE,89,16642.11,186.99
BI100042,2025-05,MA,124,23186.76,186.99
BI100042,2025-05,SE,114,21316.86,186.99
BI100042,2025-05,MW,96,17951.04,186.99
BI100042,2025-05,TX,136,25430.64,186.99
BI100042,2025-05,MTN,125,23373.75,186.99
BI100042,2025-05,PSW,127,23747.73,186.99
BI100042,2025-05,PNW,121,22625.79,186.99
BI100042,2025-06,NE,95,17764.05,186.99
BI100042,2025-06,MA,126,23560.74,186.99
BI100042,2025-06,SE,103,19259.97,186.99
BI100042,2025-06,MW,96,17951.04,186.99
BI100042,2025-06,TX,129,24121.71,186.99
BI100042,2025-06,MTN,128,23934.72,186.99
BI100042,2025-06,PSW,130,24308.7,186.99
BI100042,2025-06,PNW,137,25617.63,186.99
BI100042,2025-07,NE,100,18699.0,186.99
BI100042,2025-07,MA,127,23747.73,186.99
BI100042,2025-07,SE,104,19446.96,186.99
BI100042,2025-07,MW,93,17390.07,186.99
BI100042,2025-07,TX,122,22812.78,186.99
BI100042,2025-07,MTN,125,23373.75,186.99
BI100042,2025-07,PSW,129,24121.71,186.99
BI100042,2025-07,PNW,136,25430.64,186.99
BI100042,2025-08,NE,93,17390.07,186.99
BI100042,2025-08,MA,124,23186.76,186.99
BI100042,2025-08,SE,93,17390.07,186.99
BI100042,2025-08,MW,86,16081.14,186.99
BI100042,2025-08,TX,118,22064.82,186.99
BI100042,2025-08,MTN,110,20568.9,186.99
BI100042,2025-08,PSW,128,23934.72,186.99
BI100042,2025-08,PNW,116,21690.84,186.99
BI100042,2025-09,NE,85,15894.15,186.99
BI100042,2025-09,MA,102,19072.98,186.99
BI100042,2025-09,SE,95,17764.05,186.99
BI100042,2025-09,MW,73,13650.27,186.99
BI100042,2025-09,TX,112,20942.88,186.99
BI100042,2025-09,MTN,107,20007.93,186.99
BI100042,2025-09,PSW,113,21129.87,186.99
BI100042,2025-09,PNW,111,20755.89,186.99
BI100042,2025-10,NE,70,13089.3,186.99
BI100042,2025-10,MA,91,17016.09,186.99
BI100042,2025-10,SE,85,15894.15,186.99
BI100042,2025-10,MW,69,12902.31,186.99
BI100042,2025-10,TX,95,17764.05,186.99
BI100042,2025-10,MTN,96,17951.04,186.99
BI100042,2025-10,PSW,106,19820.94,186.99
BI100042,2025-10,PNW,102,19072.98,186.99
BI100042,2025-11,NE,59,11032.41,186.99
BI100042,2025-11,MA,84,15707.16,186.99
BI100042,2025-11,SE,66,12341.34,186.99
BI100042,2025-11,MW,58,10845.42,186.99
BI100042,2025-11,TX,81,15146.19,186.99
BI100042,2025-11,MTN,88,16455.12,186.99
BI100042,2025-11,PSW,91,17016.09,186.99
BI100042,2025-11,PNW,90,16829.1,186.99
BI100042,2025-12,NE,63,11780.37,186.99
BI100042,2025-12,MA,84,15707.16,186.99
BI100042,2025-12,SE,69,12902.31,186.99
BI100042,2025-12,MW,54,10097.46,186.99
BI100042,2025-12,TX,81,15146.19,186.99
BI100042,2025-12,MTN,83,15520.17,186.99
BI100042,2025-12,PSW,87,16268.13,186.99
BI100042,2025-12,PNW,82,15333.18,186.99
BI100049,2024-01,NE,31,4242.97,136.87
BI100049,2024-01,MA,26,3558.62,136.87
BI100049,2024-01,SE,29,3969.23,136.87
BI100049,2024-01,MW,25,3421.75,136.87
BI100049,2024-01,TX,24,3284.88,136.87
BI100049,2024-01,MTN,32,4379.84,136.87
BI100049,2024-01,PSW,27,3695.49,136.87
BI100049,2024-01,PNW,35,4790.45,136.87
BI100049,2024-02,NE,37,5064.19,136.87
BI100049,2024-02,MA,31,4242.97,136.87
BI100049,2024-02,SE,33,4516.71,136.87
BI100049,2024-02,MW,28,3832.36,136.87
BI100049,2024-02,TX,25,3421.75,136.87
BI100049,2024-02,MTN,41,5611.67,136.87
BI100049,2024-02,PSW,27,3695.49,136.87
BI100049,2024-02,PNW,38,5201.06,136.87
BI100049,2024-03,NE,38,5201.06,136.87
BI100049,2024-03,MA,32,4379.84,136.87
BI100049,2024-03,SE,39,5337.93,136.87
BI100049,2024-03,MW,33,4516.71,136.87
BI100049,2024-03,TX,32,4379.84,136.87
BI100049,2024-03,MTN,42,5748.54,136.87
BI100049,2024-03,PSW,32,4379.84,136.87
BI100049,2024-03,PNW,47,6432.89,136.87
BI100049,2024-04,NE,43,5885.41,136.87
BI100049,2024-04,MA,36,4927.32,136.87
BI100049,2024-04,SE,43,5885.41,136.87
BI100049,2024-04,MW,37,5064.19,136.87
BI100049,2024-04,TX,37,5064.19,136.87
BI100049,2024-04,MTN,48,6569.76,136.87
BI100049,2024-04,PSW,37,5064.19,136.87
BI100049,2024-04,PNW,53,7254.11,136.87
BI100049,2024-05,NE,46,6296.02,136.87
BI100049,2024-05,MA,42,5748.54,136.87
BI100049,2024-05,SE,49,6706.63,136.87
BI100049,2024-05,MW,39,5337.93,136.87
BI100049,2024-05,TX,38,5201.06,136.87
BI100049,2024-05,MTN,51,6980.37,136.87
BI100049,2024-05,PSW,38,5201.06,136.87
BI100049,2024-05,PNW,54,7390.98,136.87
BI100049,2024-06,NE,51,6980.37,136.87
BI100049,2024-06,MA,43,5885.41,136.87
BI100049,2024-06,SE,51,6980.37,136.87
BI100049,2024-06,MW,43,5885.41,136.87
BI100049,2024-06,TX,41,5611.67,136.87
BI100049,2024-06,MTN,54,7390.98,136.87
BI100049,2024-06,PSW,40,5474.8,136.87
BI100049,2024-06,PNW,56,7664.72,136.87
BI100049,2024-07,NE,49,6706.63,136.87
BI100049,2024-07,MA,46,6296.02,136.87
BI100049,2024-07,SE,50,6843.5,136.87
BI100049,2024-07,MW,37,5064.19,136.87
BI100049,2024-07,TX,37,5064.19,136.87
BI100049,2024-07,MTN,54,7390.98,136.87
BI100049,2024-07,PSW,41,5611.67,136.87
BI100049,2024-07,PNW,55,7527.85,136.87
BI100049,2024-08,NE,50,6843.5,136.87
BI100049,2024-08,MA,38,5201.06,136.87
BI100049,2024-08,SE,44,6022.28,136.87
BI100049,2024-08,MW,36,4927.32,136.87
BI100049,2024-08,TX,37,5064.19,136.87
BI100049,2024-08,MTN,51,6980.37,136.87
BI100049,2024-08,PSW,37,5064.19,136.87
BI100049,2024-08,PNW,53,7254.11,136.87
BI100049,2024-09,NE,44,6022.28,136.87
BI100049,2024-09,MA,35,4790.45,136.87
BI100049,2024-09,SE,42,5748.54,136.87
BI100049,2024-09,MW,31,4242.97,136.87
BI100049,2024-09,TX,33,4516.71,136.87
BI100049,2024-09,MTN,44,6022.28,136.87
BI100049,2024-09,PSW,35,4790.45,136.87
BI100049,2024-09,PNW,46,6296.02,136.87
BI100049,2024-10,NE,38,5201.06,136.87
BI100049,2024-10,MA,33,4516.71,136.87
BI100049,2024-10,SE,34,4653.58,136.87
BI100049,2024-10,MW,29,3969.23,136.87
BI100049,2024-10,TX,29,3969.23,136.87
BI100049,2024-10,MTN,39,5337.93,136.87
BI100049,2024-10,PSW,31,4242.97,136.87
BI100049,2024-10,PNW,42,5748.54,136.87
BI100049,2024-11,NE,33,4516.71,136.87
BI100049,2024-11,MA,28,3832.36,136.87
BI100049,2024-11,SE,29,3969.23,136.87
BI100049,2024-11,MW,27,3695.49,136.87
BI100049,2024-11,TX,25,3421.75,136.87
BI100049,2024-11,MTN,39,5337.93,136.87
BI100049,2024-11,PSW,27,3695.49,136.87
BI100049,2024-11,PNW,40,5474.8,136.87
BI100049,2024-12,NE,34,4653.58,136.87
BI100049,2024-12,MA,27,3695.49,136.87
BI100049,2024-12,SE,31,4242.97,136.87
BI100049,2024-12,MW,24,3284.88,136.87
BI100049,2024-12,TX,24,3284.88,136.87
BI100049,2024-12,MTN,35,4790.45,136.87
BI100049,2024-12,PSW,26,3558.62,136.87
BI100049,2024-12,PNW,38,5201.06,136.87
BI100049,2025-01,NE,35,4790.45,136.87
BI100049,2025-01,MA,30,4106.1,136.87
BI100049,2025-01,SE,31,4242.97,136.87
BI100049,2025-01,MW,26,3558.62,136.87
BI100049,2025-01,TX,26,3558.62,136.87
BI100049,2025-01,MTN,37,5064.19,136.87
BI100049,2025-01,PSW,29,3969.23,136.87
BI100049,2025-01,PNW,39,5337.93,136.87
BI100049,2025-02,NE,37,5064.19,136.87
BI100049,2025-02,MA,29,3969.23,136.87
BI100049,2025-02,SE,35,4790.45,136.87
BI100049,2025-02,MW,31,4242.97,136.87
BI100049,2025-02,TX,28,3832.36,136.87
BI100049,2025-02,MTN,42,5748.54,136.87
BI100049,2025-02,PSW,31,4242.97,136.87
BI100049,2025-02,PNW,41,5611.67,136.87
BI100049,2025-03,NE,45,6159.15,136.87
BI100049,2025-03,MA,37,5064.19,136.87
BI100049,2025-03,SE,38,5201.06,136.87
BI100049,2025-03,MW,36,4927.32,136.87
BI100049,2025-03,TX,34,4653.58,136.87
BI100049,2025-03,MTN,46,6296.02,136.87
BI100049,2025-03,PSW,35,4790.45,136.87
BI100049,2025-03,PNW,50,6843.5,136.87
BI100049,2025-04,NE,50,6843.5,136.87
BI100049,2025-04,MA,43,5885.41,136.87
BI100049,2025-04,SE,46,6296.02,136.87
BI100049,2025-04,MW,39,5337.93,136.87
BI100049,2025-04,TX,37,5064.19,136.87
BI100049,2025-04,MTN,54,7390.98,136.87
BI100049,2025-04,PSW,40,5474.8,136.87
BI100049,2025-04,PNW,52,7117.24,136.87
BI100049,2025-05,NE,53,7254.11,136.87
BI100049,2025-05,MA,47,6432.89,136.87
BI100049,2025-05,SE,50,6843.5,136.87
BI100049,2025-05,MW,42,5748.54,136.87
BI100049,2025-05,TX,38,5201.06,136.87
BI100049,2025-05,MTN,55,7527.85,136.87
BI100049,2025-05,PSW,45,6159.15,136.87
BI100049,2025-05,PNW,57,7801.59,136.87
BI100049,2025-06,NE,53,7254.11,136.87
BI100049,2025-06,MA,49,6706.63,136.87
BI100049,2025-06,SE,49,6706.63,136.87
BI100049,2025-06,MW,47,6432.89,136.87
BI100049,2025-06,TX,44,6022.28,136.87
BI100049,2025-06,MTN,60,8212.2,136.87
BI100049,2025-06,PSW,43,5885.41,136.87
BI100049,2025-06,PNW,61,8349.07,136.87
BI100049,2025-07,NE,51,6980.37,136.87
BI100049,2025-07,MA,47,6432.89,136.87
BI100049,2025-07,SE,52,7117.24,136.87
BI100049,2025-07,MW,43,5885.41,136.87
BI100049,2025-07,TX,44,6022.28,136.87
BI100049,2025-07,MTN,63,8622.81,136.87
BI100049,2025-07,PSW,48,6569.76,136.87
BI100049,2025-07,PNW,61,8349.07,136.87
BI100049,2025-08,NE,52,7117.24,136.87
BI100049,2025-08,MA,44,6022.28,136.87
BI100049,2025-08,SE,44,6022.28,136.87
BI100049,2025-08,MW,38,5201.06,136.87
BI100049,2025-08,TX,40,5474.8,136.87
BI100049,2025-08,MTN,51,6980.37,136.87
BI100049,2025-08,PSW,45,6159.15,136.87
BI100049,2025-08,PNW,61,8349.07,136.87
BI100049,2025-09,NE,45,6159.15,136.87
BI100049,2025-09,MA,39,5337.93,136.87
BI100049,2025-09,SE,40,5474.8,136.87
BI100049,2025-09,MW,34,4653.58,136.87
BI100049,2025-09,TX,37,5064.19,136.87
BI100049,2025-09,MTN,51,6980.37,136.87
BI100049,2025-09,PSW,38,5201.06,136.87
BI100049,2025-09,PNW,52,7117.24,136.87
BI100049,2025-10,NE,39,5337.93,136.87
BI100049,2025-10,MA,31,4242.97,136.87
BI100049,2025-10,SE,39,5337.93,136.87
BI100049,2025-10,MW,29,3969.23,136.87
BI100049,2025-10,TX,30,4106.1,136.87
BI100049,2025-10,MTN,43,5885.41,136.87
BI100049,2025-10,PSW,33,4516.71,136.87
BI100049,2025-10,PNW,42,5748.54,136.87
BI100049,2025-11,NE,32,4379.84,136.87
BI100049,2025-11,MA,28,3832.36,136.87
BI100049,2025-11,SE,35,4790.45,136.87
BI100049,2025-11,MW,27,3695.49,136.87
BI100049,2025-11,TX,28,3832.36,136.87
BI100049,2025-11,MTN,40,5474.8,136.87
BI100049,2025-11,PSW,29,3969.23,136.87
BI100049,2025-11,PNW,38,5201.06,136.87
BI100049,2025-12,NE,36,4927.32,136.87
BI100049,2025-12,MA,30,4106.1,136.87
BI100049,2025-12,SE,31,4242.97,136.87
BI100049,2025-12,MW,26,3558.62,136.87
BI100049,2025-12,TX,28,3832.36,136.87
BI100049,2025-12,MTN,34,4653.58,136.87
BI100049,2025-12,PSW,30,4106.1,136.87
BI100049,2025-12,PNW,39,5337.93,136.87
BI100056,2024-01,NE,100,16576.0,165.76
BI100056,2024-01,MA,98,16244.48,165.76
BI100056,2024-01,SE,61,10111.36,165.76
BI100056,2024-01,MW,88,14586.88,165.76
BI100056,2024-01,TX,103,17073.28,165.76
BI100056,2024-01,MTN,82,13592.32,165.76
BI100056,2024-01,PSW,67,11105.92,165.76
BI100056,2024-01,PNW,74,12266.24,165.76
BI100056,2024-02,NE,104,17239.04,165.76
BI100056,2024-02,MA,112,18565.12,165.76
BI100056,2024-02,SE,73,12100.48,165.76
BI100056,2024-02,MW,107,17736.32,165.76
BI100056,2024-02,TX,110,18233.6,165.76
BI100056,2024-02,MTN,85,14089.6,165.76
BI100056,2024-02,PSW,76,12597.76,165.76
BI100056,2024-02,PNW,91,15084.16,165.76
BI100056,2024-03,NE,124,20554.24,165.76
BI100056,2024-03,MA,118,19559.68,165.76
BI100056,2024-03,SE,80,13260.8,165.76
BI100056,2024-03,MW,115,19062.4,165.76
BI100056,2024-03,TX,125,20720.0,165.76
BI100056,2024-03,MTN,94,15581.44,165.76
BI100056,2024-03,PSW,88,14586.88,165.76
BI100056,2024-03,PNW,108,17902.08,165.76
BI100056,2024-04,NE,140,23206.4,165.76
BI100056,2024-04,MA,139,23040.64,165.76
BI100056,2024-04,SE,95,15747.2,165.76
BI100056,2024-04,MW,143,23703.68,165.76
BI100056,2024-04,TX,137,22709.12,165.76
BI100056,2024-04,MTN,121,20056.96,165.76
BI100056,2024-04,PSW,93,15415.68,165.76
BI100056,2024-04,PNW,112,18565.12,165.76
BI100056,2024-05,NE,157,26024.32,165.76
BI100056,2024-05,MA,162,26853.12,165.76
BI100056,2024-05,SE,98,16244.48,165.76
BI100056,2024-05,MW,151,25029.76,165.76
BI100056,2024-05,TX,148,24532.48,165.76
BI100056,2024-05,MTN,118,19559.68,165.76
BI100056,2024-05,PSW,104,17239.04,165.76
BI100056,2024-05,PNW,117,19393.92,165.76
BI100056,2024-06,NE,164,27184.64,165.76
BI100056,2024-06,MA,156,25858.56,165.76
BI100056,2024-06,SE,99,16410.24,165.76
BI100056,2024-06,MW,160,26521.6,165.76
BI100056,2024-06,TX,151,25029.76,165.76
BI100056,2024-06,MTN,137,22709.12,165.76
BI100056,2024-06,PSW,98,16244.48,165.76
BI100056,2024-06,PNW,128,21217.28,165.76
BI100056,2024-07,NE,160,26521.6,165.76
BI100056,2024-07,MA,143,23703.68,165.76
BI100056,2024-07,SE,94,15581.44,165.76
BI100056,2024-07,MW,142,23537.92,165.76
BI100056,2024-07,TX,166,27516.16,165.76
BI100056,2024-07,MTN,124,20554.24,165.76
BI100056,2024-07,PSW,101,16741.76,165.76
BI100056,2024-07,PNW,127,21051.52,165.76
BI100056,2024-08,NE,156,25858.56,165.76
BI100056,2024-08,MA,150,24864.0,165.76
BI100056,2024-08,SE,90,14918.4,165.76
BI100056,2024-08,MW,140,23206.4,165.76
BI100056,2024-08,TX,138,22874.88,165.76
BI100056,2024-08,MTN,118,19559.68,165.76
BI100056,2024-08,PSW,93,15415.68,165.76
BI100056,2024-08,PNW,112,18565.12,165.76
BI100056,2024-09,NE,128,21217.28,165.76
BI100056,2024-09,MA,118,19559.68,165.76
BI100056,2024-09,SE,85,14089.6,165.76
BI100056,2024-09,MW,128,21217.28,165.76
BI100056,2024-09,TX,134,22211.84,165.76
BI100056,2024-09,MTN,99,16410.24,165.76
BI100056,2024-09,PSW,82,13592.32,165.76
BI100056,2024-09,PNW,104,17239.04,165.76
BI100056,2024-10,NE,118,19559.68,165.76
BI100056,2024-10,MA,114,18896.64,165.76
BI100056,2024-10,SE,70,11603.2,165.76
BI100056,2024-10,MW,105,17404.8,165.76
BI100056,2024-10,TX,111,18399.36,165.76
BI100056,2024-10,MTN,91,15084.16,165.76
BI100056,2024-10,PSW,78,12929.28,165.76
BI100056,2024-10,PNW,86,14255.36,165.76
BI100056,2024-11,NE,100,16576.0,165.76
BI100056,2024-11,MA,108,17902.08,165.76
BI100056,2024-11,SE,64,10608.64,165.76
BI100056,2024-11,MW,101,16741.76,165.76
BI100056,2024-11,TX,112,18565.12,165.76
BI100056,2024-11,MTN,84,13923.84,165.76
BI100056,2024-11,PSW,71,11768.96,165.76
BI100056,2024-11,PNW,78,12929.28,165.76
BI100056,2024-12,NE,91,15084.16,165.76
BI100056,2024-12,MA,103,17073.28,165.76
BI100056,2024-12,SE,61,10111.36,165.76
BI100056,2024-12,MW,97,16078.72,165.76
BI100056,2024-12,TX,103,17073.28,165.76
BI100056,2024-12,MTN,84,13923.84,165.76
BI100056,2024-12,PSW,64,10608.64,165.76
BI100056,2024-12,PNW,83,13758.08,165.76
BI100056,2025-01,NE,110,18233.6,165.76
BI100056,2025-01,MA,101,16741.76,165.76
BI100056,2025-01,SE,62,10277.12,165.76
BI100056,2025-01,MW,96,15912.96,165.76
BI100056,2025-01,TX,104,17239.04,165.76
BI100056,2025-01,MTN,89,14752.64,165.76
BI100056,2025-01,PSW,67,11105.92,165.76
BI100056,2025-01,PNW,80,13260.8,165.76
BI100056,2025-02,NE,111,18399.36,165.76
BI100056,2025-02,MA,110,18233.6,165.76
BI100056,2025-02,SE,79,13095.04,165.76
BI100056,2025-02,MW,115,19062.4,165.76
BI100056,2025-02,TX,111,18399.36,165.76
BI100056,2025-02,MTN,97,16078.72,165.76
BI100056,2025-02,PSW,80,13260.8,165.76
BI100056,2025-02,PNW,98,16244.48,165.76
BI100056,2025-03,NE,139,23040.64,165.76
BI100056,2025-03,MA,140,23206.4,165.76
BI100056,2025-03,SE,84,13923.84,165.76
BI100056,2025-03,MW,118,19559.68,165.76
BI100056,2025-03,TX,128,21217.28,165.76
BI100056,2025-03,MTN,110,18233.6,165.76
BI100056,2025-03,PSW,88,14586.88,165.76
BI100056,2025-03,PNW,106,17570.56,165.76
BI100056,2025-04,NE,155,25692.8,165.76
BI100056,2025-04,MA,143,23703.68,165.76
BI100056,2025-04,SE,93,15415.68,165.76
BI100056,2025-04,MW,135,22377.6,165.76
BI100056,2025-04,TX,142,23537.92,165.76
BI100056,2025-04,MTN,116,19228.16,165.76
BI100056,2025-04,PSW,106,17570.56,165.76
BI100056,2025-04,PNW,116,19228.16,165.76
BI100056,2025-05,NE,163,27018.88,165.76
BI100056,2025-05,MA,161,26687.36,165.76
BI100056,2025-05,SE,113,18730.88,165.76
BI100056,2025-05,MW,150,24864.0,165.76
BI100056,2025-05,TX,169,28013.44,165.76
BI100056,2025-05,MTN,136,22543.36,165.76
BI100056,2025-05,PSW,110,18233.6,165.76
BI100056,2025-05,PNW,139,23040.64,165.76
BI100056,2025-06,NE,167,27681.92,165.76
BI100056,2025-06,MA,169,28013.44,165.76
BI100056,2025-06,SE,108,17902.08,165.76
BI100056,2025-06,MW,167,27681.92,165.76
BI100056,2025-06,TX,178,29505.28,165.76
BI100056,2025-06,MTN,141,23372.16,165.76
BI100056,2025-06,PSW,113,18730.88,165.76
BI100056,2025-06,PNW,134,22211.84,165.76
BI100056,2025-07,NE,176,29173.76,165.76
BI100056,2025-07,MA,170,28179.2,165.76
BI100056,2025-07,SE,106,17570.56,165.76
BI100056,2025-07,MW,163,27018.88,165.76
BI100056,2025-07,TX,168,27847.68,165.76
BI100056,2025-07,MTN,137,22709.12,165.76
BI100056,2025-07,PSW,115,19062.4,165.76
BI100056,2025-07,PNW,138,22874.88,165.76
BI100056,2025-08,NE,151,25029.76,165.76
BI100056,2025-08,MA,149,24698.24,165.76
BI100056,2025-08,SE,99,16410.24,165.76
BI100056,2025-08,MW,138,22874.88,165.76
BI100056,2025-08,TX,167,27681.92,165.76
BI100056,2025-08,MTN,124,20554.24,165.76
BI100056,2025-08,PSW,108,17902.08,165.76
BI100056,2025-08,PNW,133,22046.08,165.76
BI100056,2025-09,NE,147,24366.72,165.76
BI100056,2025-09,MA,134,22211.84,165.76
BI100056,2025-09,SE,83,13758.08,165.76
BI100056,2025-09,MW,120,19891.2,165.76
BI100056,2025-09,TX,130,21548.8,165.76
BI100056,2025-09,MTN,107,17736.32,165.76
BI100056,2025-09,PSW,99,16410.24,165.76
BI100056,2025-09,PNW,121,20056.96,165.76
BI100056,2025-10,NE,119,19725.44,165.76
BI100056,2025-10,MA,114,18896.64,165.76
BI100056,2025-10,SE,85,14089.6,165.76
BI100056,2025-10,MW,119,19725.44,165.76
BI100056,2025-10,TX,123,20388.48,165.76
BI100056,2025-10,MTN,98,16244.48,165.76
BI100056,2025-10,PSW,85,14089.6,165.76
BI100056,2025-10,PNW,101,16741.76,165.76
BI100056,2025-11,NE,101,16741.76,165.76
BI100056,2025-11,MA,114,18896.64,165.76
BI100056,2025-11,SE,73,12100.48,165.76
BI100056,2025-11,MW,102,16907.52,165.76
BI100056,2025-11,TX,119,19725.44,165.76
BI100056,2025-11,MTN,88,14586.88,165.76
BI100056,2025-11,PSW,72,11934.72,165.76
BI100056,2025-11,PNW,85,14089.6,165.76
BI100056,2025-12,NE,109,18067.84,165.76
BI100056,2025-12,MA,106,17570.56,165.76
BI100056,2025-12,SE,66,10940.16,165.76
BI100056,2025-12,MW,106,17570.56,165.76
BI100056,2025-12,TX,109,18067.84,165.76
BI100056,2025-12,MTN,86,14255.36,165.76
BI100056,2025-12,PSW,70,11603.2,165.76
BI100056,2025-12,PNW,88,14586.88,165.76
BI100063,2024-01,NE,26,1734.72,66.72
BI100063,2024-01,MA,33,2201.76,66.72
BI100063,2024-01,SE,37,2468.64,66.72
BI100063,2024-01,MW,32,2135.04,66.72
BI100063,2024-01,TX,41,2735.52,66.72
BI100063,2024-01,MTN,30,2001.6,66.72
BI100063,2024-01,PSW,44,2935.68,66.72
BI100063,2024-01,PNW,42,2802.24,66.72
BI100063,2024-02,NE,29,1934.88,66.72
BI100063,2024-02,MA,34,2268.48,66.72
BI100063,2024-02,SE,38,2535.36,66.72
BI100063,2024-02,MW,34,2268.48,66.72
BI100063,2024-02,TX,45,3002.4,66.72
BI100063,2024-02,MTN,34,2268.48,66.72
BI100063,2024-02,PSW,49,3269.28,66.72
BI100063,2024-02,PNW,49,3269.28,66.72
BI100063,2024-03,NE,34,2268.48,66.72
BI100063,2024-03,MA,42,2802.24,66.72
BI100063,2024-03,SE,47,3135.84,66.72
BI100063,2024-03,MW,38,2535.36,66.72
BI100063,2024-03,TX,51,3402.72,66.72
BI100063,2024-03,MTN,43,2868.96,66.72
BI100063,2024-03,PSW,60,4003.2,66.72
BI100063,2024-03,PNW,52,3469.44,66.72
BI100063,2024-04,NE,39,2602.08,66.72
BI100063,2024-04,MA,43,2868.96,66.72
BI100063,2024-04,SE,53,3536.16,66.72
BI100063,2024-04,MW,44,2935.68,66.72
BI100063,2024-04,TX,59,3936.48,66.72
BI100063,2024-04,MTN,44,2935.68,66.72
BI100063,2024-04,PSW,65,4336.8,66.72
BI100063,2024-04,PNW,56,3736.32,66.72
BI100063,2024-05,NE,47,3135.84,66.72
BI100063,2024-05,MA,52,3469.44,66.72
BI100063,2024-05,SE,51,3402.72,66.72
BI100063,2024-05,MW,49,3269.28,66.72
BI100063,2024-05,TX,61,4069.92,66.72
BI100063,2024-05,MTN,47,3135.84,66.72
BI100063,2024-05,PSW,65,4336.8,66.72
BI100063,2024-05,PNW,65,4336.8,66.72
BI100063,2024-06,NE,49,3269.28,66.72
BI100063,2024-06,MA,52,3469.44,66.72
BI100063,2024-06,SE,56,3736.32,66.72
BI100063,2024-06,MW,48,3202.56,66.72
BI100063,2024-06,TX,68,4536.96,66.72
BI100063,2024-06,MTN,51,3402.72,66.72
BI100063,2024-06,PSW,67,4470.24,66.72
BI100063,2024-06,PNW,71,4737.12,66.72
BI100063,2024-07,NE,43,2868.96,66.72
BI100063,2024-07,MA,52,3469.44,66.72
BI100063,2024-07,SE,56,3736.32,66.72
BI100063,2024-07,MW,49,3269.28,66.72
BI100063,2024-07,TX,65,4336.8,66.72
BI100063,2024-07,MTN,53,3536.16,66.72
BI100063,2024-07,PSW,67,4470.24,66.72
BI100063,2024-07,PNW,68,4536.96,66.72
BI100063,2024-08,NE,44,2935.68,66.72
BI100063,2024-08,MA,51,3402.72,66.72
BI100063,2024-08,SE,53,3536.16,66.72
BI100063,2024-08,MW,45,3002.4,66.72
BI100063,2024-08,TX,63,4203.36,66.72
BI100063,2024-08,MTN,50,3336.0,66.72
BI100063,2024-08,PSW,65,4336.8,66.72
BI100063,2024-08,PNW,59,3936.48,66.72
BI100063,2024-09,NE,35,2335.2,66.72
BI100063,2024-09,MA,42,2802.24,66.72
BI100063,2024-09,SE,44,2935.68,66.72
BI100063,2024-09,MW,40,2668.8,66.72
BI100063,2024-09,TX,55,3669.6,66.72
BI100063,2024-09,MTN,45,3002.4,66.72
BI100063,2024-09,PSW,59,3936.48,66.72
BI100063,2024-09,PNW,53,3536.16,66.72
BI100063,2024-10,NE,33,2201.76,66.72
BI100063,2024-10,MA,38,2535.36,66.72
BI100063,2024-10,SE,42,2802.24,66.72
BI100063,2024-10,MW,37,2468.64,66.72
BI100063,2024-10,TX,50,3336.0,66.72
BI100063,2024-10,MTN,37,2468.64,66.72
BI100063,2024-10,PSW,48,3202.56,66.72
BI100063,2024-10,PNW,48,3202.56,66.72
BI100063,2024-11,NE,30,2001.6,66.72
BI100063,2024-11,MA,32,2135.04,66.72
BI100063,2024-11,SE,35,2335.2,66.72
BI100063,2024-11,MW,31,2068.32,66.72
BI100063,2024-11,TX,46,3069.12,66.72
BI100063,2024-11,MTN,32,2135.04,66.72
BI100063,2024-11,PSW,46,3069.12,66.72
BI100063,2024-11,PNW,44,2935.68,66.72
BI100063,2024-12,NE,30,2001.6,66.72
BI100063,2024-12,MA,33,2201.76,66.72
BI100063,2024-12,SE,33,2201.76,66.72
BI100063,2024-12,MW,30,2001.6,66.72
BI100063,2024-12,TX,42,2802.24,66.72
BI100063,2024-12,MTN,30,2001.6,66.72
BI100063,2024-12,PSW,42,2802.24,66.72
BI100063,2024-12,PNW,40,2668.8,66.72
BI100063,2025-01,NE,31,2068.32,66.72
BI100063,2025-01,MA,33,2201.76,66.72
BI100063,2025-01,SE,35,2335.2,66.72
BI100063,2025-01,MW,32,2135.04,66.72
BI100063,2025-01,TX,41,2735.52,66.72
BI100063,2025-01,MTN,31,2068.32,66.72
BI100063,2025-01,PSW,44,2935.68,66.72
BI100063,2025-01,PNW,42,2802.24,66.72
BI100063,2025-02,NE,31,2068.32,66.72
BI100063,2025-02,MA,36,2401.92,66.72
BI100063,2025-02,SE,45,3002.4,66.72
BI100063,2025-02,MW,36,2401.92,66.72
BI100063,2025-02,TX,46,3069.12,66.72
BI100063,2025-02,MTN,39,2602.08,66.72
BI100063,2025-02,PSW,48,3202.56,66.72
BI100063,2025-02,PNW,49,3269.28,66.72
BI100063,2025-03,NE,41,2735.52,66.72
BI100063,2025-03,MA,42,2802.24,66.72
BI100063,2025-03,SE,47,3135.84,66.72
BI100063,2025-03,MW,44,2935.68,66.72
BI100063,2025-03,TX,60,4003.2,66.72
BI100063,2025-03,MTN,42,2802.24,66.72
BI100063,2025-03,PSW,58,3869.76,66.72
BI100063,2025-03,PNW,57,3803.04,66.72
BI100063,2025-04,NE,45,3002.4,66.72
BI100063,2025-04,MA,47,3135.84,66.72
BI100063,2025-04,SE,55,3669.6,66.72
BI100063,2025-04,MW,49,3269.28,66.72
BI100063,2025-04,TX,67,4470.24,66.72
BI100063,2025-04,MTN,50,3336.0,66.72
BI100063,2025-04,PSW,69,4603.68,66.72
BI100063,2025-04,PNW,63,4203.36,66.72
BI100063,2025-05,NE,44,2935.68,66.72
BI100063,2025-05,MA,55,3669.6,66.72
BI100063,2025-05,SE,56,3736.32,66.72
BI100063,2025-05,MW,51,3402.72,66.72
BI100063,2025-05,TX,65,4336.8,66.72
BI100063,2025-05,MTN,52,3469.44,66.72
BI100063,2025-05,PSW,76,5070.72,66.72
BI100063,2025-05,PNW,67,4470.24,66.72
BI100063,2025-06,NE,51,3402.72,66.72
BI100063,2025-06,MA,59,3936.48,66.72
BI100063,2025-06,SE,60,4003.2,66.72
BI100063,2025-06,MW,52,3469.44,66.72
BI100063,2025-06,TX,67,4470.24,66.72
BI100063,2025-06,MTN,54,3602.88,66.72
BI100063,2025-06,PSW,70,4670.4,66.72
BI100063,2025-06,PNW,77,5137.44,66.72
BI100063,2025-07,NE,22,1467.84,66.72
BI100063,2025-07,MA,22,1467.84,66.72
BI100063,2025-07,SE,26,1734.72,66.72
BI100063,2025-07,MW,24,1601.28,66.72
BI100063,2025-07,TX,32,2135.04,66.72
BI100063,2025-07,MTN,26,1734.72,66.72
BI100063,2025-07,PSW,34,2268.48,66.72
BI100063,2025-07,PNW,34,2268.48,66.72
BI100063,2025-08,NE,19,1267.68,66.72
BI100063,2025-08,MA,22,1467.84,66.72
BI100063,2025-08,SE,25,1668.0,66.72
BI100063,2025-08,MW,22,1467.84,66.72
BI100063,2025-08,TX,28,1868.16,66.72
BI100063,2025-08,MTN,22,1467.84,66.72
BI100063,2025-08,PSW,29,1934.88,66.72
BI100063,2025-08,PNW,30,2001.6,66.72
BI100063,2025-09,NE,18,1200.96,66.72
BI100063,2025-09,MA,21,1401.12,66.72
BI100063,2025-09,SE,22,1467.84,66.72
BI100063,2025-09,MW,20,1334.4,66.72
BI100063,2025-09,TX,27,1801.44,66.72
BI100063,2025-09,MTN,19,1267.68,66.72
BI100063,2025-09,PSW,26,1734.72,66.72
BI100063,2025-09,PNW,29,1934.88,66.72
BI100063,2025-10,NE,15,1000.8,66.72
BI100063,2025-10,MA,17,1134.24,66.72
BI100063,2025-10,SE,20,1334.4,66.72
BI100063,2025-10,MW,18,1200.96,66.72
BI100063,2025-10,TX,25,1668.0,66.72
BI100063,2025-10,MTN,17,1134.24,66.72
BI100063,2025-10,PSW,22,1467.84,66.72
BI100063,2025-10,PNW,24,1601.28,66.72
BI100063,2025-11,NE,13,867.36,66.72
BI100063,2025-11,MA,17,1134.24,66.72
BI100063,2025-11,SE,18,1200.96,66.72
BI100063,2025-11,MW,16,1067.52,66.72
BI100063,2025-11,TX,21,1401.12,66.72
BI100063,2025-11,MTN,17,1134.24,66.72
BI100063,2025-11,PSW,23,1534.56,66.72
BI100063,2025-11,PNW,22,1467.84,66.72
BI100063,2025-12,NE,14,934.08,66.72
BI100063,2025-12,MA,15,1000.8,66.72
BI100063,2025-12,SE,18,1200.96,66.72
BI100063,2025-12,MW,14,934.08,66.72
BI100063,2025-12,TX,21,1401.12,66.72
BI100063,2025-12,MTN,15,1000.8,66.72
BI100063,2025-12,PSW,21,1401.12,66.72
BI100063,2025-12,PNW,22,1467.84,66.72
BI100070,2024-01,NE,41,3945.84,96.24
BI100070,2024-01,MA,51,4908.24,96.24
BI100070,2024-01,SE,50,4812.0,96.24
BI100070,2024-01,MW,39,3753.36,96.24
BI100070,2024-01,TX,53,5100.72,96.24
BI100070,2024-01,MTN,47,4523.28,96.24
BI100070,2024-01,PSW,58,5581.92,96.24
BI100070,2024-01,PNW,50,4812.0,96.24
BI100070,2024-02,NE,47,4523.28,96.24
BI100070,2024-02,MA,60,5774.4,96.24
BI100070,2024-02,SE,51,4908.24,96.24
BI100070,2024-02,MW,49,4715.76,96.24
BI100070,2024-02,TX,59,5678.16,96.24
BI100070,2024-02,MTN,48,4619.52,96.24
BI100070,2024-02,PSW,60,5774.4,96.24
BI100070,2024-02,PNW,54,5196.96,96.24
BI100070,2024-03,NE,51,4908.24,96.24
BI100070,2024-03,MA,63,6063.12,96.24
BI100070,2024-03,SE,64,6159.36,96.24
BI100070,2024-03,MW,51,4908.24,96.24
BI100070,2024-03,TX,66,6351.84,96.24
BI100070,2024-03,MTN,58,5581.92,96.24
BI100070,2024-03,PSW,70,6736.8,96.24
BI100070,2024-03,PNW,55,5293.2,96.24
BI100070,2024-04,NE,59,5678.16,96.24
BI100070,2024-04,MA,78,7506.72,96.24
BI100070,2024-04,SE,67,6448.08,96.24
BI100070,2024-04,MW,58,5581.92,96.24
BI100070,2024-04,TX,72,6929.28,96.24
BI100070,2024-04,MTN,61,5870.64,96.24
BI100070,2024-04,PSW,76,7314.24,96.24
BI100070,2024-04,PNW,69,6640.56,96.24
BI100070,2024-05,NE,59,5678.16,96.24
BI100070,2024-05,MA,75,7218.0,96.24
BI100070,2024-05,SE,71,6833.04,96.24
BI100070,2024-05,MW,69,6640.56,96.24
BI100070,2024-05,TX,89,8565.36,96.24
BI100070,2024-05,MTN,70,6736.8,96.24
BI100070,2024-05,PSW,90,8661.6,96.24
BI100070,2024-05,PNW,74,7121.76,96.24
BI100070,2024-06,NE,61,5870.64,96.24
BI100070,2024-06,MA,83,7987.92,96.24
BI100070,2024-06,SE,75,7218.0,96.24
BI100070,2024-06,MW,64,6159.36,96.24
BI100070,2024-06,TX,88,8469.12,96.24
BI100070,2024-06,MTN,71,6833.04,96.24
BI100070,2024-06,PSW,92,8854.08,96.24
BI100070,2024-06,PNW,81,7795.44,96.24
BI100070,2024-07,NE,68,6544.32,96.24
BI100070,2024-07,MA,80,7699.2,96.24
BI100070,2024-07,SE,80,7699.2,96.24
BI100070,2024-07,MW,68,6544.32,96.24
BI100070,2024-07,TX,91,8757.84,96.24
BI100070,2024-07,MTN,74,7121.76,96.24
BI100070,2024-07,PSW,85,8180.4,96.24
BI100070,2024-07,PNW,80,7699.2,96.24
BI100070,2024-08,NE,64,6159.36,96.24
BI100070,2024-08,MA,70,6736.8,96.24
BI100070,2024-08,SE,69,6640.56,96.24
BI100070,2024-08,MW,57,5485.68,96.24
BI100070,2024-08,TX,84,8084.16,96.24
BI100070,2024-08,MTN,63,6063.12,96.24
BI100070,2024-08,PSW,82,7891.68,96.24
BI100070,2024-08,PNW,65,6255.6,96.24
BI100070,2024-09,NE,50,4812.0,96.24
BI100070,2024-09,MA,62,5966.88,96.24
BI100070,2024-09,SE,66,6351.84,96.24
BI100070,2024-09,MW,54,5196.96,96.24
BI100070,2024-09,TX,66,6351.84,96.24
BI100070,2024-09,MTN,64,6159.36,96.24
BI100070,2024-09,PSW,69,6640.56,96.24
BI100070,2024-09,PNW,58,5581.92,96.24
BI100070,2024-10,NE,45,4330.8,96.24
BI100070,2024-10,MA,63,6063.12,96.24
BI100070,2024-10,SE,56,5389.44,96.24
BI100070,2024-10,MW,46,4427.04,96.24
BI100070,2024-10,TX,59,5678.16,96.24
BI100070,2024-10,MTN,51,4908.24,96.24
BI100070,2024-10,PSW,69,6640.56,96.24
BI100070,2024-10,PNW,54,5196.96,96.24
BI100070,2024-11,NE,40,3849.6,96.24
BI100070,2024-11,MA,56,5389.44,96.24
BI100070,2024-11,SE,48,4619.52,96.24
BI100070,2024-11,MW,40,3849.6,96.24
BI100070,2024-11,TX,60,5774.4,96.24
BI100070,2024-11,MTN,46,4427.04,96.24
BI100070,2024-11,PSW,55,5293.2,96.24
BI100070,2024-11,PNW,53,5100.72,96.24
BI100070,2024-12,NE,39,3753.36,96.24
BI100070,2024-12,MA,53,5100.72,96.24
BI100070,2024-12,SE,48,4619.52,96.24
BI100070,2024-12,MW,40,3849.6,96.24
BI100070,2024-12,TX,49,4715.76,96.24
BI100070,2024-12,MTN,48,4619.52,96.24
BI100070,2024-12,PSW,57,5485.68,96.24
BI100070,2024-12,PNW,45,4330.8,96.24
BI100070,2025-01,NE,40,3849.6,96.24
BI100070,2025-01,MA,58,5581.92,96.24
BI100070,2025-01,SE,47,4523.28,96.24
BI100070,2025-01,MW,45,4330.8,96.24
BI100070,2025-01,TX,52,5004.48,96.24
BI100070,2025-01,MTN,48,4619.52,96.24
BI100070,2025-01,PSW,56,5389.44,96.24
BI100070,2025-01,PNW,51,4908.24,96.24
BI100070,2025-02,NE,45,4330.8,96.24
BI100070,2025-02,MA,58,5581.92,96.24
BI100070,2025-02,SE,57,5485.68,96.24
BI100070,2025-02,MW,46,4427.04,96.24
BI100070,2025-02,TX,61,5870.64,96.24
BI100070,2025-02,MTN,50,4812.0,96.24
BI100070,2025-02,PSW,64,6159.36,96.24
BI100070,2025-02,PNW,57,5485.68,96.24
BI100070,2025-03,NE,59,5678.16,96.24
BI100070,2025-03,MA,69,6640.56,96.24
BI100070,2025-03,SE,64,6159.36,96.24
BI100070,2025-03,MW,54,5196.96,96.24
BI100070,2025-03,TX,71,6833.04,96.24
BI100070,2025-03,MTN,60,5774.4,96.24
BI100070,2025-03,PSW,79,7602.96,96.24
BI100070,2025-03,PNW,62,5966.88,96.24
BI100070,2025-04,NE,62,5966.88,96.24
BI100070,2025-04,MA,85,8180.4,96.24
BI100070,2025-04,SE,77,7410.48,96.24
BI100070,2025-04,MW,61,5870.64,96.24
BI100070,2025-04,TX,76,7314.24,96.24
BI100070,2025-04,MTN,72,6929.28,96.24
BI100070,2025-04,PSW,81,7795.44,96.24
BI100070,2025-04,PNW,74,7121.76,96.24
BI100070,2025-05,NE,72,6929.28,96.24
BI100070,2025-05,MA,86,8276.64,96.24
BI100070,2025-05,SE,75,7218.0,96.24
BI100070,2025-05,MW,75,7218.0,96.24
BI100070,2025-05,TX,90,8661.6,96.24
BI100070,2025-05,MTN,80,7699.2,96.24
BI100070,2025-05,PSW,101,9720.24,96.24
BI100070,2025-05,PNW,75,7218.0,96.24
BI100070,2025-06,NE,74,7121.76,96.24
BI100070,2025-06,MA,84,8084.16,96.24
BI100070,2025-06,SE,85,8180.4,96.24
BI100070,2025-06,MW,69,6640.56,96.24
BI100070,2025-06,TX,93,8950.32,96.24
BI100070,2025-06,MTN,75,7218.0,96.24
BI100070,2025-06,PSW,90,8661.6,96.24
BI100070,2025-06,PNW,77,7410.48,96.24
BI100077,2024-01,NE,57,1105.8,19.4
BI100077,2024-01,MA,71,1377.4,19.4
BI100077,2024-01,SE,81,1571.4,19.4
BI100077,2024-01,MW,69,1338.6,19.4
BI100077,2024-01,TX,73,1416.2,19.4
BI100077,2024-01,MTN,62,1202.8,19.4
BI100077,2024-01,PSW,78,1513.2,19.4
BI100077,2024-01,PNW,76,1474.4,19.4
BI100077,2024-02,NE,66,1280.4,19.4
BI100077,2024-02,MA,83,1610.2,19.4
BI100077,2024-02,SE,85,1649.0,19.4
BI100077,2024-02,MW,75,1455.0,19.4
BI100077,2024-02,TX,89,1726.6,19.4
BI100077,2024-02,MTN,64,1241.6,19.4
BI100077,2024-02,PSW,91,1765.4,19.4
BI100077,2024-02,PNW,86,1668.4,19.4
BI100077,2024-03,NE,74,1435.6,19.4
BI100077,2024-03,MA,95,1843.0,19.4
BI100077,2024-03,SE,102,1978.8,19.4
BI100077,2024-03,MW,85,1649.0,19.4
BI100077,2024-03,TX,103,1998.2,19.4
BI100077,2024-03,MTN,80,1552.0,19.4
BI100077,2024-03,PSW,104,2017.6,19.4
BI100077,2024-03,PNW,109,2114.6,19.4
BI100077,2024-04,NE,79,1532.6,19.4
BI100077,2024-04,MA,113,2192.2,19.4
BI100077,2024-04,SE,124,2405.6,19.4
BI100077,2024-04,MW,95,1843.0,19.4
BI100077,2024-04,TX,103,1998.2,19.4
BI100077,2024-04,MTN,91,1765.4,19.4
BI100077,2024-04,PSW,128,2483.2,19.4
BI100077,2024-04,PNW,123,2386.2,19.4
BI100077,2024-05,NE,88,1707.2,19.4
BI100077,2024-05,MA,122,2366.8,19.4
BI100077,2024-05,SE,125,2425.0,19.4
BI100077,2024-05,MW,108,2095.2,19.4
BI100077,2024-05,TX,129,2502.6,19.4
BI100077,2024-05,MTN,96,1862.4,19.4
BI100077,2024-05,PSW,124,2405.6,19.4
BI100077,2024-05,PNW,130,2522.0,19.4
BI100077,2024-06,NE,92,1784.8,19.4
BI100077,2024-06,MA,123,2386.2,19.4
BI100077,2024-06,SE,138,2677.2,19.4
BI100077,2024-06,MW,110,2134.0,19.4
BI100077,2024-06,TX,123,2386.2,19.4
BI100077,2024-06,MTN,100,1940.0,19.4
BI100077,2024-06,PSW,137,2657.8,19.4
BI100077,2024-06,PNW,126,2444.4,19.4
BI100077,2024-07,NE,95,1843.0,19.4
BI100077,2024-07,MA,119,2308.6,19.4
BI100077,2024-07,SE,134,2599.6,19.4
BI100077,2024-07,MW,122,2366.8,19.4
BI100077,2024-07,TX,117,2269.8,19.4
BI100077,2024-07,MTN,87,1687.8,19.4
BI100077,2024-07,PSW,125,2425.0,19.4
BI100077,2024-07,PNW,131,2541.4,19.4
BI100077,2024-08,NE,89,1726.6,19.4
BI100077,2024-08,MA,111,2153.4,19.4
BI100077,2024-08,SE,124,2405.6,19.4
BI100077,2024-08,MW,101,1959.4,19.4
BI100077,2024-08,TX,122,2366.8,19.4
BI100077,2024-08,MTN,88,1707.2,19.4
BI100077,2024-08,PSW,114,2211.6,19.4
BI100077,2024-08,PNW,117,2269.8,19.4
BI100077,2024-09,NE,79,1532.6,19.4
BI100077,2024-09,MA,104,2017.6,19.4
BI100077,2024-09,SE,99,1920.6,19.4
BI100077,2024-09,MW,87,1687.8,19.4
BI100077,2024-09,TX,104,2017.6,19.4
BI100077,2024-09,MTN,81,1571.4,19.4
BI100077,2024-09,PSW,103,1998.2,19.4
BI100077,2024-09,PNW,101,1959.4,19.4
BI100077,2024-10,NE,70,1358.0,19.4
BI100077,2024-10,MA,92,1784.8,19.4
BI100077,2024-10,SE,92,1784.8,19.4
BI100077,2024-10,MW,78,1513.2,19.4
BI100077,2024-10,TX,86,1668.4,19.4
BI100077,2024-10,MTN,72,1396.8,19.4
BI100077,2024-10,PSW,95,1843.0,19.4
BI100077,2024-10,PNW,100,1940.0,19.4
BI100077,2024-11,NE,61,1183.4,19.4
BI100077,2024-11,MA,81,1571.4,19.4
BI100077,2024-11,SE,84,1629.6,19.4
BI100077,2024-11,MW,73,1416.2,19.4
BI100077,2024-11,TX,82,1590.8,19.4
BI100077,2024-11,MTN,63,1222.2,19.4
BI100077,2024-11,PSW,81,1571.4,19.4
BI100077,2024-11,PNW,77,1493.8,19.4
BI100077,2024-12,NE,61,1183.4,19.4
BI100077,2024-12,MA,80,1552.0,19.4
BI100077,2024-12,SE,80,1552.0,19.4
BI100077,2024-12,MW,75,1455.0,19.4
BI100077,2024-12,TX,83,1610.2,19.4
BI100077,2024-12,MTN,61,1183.4,19.4
BI100077,2024-12,PSW,78,1513.2,19.4
BI100077,2024-12,PNW,76,1474.4,19.4
BI100077,2025-01,NE,57,1105.8,19.4
BI100077,2025-01,MA,80,1552.0,19.4
BI100077,2025-01,SE,85,1649.0,19.4
BI100077,2025-01,MW,72,1396.8,19.4
BI100077,2025-01,TX,79,1532.6,19.4
BI100077,2025-01,MTN,61,1183.4,19.4
BI100077,2025-01,PSW,84,1629.6,19.4
BI100077,2025-01,PNW,80,1552.0,19.4
BI100077,2025-02,NE,64,1241.6,19.4
BI100077,2025-02,MA,85,1649.0,19.4
BI100077,2025-02,SE,93,1804.2,19.4
BI100077,2025-02,MW,80,1552.0,19.4
BI100077,2025-02,TX,97,1881.8,19.4
BI100077,2025-02,MTN,66,1280.4,19.4
BI100077,2025-02,PSW,99,1920.6,19.4
BI100077,2025-02,PNW,90,1746.0,19.4
BI100077,2025-03,NE,85,1649.0,19.4
BI100077,2025-03,MA,95,1843.0,19.4
BI100077,2025-03,SE,112,2172.8,19.4
BI100077,2025-03,MW,104,2017.6,19.4
BI100077,2025-03,TX,109,2114.6,19.4
BI100077,2025-03,MTN,84,1629.6,19.4
BI100077,2025-03,PSW,112,2172.8,19.4
BI100077,2025-03,PNW,111,2153.4,19.4
BI100077,2025-04,NE,90,1746.0,19.4
BI100077,2025-04,MA,124,2405.6,19.4
BI100077,2025-04,SE,132,2560.8,19.4
BI100077,2025-04,MW,110,2134.0,19.4
BI100077,2025-04,TX,116,2250.4,19.4
BI100077,2025-04,MTN,90,1746.0,19.4
BI100077,2025-04,PSW,136,2638.4,19.4
BI100077,2025-04,PNW,128,2483.2,19.4
BI100077,2025-05,NE,94,1823.6,19.4
BI100077,2025-05,MA,128,2483.2,19.4
BI100077,2025-05,SE,126,2444.4,19.4
BI100077,2025-05,MW,116,2250.4,19.4
BI100077,2025-05,TX,129,2502.6,19.4
BI100077,2025-05,MTN,107,2075.8,19.4
BI100077,2025-05,PSW,143,2774.2,19.4
BI100077,2025-05,PNW,124,2405.6,19.4
BI100077,2025-06,NE,98,1901.2,19.4
BI100077,2025-06,MA,125,2425.0,19.4
BI100077,2025-06,SE,139,2696.6,19.4
BI100077,2025-06,MW,118,2289.2,19.4
BI100077,2025-06,TX,137,2657.8,19.4
BI100077,2025-06,MTN,101,1959.4,19.4
BI100077,2025-06,PSW,143,2774.2,19.4
BI100077,2025-06,PNW,133,2580.2,19.4
BI100077,2025-07,NE,97,1881.8,19.4
BI100077,2025-07,MA,133,2580.2,19.4
BI100077,2025-07,SE,133,2580.2,19.4
BI100077,2025-07,MW,123,2386.2,19.4
BI100077,2025-07,TX,128,2483.2,19.4
BI100077,2025-07,MTN,105,2037.0,19.4
BI100077,2025-07,PSW,144,2793.6,19.4
BI100077,2025-07,PNW,129,2502.6,19.4
BI100077,2025-08,NE,89,1726.6,19.4
BI100077,2025-08,MA,117,2269.8,19.4
BI100077,2025-08,SE,136,2638.4,19.4
BI100077,2025-08,MW,120,2328.0,19.4
BI100077,2025-08,TX,119,2308.6,19.4
BI100077,2025-08,MTN,96,1862.4,19.4
BI100077,2025-08,PSW,139,2696.6,19.4
BI100077,2025-08,PNW,134,2599.6,19.4
BI100077,2025-09,NE,87,1687.8,19.4
BI100077,2025-09,MA,112,2172.8,19.4
BI100077,2025-09,SE,122,2366.8,19.4
BI100077,2025-09,MW,93,1804.2,19.4
BI100077,2025-09,TX,116,2250.4,19.4
BI100077,2025-09,MTN,80,1552.0,19.4
BI100077,2025-09,PSW,110,2134.0,19.4
BI100077,2025-09,PNW,106,2056.4,19.4
BI100077,2025-10,NE,76,1474.4,19.4
BI100077,2025-10,MA,87,1687.8,19.4
BI100077,2025-10,SE,95,1843.0,19.4
BI100077,2025-10,MW,95,1843.0,19.4
BI100077,2025-10,TX,98,1901.2,19.4
BI100077,2025-10,MTN,75,1455.0,19.4
BI100077,2025-10,PSW,97,1881.8,19.4
BI100077,2025-10,PNW,95,1843.0,19.4
BI100077,2025-11,NE,70,1358.0,19.4
BI100077,2025-11,MA,80,1552.0,19.4
BI100077,2025-11,SE,97,1881.8,19.4
BI100077,2025-11,MW,85,1649.0,19.4
BI100077,2025-11,TX,82,1590.8,19.4
BI100077,2025-11,MTN,71,1377.4,19.4
BI100077,2025-11,PSW,97,1881.8,19.4
BI100077,2025-11,PNW,91,1765.4,19.4
BI100077,2025-12,NE,64,1241.6,19.4
BI100077,2025-12,MA,82,1590.8,19.4
BI100077,2025-12,SE,93,1804.2,19.4
BI100077,2025-12,MW,75,1455.0,19.4
BI100077,2025-12,TX,80,1552.0,19.4
BI100077,2025-12,MTN,68,1319.2,19.4
BI100077,2025-12,PSW,82,1590.8,19.4
BI100077,2025-12,PNW,91,1765.4,19.4
BI100084,2024-01,NE,23,1595.05,69.35
BI100084,2024-01,MA,22,1525.7,69.35
BI100084,2024-01,SE,28,1941.8,69.35
BI100084,2024-01,MW,27,1872.45,69.35
BI100084,2024-01,TX,26,1803.1,69.35
BI100084,2024-01,MTN,31,2149.85,69.35
BI100084,2024-01,PSW,28,1941.8,69.35
BI100084,2024-01,PNW,20,1387.0,69.35
BI100084,2024-02,NE,26,1803.1,69.35
BI100084,2024-02,MA,27,1872.45,69.35
BI100084,2024-02,SE,31,2149.85,69.35
BI100084,2024-02,MW,29,2011.15,69.35
BI100084,2024-02,TX,27,1872.45,69.35
BI100084,2024-02,MTN,35,2427.25,69.35
BI100084,2024-02,PSW,31,2149.85,69.35
BI100084,2024-02,PNW,25,1733.75,69.35
BI100084,2024-03,NE,29,2011.15,69.35
BI100084,2024-03,MA,29,2011.15,69.35
BI100084,2024-03,SE,39,2704.65,69.35
BI100084,2024-03,MW,34,2357.9,69.35
BI100084,2024-03,TX,32,2219.2,69.35
BI100084,2024-03,MTN,38,2635.3,69.35
BI100084,2024-03,PSW,33,2288.55,69.35
BI100084,2024-03,PNW,29,2011.15,69.35
BI100084,2024-04,NE,34,2357.9,69.35
BI100084,2024-04,MA,34,2357.9,69.35
BI100084,2024-04,SE,39,2704.65,69.35
BI100084,2024-04,MW,38,2635.3,69.35
BI100084,2024-04,TX,37,2565.95,69.35
BI100084,2024-04,MTN,42,2912.7,69.35
BI100084,2024-04,PSW,37,2565.95,69.35
BI100084,2024-04,PNW,32,2219.2,69.35
BI100084,2024-05,NE,40,2774.0,69.35
BI100084,2024-05,MA,37,2565.95,69.35
BI100084,2024-05,SE,45,3120.75,69.35
BI100084,2024-05,MW,39,2704.65,69.35
BI100084,2024-05,TX,38,2635.3,69.35
BI100084,2024-05,MTN,45,3120.75,69.35
BI100084,2024-05,PSW,44,3051.4,69.35
BI100084,2024-05,PNW,35,2427.25,69.35
BI100084,2024-06,NE,40,2774.0,69.35
BI100084,2024-06,MA,36,2496.6,69.35
BI100084,2024-06,SE,46,3190.1,69.35
BI100084,2024-06,MW,42,2912.7,69.35
BI100084,2024-06,TX,43,2982.05,69.35
BI100084,2024-06,MTN,52,3606.2,69.35
BI100084,2024-06,PSW,40,2774.0,69.35
BI100084,2024-06,PNW,36,2496.6,69.35
BI100084,2024-07,NE,40,2774.0,69.35
BI100084,2024-07,MA,39,2704.65,69.35
BI100084,2024-07,SE,44,3051.4,69.35
BI100084,2024-07,MW,37,2565.95,69.35
BI100084,2024-07,TX,37,2565.95,69.35
BI100084,2024-07,MTN,52,3606.2,69.35
BI100084,2024-07,PSW,45,3120.75,69.35
BI100084,2024-07,PNW,33,2288.55,69.35
BI100084,2024-08,NE,35,2427.25,69.35
BI100084,2024-08,MA,34,2357.9,69.35
BI100084,2024-08,SE,43,2982.05,69.35
BI100084,2024-08,MW,40,2774.0,69.35
BI100084,2024-08,TX,34,2357.9,69.35
BI100084,2024-08,MTN,46,3190.1,69.35
BI100084,2024-08,PSW,38,2635.3,69.35
BI100084,2024-08,PNW,33,2288.55,69.35
BI100084,2024-09,NE,31,2149.85,69.35
BI100084,2024-09,MA,32,2219.2,69.35
BI100084,2024-09,SE,39,2704.65,69.35
BI100084,2024-09,MW,32,2219.2,69.35
BI100084,2024-09,TX,32,2219.2,69.35
BI100084,2024-09,MTN,38,2635.3,69.35
BI100084,2024-09,PSW,35,2427.25,69.35
BI100084,2024-09,PNW,30,2080.5,69.35
BI100084,2024-10,NE,28,1941.8,69.35
BI100084,2024-10,MA,26,1803.1,69.35
BI100084,2024-10,SE,32,2219.2,69.35
BI100084,2024-10,MW,29,2011.15,69.35
BI100084,2024-10,TX,30,2080.5,69.35
BI100084,2024-10,MTN,37,2565.95,69.35
BI100084,2024-10,PSW,31,2149.85,69.35
BI100084,2024-10,PNW,24,1664.4,69.35
BI100084,2024-11,NE,25,1733.75,69.35
BI100084,2024-11,MA,26,1803.1,69.35
BI100084,2024-11,SE,28,1941.8,69.35
BI100084,2024-11,MW,25,1733.75,69.35
BI100084,2024-11,TX,27,1872.45,69.35
BI100084,2024-11,MTN,34,2357.9,69.35
BI100084,2024-11,PSW,26,1803.1,69.35
BI100084,2024-11,PNW,21,1456.35,69.35
BI100084,2024-12,NE,24,1664.4,69.35
BI100084,2024-12,MA,23,1595.05,69.35
BI100084,2024-12,SE,31,2149.85,69.35
BI100084,2024-12,MW,27,1872.45,69.35
BI100084,2024-12,TX,27,1872.45,69.35
BI100084,2024-12,MTN,32,2219.2,69.35
BI100084,2024-12,PSW,27,1872.45,69.35
BI100084,2024-12,PNW,20,1387.0,69.35
BI100084,2025-01,NE,27,1872.45,69.35
BI100084,2025-01,MA,24,1664.4,69.35
BI100084,2025-01,SE,28,1941.8,69.35
BI100084,2025-01,MW,27,1872.45,69.35
BI100084,2025-01,TX,27,1872.45,69.35
BI100084,2025-01,MTN,34,2357.9,69.35
BI100084,2025-01,PSW,26,1803.1,69.35
BI100084,2025-01,PNW,21,1456.35,69.35
BI100084,2025-02,NE,29,2011.15,69.35
BI100084,2025-02,MA,26,1803.1,69.35
BI100084,2025-02,SE,37,2565.95,69.35
BI100084,2025-02,MW,31,2149.85,69.35
BI100084,2025-02,TX,28,1941.8,69.35
BI100084,2025-02,MTN,36,2496.6,69.35
BI100084,2025-02,PSW,32,2219.2,69.35
BI100084,2025-02,PNW,26,1803.1,69.35
BI100084,2025-03,NE,36,2496.6,69.35
BI100084,2025-03,MA,35,2427.25,69.35
BI100084,2025-03,SE,41,2843.35,69.35
BI100084,2025-03,MW,34,2357.9,69.35
BI100084,2025-03,TX,36,2496.6,69.35
BI100084,2025-03,MTN,40,2774.0,69.35
BI100084,2025-03,PSW,35,2427.25,69.35
BI100084,2025-03,PNW,28,1941.8,69.35
BI100084,2025-04,NE,37,2565.95,69.35
BI100084,2025-04,MA,36,2496.6,69.35
BI100084,2025-04,SE,48,3328.8,69.35
BI100084,2025-04,MW,38,2635.3,69.35
BI100084,2025-04,TX,38,2635.3,69.35
BI100084,2025-04,MTN,45,3120.75,69.35
BI100084,2025-04,PSW,39,2704.65,69.35
BI100084,2025-04,PNW,33,2288.55,69.35
BI100084,2025-05,NE,41,2843.35,69.35
BI100084,2025-05,MA,42,2912.7,69.35
BI100084,2025-05,SE,46,3190.1,69.35
BI100084,2025-05,MW,41,2843.35,69.35
BI100084,2025-05,TX,40,2774.0,69.35
BI100084,2025-05,MTN,52,3606.2,69.35
BI100084,2025-05,PSW,42,2912.7,69.35
BI100084,2025-05,PNW,37,2565.95,69.35
BI100084,2025-06,NE,40,2774.0,69.35
BI100084,2025-06,MA,40,2774.0,69.35
BI100084,2025-06,SE,53,3675.55,69.35
BI100084,2025-06,MW,45,3120.75,69.35
BI100084,2025-06,TX,44,3051.4,69.35
BI100084,2025-06,MTN,56,3883.6,69.35
BI100084,2025-06,PSW,46,3190.1,69.35
BI100084,2025-06,PNW,39,2704.65,69.35
BI100084,2025-07,NE,39,2704.65,69.35
BI100084,2025-07,MA,41,2843.35,69.35
BI100084,2025-07,SE,53,3675.55,69.35
BI100084,2025-07,MW,43,2982.05,69.35
BI100084,2025-07,TX,43,2982.05,69.35
BI100084,2025-07,MTN,51,3536.85,69.35
BI100084,2025-07,PSW,46,3190.1,69.35
BI100084,2025-07,PNW,39,2704.65,69.35
BI100084,2025-08,NE,37,2565.95,69.35
BI100084,2025-08,MA,35,2427.25,69.35
BI100084,2025-08,SE,45,3120.75,69.35
BI100084,2025-08,MW,42,2912.7,69.35
BI100084,2025-08,TX,41,2843.35,69.35
BI100084,2025-08,MTN,48,3328.8,69.35
BI100084,2025-08,PSW,42,2912.7,69.35
BI100084,2025-08,PNW,34,2357.9,69.35
BI100084,2025-09,NE,36,2496.6,69.35
BI100084,2025-09,MA,31,2149.85,69.35
BI100084,2025-09,SE,42,2912.7,69.35
BI100084,2025-09,MW,34,2357.9,69.35
BI100084,2025-09,TX,35,2427.25,69.35
BI100084,2025-09,MTN,42,2912.7,69.35
BI100084,2025-09,PSW,35,2427.25,69.35
BI100084,2025-09,PNW,29,2011.15,69.35
BI100084,2025-10,NE,30,2080.5,69.35
BI100084,2025-10,MA,29,2011.15,69.35
BI100084,2025-10,SE,39,2704.65,69.35
BI100084,2025-10,MW,34,2357.9,69.35
BI100084,2025-10,TX,30,2080.5,69.35
BI100084,2025-10,MTN,36,2496.6,69.35
BI100084,2025-10,PSW,31,2149.85,69.35
BI100084,2025-10,PNW,26,1803.1,69.35
BI100084,2025-11,NE,27,1872.45,69.35
BI100084,2025-11,MA,25,1733.75,69.35
BI100084,2025-11,SE,31,2149.85,69.35
BI100084,2025-11,MW,29,2011.15,69.35
BI100084,2025-11,TX,29,2011.15,69.35
BI100084,2025-11,MTN,33,2288.55,69.35
BI100084,2025-11,PSW,28,1941.8,69.35
BI100084,2025-11,PNW,23,1595.05,69.35
BI100084,2025-12,NE,27,1872.45,69.35
BI100084,2025-12,MA,26,1803.1,69.35
BI100084,2025-12,SE,31,2149.85,69.35
BI100084,2025-12,MW,25,1733.75,69.35
BI100084,2025-12,TX,28,1941.8,69.35
BI100084,2025-12,MTN,35,2427.25,69.35
BI100084,2025-12,PSW,30,2080.5,69.35
BI100084,2025-12,PNW,23,1595.05,69.35
BI100091,2024-01,NE,9,1200.42,133.38
BI100091,2024-01,MA,10,1333.8,133.38
BI100091,2024-01,SE,10,1333.8,133.38
BI100091,2024-01,MW,9,1200.42,133.38
BI100091,2024-01,TX,9,1200.42,133.38
BI100091,2024-01,MTN,11,1467.18,133.38
BI100091,2024-01,PSW,9,1200.42,133.38
BI100091,2024-01,PNW,7,933.66,133.38
BI100091,2024-02,NE,9,1200.42,133.38
BI100091,2024-02,MA,12,1600.56,133.38
BI100091,2024-02,SE,11,1467.18,133.38
BI100091,2024-02,MW,9,1200.42,133.38
BI100091,2024-02,TX,10,1333.8,133.38
BI100091,2024-02,MTN,12,1600.56,133.38
BI100091,2024-02,PSW,11,1467.18,133.38
BI100091,2024-02,PNW,8,1067.04,133.38
BI100091,2024-03,NE,10,1333.8,133.38
BI100091,2024-03,MA,13,1733.94,133.38
BI100091,2024-03,SE,13,1733.94,133.38
BI100091,2024-03,MW,9,1200.42,133.38
BI100091,2024-03,TX,10,1333.8,133.38
BI100091,2024-03,MTN,14,1867.32,133.38
BI100091,2024-03,PSW,12,1600.56,133.38
BI100091,2024-03,PNW,9,1200.42,133.38
BI100091,2024-04,NE,11,1467.18,133.38
BI100091,2024-04,MA,14,1867.32,133.38
BI100091,2024-04,SE,12,1600.56,133.38
BI100091,2024-04,MW,11,1467.18,133.38
BI100091,2024-04,TX,12,1600.56,133.38
BI100091,2024-04,MTN,15,2000.7,133.38
BI100091,2024-04,PSW,12,1600.56,133.38
BI100091,2024-04,PNW,10,1333.8,133.38
BI100091,2024-05,NE,11,1467.18,133.38
BI100091,2024-05,MA,14,1867.32,133.38
BI100091,2024-05,SE,15,2000.7,133.38
BI100091,2024-05,MW,12,1600.56,133.38
BI100091,2024-05,TX,11,1467.18,133.38
BI100091,2024-05,MTN,16,2134.08,133.38
BI100091,2024-05,PSW,13,1733.94,133.38
BI100091,2024-05,PNW,10,1333.8,133.38
BI100091,2024-06,NE,12,1600.56,133.38
BI100091,2024-06,MA,14,1867.32,133.38
BI100091,2024-06,SE,15,2000.7,133.38
BI100091,2024-06,MW,11,1467.18,133.38
BI100091,2024-06,TX,13,1733.94,133.38
BI100091,2024-06,MTN,15,2000.7,133.38
BI100091,2024-06,PSW,14,1867.32,133.38
BI100091,2024-06,PNW,11,1467.18,133.38
BI100091,2024-07,NE,12,1600.56,133.38
BI100091,2024-07,MA,15,2000.7,133.38
BI100091,2024-07,SE,13,1733.94,133.38
BI100091,2024-07,MW,11,1467.18,133.38
BI100091,2024-07,TX,12,1600.56,133.38
BI100091,2024-07,MTN,15,2000.7,133.38
BI100091,2024-07,PSW,12,1600.56,133.38
BI100091,2024-07,PNW,11,1467.18,133.38
BI100091,2024-08,NE,11,1467.18,133.38
BI100091,2024-08,MA,15,2000.7,133.38
BI100091,2024-08,SE,13,1733.94,133.38
BI100091,2024-08,MW,10,1333.8,133.38
BI100091,2024-08,TX,11,1467.18,133.38
BI100091,2024-08,MTN,14,1867.32,133.38
BI100091,2024-08,PSW,13,1733.94,133.38
BI100091,2024-08,PNW,10,1333.8,133.38
BI100091,2024-09,NE,11,1467.18,133.38
BI100091,2024-09,MA,14,1867.32,133.38
BI100091,2024-09,SE,12,1600.56,133.38
BI100091,2024-09,MW,11,1467.18,133.38
BI100091,2024-09,TX,11,1467.18,133.38
BI100091,2024-09,MTN,14,1867.32,133.38
BI100091,2024-09,PSW,12,1600.56,133.38
BI100091,2024-09,PNW,10,1333.8,133.38
BI100091,2024-10,NE,9,1200.42,133.38
BI100091,2024-10,MA,12,1600.56,133.38
BI100091,2024-10,SE,12,1600.56,133.38
BI100091,2024-10,MW,9,1200.42,133.38
BI100091,2024-10,TX,11,1467.18,133.38
BI100091,2024-10,MTN,12,1600.56,133.38
BI100091,2024-10,PSW,11,1467.18,133.38
BI100091,2024-10,PNW,9,1200.42,133.38
BI100091,2024-11,NE,9,1200.42,133.38
BI100091,2024-11,MA,12,1600.56,133.38
BI100091,2024-11,SE,11,1467.18,133.38
BI100091,2024-11,MW,8,1067.04,133.38
BI100091,2024-11,TX,9,1200.42,133.38
BI100091,2024-11,MTN,12,1600.56,133.38
BI100091,2024-11,PSW,10,1333.8,133.38
BI100091,2024-11,PNW,8,1067.04,133.38
BI100091,2024-12,NE,9,1200.42,133.38
BI100091,2024-12,MA,11,1467.18,133.38
BI100091,2024-12,SE,10,1333.8,133.38
BI100091,2024-12,MW,9,1200.42,133.38
BI100091,2024-12,TX,9,1200.42,133.38
BI100091,2024-12,MTN,12,1600.56,133.38
BI100091,2024-12,PSW,9,1200.42,133.38
BI100091,2024-12,PNW,8,1067.04,133.38
BI100091,2025-01,NE,10,1333.8,133.38
BI100091,2025-01,MA,11,1467.18,133.38
BI100091,2025-01,SE,11,1467.18,133.38
BI100091,2025-01,MW,9,1200.42,133.38
BI100091,2025-01,TX,10,1333.8,133.38
BI100091,2025-01,MTN,12,1600.56,133.38
BI100091,2025-01,PSW,10,1333.8,133.38
BI100091,2025-01,PNW,8,1067.04,133.38
BI100091,2025-02,NE,10,1333.8,133.38
BI100091,2025-02,MA,12,1600.56,133.38
BI100091,2025-02,SE,13,1733.94,133.38
BI100091,2025-02,MW,10,1333.8,133.38
BI100091,2025-02,TX,11,1467.18,133.38
BI100091,2025-02,MTN,13,1733.94,133.38
BI100091,2025-02,PSW,12,1600.56,133.38
BI100091,2025-02,PNW,8,1067.04,133.38
BI100091,2025-03,NE,10,1333.8,133.38
BI100091,2025-03,MA,15,2000.7,133.38
BI100091,2025-03,SE,14,1867.32,133.38
BI100091,2025-03,MW,11,1467.18,133.38
BI100091,2025-03,TX,11,1467.18,133.38
BI100091,2025-03,MTN,15,2000.7,133.38
BI100091,2025-03,PSW,13,1733.94,133.38
BI100091,2025-03,PNW,9,1200.42,133.38
BI100091,2025-04,NE,13,1733.94,133.38
BI100091,2025-04,MA,16,2134.08,133.38
BI100091,2025-04,SE,14,1867.32,133.38
BI100091,2025-04,MW,12,1600.56,133.38
BI100091,2025-04,TX,12,1600.56,133.38
BI100091,2025-04,MTN,14,1867.32,133.38
BI100091,2025-04,PSW,13,1733.94,133.38
BI100091,2025-04,PNW,11,1467.18,133.38
BI100091,2025-05,NE,12,1600.56,133.38
BI100091,2025-05,MA,16,2134.08,133.38
BI100091,2025-05,SE,16,2134.08,133.38
BI100091,2025-05,MW,13,1733.94,133.38
BI100091,2025-05,TX,12,1600.56,133.38
BI100091,2025-05,MTN,16,2134.08,133.38
BI100091,2025-05,PSW,14,1867.32,133.38
BI100091,2025-05,PNW,10,1333.8,133.38
BI100091,2025-06,NE,13,1733.94,133.38
BI100091,2025-06,MA,17,2267.46,133.38
BI100091,2025-06,SE,16,2134.08,133.38
BI100091,2025-06,MW,13,1733.94,133.38
BI100091,2025-06,TX,13,1733.94,133.38
BI100091,2025-06,MTN,17,2267.46,133.38
BI100091,2025-06,PSW,13,1733.94,133.38
BI100091,2025-06,PNW,11,1467.18,133.38
BI100091,2025-07,NE,12,1600.56,133.38
BI100091,2025-07,MA,16,2134.08,133.38
BI100091,2025-07,SE,15,2000.7,133.38
BI100091,2025-07,MW,13,1733.94,133.38
BI100091,2025-07,TX,13,1733.94,133.38
BI100091,2025-07,MTN,16,2134.08,133.38
BI100091,2025-07,PSW,14,1867.32,133.38
BI100091,2025-07,PNW,10,1333.8,133.38
BI100091,2025-08,NE,12,1600.56,133.38
BI100091,2025-08,MA,16,2134.08,133.38
BI100091,2025-08,SE,15,2000.7,133.38
BI100091,2025-08,MW,12,1600.56,133.38
BI100091,2025-08,TX,12,1600.56,133.38
BI100091,2025-08,MTN,16,2134.08,133.38
BI100091,2025-08,PSW,13,1733.94,133.38
BI100091,2025-08,PNW,11,1467.18,133.38
BI100091,2025-09,NE,11,1467.18,133.38
BI100091,2025-09,MA,14,1867.32,133.38
BI100091,2025-09,SE,14,1867.32,133.38
BI100091,2025-09,MW,10,1333.8,133.38
BI100091,2025-09,TX,11,1467.18,133.38
BI100091,2025-09,MTN,15,2000.7,133.38
BI100091,2025-09,PSW,12,1600.56,133.38
BI100091,2025-09,PNW,10,1333.8,133.38
BI100091,2025-10,NE,11,1467.18,133.38
BI100091,2025-10,MA,13,1733.94,133.38
BI100091,2025-10,SE,12,1600.56,133.38
BI100091,2025-10,MW,9,1200.42,133.38
BI100091,2025-10,TX,10,1333.8,133.38
BI100091,2025-10,MTN,14,1867.32,133.38
BI100091,2025-10,PSW,11,1467.18,133.38
BI100091,2025-10,PNW,9,1200.42,133.38
BI100091,2025-11,NE,9,1200.42,133.38
BI100091,2025-11,MA,12,1600.56,133.38
BI100091,2025-11,SE,11,1467.18,133.38
BI100091,2025-11,MW,9,1200.42,133.38
BI100091,2025-11,TX,10,1333.8,133.38
BI100091,2025-11,MTN,13,1733.94,133.38
BI100091,2025-11,PSW,11,1467.18,133.38
BI100091,2025-11,PNW,10,1333.8,133.38
BI100091,2025-12,NE,9,1200.42,133.38
BI100091,2025-12,MA,13,1733.94,133.38
BI100091,2025-12,SE,13,1733.94,133.38
BI100091,2025-12,MW,10,1333.8,133.38
BI100091,2025-12,TX,10,1333.8,133.38
BI100091,2025-12,MTN,13,1733.94,133.38
BI100091,2025-12,PSW,11,1467.18,133.38
BI100091,2025-12,PNW,9,1200.42,133.38
BI100098,2024-01,NE,60,2565.6,42.76
BI100098,2024-01,MA,71,3035.96,42.76
BI100098,2024-01,SE,49,2095.24,42.76
BI100098,2024-01,MW,72,3078.72,42.76
BI100098,2024-01,TX,72,3078.72,42.76
BI100098,2024-01,MTN,72,3078.72,42.76
BI100098,2024-01,PSW,50,2138.0,42.76
BI100098,2024-01,PNW,57,2437.32,42.76
BI100098,2024-02,NE,59,2522.84,42.76
BI100098,2024-02,MA,83,3549.08,42.76
BI100098,2024-02,SE,48,2052.48,42.76
BI100098,2024-02,MW,71,3035.96,42.76
BI100098,2024-02,TX,76,3249.76,42.76
BI100098,2024-02,MTN,82,3506.32,42.76
BI100098,2024-02,PSW,49,2095.24,42.76
BI100098,2024-02,PNW,65,2779.4,42.76
BI100098,2024-03,NE,66,2822.16,42.76
BI100098,2024-03,MA,85,3634.6,42.76
BI100098,2024-03,SE,53,2266.28,42.76
BI100098,2024-03,MW,87,3720.12,42.76
BI100098,2024-03,TX,79,3378.04,42.76
BI100098,2024-03,MTN,83,3549.08,42.76
BI100098,2024-03,PSW,57,2437.32,42.76
BI100098,2024-03,PNW,70,2993.2,42.76
BI100098,2024-04,NE,74,3164.24,42.76
BI100098,2024-04,MA,91,3891.16,42.76
BI100098,2024-04,SE,62,2651.12,42.76
BI100098,2024-04,MW,86,3677.36,42.76
BI100098,2024-04,TX,86,3677.36,42.76
BI100098,2024-04,MTN,102,4361.52,42.76
BI100098,2024-04,PSW,63,2693.88,42.76
BI100098,2024-04,PNW,71,3035.96,42.76
BI100098,2024-05,NE,76,3249.76,42.76
BI100098,2024-05,MA,94,4019.44,42.76
BI100098,2024-05,SE,68,2907.68,42.76
BI100098,2024-05,MW,97,4147.72,42.76
BI100098,2024-05,TX,90,3848.4,42.76
BI100098,2024-05,MTN,98,4190.48,42.76
BI100098,2024-05,PSW,61,2608.36,42.76
BI100098,2024-05,PNW,77,3292.52,42.76
BI100098,2024-06,NE,77,3292.52,42.76
BI100098,2024-06,MA,94,4019.44,42.76
BI100098,2024-06,SE,61,2608.36,42.76
BI100098,2024-06,MW,94,4019.44,42.76
BI100098,2024-06,TX,87,3720.12,42.76
BI100098,2024-06,MTN,108,4618.08,42.76
BI100098,2024-06,PSW,63,2693.88,42.76
BI100098,2024-06,PNW,89,3805.64,42.76
BI100098,2024-07,NE,79,3378.04,42.76
BI100098,2024-07,MA,93,3976.68,42.76
BI100098,2024-07,SE,68,2907.68,42.76
BI100098,2024-07,MW,96,4104.96,42.76
BI100098,2024-07,TX,100,4276.0,42.76
BI100098,2024-07,MTN,103,4404.28,42.76
BI100098,2024-07,PSW,65,2779.4,42.76
BI100098,2024-07,PNW,79,3378.04,42.76
BI100098,2024-08,NE,72,3078.72,42.76
BI100098,2024-08,MA,94,4019.44,42.76
BI100098,2024-08,SE,59,2522.84,42.76
BI100098,2024-08,MW,96,4104.96,42.76
BI100098,2024-08,TX,85,3634.6,42.76
BI100098,2024-08,MTN,90,3848.4,42.76
BI100098,2024-08,PSW,65,2779.4,42.76
BI100098,2024-08,PNW,83,3549.08,42.76
BI100098,2024-09,NE,67,2864.92,42.76
BI100098,2024-09,MA,84,3591.84,42.76
BI100098,2024-09,SE,54,2309.04,42.76
BI100098,2024-09,MW,88,3762.88,42.76
BI100098,2024-09,TX,78,3335.28,42.76
BI100098,2024-09,MTN,88,3762.88,42.76
BI100098,2024-09,PSW,55,2351.8,42.76
BI100098,2024-09,PNW,76,3249.76,42.76
BI100098,2024-10,NE,69,2950.44,42.76
BI100098,2024-10,MA,84,3591.84,42.76
BI100098,2024-10,SE,55,2351.8,42.76
BI100098,2024-10,MW,82,3506.32,42.76
BI100098,2024-10,TX,76,3249.76,42.76
BI100098,2024-10,MTN,81,3463.56,42.76
BI100098,2024-10,PSW,56,2394.56,42.76
BI100098,2024-10,PNW,71,3035.96,42.76
BI100098,2024-11,NE,65,2779.4,42.76
BI100098,2024-11,MA,83,3549.08,42.76
BI100098,2024-11,SE,49,2095.24,42.76
BI100098,2024-11,MW,70,2993.2,42.76
BI100098,2024-11,TX,71,3035.96,42.76
BI100098,2024-11,MTN,80,3420.8,42.76
BI100098,2024-11,PSW,53,2266.28,42.76
BI100098,2024-11,PNW,66,2822.16,42.76
BI100098,2024-12,NE,60,2565.6,42.76
BI100098,2024-12,MA,79,3378.04,42.76
BI100098,2024-12,SE,53,2266.28,42.76
BI100098,2024-12,MW,69,2950.44,42.76
BI100098,2024-12,TX,69,2950.44,42.76
BI100098,2024-12,MTN,77,3292.52,42.76
BI100098,2024-12,PSW,48,2052.48,42.76
BI100098,2024-12,PNW,66,2822.16,42.76
BI100098,2025-01,NE,66,2822.16,42.76
BI100098,2025-01,MA,79,3378.04,42.76
BI100098,2025-01,SE,53,2266.28,42.76
BI100098,2025-01,MW,79,3378.04,42.76
BI100098,2025-01,TX,72,3078.72,42.76
BI100098,2025-01,MTN,87,3720.12,42.76
BI100098,2025-01,PSW,52,2223.52,42.76
BI100098,2025-01,PNW,69,2950.44,42.76
BI100098,2025-02,NE,67,2864.92,42.76
BI100098,2025-02,MA,91,3891.16,42.76
BI100098,2025-02,SE,52,2223.52,42.76
BI100098,2025-02,MW,87,3720.12,42.76
BI100098,2025-02,TX,74,3164.24,42.76
BI100098,2025-02,MTN,81,3463.56,42.76
BI100098,2025-02,PSW,57,2437.32,42.76
BI100098,2025-02,PNW,73,3121.48,42.76
BI100098,2025-03,NE,80,3420.8,42.76
BI100098,2025-03,MA,94,4019.44,42.76
BI100098,2025-03,SE,56,2394.56,42.76
BI100098,2025-03,MW,91,3891.16,42.76
BI100098,2025-03,TX,89,3805.64,42.76
BI100098,2025-03,MTN,99,4233.24,42.76
BI100098,2025-03,PSW,62,2651.12,42.76
BI100098,2025-03,PNW,80,3420.8,42.76
BI100098,2025-04,NE,78,3335.28,42.76
BI100098,2025-04,MA,105,4489.8,42.76
BI100098,2025-04,SE,59,2522.84,42.76
BI100098,2025-04,MW,93,3976.68,42.76
BI100098,2025-04,TX,99,4233.24,42.76
BI100098,2025-04,MTN,99,4233.24,42.76
BI100098,2025-04,PSW,62,2651.12,42.76
BI100098,2025-04,PNW,77,3292.52,42.76
BI100098,2025-05,NE,91,3891.16,42.76
BI100098,2025-05,MA,113,4831.88,42.76
BI100098,2025-05,SE,70,2993.2,42.76
BI100098,2025-05,MW,98,4190.48,42.76
BI100098,2025-05,TX,97,4147.72,42.76
BI100098,2025-05,MTN,109,4660.84,42.76
BI100098,2025-05,PSW,74,3164.24,42.76
BI100098,2025-05,PNW,83,3549.08,42.76
BI100098,2025-06,NE,80,3420.8,42.76
BI100098,2025-06,MA,106,4532.56,42.76
BI100098,2025-06,SE,71,3035.96,42.76
BI100098,2025-06,MW,108,4618.08,42.76
BI100098,2025-06,TX,104,4447.04,42.76
BI100098,2025-06,MTN,102,4361.52,42.76
BI100098,2025-06,PSW,71,3035.96,42.76
BI100098,2025-06,PNW,89,3805.64,42.76
BI100098,2025-07,NE,85,3634.6,42.76
BI100098,2025-07,MA,102,4361.52,42.76
BI100098,2025-07,SE,69,2950.44,42.76
BI100098,2025-07,MW,102,4361.52,42.76
BI100098,2025-07,TX,98,4190.48,42.76
BI100098,2025-07,MTN,103,4404.28,42.76
BI100098,2025-07,PSW,73,3121.48,42.76
BI100098,2025-07,PNW,85,3634.6,42.76
BI100098,2025-08,NE,75,3207.0,42.76
BI100098,2025-08,MA,104,4447.04,42.76
BI100098,2025-08,SE,70,2993.2,42.76
BI100098,2025-08,MW,98,4190.48,42.76
BI100098,2025-08,TX,99,4233.24,42.76
BI100098,2025-08,MTN,104,4447.04,42.76
BI100098,2025-08,PSW,68,2907.68,42.76
BI100098,2025-08,PNW,89,3805.64,42.76
BI100098,2025-09,NE,79,3378.04,42.76
BI100098,2025-09,MA,94,4019.44,42.76
BI100098,2025-09,SE,62,2651.12,42.76
BI100098,2025-09,MW,97,4147.72,42.76
BI100098,2025-09,TX,93,3976.68,42.76
BI100098,2025-09,MTN,104,4447.04,42.76
BI100098,2025-09,PSW,59,2522.84,42.76
BI100098,2025-09,PNW,80,3420.8,42.76
BI100098,2025-10,NE,70,2993.2,42.76
BI100098,2025-10,MA,86,3677.36,42.76
BI100098,2025-10,SE,56,2394.56,42.76
BI100098,2025-10,MW,89,3805.64,42.76
BI100098,2025-10,TX,78,3335.28,42.76
BI100098,2025-10,MTN,86,3677.36,42.76
BI100098,2025-10,PSW,62,2651.12,42.76
BI100098,2025-10,PNW,77,3292.52,42.76
BI100098,2025-11,NE,63,2693.88,42.76
BI100098,2025-11,MA,83,3549.08,42.76
BI100098,2025-11,SE,54,2309.04,42.76
BI100098,2025-11,MW,78,3335.28,42.76
BI100098,2025-11,TX,84,3591.84,42.76
BI100098,2025-11,MTN,86,3677.36,42.76
BI100098,2025-11,PSW,58,2480.08,42.76
BI100098,2025-11,PNW,72,3078.72,42.76
BI100098,2025-12,NE,66,2822.16,42.76
BI100098,2025-12,MA,79,3378.04,42.76
BI100098,2025-12,SE,53,2266.28,42.76
BI100098,2025-12,MW,85,3634.6,42.76
BI100098,2025-12,TX,78,3335.28,42.76
BI100098,2025-12,MTN,83,3549.08,42.76
BI100098,2025-12,PSW,57,2437.32,42.76
BI100098,2025-12,PNW,68,2907.68,42.76
BI100105,2024-01,NE,75,14853.0,198.04
BI100105,2024-01,MA,68,13466.72,198.04
BI100105,2024-01,SE,51,10100.04,198.04
BI100105,2024-01,MW,83,16437.32,198.04
BI100105,2024-01,TX,81,16041.24,198.04
BI100105,2024-01,MTN,61,12080.44,198.04
BI100105,2024-01,PSW,77,15249.08,198.04
BI100105,2024-01,PNW,69,13664.76,198.04
BI100105,2024-02,NE,78,15447.12,198.04
BI100105,2024-02,MA,81,16041.24,198.04
BI100105,2024-02,SE,55,10892.2,198.04
BI100105,2024-02,MW,84,16635.36,198.04
BI100105,2024-02,TX,78,15447.12,198.04
BI100105,2024-02,MTN,60,11882.4,198.04
BI100105,2024-02,PSW,85,16833.4,198.04
BI100105,2024-02,PNW,76,15051.04,198.04
BI100105,2024-03,NE,89,17625.56,198.04
BI100105,2024-03,MA,84,16635.36,198.04
BI100105,2024-03,SE,66,13070.64,198.04
BI100105,2024-03,MW,85,16833.4,198.04
BI100105,2024-03,TX,88,17427.52,198.04
BI100105,2024-03,MTN,65,12872.6,198.04
BI100105,2024-03,PSW,91,18021.64,198.04
BI100105,2024-03,PNW,76,15051.04,198.04
BI100105,2024-04,NE,88,17427.52,198.04
BI100105,2024-04,MA,94,18615.76,198.04
BI100105,2024-04,SE,70,13862.8,198.04
BI100105,2024-04,MW,106,20992.24,198.04
BI100105,2024-04,TX,98,19407.92,198.04
BI100105,2024-04,MTN,73,14456.92,198.04
BI100105,2024-04,PSW,100,19804.0,198.04
BI100105,2024-04,PNW,86,17031.44,198.04
BI100105,2024-05,NE,92,18219.68,198.04
BI100105,2024-05,MA,101,20002.04,198.04
BI100105,2024-05,SE,75,14853.0,198.04
BI100105,2024-05,MW,101,20002.04,198.04
BI100105,2024-05,TX,103,20398.12,198.04
BI100105,2024-05,MTN,73,14456.92,198.04
BI100105,2024-05,PSW,105,20794.2,198.04
BI100105,2024-05,PNW,85,16833.4,198.04
BI100105,2024-06,NE,107,21190.28,198.04
BI100105,2024-06,MA,106,20992.24,198.04
BI100105,2024-06,SE,71,14060.84,198.04
BI100105,2024-06,MW,101,20002.04,198.04
BI100105,2024-06,TX,107,21190.28,198.04
BI100105,2024-06,MTN,77,15249.08,198.04
BI100105,2024-06,PSW,103,20398.12,198.04
BI100105,2024-06,PNW,97,19209.88,198.04
BI100105,2024-07,NE,106,20992.24,198.04
BI100105,2024-07,MA,96,19011.84,198.04
BI100105,2024-07,SE,71,14060.84,198.04
BI100105,2024-07,MW,108,21388.32,198.04
BI100105,2024-07,TX,104,20596.16,198.04
BI100105,2024-07,MTN,83,16437.32,198.04
BI100105,2024-07,PSW,114,22576.56,198.04
BI100105,2024-07,PNW,89,17625.56,198.04
BI100105,2024-08,NE,96,19011.84,198.04
BI100105,2024-08,MA,92,18219.68,198.04
BI100105,2024-08,SE,69,13664.76,198.04
BI100105,2024-08,MW,101,20002.04,198.04
BI100105,2024-08,TX,104,20596.16,198.04
BI100105,2024-08,MTN,80,15843.2,198.04
BI100105,2024-08,PSW,98,19407.92,198.04
BI100105,2024-08,PNW,83,16437.32,198.04
BI100105,2024-09,NE,86,17031.44,198.04
BI100105,2024-09,MA,86,17031.44,198.04
BI100105,2024-09,SE,64,12674.56,198.04
BI100105,2024-09,MW,100,19804.0,198.04
BI100105,2024-09,TX,100,19804.0,198.04
BI100105,2024-09,MTN,73,14456.92,198.04
BI100105,2024-09,PSW,94,18615.76,198.04
BI100105,2024-09,PNW,82,16239.28,198.04
BI100105,2024-10,NE,85,16833.4,198.04
BI100105,2024-10,MA,81,16041.24,198.04
BI100105,2024-10,SE,65,12872.6,198.04
BI100105,2024-10,MW,86,17031.44,198.04
BI100105,2024-10,TX,81,16041.24,198.04
BI100105,2024-10,MTN,61,12080.44,198.04
BI100105,2024-10,PSW,86,17031.44,198.04
BI100105,2024-10,PNW,79,15645.16,198.04
BI100105,2024-11,NE,76,15051.04,198.04
BI100105,2024-11,MA,75,14853.0,198.04
BI100105,2024-11,SE,56,11090.24,198.04
BI100105,2024-11,MW,80,15843.2,198.04
BI100105,2024-11,TX,81,16041.24,198.04
BI100105,2024-11,MTN,62,12278.48,198.04
BI100105,2024-11,PSW,93,18417.72,198.04
BI100105,2024-11,PNW,74,14654.96,198.04
BI100105,2024-12,NE,83,16437.32,198.04
BI100105,2024-12,MA,80,15843.2,198.04
BI100105,2024-12,SE,55,10892.2,198.04
BI100105,2024-12,MW,77,15249.08,198.04
BI100105,2024-12,TX,83,16437.32,198.04
BI100105,2024-12,MTN,63,12476.52,198.04
BI100105,2024-12,PSW,79,15645.16,198.04
BI100105,2024-12,PNW,70,13862.8,198.04
BI100105,2025-01,NE,83,16437.32,198.04
BI100105,2025-01,MA,81,16041.24,198.04
BI100105,2025-01,SE,59,11684.36,198.04
BI100105,2025-01,MW,80,15843.2,198.04
BI100105,2025-01,TX,83,16437.32,198.04
BI100105,2025-01,MTN,63,12476.52,198.04
BI100105,2025-01,PSW,91,18021.64,198.04
BI100105,2025-01,PNW,75,14853.0,198.04
BI100105,2025-02,NE,82,16239.28,198.04
BI100105,2025-02,MA,84,16635.36,198.04
BI100105,2025-02,SE,62,12278.48,198.04
BI100105,2025-02,MW,93,18417.72,198.04
BI100105,2025-02,TX,94,18615.76,198.04
BI100105,2025-02,MTN,70,13862.8,198.04
BI100105,2025-02,PSW,98,19407.92,198.04
BI100105,2025-02,PNW,74,14654.96,198.04
BI100105,2025-03,NE,94,18615.76,198.04
BI100105,2025-03,MA,93,18417.72,198.04
BI100105,2025-03,SE,62,12278.48,198.04
BI100105,2025-03,MW,106,20992.24,198.04
BI100105,2025-03,TX,100,19804.0,198.04
BI100105,2025-03,MTN,76,15051.04,198.04
BI100105,2025-03,PSW,103,20398.12,198.04
BI100105,2025-03,PNW,82,16239.28,198.04
BI100105,2025-04,NE,103,20398.12,198.04
BI100105,2025-04,MA,98,19407.92,198.04
BI100105,2025-04,SE,72,14258.88,198.04
BI100105,2025-04,MW,98,19407.92,198.04
BI100105,2025-04,TX,100,19804.0,198.04
BI100105,2025-04,MTN,75,14853.0,198.04
BI100105,2025-04,PSW,109,21586.36,198.04
BI100105,2025-04,PNW,89,17625.56,198.04
BI100105,2025-05,NE,108,21388.32,198.04
BI100105,2025-05,MA,108,21388.32,198.04
BI100105,2025-05,SE,76,15051.04,198.04
BI100105,2025-05,MW,115,22774.6,198.04
BI100105,2025-05,TX,104,20596.16,198.04
BI100105,2025-05,MTN,80,15843.2,198.04
BI100105,2025-05,PSW,110,21784.4,198.04
BI100105,2025-05,PNW,103,20398.12,198.04
BI100105,2025-06,NE,117,23170.68,198.04
BI100105,2025-06,MA,111,21982.44,198.04
BI100105,2025-06,SE,77,15249.08,198.04
BI100105,2025-06,MW,115,22774.6,198.04
BI100105,2025-06,TX,104,20596.16,198.04
BI100105,2025-06,MTN,79,15645.16,198.04
BI100105,2025-06,PSW,116,22972.64,198.04
BI100105,2025-06,PNW,93,18417.72,198.04
BI100105,2025-07,NE,112,22180.48,198.04
BI100105,2025-07,MA,104,20596.16,198.04
BI100105,2025-07,SE,83,16437.32,198.04
BI100105,2025-07,MW,112,22180.48,198.04
BI100105,2025-07,TX,107,21190.28,198.04
BI100105,2025-07,MTN,89,17625.56,198.04
BI100105,2025-07,PSW,117,23170.68,198.04
BI100105,2025-07,PNW,94,18615.76,198.04
BI100105,2025-08,NE,96,19011.84,198.04
BI100105,2025-08,MA,109,21586.36,198.04
BI100105,2025-08,SE,72,14258.88,198.04
BI100105,2025-08,MW,113,22378.52,198.04
BI100105,2025-08,TX,99,19605.96,198.04
BI100105,2025-08,MTN,80,15843.2,198.04
BI100105,2025-08,PSW,107,21190.28,198.04
BI100105,2025-08,PNW,94,18615.76,198.04
BI100105,2025-09,NE,90,17823.6,198.04
BI100105,2025-09,MA,98,19407.92,198.04
BI100105,2025-09,SE,72,14258.88,198.04
BI100105,2025-09,MW,107,21190.28,198.04
BI100105,2025-09,TX,98,19407.92,198.04
BI100105,2025-09,MTN,73,14456.92,198.04
BI100105,2025-09,PSW,109,21586.36,198.04
BI100105,2025-09,PNW,89,17625.56,198.04
BI100105,2025-10,NE,90,17823.6,198.04
BI100105,2025-10,MA,92,18219.68,198.04
BI100105,2025-10,SE,68,13466.72,198.04
BI100105,2025-10,MW,98,19407.92,198.04
BI100105,2025-10,TX,91,18021.64,198.04
BI100105,2025-10,MTN,70,13862.8,198.04
BI100105,2025-10,PSW,93,18417.72,198.04
BI100105,2025-10,PNW,76,15051.04,198.04
BI100105,2025-11,NE,89,17625.56,198.04
BI100105,2025-11,MA,90,17823.6,198.04
BI100105,2025-11,SE,63,12476.52,198.04
BI100105,2025-11,MW,94,18615.76,198.04
BI100105,2025-11,TX,81,16041.24,198.04
BI100105,2025-11,MTN,61,12080.44,198.04
BI100105,2025-11,PSW,97,19209.88,198.04
BI100105,2025-11,PNW,73,14456.92,198.04
BI100105,2025-12,NE,84,16635.36,198.04
BI100105,2025-12,MA,84,16635.36,198.04
BI100105,2025-12,SE,57,11288.28,198.04
BI100105,2025-12,MW,94,18615.76,198.04
BI100105,2025-12,TX,92,18219.68,198.04
BI100105,2025-12,MTN,66,13070.64,198.04
BI100105,2025-12,PSW,86,17031.44,198.04
BI100105,2025-12,PNW,71,14060.84,198.04
BI100112,2024-01,NE,40,1002.4,25.06
BI100112,2024-01,MA,27,676.62,25.06
BI100112,2024-01,SE,31,776.86,25.06
BI100112,2024-01,MW,27,676.62,25.06
BI100112,2024-01,TX,37,927.22,25.06
BI100112,2024-01,MTN,31,776.86,25.06
BI100112,2024-01,PSW,34,852.04,25.06
BI100112,2024-01,PNW,31,776.86,25.06
BI100112,2024-02,NE,39,977.34,25.06
BI100112,2024-02,MA,33,826.98,25.06
BI100112,2024-02,SE,37,927.22,25.06
BI100112,2024-02,MW,30,751.8,25.06
BI100112,2024-02,TX,43,1077.58,25.06
BI100112,2024-02,MTN,34,852.04,25.06
BI100112,2024-02,PSW,33,826.98,25.06
BI100112,2024-02,PNW,36,902.16,25.06
BI100112,2024-03,NE,47,1177.82,25.06
BI100112,2024-03,MA,33,826.98,25.06
BI100112,2024-03,SE,39,977.34,25.06
BI100112,2024-03,MW,31,776.86,25.06
BI100112,2024-03,TX,49,1227.94,25.06
BI100112,2024-03,MTN,37,927.22,25.06
BI100112,2024-03,PSW,36,902.16,25.06
BI100112,2024-03,PNW,38,952.28,25.06
BI100112,2024-04,NE,48,1202.88,25.06
BI100112,2024-04,MA,35,877.1,25.06
BI100112,2024-04,SE,41,1027.46,25.06
BI100112,2024-04,MW,37,927.22,25.06
BI100112,2024-04,TX,46,1152.76,25.06
BI100112,2024-04,MTN,41,1027.46,25.06
BI100112,2024-04,PSW,43,1077.58,25.06
BI100112,2024-04,PNW,40,1002.4,25.06
BI100112,2024-05,NE,54,1353.24,25.06
BI100112,2024-05,MA,38,952.28,25.06
BI100112,2024-05,SE,44,1102.64,25.06
BI100112,2024-05,MW,38,952.28,25.06
BI100112,2024-05,TX,49,1227.94,25.06
BI100112,2024-05,MTN,38,952.28,25.06
BI100112,2024-05,PSW,42,1052.52,25.06
BI100112,2024-05,PNW,45,1127.7,25.06
BI100112,2024-06,NE,53,1328.18,25.06
BI100112,2024-06,MA,37,927.22,25.06
BI100112,2024-06,SE,44,1102.64,25.06
BI100112,2024-06,MW,36,902.16,25.06
BI100112,2024-06,TX,54,1353.24,25.06
BI100112,2024-06,MTN,38,952.28,25.06
BI100112,2024-06,PSW,43,1077.58,25.06
BI100112,2024-06,PNW,42,1052.52,25.06
BI100112,2024-07,NE,55,1378.3,25.06
BI100112,2024-07,MA,38,952.28,25.06
BI100112,2024-07,SE,44,1102.64,25.06
BI100112,2024-07,MW,35,877.1,25.06
BI100112,2024-07,TX,56,1403.36,25.06
BI100112,2024-07,MTN,41,1027.46,25.06
BI100112,2024-07,PSW,46,1152.76,25.06
BI100112,2024-07,PNW,45,1127.7,25.06
BI100112,2024-08,NE,53,1328.18,25.06
BI100112,2024-08,MA,38,952.28,25.06
BI100112,2024-08,SE,43,1077.58,25.06
BI100112,2024-08,MW,37,927.22,25.06
BI100112,2024-08,TX,47,1177.82,25.06
BI100112,2024-08,MTN,38,952.28,25.06
BI100112,2024-08,PSW,40,1002.4,25.06
BI100112,2024-08,PNW,42,1052.52,25.06
BI100112,2024-09,NE,46,1152.76,25.06
BI100112,2024-09,MA,32,801.92,25.06
BI100112,2024-09,SE,40,1002.4,25.06
BI100112,2024-09,MW,34,852.04,25.06
BI100112,2024-09,TX,51,1278.06,25.06
BI100112,2024-09,MTN,36,902.16,25.06
BI100112,2024-09,PSW,37,927.22,25.06
BI100112,2024-09,PNW,38,952.28,25.06
BI100112,2024-10,NE,43,1077.58,25.06
BI100112,2024-10,MA,30,751.8,25.06
BI100112,2024-10,SE,37,927.22,25.06
BI100112,2024-10,MW,32,801.92,25.06
BI100112,2024-10,TX,41,1027.46,25.06
BI100112,2024-10,MTN,32,801.92,25.06
BI100112,2024-10,PSW,38,952.28,25.06
BI100112,2024-10,PNW,38,952.28,25.06
BI100112,2024-11,NE,38,952.28,25.06
BI100112,2024-11,MA,32,801.92,25.06
BI100112,2024-11,SE,33,826.98,25.06
BI100112,2024-11,MW,27,676.62,25.06
BI100112,2024-11,TX,41,1027.46,25.06
BI100112,2024-11,MTN,30,751.8,25.06
BI100112,2024-11,PSW,38,952.28,25.06
BI100112,2024-11,PNW,32,801.92,25.06
BI100112,2024-12,NE,41,1027.46,25.06
BI100112,2024-12,MA,33,826.98,25.06
BI100112,2024-12,SE,35,877.1,25.06
BI100112,2024-12,MW,30,751.8,25.06
BI100112,2024-12,TX,41,1027.46,25.06
BI100112,2024-12,MTN,31,776.86,25.06
BI100112,2024-12,PSW,34,852.04,25.06
BI100112,2024-12,PNW,31,776.86,25.06
BI100112,2025-01,NE,39,977.34,25.06
BI100112,2025-01,MA,31,776.86,25.06
BI100112,2025-01,SE,36,902.16,25.06
BI100112,2025-01,MW,30,751.8,25.06
BI100112,2025-01,TX,43,1077.58,25.06
BI100112,2025-01,MTN,31,776.86,25.06
BI100112,2025-01,PSW,34,852.04,25.06
BI100112,2025-01,PNW,35,877.1,25.06
BI100112,2025-02,NE,45,1127.7,25.06
BI100112,2025-02,MA,36,902.16,25.06
BI100112,2025-02,SE,39,977.34,25.06
BI100112,2025-02,MW,34,852.04,25.06
BI100112,2025-02,TX,45,1127.7,25.06
BI100112,2025-02,MTN,36,902.16,25.06
BI100112,2025-02,PSW,35,877.1,25.06
BI100112,2025-02,PNW,34,852.04,25.06
BI100112,2025-03,NE,45,1127.7,25.06
BI100112,2025-03,MA,37,927.22,25.06
BI100112,2025-03,SE,41,1027.46,25.06
BI100112,2025-03,MW,33,826.98,25.06
BI100112,2025-03,TX,49,1227.94,25.06
BI100112,2025-03,MTN,40,1002.4,25.06
BI100112,2025-03,PSW,42,1052.52,25.06
BI100112,2025-03,PNW,41,1027.46,25.06
BI100112,2025-04,NE,49,1227.94,25.06
BI100112,2025-04,MA,38,952.28,25.06
BI100112,2025-04,SE,41,1027.46,25.06
BI100112,2025-04,MW,35,877.1,25.06
BI100112,2025-04,TX,55,1378.3,25.06
BI100112,2025-04,MTN,39,977.34,25.06
BI100112,2025-04,PSW,47,1177.82,25.06
BI100112,2025-04,PNW,45,1127.7,25.06
BI100112,2025-05,NE,57,1428.42,25.06
BI100112,2025-05,MA,43,1077.58,25.06
BI100112,2025-05,SE,49,1227.94,25.06
BI100112,2025-05,MW,38,952.28,25.06
BI100112,2025-05,TX,60,1503.6,25.06
BI100112,2025-05,MTN,41,1027.46,25.06
BI100112,2025-05,PSW,48,1202.88,25.06
BI100112,2025-05,PNW,44,1102.64,25.06
BI100112,2025-06,NE,58,1453.48,25.06
BI100112,2025-06,MA,41,1027.46,25.06
BI100112,2025-06,SE,50,1253.0,25.06
BI100112,2025-06,MW,38,952.28,25.06
BI100112,2025-06,TX,57,1428.42,25.06
BI100112,2025-06,MTN,44,1102.64,25.06
BI100112,2025-06,PSW,45,1127.7,25.06
BI100112,2025-06,PNW,49,1227.94,25.06
BI100112,2025-07,NE,60,1503.6,25.06
BI100112,2025-07,MA,42,1052.52,25.06
BI100112,2025-07,SE,46,1152.76,25.06
BI100112,2025-07,MW,40,1002.4,25.06
BI100112,2025-07,TX,59,1478.54,25.06
BI100112,2025-07,MTN,41,1027.46,25.06
BI100112,2025-07,PSW,47,1177.82,25.06
BI100112,2025-07,PNW,45,1127.7,25.06
BI100112,2025-08,NE,50,1253.0,25.06
BI100112,2025-08,MA,41,1027.46,25.06
BI100112,2025-08,SE,42,1052.52,25.06
BI100112,2025-08,MW,37,927.22,25.06
BI100112,2025-08,TX,55,1378.3,25.06
BI100112,2025-08,MTN,42,1052.52,25.06
BI100112,2025-08,PSW,47,1177.82,25.06
BI100112,2025-08,PNW,42,1052.52,25.06
BI100112,2025-09,NE,46,1152.76,25.06
BI100112,2025-09,MA,35,877.1,25.06
BI100112,2025-09,SE,41,1027.46,25.06
BI100112,2025-09,MW,35,877.1,25.06
BI100112,2025-09,TX,48,1202.88,25.06
BI100112,2025-09,MTN,38,952.28,25.06
BI100112,2025-09,PSW,42,1052.52,25.06
BI100112,2025-09,PNW,42,1052.52,25.06
BI100112,2025-10,NE,43,1077.58,25.06
BI100112,2025-10,MA,32,801.92,25.06
BI100112,2025-10,SE,41,1027.46,25.06
BI100112,2025-10,MW,32,801.92,25.06
BI100112,2025-10,TX,44,1102.64,25.06
BI100112,2025-10,MTN,37,927.22,25.06
BI100112,2025-10,PSW,40,1002.4,25.06
BI100112,2025-10,PNW,37,927.22,25.06
BI100112,2025-11,NE,41,1027.46,25.06
BI100112,2025-11,MA,34,852.04,25.06
BI100112,2025-11,SE,36,902.16,25.06
BI100112,2025-11,MW,32,801.92,25.06
BI100112,2025-11,TX,43,1077.58,25.06
BI100112,2025-11,MTN,36,902.16,25.06
BI100112,2025-11,PSW,40,1002.4,25.06
BI100112,2025-11,PNW,37,927.22,25.06
BI100112,2025-12,NE,42,1052.52,25.06
BI100112,2025-12,MA,33,826.98,25.06
BI100112,2025-12,SE,35,877.1,25.06
BI100112,2025-12,MW,28,701.68,25.06
BI100112,2025-12,TX,47,1177.82,25.06
BI100112,2025-12,MTN,36,902.16,25.06
BI100112,2025-12,PSW,40,1002.4,25.06
BI100112,2025-12,PNW,38,952.28,25.06
BI100119,2024-01,NE,53,5038.71,95.07
BI100119,2024-01,MA,58,5514.06,95.07
BI100119,2024-01,SE,60,5704.2,95.07
BI100119,2024-01,MW,56,5323.92,95.07
BI100119,2024-01,TX,54,5133.78,95.07
BI100119,2024-01,MTN,53,5038.71,95.07
BI100119,2024-01,PSW,55,5228.85,95.07
BI100119,2024-01,PNW,49,4658.43,95.07
BI100119,2024-02,NE,61,5799.27,95.07
BI100119,2024-02,MA,66,6274.62,95.07
BI100119,2024-02,SE,74,7035.18,95.07
BI100119,2024-02,MW,62,5894.34,95.07
BI100119,2024-02,TX,54,5133.78,95.07
BI100119,2024-02,MTN,58,5514.06,95.07
BI100119,2024-02,PSW,61,5799.27,95.07
BI100119,2024-02,PNW,48,4563.36,95.07
BI100119,2024-03,NE,67,6369.69,95.07
BI100119,2024-03,MA,64,6084.48,95.07
BI100119,2024-03,SE,76,7225.32,95.07
BI100119,2024-03,MW,71,6749.97,95.07
BI100119,2024-03,TX,68,6464.76,95.07
BI100119,2024-03,MTN,67,6369.69,95.07
BI100119,2024-03,PSW,67,6369.69,95.07
BI100119,2024-03,PNW,56,5323.92,95.07
BI100119,2024-04,NE,73,6940.11,95.07
BI100119,2024-04,MA,79,7510.53,95.07
BI100119,2024-04,SE,79,7510.53,95.07
BI100119,2024-04,MW,74,7035.18,95.07
BI100119,2024-04,TX,68,6464.76,95.07
BI100119,2024-04,MTN,71,6749.97,95.07
BI100119,2024-04,PSW,72,6845.04,95.07
BI100119,2024-04,PNW,61,5799.27,95.07
BI100119,2024-05,NE,75,7130.25,95.07
BI100119,2024-05,MA,83,7890.81,95.07
BI100119,2024-05,SE,83,7890.81,95.07
BI100119,2024-05,MW,77,7320.39,95.07
BI100119,2024-05,TX,68,6464.76,95.07
BI100119,2024-05,MTN,73,6940.11,95.07
BI100119,2024-05,PSW,84,7985.88,95.07
BI100119,2024-05,PNW,61,5799.27,95.07
BI100119,2024-06,NE,74,7035.18,95.07
BI100119,2024-06,MA,75,7130.25,95.07
BI100119,2024-06,SE,94,8936.58,95.07
BI100119,2024-06,MW,74,7035.18,95.07
BI100119,2024-06,TX,69,6559.83,95.07
BI100119,2024-06,MTN,76,7225.32,95.07
BI100119,2024-06,PSW,83,7890.81,95.07
BI100119,2024-06,PNW,68,6464.76,95.07
BI100119,2024-07,NE,78,7415.46,95.07
BI100119,2024-07,MA,85,8080.95,95.07
BI100119,2024-07,SE,85,8080.95,95.07
BI100119,2024-07,MW,79,7510.53,95.07
BI100119,2024-07,TX,75,7130.25,95.07
BI100119,2024-07,MTN,75,7130.25,95.07
BI100119,2024-07,PSW,79,7510.53,95.07
BI100119,2024-07,PNW,67,6369.69,95.07
BI100119,2024-08,NE,68,6464.76,95.07
BI100119,2024-08,MA,78,7415.46,95.07
BI100119,2024-08,SE,88,8366.16,95.07
BI100119,2024-08,MW,76,7225.32,95.07
BI100119,2024-08,TX,65,6179.55,95.07
BI100119,2024-08,MTN,71,6749.97,95.07
BI100119,2024-08,PSW,77,7320.39,95.07
BI100119,2024-08,PNW,57,5418.99,95.07
BI100119,2024-09,NE,69,6559.83,95.07
BI100119,2024-09,MA,73,6940.11,95.07
BI100119,2024-09,SE,74,7035.18,95.07
BI100119,2024-09,MW,63,5989.41,95.07
BI100119,2024-09,TX,64,6084.48,95.07
BI100119,2024-09,MTN,63,5989.41,95.07
BI100119,2024-09,PSW,69,6559.83,95.07
BI100119,2024-09,PNW,54,5133.78,95.07
BI100119,2024-10,NE,62,5894.34,95.07
BI100119,2024-10,MA,66,6274.62,95.07
BI100119,2024-10,SE,74,7035.18,95.07
BI100119,2024-10,MW,59,5609.13,95.07
BI100119,2024-10,TX,66,6274.62,95.07
BI100119,2024-10,MTN,61,5799.27,95.07
BI100119,2024-10,PSW,69,6559.83,95.07
BI100119,2024-10,PNW,53,5038.71,95.07
BI100119,2024-11,NE,62,5894.34,95.07
BI100119,2024-11,MA,64,6084.48,95.07
BI100119,2024-11,SE,69,6559.83,95.07
BI100119,2024-11,MW,57,5418.99,95.07
BI100119,2024-11,TX,61,5799.27,95.07
BI100119,2024-11,MTN,59,5609.13,95.07
BI100119,2024-11,PSW,63,5989.41,95.07
BI100119,2024-11,PNW,47,4468.29,95.07
BI100119,2024-12,NE,60,5704.2,95.07
BI100119,2024-12,MA,65,6179.55,95.07
BI100119,2024-12,SE,69,6559.83,95.07
BI100119,2024-12,MW,57,5418.99,95.07
BI100119,2024-12,TX,57,5418.99,95.07
BI100119,2024-12,MTN,60,5704.2,95.07
BI100119,2024-12,PSW,62,5894.34,95.07
BI100119,2024-12,PNW,50,4753.5,95.07
BI100119,2025-01,NE,55,5228.85,95.07
BI100119,2025-01,MA,63,5989.41,95.07
BI100119,2025-01,SE,64,6084.48,95.07
BI100119,2025-01,MW,62,5894.34,95.07
BI100119,2025-01,TX,60,5704.2,95.07
BI100119,2025-01,MTN,57,5418.99,95.07
BI100119,2025-01,PSW,64,6084.48,95.07
BI100119,2025-01,PNW,53,5038.71,95.07
BI100119,2025-02,NE,34,3232.38,95.07
BI100119,2025-02,MA,36,3422.52,95.07
BI100119,2025-02,SE,39,3707.73,95.07
BI100119,2025-02,MW,37,3517.59,95.07
BI100119,2025-02,TX,34,3232.38,95.07
BI100119,2025-02,MTN,35,3327.45,95.07
BI100119,2025-02,PSW,36,3422.52,95.07
BI100119,2025-02,PNW,29,2757.03,95.07
BI100119,2025-03,NE,40,3802.8,95.07
BI100119,2025-03,MA,40,3802.8,95.07
BI100119,2025-03,SE,42,3992.94,95.07
BI100119,2025-03,MW,41,3897.87,95.07
BI100119,2025-03,TX,35,3327.45,95.07
BI100119,2025-03,MTN,40,3802.8,95.07
BI100119,2025-03,PSW,40,3802.8,95.07
BI100119,2025-03,PNW,35,3327.45,95.07
BI100119,2025-04,NE,38,3612.66,95.07
BI100119,2025-04,MA,47,4468.29,95.07
BI100119,2025-04,SE,50,4753.5,95.07
BI100119,2025-04,MW,42,3992.94,95.07
BI100119,2025-04,TX,39,3707.73,95.07
BI100119,2025-04,MTN,40,3802.8,95.07
BI100119,2025-04,PSW,44,4183.08,95.07
BI100119,2025-04,PNW,34,3232.38,95.07
BI100119,2025-05,NE,83,7890.81,95.07
BI100119,2025-05,MA,88,8366.16,95.07
BI100119,2025-05,SE,89,8461.23,95.07
BI100119,2025-05,MW,85,8080.95,95.07
BI100119,2025-05,TX,76,7225.32,95.07
BI100119,2025-05,MTN,75,7130.25,95.07
BI100119,2025-05,PSW,86,8176.02,95.07
BI100119,2025-05,PNW,63,5989.41,95.07
BI100119,2025-06,NE,81,7700.67,95.07
BI100119,2025-06,MA,89,8461.23,95.07
BI100119,2025-06,SE,98,9316.86,95.07
BI100119,2025-06,MW,87,8271.09,95.07
BI100119,2025-06,TX,83,7890.81,95.07
BI100119,2025-06,MTN,79,7510.53,95.07
BI100119,2025-06,PSW,83,7890.81,95.07
BI100119,2025-06,PNW,64,6084.48,95.07
BI100119,2025-07,NE,78,7415.46,95.07
BI100119,2025-07,MA,80,7605.6,95.07
BI100119,2025-07,SE,97,9221.79,95.07
BI100119,2025-07,MW,86,8176.02,95.07
BI100119,2025-07,TX,81,7700.67,95.07
BI100119,2025-07,MTN,77,7320.39,95.07
BI100119,2025-07,PSW,78,7415.46,95.07
BI100119,2025-07,PNW,73,6940.11,95.07
BI100119,2025-08,NE,79,7510.53,95.07
BI100119,2025-08,MA,81,7700.67,95.07
BI100119,2025-08,SE,83,7890.81,95.07
BI100119,2025-08,MW,84,7985.88,95.07
BI100119,2025-08,TX,79,7510.53,95.07
BI100119,2025-08,MTN,74,7035.18,95.07
BI100119,2025-08,PSW,85,8080.95,95.07
BI100119,2025-08,PNW,66,6274.62,95.07
BI100119,2025-09,NE,69,6559.83,95.07
BI100119,2025-09,MA,75,7130.25,95.07
BI100119,2025-09,SE,88,8366.16,95.07
BI100119,2025-09,MW,71,6749.97,95.07
BI100119,2025-09,TX,69,6559.83,95.07
BI100119,2025-09,MTN,73,6940.11,95.07
BI100119,2025-09,PSW,76,7225.32,95.07
BI100119,2025-09,PNW,62,5894.34,95.07
BI100119,2025-10,NE,71,6749.97,95.07
BI100119,2025-10,MA,69,6559.83,95.07
BI100119,2025-10,SE,77,7320.39,95.07
BI100119,2025-10,MW,65,6179.55,95.07
BI100119,2025-10,TX,70,6654.9,95.07
BI100119,2025-10,MTN,67,6369.69,95.07
BI100119,2025-10,PSW,72,6845.04,95.07
BI100119,2025-10,PNW,53,5038.71,95.07
BI100119,2025-11,NE,68,6464.76,95.07
BI100119,2025-11,MA,71,6749.97,95.07
BI100119,2025-11,SE,73,6940.11,95.07
BI100119,2025-11,MW,67,6369.69,95.07
BI100119,2025-11,TX,61,5799.27,95.07
BI100119,2025-11,MTN,61,5799.27,95.07
BI100119,2025-11,PSW,63,5989.41,95.07
BI100119,2025-11,PNW,57,5418.99,95.07
BI100119,2025-12,NE,58,5514.06,95.07
BI100119,2025-12,MA,63,5989.41,95.07
BI100119,2025-12,SE,73,6940.11,95.07
BI100119,2025-12,MW,61,5799.27,95.07
BI100119,2025-12,TX,63,5989.41,95.07
BI100119,2025-12,MTN,58,5514.06,95.07
BI100119,2025-12,PSW,63,5989.41,95.07
BI100119,2025-12,PNW,49,4658.43,95.07
BI100126,2024-01,NE,46,8533.0,185.5
BI100126,2024-01,MA,58,10759.0,185.5
BI100126,2024-01,SE,64,11872.0,185.5
BI100126,2024-01,MW,55,10202.5,185.5
BI100126,2024-01,TX,56,10388.0,185.5
BI100126,2024-01,MTN,61,11315.5,185.5
BI100126,2024-01,PSW,65,12057.5,185.5
BI100126,2024-01,PNW,51,9460.5,185.5
BI100126,2024-02,NE,53,9831.5,185.5
BI100126,2024-02,MA,62,11501.0,185.5
BI100126,2024-02,SE,67,12428.5,185.5
BI100126,2024-02,MW,63,11686.5,185.5
BI100126,2024-02,TX,63,11686.5,185.5
BI100126,2024-02,MTN,67,12428.5,185.5
BI100126,2024-02,PSW,66,12243.0,185.5
BI100126,2024-02,PNW,52,9646.0,185.5
BI100126,2024-03,NE,57,10573.5,185.5
BI100126,2024-03,MA,70,12985.0,185.5
BI100126,2024-03,SE,79,14654.5,185.5
BI100126,2024-03,MW,65,12057.5,185.5
BI100126,2024-03,TX,61,11315.5,185.5
BI100126,2024-03,MTN,67,12428.5,185.5
BI100126,2024-03,PSW,70,12985.0,185.5
BI100126,2024-03,PNW,55,10202.5,185.5
BI100126,2024-04,NE,61,11315.5,185.5
BI100126,2024-04,MA,78,14469.0,185.5
BI100126,2024-04,SE,84,15582.0,185.5
BI100126,2024-04,MW,67,12428.5,185.5
BI100126,2024-04,TX,72,13356.0,185.5
BI100126,2024-04,MTN,78,14469.0,185.5
BI100126,2024-04,PSW,82,15211.0,185.5
BI100126,2024-04,PNW,64,11872.0,185.5
BI100126,2024-05,NE,59,10944.5,185.5
BI100126,2024-05,MA,82,15211.0,185.5
BI100126,2024-05,SE,89,16509.5,185.5
BI100126,2024-05,MW,74,13727.0,185.5
BI100126,2024-05,TX,68,12614.0,185.5
BI100126,2024-05,MTN,84,15582.0,185.5
BI100126,2024-05,PSW,89,16509.5,185.5
BI100126,2024-05,PNW,65,12057.5,185.5
BI100126,2024-06,NE,66,12243.0,185.5
BI100126,2024-06,MA,83,15396.5,185.5
BI100126,2024-06,SE,84,15582.0,185.5
BI100126,2024-06,MW,72,13356.0,185.5
BI100126,2024-06,TX,69,12799.5,185.5
BI100126,2024-06,MTN,78,14469.0,185.5
BI100126,2024-06,PSW,96,17808.0,185.5
BI100126,2024-06,PNW,63,11686.5,185.5
BI100126,2024-07,NE,59,10944.5,185.5
BI100126,2024-07,MA,83,15396.5,185.5
BI100126,2024-07,SE,86,15953.0,185.5
BI100126,2024-07,MW,73,13541.5,185.5
BI100126,2024-07,TX,71,13170.5,185.5
BI100126,2024-07,MTN,81,15025.5,185.5
BI100126,2024-07,PSW,94,17437.0,185.5
BI100126,2024-07,PNW,66,12243.0,185.5
BI100126,2024-08,NE,60,11130.0,185.5
BI100126,2024-08,MA,77,14283.5,185.5
BI100126,2024-08,SE,82,15211.0,185.5
BI100126,2024-08,MW,73,13541.5,185.5
BI100126,2024-08,TX,67,12428.5,185.5
BI100126,2024-08,MTN,84,15582.0,185.5
BI100126,2024-08,PSW,85,15767.5,185.5
BI100126,2024-08,PNW,58,10759.0,185.5
BI100126,2024-09,NE,58,10759.0,185.5
BI100126,2024-09,MA,74,13727.0,185.5
BI100126,2024-09,SE,81,15025.5,185.5
BI100126,2024-09,MW,70,12985.0,185.5
BI100126,2024-09,TX,63,11686.5,185.5
BI100126,2024-09,MTN,72,13356.0,185.5
BI100126,2024-09,PSW,78,14469.0,185.5
BI100126,2024-09,PNW,60,11130.0,185.5
BI100126,2024-10,NE,54,10017.0,185.5
BI100126,2024-10,MA,70,12985.0,185.5
BI100126,2024-10,SE,73,13541.5,185.5
BI100126,2024-10,MW,62,11501.0,185.5
BI100126,2024-10,TX,61,11315.5,185.5
BI100126,2024-10,MTN,66,12243.0,185.5
BI100126,2024-10,PSW,70,12985.0,185.5
BI100126,2024-10,PNW,57,10573.5,185.5
BI100126,2024-11,NE,52,9646.0,185.5
BI100126,2024-11,MA,63,11686.5,185.5
BI100126,2024-11,SE,64,11872.0,185.5
BI100126,2024-11,MW,59,10944.5,185.5
BI100126,2024-11,TX,55,10202.5,185.5
BI100126,2024-11,MTN,62,11501.0,185.5
BI100126,2024-11,PSW,75,13912.5,185.5
BI100126,2024-11,PNW,47,8718.5,185.5
BI100126,2024-12,NE,48,8904.0,185.5
BI100126,2024-12,MA,58,10759.0,185.5
BI100126,2024-12,SE,65,12057.5,185.5
BI100126,2024-12,MW,59,10944.5,185.5
BI100126,2024-12,TX,56,10388.0,185.5
BI100126,2024-12,MTN,64,11872.0,185.5
BI100126,2024-12,PSW,68,12614.0,185.5
BI100126,2024-12,PNW,49,9089.5,185.5
BI100126,2025-01,NE,48,8904.0,185.5
BI100126,2025-01,MA,59,10944.5,185.5
BI100126,2025-01,SE,70,12985.0,185.5
BI100126,2025-01,MW,63,11686.5,185.5
BI100126,2025-01,TX,62,11501.0,185.5
BI100126,2025-01,MTN,68,12614.0,185.5
BI100126,2025-01,PSW,66,12243.0,185.5
BI100126,2025-01,PNW,52,9646.0,185.5
BI100126,2025-02,NE,71,13170.5,185.5
BI100126,2025-02,MA,101,18735.5,185.5
BI100126,2025-02,SE,99,18364.5,185.5
BI100126,2025-02,MW,101,18735.5,185.5
BI100126,2025-02,TX,98,18179.0,185.5
BI100126,2025-02,MTN,106,19663.0,185.5
BI100126,2025-02,PSW,108,20034.0,185.5
BI100126,2025-02,PNW,77,14283.5,185.5
BI100126,2025-03,NE,85,15767.5,185.5
BI100126,2025-03,MA,113,20961.5,185.5
BI100126,2025-03,SE,111,20590.5,185.5
BI100126,2025-03,MW,98,18179.0,185.5
BI100126,2025-03,TX,102,18921.0,185.5
BI100126,2025-03,MTN,103,19106.5,185.5
BI100126,2025-03,PSW,122,22631.0,185.5
BI100126,2025-03,PNW,93,17251.5,185.5
BI100126,2025-04,NE,92,17066.0,185.5
BI100126,2025-04,MA,116,21518.0,185.5
BI100126,2025-04,SE,122,22631.0,185.5
BI100126,2025-04,MW,105,19477.5,185.5
BI100126,2025-04,TX,107,19848.5,185.5
BI100126,2025-04,MTN,124,23002.0,185.5
BI100126,2025-04,PSW,134,24857.0,185.5
BI100126,2025-04,PNW,88,16324.0,185.5
BI100126,2025-05,NE,64,11872.0,185.5
BI100126,2025-05,MA,80,14840.0,185.5
BI100126,2025-05,SE,98,18179.0,185.5
BI100126,2025-05,MW,75,13912.5,185.5
BI100126,2025-05,TX,76,14098.0,185.5
BI100126,2025-05,MTN,90,16695.0,185.5
BI100126,2025-05,PSW,95,17622.5,185.5
BI100126,2025-05,PNW,64,11872.0,185.5
BI100126,2025-06,NE,67,12428.5,185.5
BI100126,2025-06,MA,91,16880.5,185.5
BI100126,2025-06,SE,93,17251.5,185.5
BI100126,2025-06,MW,78,14469.0,185.5
BI100126,2025-06,TX,84,15582.0,185.5
BI100126,2025-06,MTN,84,15582.0,185.5
BI100126,2025-06,PSW,99,18364.5,185.5
BI100126,2025-06,PNW,68,12614.0,185.5
BI100126,2025-07,NE,68,12614.0,185.5
BI100126,2025-07,MA,84,15582.0,185.5
BI100126,2025-07,SE,88,16324.0,185.5
BI100126,2025-07,MW,86,15953.0,185.5
BI100126,2025-07,TX,82,15211.0,185.5
BI100126,2025-07,MTN,82,15211.0,185.5
BI100126,2025-07,PSW,91,16880.5,185.5
BI100126,2025-07,PNW,73,13541.5,185.5
BI100126,2025-08,NE,62,11501.0,185.5
BI100126,2025-08,MA,87,16138.5,185.5
BI100126,2025-08,SE,89,16509.5,185.5
BI100126,2025-08,MW,75,13912.5,185.5
BI100126,2025-08,TX,80,14840.0,185.5
BI100126,2025-08,MTN,78,14469.0,185.5
BI100126,2025-08,PSW,97,17993.5,185.5
BI100126,2025-08,PNW,67,12428.5,185.5
BI100126,2025-09,NE,56,10388.0,185.5
BI100126,2025-09,MA,78,14469.0,185.5
BI100126,2025-09,SE,83,15396.5,185.5
BI100126,2025-09,MW,73,13541.5,185.5
BI100126,2025-09,TX,70,12985.0,185.5
BI100126,2025-09,MTN,79,14654.5,185.5
BI100126,2025-09,PSW,78,14469.0,185.5
BI100126,2025-09,PNW,62,11501.0,185.5
BI100126,2025-10,NE,53,9831.5,185.5
BI100126,2025-10,MA,77,14283.5,185.5
BI100126,2025-10,SE,75,13912.5,185.5
BI100126,2025-10,MW,70,12985.0,185.5
BI100126,2025-10,TX,63,11686.5,185.5
BI100126,2025-10,MTN,76,14098.0,185.5
BI100126,2025-10,PSW,80,14840.0,185.5
BI100126,2025-10,PNW,55,10202.5,185.5
BI100126,2025-11,NE,56,10388.0,185.5
BI100126,2025-11,MA,66,12243.0,185.5
BI100126,2025-11,SE,73,13541.5,185.5
BI100126,2025-11,MW,67,12428.5,185.5
BI100126,2025-11,TX,60,11130.0,185.5
BI100126,2025-11,MTN,70,12985.0,185.5
BI100126,2025-11,PSW,76,14098.0,185.5
BI100126,2025-11,PNW,57,10573.5,185.5
BI100126,2025-12,NE,49,9089.5,185.5
BI100126,2025-12,MA,65,12057.5,185.5
BI100126,2025-12,SE,73,13541.5,185.5
BI100126,2025-12,MW,60,11130.0,185.5
BI100126,2025-12,TX,58,10759.0,185.5
BI100126,2025-12,MTN,72,13356.0,185.5
BI100126,2025-12,PSW,73,13541.5,185.5
BI100126,2025-12,PNW,57,10573.5,185.5
BI100133,2024-01,NE,28,2137.52,76.34
BI100133,2024-01,MA,29,2213.86,76.34
BI100133,2024-01,SE,21,1603.14,76.34
BI100133,2024-01,MW,22,1679.48,76.34
BI100133,2024-01,TX,30,2290.2,76.34
BI100133,2024-01,MTN,22,1679.48,76.34
BI100133,2024-01,PSW,28,2137.52,76.34
BI100133,2024-01,PNW,26,1984.84,76.34
BI100133,2024-02,NE,29,2213.86,76.34
BI100133,2024-02,MA,31,2366.54,76.34
BI100133,2024-02,SE,21,1603.14,76.34
BI100133,2024-02,MW,25,1908.5,76.34
BI100133,2024-02,TX,31,2366.54,76.34
BI100133,2024-02,MTN,25,1908.5,76.34
BI100133,2024-02,PSW,30,2290.2,76.34
BI100133,2024-02,PNW,26,1984.84,76.34
BI100133,2024-03,NE,35,2671.9,76.34
BI100133,2024-03,MA,35,2671.9,76.34
BI100133,2024-03,SE,25,1908.5,76.34
BI100133,2024-03,MW,28,2137.52,76.34
BI100133,2024-03,TX,33,2519.22,76.34
BI100133,2024-03,MTN,27,2061.18,76.34
BI100133,2024-03,PSW,30,2290.2,76.34
BI100133,2024-03,PNW,31,2366.54,76.34
BI100133,2024-04,NE,39,2977.26,76.34
BI100133,2024-04,MA,34,2595.56,76.34
BI100133,2024-04,SE,27,2061.18,76.34
BI100133,2024-04,MW,30,2290.2,76.34
BI100133,2024-04,TX,36,2748.24,76.34
BI100133,2024-04,MTN,28,2137.52,76.34
BI100133,2024-04,PSW,35,2671.9,76.34
BI100133,2024-04,PNW,30,2290.2,76.34
BI100133,2024-05,NE,37,2824.58,76.34
BI100133,2024-05,MA,40,3053.6,76.34
BI100133,2024-05,SE,28,2137.52,76.34
BI100133,2024-05,MW,33,2519.22,76.34
BI100133,2024-05,TX,40,3053.6,76.34
BI100133,2024-05,MTN,30,2290.2,76.34
BI100133,2024-05,PSW,34,2595.56,76.34
BI100133,2024-05,PNW,36,2748.24,76.34
BI100133,2024-06,NE,40,3053.6,76.34
BI100133,2024-06,MA,37,2824.58,76.34
BI100133,2024-06,SE,27,2061.18,76.34
BI100133,2024-06,MW,32,2442.88,76.34
BI100133,2024-06,TX,41,3129.94,76.34
BI100133,2024-06,MTN,30,2290.2,76.34
BI100133,2024-06,PSW,35,2671.9,76.34
BI100133,2024-06,PNW,33,2519.22,76.34
BI100133,2024-07,NE,38,2900.92,76.34
BI100133,2024-07,MA,36,2748.24,76.34
BI100133,2024-07,SE,29,2213.86,76.34
BI100133,2024-07,MW,31,2366.54,76.34
BI100133,2024-07,TX,41,3129.94,76.34
BI100133,2024-07,MTN,32,2442.88,76.34
BI100133,2024-07,PSW,35,2671.9,76.34
BI100133,2024-07,PNW,33,2519.22,76.34
BI100133,2024-08,NE,35,2671.9,76.34
BI100133,2024-08,MA,40,3053.6,76.34
BI100133,2024-08,SE,25,1908.5,76.34
BI100133,2024-08,MW,29,2213.86,76.34
BI100133,2024-08,TX,35,2671.9,76.34
BI100133,2024-08,MTN,30,2290.2,76.34
BI100133,2024-08,PSW,34,2595.56,76.34
BI100133,2024-08,PNW,33,2519.22,76.34
BI100133,2024-09,NE,32,2442.88,76.34
BI100133,2024-09,MA,36,2748.24,76.34
BI100133,2024-09,SE,26,1984.84,76.34
BI100133,2024-09,MW,30,2290.2,76.34
BI100133,2024-09,TX,36,2748.24,76.34
BI100133,2024-09,MTN,26,1984.84,76.34
BI100133,2024-09,PSW,35,2671.9,76.34
BI100133,2024-09,PNW,31,2366.54,76.34
BI100133,2024-10,NE,33,2519.22,76.34
BI100133,2024-10,MA,32,2442.88,76.34
BI100133,2024-10,SE,21,1603.14,76.34
BI100133,2024-10,MW,27,2061.18,76.34
BI100133,2024-10,TX,34,2595.56,76.34
BI100133,2024-10,MTN,25,1908.5,76.34
BI100133,2024-10,PSW,31,2366.54,76.34
BI100133,2024-10,PNW,28,2137.52,76.34
BI100133,2024-11,NE,33,2519.22,76.34
BI100133,2024-11,MA,28,2137.52,76.34
BI100133,2024-11,SE,23,1755.82,76.34
BI100133,2024-11,MW,24,1832.16,76.34
BI100133,2024-11,TX,30,2290.2,76.34
BI100133,2024-11,MTN,23,1755.82,76.34
BI100133,2024-11,PSW,28,2137.52,76.34
BI100133,2024-11,PNW,25,1908.5,76.34
BI100133,2024-12,NE,29,2213.86,76.34
BI100133,2024-12,MA,28,2137.52,76.34
BI100133,2024-12,SE,20,1526.8,76.34
BI100133,2024-12,MW,26,1984.84,76.34
BI100133,2024-12,TX,29,2213.86,76.34
BI100133,2024-12,MTN,24,1832.16,76.34
BI100133,2024-12,PSW,26,1984.84,76.34
BI100133,2024-12,PNW,27,2061.18,76.34
BI100133,2025-01,NE,33,2519.22,76.34
BI100133,2025-01,MA,29,2213.86,76.34
BI100133,2025-01,SE,20,1526.8,76.34
BI100133,2025-01,MW,26,1984.84,76.34
BI100133,2025-01,TX,32,2442.88,76.34
BI100133,2025-01,MTN,24,1832.16,76.34
BI100133,2025-01,PSW,29,2213.86,76.34
BI100133,2025-01,PNW,26,1984.84,76.34
BI100133,2025-02,NE,31,2366.54,76.34
BI100133,2025-02,MA,31,2366.54,76.34
BI100133,2025-02,SE,22,1679.48,76.34
BI100133,2025-02,MW,26,1984.84,76.34
BI100133,2025-02,TX,32,2442.88,76.34
BI100133,2025-02,MTN,26,1984.84,76.34
BI100133,2025-02,PSW,33,2519.22,76.34
BI100133,2025-02,PNW,30,2290.2,76.34
BI100133,2025-03,NE,35,2671.9,76.34
BI100133,2025-03,MA,36,2748.24,76.34
BI100133,2025-03,SE,27,2061.18,76.34
BI100133,2025-03,MW,28,2137.52,76.34
BI100133,2025-03,TX,36,2748.24,76.34
BI100133,2025-03,MTN,26,1984.84,76.34
BI100133,2025-03,PSW,35,2671.9,76.34
BI100133,2025-03,PNW,33,2519.22,76.34
BI100133,2025-04,NE,40,3053.6,76.34
BI100133,2025-04,MA,40,3053.6,76.34
BI100133,2025-04,SE,29,2213.86,76.34
BI100133,2025-04,MW,31,2366.54,76.34
BI100133,2025-04,TX,41,3129.94,76.34
BI100133,2025-04,MTN,29,2213.86,76.34
BI100133,2025-04,PSW,34,2595.56,76.34
BI100133,2025-04,PNW,34,2595.56,76.34
BI100133,2025-05,NE,38,2900.92,76.34
BI100133,2025-05,MA,40,3053.6,76.34
BI100133,2025-05,SE,27,2061.18,76.34
BI100133,2025-05,MW,31,2366.54,76.34
BI100133,2025-05,TX,42,3206.28,76.34
BI100133,2025-05,MTN,30,2290.2,76.34
BI100133,2025-05,PSW,38,2900.92,76.34
BI100133,2025-05,PNW,37,2824.58,76.34
BI100133,2025-06,NE,40,3053.6,76.34
BI100133,2025-06,MA,43,3282.62,76.34
BI100133,2025-06,SE,30,2290.2,76.34
BI100133,2025-06,MW,32,2442.88,76.34
BI100133,2025-06,TX,44,3358.96,76.34
BI100133,2025-06,MTN,33,2519.22,76.34
BI100133,2025-06,PSW,42,3206.28,76.34
BI100133,2025-06,PNW,39,2977.26,76.34
BI100133,2025-07,NE,43,3282.62,76.34
BI100133,2025-07,MA,45,3435.3,76.34
BI100133,2025-07,SE,27,2061.18,76.34
BI100133,2025-07,MW,34,2595.56,76.34
BI100133,2025-07,TX,44,3358.96,76.34
BI100133,2025-07,MTN,30,2290.2,76.34
BI100133,2025-07,PSW,37,2824.58,76.34
BI100133,2025-07,PNW,35,2671.9,76.34
BI100133,2025-08,NE,38,2900.92,76.34
BI100133,2025-08,MA,40,3053.6,76.34
BI100133,2025-08,SE,30,2290.2,76.34
BI100133,2025-08,MW,32,2442.88,76.34
BI100133,2025-08,TX,37,2824.58,76.34
BI100133,2025-08,MTN,29,2213.86,76.34
BI100133,2025-08,PSW,36,2748.24,76.34
BI100133,2025-08,PNW,36,2748.24,76.34
BI100133,2025-09,NE,34,2595.56,76.34
BI100133,2025-09,MA,39,2977.26,76.34
BI100133,2025-09,SE,16,1221.44,76.34
BI100133,2025-09,MW,31,2366.54,76.34
BI100133,2025-09,TX,35,2671.9,76.34
BI100133,2025-09,MTN,31,2366.54,76.34
BI100133,2025-09,PSW,35,2671.9,76.34
BI100133,2025-09,PNW,35,2671.9,76.34
BI100133,2025-10,NE,34,2595.56,76.34
BI100133,2025-10,MA,33,2519.22,76.34
BI100133,2025-10,SE,14,1068.76,76.34
BI100133,2025-10,MW,28,2137.52,76.34
BI100133,2025-10,TX,33,2519.22,76.34
BI100133,2025-10,MTN,26,1984.84,76.34
BI100133,2025-10,PSW,32,2442.88,76.34
BI100133,2025-10,PNW,32,2442.88,76.34
BI100133,2025-11,NE,32,2442.88,76.34
BI100133,2025-11,MA,35,2671.9,76.34
BI100133,2025-11,SE,14,1068.76,76.34
BI100133,2025-11,MW,27,2061.18,76.34
BI100133,2025-11,TX,31,2366.54,76.34
BI100133,2025-11,MTN,23,1755.82,76.34
BI100133,2025-11,PSW,32,2442.88,76.34
BI100133,2025-11,PNW,30,2290.2,76.34
BI100133,2025-12,NE,31,2366.54,76.34
BI100133,2025-12,MA,31,2366.54,76.34
BI100133,2025-12,SE,24,1832.16,76.34
BI100133,2025-12,MW,27,2061.18,76.34
BI100133,2025-12,TX,32,2442.88,76.34
BI100133,2025-12,MTN,24,1832.16,76.34
BI100133,2025-12,PSW,31,2366.54,76.34
BI100133,2025-12,PNW,29,2213.86,76.34
BI100140,2024-01,NE,74,2964.44,40.06
BI100140,2024-01,MA,102,4086.12,40.06
BI100140,2024-01,SE,64,2563.84,40.06
BI100140,2024-01,MW,87,3485.22,40.06
BI100140,2024-01,TX,87,3485.22,40.06
BI100140,2024-01,MTN,74,2964.44,40.06
BI100140,2024-01,PSW,65,2603.9,40.06
BI100140,2024-01,PNW,87,3485.22,40.06
BI100140,2024-02,NE,82,3284.92,40.06
BI100140,2024-02,MA,104,4166.24,40.06
BI100140,2024-02,SE,68,2724.08,40.06
BI100140,2024-02,MW,105,4206.3,40.06
BI100140,2024-02,TX,91,3645.46,40.06
BI100140,2024-02,MTN,84,3365.04,40.06
BI100140,2024-02,PSW,74,2964.44,40.06
BI100140,2024-02,PNW,93,3725.58,40.06
BI100140,2024-03,NE,99,3965.94,40.06
BI100140,2024-03,MA,124,4967.44,40.06
BI100140,2024-03,SE,71,2844.26,40.06
BI100140,2024-03,MW,102,4086.12,40.06
BI100140,2024-03,TX,99,3965.94,40.06
BI100140,2024-03,MTN,97,3885.82,40.06
BI100140,2024-03,PSW,77,3084.62,40.06
BI100140,2024-03,PNW,94,3765.64,40.06
BI100140,2024-04,NE,99,3965.94,40.06
BI100140,2024-04,MA,119,4767.14,40.06
BI100140,2024-04,SE,80,3204.8,40.06
BI100140,2024-04,MW,121,4847.26,40.06
BI100140,2024-04,TX,124,4967.44,40.06
BI100140,2024-04,MTN,99,3965.94,40.06
BI100140,2024-04,PSW,87,3485.22,40.06
BI100140,2024-04,PNW,103,4126.18,40.06
BI100140,2024-05,NE,104,4166.24,40.06
BI100140,2024-05,MA,123,4927.38,40.06
BI100140,2024-05,SE,88,3525.28,40.06
BI100140,2024-05,MW,127,5087.62,40.06
BI100140,2024-05,TX,132,5287.92,40.06
BI100140,2024-05,MTN,99,3965.94,40.06
BI100140,2024-05,PSW,92,3685.52,40.06
BI100140,2024-05,PNW,113,4526.78,40.06
BI100140,2024-06,NE,115,4606.9,40.06
BI100140,2024-06,MA,144,5768.64,40.06
BI100140,2024-06,SE,93,3725.58,40.06
BI100140,2024-06,MW,135,5408.1,40.06
BI100140,2024-06,TX,125,5007.5,40.06
BI100140,2024-06,MTN,113,4526.78,40.06
BI100140,2024-06,PSW,93,3725.58,40.06
BI100140,2024-06,PNW,102,4086.12,40.06
BI100140,2024-07,NE,111,4446.66,40.06
BI100140,2024-07,MA,132,5287.92,40.06
BI100140,2024-07,SE,90,3605.4,40.06
BI100140,2024-07,MW,120,4807.2,40.06
BI100140,2024-07,TX,120,4807.2,40.06
BI100140,2024-07,MTN,104,4166.24,40.06
BI100140,2024-07,PSW,84,3365.04,40.06
BI100140,2024-07,PNW,116,4646.96,40.06
BI100140,2024-08,NE,105,4206.3,40.06
BI100140,2024-08,MA,119,4767.14,40.06
BI100140,2024-08,SE,84,3365.04,40.06
BI100140,2024-08,MW,127,5087.62,40.06
BI100140,2024-08,TX,125,5007.5,40.06
BI100140,2024-08,MTN,106,4246.36,40.06
BI100140,2024-08,PSW,80,3204.8,40.06
BI100140,2024-08,PNW,112,4486.72,40.06
BI100140,2024-09,NE,89,3565.34,40.06
BI100140,2024-09,MA,128,5127.68,40.06
BI100140,2024-09,SE,73,2924.38,40.06
BI100140,2024-09,MW,117,4687.02,40.06
BI100140,2024-09,TX,119,4767.14,40.06
BI100140,2024-09,MTN,89,3565.34,40.06
BI100140,2024-09,PSW,83,3324.98,40.06
BI100140,2024-09,PNW,93,3725.58,40.06
BI100140,2024-10,NE,93,3725.58,40.06
BI100140,2024-10,MA,117,4687.02,40.06
BI100140,2024-10,SE,75,3004.5,40.06
BI100140,2024-10,MW,110,4406.6,40.06
BI100140,2024-10,TX,96,3845.76,40.06
BI100140,2024-10,MTN,85,3405.1,40.06
BI100140,2024-10,PSW,75,3004.5,40.06
BI100140,2024-10,PNW,85,3405.1,40.06
BI100140,2024-11,NE,86,3445.16,40.06
BI100140,2024-11,MA,107,4286.42,40.06
BI100140,2024-11,SE,68,2724.08,40.06
BI100140,2024-11,MW,99,3965.94,40.06
BI100140,2024-11,TX,91,3645.46,40.06
BI100140,2024-11,MTN,79,3164.74,40.06
BI100140,2024-11,PSW,70,2804.2,40.06
BI100140,2024-11,PNW,83,3324.98,40.06
BI100140,2024-12,NE,78,3124.68,40.06
BI100140,2024-12,MA,98,3925.88,40.06
BI100140,2024-12,SE,62,2483.72,40.06
BI100140,2024-12,MW,93,3725.58,40.06
BI100140,2024-12,TX,99,3965.94,40.06
BI100140,2024-12,MTN,86,3445.16,40.06
BI100140,2024-12,PSW,71,2844.26,40.06
BI100140,2024-12,PNW,84,3365.04,40.06
BI100140,2025-01,NE,90,3605.4,40.06
BI100140,2025-01,MA,113,4526.78,40.06
BI100140,2025-01,SE,66,2643.96,40.06
BI100140,2025-01,MW,96,3845.76,40.06
BI100140,2025-01,TX,100,4006.0,40.06
BI100140,2025-01,MTN,90,3605.4,40.06
BI100140,2025-01,PSW,67,2684.02,40.06
BI100140,2025-01,PNW,86,3445.16,40.06
BI100140,2025-02,NE,89,3565.34,40.06
BI100140,2025-02,MA,106,4246.36,40.06
BI100140,2025-02,SE,72,2884.32,40.06
BI100140,2025-02,MW,110,4406.6,40.06
BI100140,2025-02,TX,103,4126.18,40.06
BI100140,2025-02,MTN,89,3565.34,40.06
BI100140,2025-02,PSW,80,3204.8,40.06
BI100140,2025-02,PNW,94,3765.64,40.06
BI100140,2025-03,NE,91,3645.46,40.06
BI100140,2025-03,MA,118,4727.08,40.06
BI100140,2025-03,SE,74,2964.44,40.06
BI100140,2025-03,MW,115,4606.9,40.06
BI100140,2025-03,TX,121,4847.26,40.06
BI100140,2025-03,MTN,98,3925.88,40.06
BI100140,2025-03,PSW,84,3365.04,40.06
BI100140,2025-03,PNW,107,4286.42,40.06
BI100140,2025-04,NE,100,4006.0,40.06
BI100140,2025-04,MA,132,5287.92,40.06
BI100140,2025-04,SE,81,3244.86,40.06
BI100140,2025-04,MW,129,5167.74,40.06
BI100140,2025-04,TX,122,4887.32,40.06
BI100140,2025-04,MTN,109,4366.54,40.06
BI100140,2025-04,PSW,84,3365.04,40.06
BI100140,2025-04,PNW,105,4206.3,40.06
BI100140,2025-05,NE,112,4486.72,40.06
BI100140,2025-05,MA,137,5488.22,40.06
BI100140,2025-05,SE,88,3525.28,40.06
BI100140,2025-05,MW,126,5047.56,40.06
BI100140,2025-05,TX,140,5608.4,40.06
BI100140,2025-05,MTN,119,4767.14,40.06
BI100140,2025-05,PSW,95,3805.7,40.06
BI100140,2025-05,PNW,113,4526.78,40.06
BI100140,2025-06,NE,125,5007.5,40.06
BI100140,2025-06,MA,151,6049.06,40.06
BI100140,2025-06,SE,91,3645.46,40.06
BI100140,2025-06,MW,134,5368.04,40.06
BI100140,2025-06,TX,134,5368.04,40.06
BI100140,2025-06,MTN,120,4807.2,40.06
BI100140,2025-06,PSW,104,4166.24,40.06
BI100140,2025-06,PNW,119,4767.14,40.06
BI100140,2025-07,NE,111,4446.66,40.06
BI100140,2025-07,MA,153,6129.18,40.06
BI100140,2025-07,SE,94,3765.64,40.06
BI100140,2025-07,MW,128,5127.68,40.06
BI100140,2025-07,TX,125,5007.5,40.06
BI100140,2025-07,MTN,111,4446.66,40.06
BI100140,2025-07,PSW,92,3685.52,40.06
BI100140,2025-07,PNW,115,4606.9,40.06
BI100140,2025-08,NE,114,4566.84,40.06
BI100140,2025-08,MA,141,5648.46,40.06
BI100140,2025-08,SE,88,3525.28,40.06
BI100140,2025-08,MW,129,5167.74,40.06
BI100140,2025-08,TX,122,4887.32,40.06
BI100140,2025-08,MTN,117,4687.02,40.06
BI100140,2025-08,PSW,87,3485.22,40.06
BI100140,2025-08,PNW,106,4246.36,40.06
BI100140,2025-09,NE,109,4366.54,40.06
BI100140,2025-09,MA,124,4967.44,40.06
BI100140,2025-09,SE,53,2123.18,40.06
BI100140,2025-09,MW,114,4566.84,40.06
BI100140,2025-09,TX,122,4887.32,40.06
BI100140,2025-09,MTN,102,4086.12,40.06
BI100140,2025-09,PSW,92,3685.52,40.06
BI100140,2025-09,PNW,109,4366.54,40.06
BI100140,2025-10,NE,100,4006.0,40.06
BI100140,2025-10,MA,120,4807.2,40.06
BI100140,2025-10,SE,49,1962.94,40.06
BI100140,2025-10,MW,106,4246.36,40.06
BI100140,2025-10,TX,119,4767.14,40.06
BI100140,2025-10,MTN,96,3845.76,40.06
BI100140,2025-10,PSW,75,3004.5,40.06
BI100140,2025-10,PNW,96,3845.76,40.06
BI100140,2025-11,NE,86,3445.16,40.06
BI100140,2025-11,MA,112,4486.72,40.06
BI100140,2025-11,SE,46,1842.76,40.06
BI100140,2025-11,MW,105,4206.3,40.06
BI100140,2025-11,TX,104,4166.24,40.06
BI100140,2025-11,MTN,86,3445.16,40.06
BI100140,2025-11,PSW,75,3004.5,40.06
BI100140,2025-11,PNW,91,3645.46,40.06
BI100140,2025-12,NE,82,3284.92,40.06
BI100140,2025-12,MA,106,4246.36,40.06
BI100140,2025-12,SE,73,2924.38,40.06
BI100140,2025-12,MW,106,4246.36,40.06
BI100140,2025-12,TX,110,4406.6,40.06
BI100140,2025-12,MTN,92,3685.52,40.06
BI100140,2025-12,PSW,78,3124.68,40.06
BI100140,2025-12,PNW,97,3885.82,40.06
BI100147,2024-01,NE,18,2394.0,133.0
BI100147,2024-01,MA,11,1463.0,133.0
BI100147,2024-01,SE,12,1596.0,133.0
BI100147,2024-01,MW,16,2128.0,133.0
BI100147,2024-01,TX,13,1729.0,133.0
BI100147,2024-01,MTN,17,2261.0,133.0
BI100147,2024-01,PSW,14,1862.0,133.0
BI100147,2024-01,PNW,16,2128.0,133.0
BI100147,2024-02,NE,18,2394.0,133.0
BI100147,2024-02,MA,12,1596.0,133.0
BI100147,2024-02,SE,13,1729.0,133.0
BI100147,2024-02,MW,18,2394.0,133.0
BI100147,2024-02,TX,16,2128.0,133.0
BI100147,2024-02,MTN,20,2660.0,133.0
BI100147,2024-02,PSW,13,1729.0,133.0
BI100147,2024-02,PNW,16,2128.0,133.0
BI100147,2024-03,NE,22,2926.0,133.0
BI100147,2024-03,MA,13,1729.0,133.0
BI100147,2024-03,SE,13,1729.0,133.0
BI100147,2024-03,MW,21,2793.0,133.0
BI100147,2024-03,TX,17,2261.0,133.0
BI100147,2024-03,MTN,20,2660.0,133.0
BI100147,2024-03,PSW,14,1862.0,133.0
BI100147,2024-03,PNW,19,2527.0,133.0
BI100147,2024-04,NE,21,2793.0,133.0
BI100147,2024-04,MA,15,1995.0,133.0
BI100147,2024-04,SE,15,1995.0,133.0
BI100147,2024-04,MW,22,2926.0,133.0
BI100147,2024-04,TX,16,2128.0,133.0
BI100147,2024-04,MTN,20,2660.0,133.0
BI100147,2024-04,PSW,17,2261.0,133.0
BI100147,2024-04,PNW,19,2527.0,133.0
BI100147,2024-05,NE,25,3325.0,133.0
BI100147,2024-05,MA,15,1995.0,133.0
BI100147,2024-05,SE,17,2261.0,133.0
BI100147,2024-05,MW,25,3325.0,133.0
BI100147,2024-05,TX,18,2394.0,133.0
BI100147,2024-05,MTN,24,3192.0,133.0
BI100147,2024-05,PSW,18,2394.0,133.0
BI100147,2024-05,PNW,20,2660.0,133.0
BI100147,2024-06,NE,24,3192.0,133.0
BI100147,2024-06,MA,14,1862.0,133.0
BI100147,2024-06,SE,16,2128.0,133.0
BI100147,2024-06,MW,23,3059.0,133.0
BI100147,2024-06,TX,20,2660.0,133.0
BI100147,2024-06,MTN,25,3325.0,133.0
BI100147,2024-06,PSW,17,2261.0,133.0
BI100147,2024-06,PNW,19,2527.0,133.0
BI100147,2024-07,NE,22,2926.0,133.0
BI100147,2024-07,MA,16,2128.0,133.0
BI100147,2024-07,SE,17,2261.0,133.0
BI100147,2024-07,MW,24,3192.0,133.0
BI100147,2024-07,TX,20,2660.0,133.0
BI100147,2024-07,MTN,22,2926.0,133.0
BI100147,2024-07,PSW,17,2261.0,133.0
BI100147,2024-07,PNW,21,2793.0,133.0
BI100147,2024-08,NE,23,3059.0,133.0
BI100147,2024-08,MA,14,1862.0,133.0
BI100147,2024-08,SE,15,1995.0,133.0
BI100147,2024-08,MW,24,3192.0,133.0
BI100147,2024-08,TX,17,2261.0,133.0
BI100147,2024-08,MTN,23,3059.0,133.0
BI100147,2024-08,PSW,17,2261.0,133.0
BI100147,2024-08,PNW,19,2527.0,133.0
BI100147,2024-09,NE,20,2660.0,133.0
BI100147,2024-09,MA,13,1729.0,133.0
BI100147,2024-09,SE,15,1995.0,133.0
BI100147,2024-09,MW,21,2793.0,133.0
BI100147,2024-09,TX,18,2394.0,133.0
BI100147,2024-09,MTN,20,2660.0,133.0
BI100147,2024-09,PSW,15,1995.0,133.0
BI100147,2024-09,PNW,19,2527.0,133.0
BI100147,2024-10,NE,18,2394.0,133.0
BI100147,2024-10,MA,12,1596.0,133.0
BI100147,2024-10,SE,15,1995.0,133.0
BI100147,2024-10,MW,21,2793.0,133.0
BI100147,2024-10,TX,16,2128.0,133.0
BI100147,2024-10,MTN,20,2660.0,133.0
BI100147,2024-10,PSW,15,1995.0,133.0
BI100147,2024-10,PNW,18,2394.0,133.0
BI100147,2024-11,NE,18,2394.0,133.0
BI100147,2024-11,MA,12,1596.0,133.0
BI100147,2024-11,SE,14,1862.0,133.0
BI100147,2024-11,MW,20,2660.0,133.0
BI100147,2024-11,TX,15,1995.0,133.0
BI100147,2024-11,MTN,20,2660.0,133.0
BI100147,2024-11,PSW,14,1862.0,133.0
BI100147,2024-11,PNW,16,2128.0,133.0
BI100147,2024-12,NE,19,2527.0,133.0
BI100147,2024-12,MA,11,1463.0,133.0
BI100147,2024-12,SE,12,1596.0,133.0
BI100147,2024-12,MW,19,2527.0,133.0
BI100147,2024-12,TX,14,1862.0,133.0
BI100147,2024-12,MTN,20,2660.0,133.0
BI100147,2024-12,PSW,13,1729.0,133.0
BI100147,2024-12,PNW,17,2261.0,133.0
BI100147,2025-01,NE,18,2394.0,133.0
BI100147,2025-01,MA,12,1596.0,133.0
BI100147,2025-01,SE,14,1862.0,133.0
BI100147,2025-01,MW,19,2527.0,133.0
BI100147,2025-01,TX,16,2128.0,133.0
BI100147,2025-01,MTN,20,2660.0,133.0
BI100147,2025-01,PSW,14,1862.0,133.0
BI100147,2025-01,PNW,16,2128.0,133.0
BI100147,2025-02,NE,19,2527.0,133.0
BI100147,2025-02,MA,13,1729.0,133.0
BI100147,2025-02,SE,15,1995.0,133.0
BI100147,2025-02,MW,21,2793.0,133.0
BI100147,2025-02,TX,17,2261.0,133.0
BI100147,2025-02,MTN,20,2660.0,133.0
BI100147,2025-02,PSW,15,1995.0,133.0
BI100147,2025-02,PNW,16,2128.0,133.0
BI100147,2025-03,NE,23,3059.0,133.0
BI100147,2025-03,MA,14,1862.0,133.0
BI100147,2025-03,SE,16,2128.0,133.0
BI100147,2025-03,MW,21,2793.0,133.0
BI100147,2025-03,TX,19,2527.0,133.0
BI100147,2025-03,MTN,21,2793.0,133.0
BI100147,2025-03,PSW,16,2128.0,133.0
BI100147,2025-03,PNW,20,2660.0,133.0
BI100147,2025-04,NE,23,3059.0,133.0
BI100147,2025-04,MA,14,1862.0,133.0
BI100147,2025-04,SE,17,2261.0,133.0
BI100147,2025-04,MW,25,3325.0,133.0
BI100147,2025-04,TX,18,2394.0,133.0
BI100147,2025-04,MTN,24,3192.0,133.0
BI100147,2025-04,PSW,16,2128.0,133.0
BI100147,2025-04,PNW,21,2793.0,133.0
BI100147,2025-05,NE,24,3192.0,133.0
BI100147,2025-05,MA,17,2261.0,133.0
BI100147,2025-05,SE,18,2394.0,133.0
BI100147,2025-05,MW,25,3325.0,133.0
BI100147,2025-05,TX,20,2660.0,133.0
BI100147,2025-05,MTN,26,3458.0,133.0
BI100147,2025-05,PSW,19,2527.0,133.0
BI100147,2025-05,PNW,21,2793.0,133.0
BI100147,2025-06,NE,26,3458.0,133.0
BI100147,2025-06,MA,17,2261.0,133.0
BI100147,2025-06,SE,18,2394.0,133.0
BI100147,2025-06,MW,26,3458.0,133.0
BI100147,2025-06,TX,21,2793.0,133.0
BI100147,2025-06,MTN,26,3458.0,133.0
BI100147,2025-06,PSW,18,2394.0,133.0
BI100147,2025-06,PNW,24,3192.0,133.0
BI100147,2025-07,NE,26,3458.0,133.0
BI100147,2025-07,MA,17,2261.0,133.0
BI100147,2025-07,SE,18,2394.0,133.0
BI100147,2025-07,MW,25,3325.0,133.0
BI100147,2025-07,TX,21,2793.0,133.0
BI100147,2025-07,MTN,24,3192.0,133.0
BI100147,2025-07,PSW,19,2527.0,133.0
BI100147,2025-07,PNW,21,2793.0,133.0
BI100147,2025-08,NE,23,3059.0,133.0
BI100147,2025-08,MA,16,2128.0,133.0
BI100147,2025-08,SE,18,2394.0,133.0
BI100147,2025-08,MW,22,2926.0,133.0
BI100147,2025-08,TX,20,2660.0,133.0
BI100147,2025-08,MTN,24,3192.0,133.0
BI100147,2025-08,PSW,17,2261.0,133.0
BI100147,2025-08,PNW,21,2793.0,133.0
BI100147,2025-09,NE,21,2793.0,133.0
BI100147,2025-09,MA,13,1729.0,133.0
BI100147,2025-09,SE,10,1330.0,133.0
BI100147,2025-09,MW,22,2926.0,133.0
BI100147,2025-09,TX,19,2527.0,133.0
BI100147,2025-09,MTN,22,2926.0,133.0
BI100147,2025-09,PSW,16,2128.0,133.0
BI100147,2025-09,PNW,19,2527.0,133.0
BI100147,2025-10,NE,20,2660.0,133.0
BI100147,2025-10,MA,14,1862.0,133.0
BI100147,2025-10,SE,8,1064.0,133.0
BI100147,2025-10,MW,20,2660.0,133.0
BI100147,2025-10,TX,17,2261.0,133.0
BI100147,2025-10,MTN,20,2660.0,133.0
BI100147,2025-10,PSW,14,1862.0,133.0
BI100147,2025-10,PNW,19,2527.0,133.0
BI100147,2025-11,NE,21,2793.0,133.0
BI100147,2025-11,MA,12,1596.0,133.0
BI100147,2025-11,SE,8,1064.0,133.0
BI100147,2025-11,MW,20,2660.0,133.0
BI100147,2025-11,TX,17,2261.0,133.0
BI100147,2025-11,MTN,19,2527.0,133.0
BI100147,2025-11,PSW,14,1862.0,133.0
BI100147,2025-11,PNW,17,2261.0,133.0
BI100147,2025-12,NE,19,2527.0,133.0
BI100147,2025-12,MA,13,1729.0,133.0
BI100147,2025-12,SE,14,1862.0,133.0
BI100147,2025-12,MW,20,2660.0,133.0
BI100147,2025-12,TX,14,1862.0,133.0
BI100147,2025-12,MTN,18,2394.0,133.0
BI100147,2025-12,PSW,15,1995.0,133.0
BI100147,2025-12,PNW,17,2261.0,133.0
BI100154,2024-01,NE,41,4907.7,119.7
BI100154,2024-01,MA,35,4189.5,119.7
BI100154,2024-01,SE,38,4548.6,119.7
BI100154,2024-01,MW,43,5147.1,119.7
BI100154,2024-01,TX,47,5625.9,119.7
BI100154,2024-01,MTN,34,4069.8,119.7
BI100154,2024-01,PSW,38,4548.6,119.7
BI100154,2024-01,PNW,36,4309.2,119.7
BI100154,2024-02,NE,47,5625.9,119.7
BI100154,2024-02,MA,33,3950.1,119.7
BI100154,2024-02,SE,41,4907.7,119.7
BI100154,2024-02,MW,43,5147.1,119.7
BI100154,2024-02,TX,47,5625.9,119.7
BI100154,2024-02,MTN,35,4189.5,119.7
BI100154,2024-02,PSW,39,4668.3,119.7
BI100154,2024-02,PNW,41,4907.7,119.7
BI100154,2024-03,NE,53,6344.1,119.7
BI100154,2024-03,MA,40,4788.0,119.7
BI100154,2024-03,SE,46,5506.2,119.7
BI100154,2024-03,MW,45,5386.5,119.7
BI100154,2024-03,TX,51,6104.7,119.7
BI100154,2024-03,MTN,37,4428.9,119.7
BI100154,2024-03,PSW,40,4788.0,119.7
BI100154,2024-03,PNW,41,4907.7,119.7
BI100154,2024-04,NE,52,6224.4,119.7
BI100154,2024-04,MA,41,4907.7,119.7
BI100154,2024-04,SE,52,6224.4,119.7
BI100154,2024-04,MW,56,6703.2,119.7
BI100154,2024-04,TX,59,7062.3,119.7
BI100154,2024-04,MTN,41,4907.7,119.7
BI100154,2024-04,PSW,49,5865.3,119.7
BI100154,2024-04,PNW,42,5027.4,119.7
BI100154,2024-05,NE,58,6942.6,119.7
BI100154,2024-05,MA,46,5506.2,119.7
BI100154,2024-05,SE,59,7062.3,119.7
BI100154,2024-05,MW,54,6463.8,119.7
BI100154,2024-05,TX,63,7541.1,119.7
BI100154,2024-05,MTN,48,5745.6,119.7
BI100154,2024-05,PSW,51,6104.7,119.7
BI100154,2024-05,PNW,47,5625.9,119.7
BI100154,2024-06,NE,57,6822.9,119.7
BI100154,2024-06,MA,42,5027.4,119.7
BI100154,2024-06,SE,53,6344.1,119.7
BI100154,2024-06,MW,57,6822.9,119.7
BI100154,2024-06,TX,57,6822.9,119.7
BI100154,2024-06,MTN,46,5506.2,119.7
BI100154,2024-06,PSW,48,5745.6,119.7
BI100154,2024-06,PNW,51,6104.7,119.7
BI100154,2024-07,NE,58,6942.6,119.7
BI100154,2024-07,MA,44,5266.8,119.7
BI100154,2024-07,SE,57,6822.9,119.7
BI100154,2024-07,MW,56,6703.2,119.7
BI100154,2024-07,TX,59,7062.3,119.7
BI100154,2024-07,MTN,45,5386.5,119.7
BI100154,2024-07,PSW,52,6224.4,119.7
BI100154,2024-07,PNW,45,5386.5,119.7
BI100154,2024-08,NE,58,6942.6,119.7
BI100154,2024-08,MA,42,5027.4,119.7
BI100154,2024-08,SE,55,6583.5,119.7
BI100154,2024-08,MW,57,6822.9,119.7
BI100154,2024-08,TX,55,6583.5,119.7
BI100154,2024-08,MTN,40,4788.0,119.7
BI100154,2024-08,PSW,46,5506.2,119.7
BI100154,2024-08,PNW,42,5027.4,119.7
BI100154,2024-09,NE,54,6463.8,119.7
BI100154,2024-09,MA,40,4788.0,119.7
BI100154,2024-09,SE,46,5506.2,119.7
BI100154,2024-09,MW,48,5745.6,119.7
BI100154,2024-09,TX,55,6583.5,119.7
BI100154,2024-09,MTN,38,4548.6,119.7
BI100154,2024-09,PSW,48,5745.6,119.7
BI100154,2024-09,PNW,46,5506.2,119.7
BI100154,2024-10,NE,49,5865.3,119.7
BI100154,2024-10,MA,37,4428.9,119.7
BI100154,2024-10,SE,45,5386.5,119.7
BI100154,2024-10,MW,48,5745.6,119.7
BI100154,2024-10,TX,53,6344.1,119.7
BI100154,2024-10,MTN,41,4907.7,119.7
BI100154,2024-10,PSW,40,4788.0,119.7
BI100154,2024-10,PNW,41,4907.7,119.7
BI100154,2024-11,NE,49,5865.3,119.7
BI100154,2024-11,MA,35,4189.5,119.7
BI100154,2024-11,SE,41,4907.7,119.7
BI100154,2024-11,MW,48,5745.6,119.7
BI100154,2024-11,TX,48,5745.6,119.7
BI100154,2024-11,MTN,36,4309.2,119.7
BI100154,2024-11,PSW,40,4788.0,119.7
BI100154,2024-11,PNW,36,4309.2,119.7
BI100154,2024-12,NE,44,5266.8,119.7
BI100154,2024-12,MA,35,4189.5,119.7
BI100154,2024-12,SE,44,5266.8,119.7
BI100154,2024-12,MW,45,5386.5,119.7
BI100154,2024-12,TX,43,5147.1,119.7
BI100154,2024-12,MTN,34,4069.8,119.7
BI100154,2024-12,PSW,39,4668.3,119.7
BI100154,2024-12,PNW,36,4309.2,119.7
BI100154,2025-01,NE,48,5745.6,119.7
BI100154,2025-01,MA,36,4309.2,119.7
BI100154,2025-01,SE,44,5266.8,119.7
BI100154,2025-01,MW,46,5506.2,119.7
BI100154,2025-01,TX,51,6104.7,119.7
BI100154,2025-01,MTN,36,4309.2,119.7
BI100154,2025-01,PSW,37,4428.9,119.7
BI100154,2025-01,PNW,41,4907.7,119.7
BI100154,2025-02,NE,47,5625.9,119.7
BI100154,2025-02,MA,35,4189.5,119.7
BI100154,2025-02,SE,44,5266.8,119.7
BI100154,2025-02,MW,50,5985.0,119.7
BI100154,2025-02,TX,52,6224.4,119.7
BI100154,2025-02,MTN,41,4907.7,119.7
BI100154,2025-02,PSW,41,4907.7,119.7
BI100154,2025-02,PNW,43,5147.1,119.7
BI100154,2025-03,NE,52,6224.4,119.7
BI100154,2025-03,MA,39,4668.3,119.7
BI100154,2025-03,SE,55,6583.5,119.7
BI100154,2025-03,MW,50,5985.0,119.7
BI100154,2025-03,TX,51,6104.7,119.7
BI100154,2025-03,MTN,39,4668.3,119.7
BI100154,2025-03,PSW,46,5506.2,119.7
BI100154,2025-03,PNW,46,5506.2,119.7
BI100154,2025-04,NE,62,7421.4,119.7
BI100154,2025-04,MA,44,5266.8,119.7
BI100154,2025-04,SE,56,6703.2,119.7
BI100154,2025-04,MW,52,6224.4,119.7
BI100154,2025-04,TX,62,7421.4,119.7
BI100154,2025-04,MTN,43,5147.1,119.7
BI100154,2025-04,PSW,46,5506.2,119.7
BI100154,2025-04,PNW,48,5745.6,119.7
BI100154,2025-05,NE,65,7780.5,119.7
BI100154,2025-05,MA,50,5985.0,119.7
BI100154,2025-05,SE,55,6583.5,119.7
BI100154,2025-05,MW,55,6583.5,119.7
BI100154,2025-05,TX,62,7421.4,119.7
BI100154,2025-05,MTN,49,5865.3,119.7
BI100154,2025-05,PSW,49,5865.3,119.7
BI100154,2025-05,PNW,51,6104.7,119.7
BI100154,2025-06,NE,66,7900.2,119.7
BI100154,2025-06,MA,49,5865.3,119.7
BI100154,2025-06,SE,62,7421.4,119.7
BI100154,2025-06,MW,62,7421.4,119.7
BI100154,2025-06,TX,60,7182.0,119.7
BI100154,2025-06,MTN,50,5985.0,119.7
BI100154,2025-06,PSW,57,6822.9,119.7
BI100154,2025-06,PNW,52,6224.4,119.7
BI100154,2025-07,NE,59,7062.3,119.7
BI100154,2025-07,MA,48,5745.6,119.7
BI100154,2025-07,SE,60,7182.0,119.7
BI100154,2025-07,MW,63,7541.1,119.7
BI100154,2025-07,TX,59,7062.3,119.7
BI100154,2025-07,MTN,48,5745.6,119.7
BI100154,2025-07,PSW,54,6463.8,119.7
BI100154,2025-07,PNW,49,5865.3,119.7
BI100154,2025-08,NE,59,7062.3,119.7
BI100154,2025-08,MA,44,5266.8,119.7
BI100154,2025-08,SE,54,6463.8,119.7
BI100154,2025-08,MW,53,6344.1,119.7
BI100154,2025-08,TX,64,7660.8,119.7
BI100154,2025-08,MTN,49,5865.3,119.7
BI100154,2025-08,PSW,51,6104.7,119.7
BI100154,2025-08,PNW,48,5745.6,119.7
BI100154,2025-09,NE,59,7062.3,119.7
BI100154,2025-09,MA,43,5147.1,119.7
BI100154,2025-09,SE,33,3950.1,119.7
BI100154,2025-09,MW,55,6583.5,119.7
BI100154,2025-09,TX,59,7062.3,119.7
BI100154,2025-09,MTN,46,5506.2,119.7
BI100154,2025-09,PSW,44,5266.8,119.7
BI100154,2025-09,PNW,44,5266.8,119.7
BI100154,2025-10,NE,52,6224.4,119.7
BI100154,2025-10,MA,42,5027.4,119.7
BI100154,2025-10,SE,30,3591.0,119.7
BI100154,2025-10,MW,52,6224.4,119.7
BI100154,2025-10,TX,55,6583.5,119.7
BI100154,2025-10,MTN,43,5147.1,119.7
BI100154,2025-10,PSW,44,5266.8,119.7
BI100154,2025-10,PNW,44,5266.8,119.7
BI100154,2025-11,NE,52,6224.4,119.7
BI100154,2025-11,MA,37,4428.9,119.7
BI100154,2025-11,SE,26,3112.2,119.7
BI100154,2025-11,MW,46,5506.2,119.7
BI100154,2025-11,TX,53,6344.1,119.7
BI100154,2025-11,MTN,37,4428.9,119.7
BI100154,2025-11,PSW,43,5147.1,119.7
BI100154,2025-11,PNW,41,4907.7,119.7
BI100154,2025-12,NE,50,5985.0,119.7
BI100154,2025-12,MA,36,4309.2,119.7
BI100154,2025-12,SE,48,5745.6,119.7
BI100154,2025-12,MW,46,5506.2,119.7
BI100154,2025-12,TX,50,5985.0,119.7
BI100154,2025-12,MTN,39,4668.3,119.7
BI100154,2025-12,PSW,39,4668.3,119.7
BI100154,2025-12,PNW,41,4907.7,119.7
BI100161,2024-01,NE,63,10529.82,167.14
BI100161,2024-01,MA,54,9025.56,167.14
BI100161,2024-01,SE,61,10195.54,167.14
BI100161,2024-01,MW,50,8357.0,167.14
BI100161,2024-01,TX,72,12034.08,167.14
BI100161,2024-01,MTN,53,8858.42,167.14
BI100161,2024-01,PSW,43,7187.02,167.14
BI100161,2024-01,PNW,40,6685.6,167.14
BI100161,2024-02,NE,66,11031.24,167.14
BI100161,2024-02,MA,58,9694.12,167.14
BI100161,2024-02,SE,67,11198.38,167.14
BI100161,2024-02,MW,52,8691.28,167.14
BI100161,2024-02,TX,74,12368.36,167.14
BI100161,2024-02,MTN,56,9359.84,167.14
BI100161,2024-02,PSW,48,8022.72,167.14
BI100161,2024-02,PNW,47,7855.58,167.14
BI100161,2024-03,NE,76,12702.64,167.14
BI100161,2024-03,MA,59,9861.26,167.14
BI100161,2024-03,SE,69,11532.66,167.14
BI100161,2024-03,MW,61,10195.54,167.14
BI100161,2024-03,TX,73,12201.22,167.14
BI100161,2024-03,MTN,66,11031.24,167.14
BI100161,2024-03,PSW,48,8022.72,167.14
BI100161,2024-03,PNW,48,8022.72,167.14
BI100161,2024-04,NE,85,14206.9,167.14
BI100161,2024-04,MA,72,12034.08,167.14
BI100161,2024-04,SE,68,11365.52,167.14
BI100161,2024-04,MW,61,10195.54,167.14
BI100161,2024-04,TX,87,14541.18,167.14
BI100161,2024-04,MTN,63,10529.82,167.14
BI100161,2024-04,PSW,56,9359.84,167.14
BI100161,2024-04,PNW,55,9192.7,167.14
BI100161,2024-05,NE,86,14374.04,167.14
BI100161,2024-05,MA,68,11365.52,167.14
BI100161,2024-05,SE,82,13705.48,167.14
BI100161,2024-05,MW,66,11031.24,167.14
BI100161,2024-05,TX,95,15878.3,167.14
BI100161,2024-05,MTN,73,12201.22,167.14
BI100161,2024-05,PSW,54,9025.56,167.14
BI100161,2024-05,PNW,58,9694.12,167.14
BI100161,2024-06,NE,95,15878.3,167.14
BI100161,2024-06,MA,71,11866.94,167.14
BI100161,2024-06,SE,79,13204.06,167.14
BI100161,2024-06,MW,70,11699.8,167.14
BI100161,2024-06,TX,95,15878.3,167.14
BI100161,2024-06,MTN,67,11198.38,167.14
BI100161,2024-06,PSW,59,9861.26,167.14
BI100161,2024-06,PNW,58,9694.12,167.14
BI100161,2024-07,NE,93,15544.02,167.14
BI100161,2024-07,MA,75,12535.5,167.14
BI100161,2024-07,SE,77,12869.78,167.14
BI100161,2024-07,MW,72,12034.08,167.14
BI100161,2024-07,TX,95,15878.3,167.14
BI100161,2024-07,MTN,77,12869.78,167.14
BI100161,2024-07,PSW,63,10529.82,167.14
BI100161,2024-07,PNW,57,9526.98,167.14
BI100161,2024-08,NE,83,13872.62,167.14
BI100161,2024-08,MA,64,10696.96,167.14
BI100161,2024-08,SE,75,12535.5,167.14
BI100161,2024-08,MW,69,11532.66,167.14
BI100161,2024-08,TX,87,14541.18,167.14
BI100161,2024-08,MTN,71,11866.94,167.14
BI100161,2024-08,PSW,56,9359.84,167.14
BI100161,2024-08,PNW,58,9694.12,167.14
BI100161,2024-09,NE,84,14039.76,167.14
BI100161,2024-09,MA,68,11365.52,167.14
BI100161,2024-09,SE,75,12535.5,167.14
BI100161,2024-09,MW,60,10028.4,167.14
BI100161,2024-09,TX,77,12869.78,167.14
BI100161,2024-09,MTN,66,11031.24,167.14
BI100161,2024-09,PSW,53,8858.42,167.14
BI100161,2024-09,PNW,53,8858.42,167.14
BI100161,2024-10,NE,80,13371.2,167.14
BI100161,2024-10,MA,59,9861.26,167.14
BI100161,2024-10,SE,69,11532.66,167.14
BI100161,2024-10,MW,57,9526.98,167.14
BI100161,2024-10,TX,75,12535.5,167.14
BI100161,2024-10,MTN,60,10028.4,167.14
BI100161,2024-10,PSW,51,8524.14,167.14
BI100161,2024-10,PNW,44,7354.16,167.14
BI100161,2024-11,NE,66,11031.24,167.14
BI100161,2024-11,MA,56,9359.84,167.14
BI100161,2024-11,SE,58,9694.12,167.14
BI100161,2024-11,MW,57,9526.98,167.14
BI100161,2024-11,TX,67,11198.38,167.14
BI100161,2024-11,MTN,58,9694.12,167.14
BI100161,2024-11,PSW,47,7855.58,167.14
BI100161,2024-11,PNW,47,7855.58,167.14
BI100161,2024-12,NE,65,10864.1,167.14
BI100161,2024-12,MA,59,9861.26,167.14
BI100161,2024-12,SE,58,9694.12,167.14
BI100161,2024-12,MW,50,8357.0,167.14
BI100161,2024-12,TX,65,10864.1,167.14
BI100161,2024-12,MTN,52,8691.28,167.14
BI100161,2024-12,PSW,49,8189.86,167.14
BI100161,2024-12,PNW,45,7521.3,167.14
BI100161,2025-01,NE,68,11365.52,167.14
BI100161,2025-01,MA,54,9025.56,167.14
BI100161,2025-01,SE,60,10028.4,167.14
BI100161,2025-01,MW,51,8524.14,167.14
BI100161,2025-01,TX,76,12702.64,167.14
BI100161,2025-01,MTN,56,9359.84,167.14
BI100161,2025-01,PSW,47,7855.58,167.14
BI100161,2025-01,PNW,45,7521.3,167.14
BI100161,2025-02,NE,82,13705.48,167.14
BI100161,2025-02,MA,61,10195.54,167.14
BI100161,2025-02,SE,70,11699.8,167.14
BI100161,2025-02,MW,60,10028.4,167.14
BI100161,2025-02,TX,83,13872.62,167.14
BI100161,2025-02,MTN,59,9861.26,167.14
BI100161,2025-02,PSW,50,8357.0,167.14
BI100161,2025-02,PNW,50,8357.0,167.14
BI100161,2025-03,NE,83,13872.62,167.14
BI100161,2025-03,MA,62,10362.68,167.14
BI100161,2025-03,SE,69,11532.66,167.14
BI100161,2025-03,MW,66,11031.24,167.14
BI100161,2025-03,TX,85,14206.9,167.14
BI100161,2025-03,MTN,67,11198.38,167.14
BI100161,2025-03,PSW,56,9359.84,167.14
BI100161,2025-03,PNW,53,8858.42,167.14
BI100161,2025-04,NE,87,14541.18,167.14
BI100161,2025-04,MA,69,11532.66,167.14
BI100161,2025-04,SE,73,12201.22,167.14
BI100161,2025-04,MW,73,12201.22,167.14
BI100161,2025-04,TX,88,14708.32,167.14
BI100161,2025-04,MTN,75,12535.5,167.14
BI100161,2025-04,PSW,57,9526.98,167.14
BI100161,2025-04,PNW,54,9025.56,167.14
BI100161,2025-05,NE,99,16546.86,167.14
BI100161,2025-05,MA,78,13036.92,167.14
BI100161,2025-05,SE,89,14875.46,167.14
BI100161,2025-05,MW,77,12869.78,167.14
BI100161,2025-05,TX,94,15711.16,167.14
BI100161,2025-05,MTN,74,12368.36,167.14
BI100161,2025-05,PSW,63,10529.82,167.14
BI100161,2025-05,PNW,55,9192.7,167.14
BI100161,2025-06,NE,96,16045.44,167.14
BI100161,2025-06,MA,79,13204.06,167.14
BI100161,2025-06,SE,91,15209.74,167.14
BI100161,2025-06,MW,79,13204.06,167.14
BI100161,2025-06,TX,95,15878.3,167.14
BI100161,2025-06,MTN,77,12869.78,167.14
BI100161,2025-06,PSW,59,9861.26,167.14
BI100161,2025-06,PNW,58,9694.12,167.14
BI100161,2025-07,NE,101,16881.14,167.14
BI100161,2025-07,MA,78,13036.92,167.14
BI100161,2025-07,SE,77,12869.78,167.14
BI100161,2025-07,MW,69,11532.66,167.14
BI100161,2025-07,TX,105,17549.7,167.14
BI100161,2025-07,MTN,79,13204.06,167.14
BI100161,2025-07,PSW,68,11365.52,167.14
BI100161,2025-07,PNW,63,10529.82,167.14
BI100161,2025-08,NE,89,14875.46,167.14
BI100161,2025-08,MA,69,11532.66,167.14
BI100161,2025-08,SE,76,12702.64,167.14
BI100161,2025-08,MW,65,10864.1,167.14
BI100161,2025-08,TX,91,15209.74,167.14
BI100161,2025-08,MTN,69,11532.66,167.14
BI100161,2025-08,PSW,61,10195.54,167.14
BI100161,2025-08,PNW,60,10028.4,167.14
BI100161,2025-09,NE,83,13872.62,167.14
BI100161,2025-09,MA,73,12201.22,167.14
BI100161,2025-09,SE,42,7019.88,167.14
BI100161,2025-09,MW,70,11699.8,167.14
BI100161,2025-09,TX,91,15209.74,167.14
BI100161,2025-09,MTN,64,10696.96,167.14
BI100161,2025-09,PSW,54,9025.56,167.14
BI100161,2025-09,PNW,54,9025.56,167.14
BI100161,2025-10,NE,83,13872.62,167.14
BI100161,2025-10,MA,63,10529.82,167.14
BI100161,2025-10,SE,40,6685.6,167.14
BI100161,2025-10,MW,62,10362.68,167.14
BI100161,2025-10,TX,76,12702.64,167.14
BI100161,2025-10,MTN,65,10864.1,167.14
BI100161,2025-10,PSW,50,8357.0,167.14
BI100161,2025-10,PNW,46,7688.44,167.14
BI100161,2025-11,NE,72,12034.08,167.14
BI100161,2025-11,MA,65,10864.1,167.14
BI100161,2025-11,SE,38,6351.32,167.14
BI100161,2025-11,MW,56,9359.84,167.14
BI100161,2025-11,TX,76,12702.64,167.14
BI100161,2025-11,MTN,64,10696.96,167.14
BI100161,2025-11,PSW,52,8691.28,167.14
BI100161,2025-11,PNW,47,7855.58,167.14
BI100161,2025-12,NE,70,11699.8,167.14
BI100161,2025-12,MA,59,9861.26,167.14
BI100161,2025-12,SE,63,10529.82,167.14
BI100161,2025-12,MW,53,8858.42,167.14
BI100161,2025-12,TX,77,12869.78,167.14
BI100161,2025-12,MTN,56,9359.84,167.14
BI100161,2025-12,PSW,46,7688.44,167.14
BI100161,2025-12,PNW,44,7354.16,167.14
BI100168,2024-01,NE,35,4127.55,117.93
BI100168,2024-01,MA,25,2948.25,117.93
BI100168,2024-01,SE,29,3419.97,117.93
BI100168,2024-01,MW,24,2830.32,117.93
BI100168,2024-01,TX,27,3184.11,117.93
BI100168,2024-01,MTN,27,3184.11,117.93
BI100168,2024-01,PSW,28,3302.04,117.93
BI100168,2024-01,PNW,26,3066.18,117.93
BI100168,2024-02,NE,37,4363.41,117.93
BI100168,2024-02,MA,26,3066.18,117.93
BI100168,2024-02,SE,31,3655.83,117.93
BI100168,2024-02,MW,25,2948.25,117.93
BI100168,2024-02,TX,29,3419.97,117.93
BI100168,2024-02,MTN,28,3302.04,117.93
BI100168,2024-02,PSW,32,3773.76,117.93
BI100168,2024-02,PNW,30,3537.9,117.93
BI100168,2024-03,NE,40,4717.2,117.93
BI100168,2024-03,MA,30,3537.9,117.93
BI100168,2024-03,SE,31,3655.83,117.93
BI100168,2024-03,MW,29,3419.97,117.93
BI100168,2024-03,TX,32,3773.76,117.93
BI100168,2024-03,MTN,28,3302.04,117.93
BI100168,2024-03,PSW,34,4009.62,117.93
BI100168,2024-03,PNW,33,3891.69,117.93
BI100168,2024-04,NE,41,4835.13,117.93
BI100168,2024-04,MA,32,3773.76,117.93
BI100168,2024-04,SE,37,4363.41,117.93
BI100168,2024-04,MW,30,3537.9,117.93
BI100168,2024-04,TX,32,3773.76,117.93
BI100168,2024-04,MTN,30,3537.9,117.93
BI100168,2024-04,PSW,35,4127.55,117.93
BI100168,2024-04,PNW,36,4245.48,117.93
BI100168,2024-05,NE,41,4835.13,117.93
BI100168,2024-05,MA,35,4127.55,117.93
BI100168,2024-05,SE,37,4363.41,117.93
BI100168,2024-05,MW,29,3419.97,117.93
BI100168,2024-05,TX,35,4127.55,117.93
BI100168,2024-05,MTN,36,4245.48,117.93
BI100168,2024-05,PSW,37,4363.41,117.93
BI100168,2024-05,PNW,36,4245.48,117.93
BI100168,2024-06,NE,42,4953.06,117.93
BI100168,2024-06,MA,35,4127.55,117.93
BI100168,2024-06,SE,39,4599.27,117.93
BI100168,2024-06,MW,30,3537.9,117.93
BI100168,2024-06,TX,37,4363.41,117.93
BI100168,2024-06,MTN,38,4481.34,117.93
BI100168,2024-06,PSW,38,4481.34,117.93
BI100168,2024-06,PNW,34,4009.62,117.93
BI100168,2024-07,NE,45,5306.85,117.93
BI100168,2024-07,MA,36,4245.48,117.93
BI100168,2024-07,SE,35,4127.55,117.93
BI100168,2024-07,MW,31,3655.83,117.93
BI100168,2024-07,TX,37,4363.41,117.93
BI100168,2024-07,MTN,36,4245.48,117.93
BI100168,2024-07,PSW,39,4599.27,117.93
BI100168,2024-07,PNW,34,4009.62,117.93
BI100168,2024-08,NE,44,5188.92,117.93
BI100168,2024-08,MA,34,4009.62,117.93
BI100168,2024-08,SE,38,4481.34,117.93
BI100168,2024-08,MW,32,3773.76,117.93
BI100168,2024-08,TX,32,3773.76,117.93
BI100168,2024-08,MTN,33,3891.69,117.93
BI100168,2024-08,PSW,34,4009.62,117.93
BI100168,2024-08,PNW,34,4009.62,117.93
BI100168,2024-09,NE,38,4481.34,117.93
BI100168,2024-09,MA,29,3419.97,117.93
BI100168,2024-09,SE,33,3891.69,117.93
BI100168,2024-09,MW,27,3184.11,117.93
BI100168,2024-09,TX,30,3537.9,117.93
BI100168,2024-09,MTN,33,3891.69,117.93
BI100168,2024-09,PSW,31,3655.83,117.93
BI100168,2024-09,PNW,34,4009.62,117.93
BI100168,2024-10,NE,36,4245.48,117.93
BI100168,2024-10,MA,29,3419.97,117.93
BI100168,2024-10,SE,33,3891.69,117.93
BI100168,2024-10,MW,24,2830.32,117.93
BI100168,2024-10,TX,27,3184.11,117.93
BI100168,2024-10,MTN,30,3537.9,117.93
BI100168,2024-10,PSW,32,3773.76,117.93
BI100168,2024-10,PNW,32,3773.76,117.93
BI100168,2024-11,NE,33,3891.69,117.93
BI100168,2024-11,MA,26,3066.18,117.93
BI100168,2024-11,SE,31,3655.83,117.93
BI100168,2024-11,MW,25,2948.25,117.93
BI100168,2024-11,TX,26,3066.18,117.93
BI100168,2024-11,MTN,26,3066.18,117.93
BI100168,2024-11,PSW,32,3773.76,117.93
BI100168,2024-11,PNW,30,3537.9,117.93
BI100168,2024-12,NE,37,4363.41,117.93
BI100168,2024-12,MA,25,2948.25,117.93
BI100168,2024-12,SE,30,3537.9,117.93
BI100168,2024-12,MW,25,2948.25,117.93
BI100168,2024-12,TX,26,3066.18,117.93
BI100168,2024-12,MTN,26,3066.18,117.93
BI100168,2024-12,PSW,27,3184.11,117.93
BI100168,2024-12,PNW,30,3537.9,117.93
BI100168,2025-01,NE,33,3891.69,117.93
BI100168,2025-01,MA,25,2948.25,117.93
BI100168,2025-01,SE,32,3773.76,117.93
BI100168,2025-01,MW,25,2948.25,117.93
BI100168,2025-01,TX,26,3066.18,117.93
BI100168,2025-01,MTN,28,3302.04,117.93
BI100168,2025-01,PSW,32,3773.76,117.93
BI100168,2025-01,PNW,29,3419.97,117.93
BI100168,2025-02,NE,40,4717.2,117.93
BI100168,2025-02,MA,27,3184.11,117.93
BI100168,2025-02,SE,33,3891.69,117.93
BI100168,2025-02,MW,29,3419.97,117.93
BI100168,2025-02,TX,29,3419.97,117.93
BI100168,2025-02,MTN,28,3302.04,117.93
BI100168,2025-02,PSW,33,3891.69,117.93
BI100168,2025-02,PNW,30,3537.9,117.93
BI100168,2025-03,NE,38,4481.34,117.93
BI100168,2025-03,MA,31,3655.83,117.93
BI100168,2025-03,SE,35,4127.55,117.93
BI100168,2025-03,MW,28,3302.04,117.93
BI100168,2025-03,TX,34,4009.62,117.93
BI100168,2025-03,MTN,30,3537.9,117.93
BI100168,2025-03,PSW,37,4363.41,117.93
BI100168,2025-03,PNW,36,4245.48,117.93
BI100168,2025-04,NE,44,5188.92,117.93
BI100168,2025-04,MA,33,3891.69,117.93
BI100168,2025-04,SE,36,4245.48,117.93
BI100168,2025-04,MW,30,3537.9,117.93
BI100168,2025-04,TX,34,4009.62,117.93
BI100168,2025-04,MTN,34,4009.62,117.93
BI100168,2025-04,PSW,36,4245.48,117.93
BI100168,2025-04,PNW,36,4245.48,117.93
BI100168,2025-05,NE,44,5188.92,117.93
BI100168,2025-05,MA,37,4363.41,117.93
BI100168,2025-05,SE,37,4363.41,117.93
BI100168,2025-05,MW,35,4127.55,117.93
BI100168,2025-05,TX,34,4009.62,117.93
BI100168,2025-05,MTN,39,4599.27,117.93
BI100168,2025-05,PSW,37,4363.41,117.93
BI100168,2025-05,PNW,36,4245.48,117.93
BI100168,2025-06,NE,48,5660.64,117.93
BI100168,2025-06,MA,37,4363.41,117.93
BI100168,2025-06,SE,43,5070.99,117.93
BI100168,2025-06,MW,32,3773.76,117.93
BI100168,2025-06,TX,37,4363.41,117.93
BI100168,2025-06,MTN,37,4363.41,117.93
BI100168,2025-06,PSW,41,4835.13,117.93
BI100168,2025-06,PNW,41,4835.13,117.93
BI100168,2025-07,NE,48,5660.64,117.93
BI100168,2025-07,MA,38,4481.34,117.93
BI100168,2025-07,SE,40,4717.2,117.93
BI100168,2025-07,MW,34,4009.62,117.93
BI100168,2025-07,TX,40,4717.2,117.93
BI100168,2025-07,MTN,37,4363.41,117.93
BI100168,2025-07,PSW,39,4599.27,117.93
BI100168,2025-07,PNW,40,4717.2,117.93
BI100168,2025-08,NE,43,5070.99,117.93
BI100168,2025-08,MA,34,4009.62,117.93
BI100168,2025-08,SE,37,4363.41,117.93
BI100168,2025-08,MW,31,3655.83,117.93
BI100168,2025-08,TX,34,4009.62,117.93
BI100168,2025-08,MTN,36,4245.48,117.93
BI100168,2025-08,PSW,39,4599.27,117.93
BI100168,2025-08,PNW,38,4481.34,117.93
BI100168,2025-09,NE,42,4953.06,117.93
BI100168,2025-09,MA,31,3655.83,117.93
BI100168,2025-09,SE,23,2712.39,117.93
BI100168,2025-09,MW,29,3419.97,117.93
BI100168,2025-09,TX,33,3891.69,117.93
BI100168,2025-09,MTN,33,3891.69,117.93
BI100168,2025-09,PSW,35,4127.55,117.93
BI100168,2025-09,PNW,37,4363.41,117.93
BI100168,2025-10,NE,38,4481.34,117.93
BI100168,2025-10,MA,31,3655.83,117.93
BI100168,2025-10,SE,21,2476.53,117.93
BI100168,2025-10,MW,28,3302.04,117.93
BI100168,2025-10,TX,32,3773.76,117.93
BI100168,2025-10,MTN,33,3891.69,117.93
BI100168,2025-10,PSW,36,4245.48,117.93
BI100168,2025-10,PNW,31,3655.83,117.93
BI100168,2025-11,NE,34,4009.62,117.93
BI100168,2025-11,MA,27,3184.11,117.93
BI100168,2025-11,SE,17,2004.81,117.93
BI100168,2025-11,MW,26,3066.18,117.93
BI100168,2025-11,TX,31,3655.83,117.93
BI100168,2025-11,MTN,27,3184.11,117.93
BI100168,2025-11,PSW,33,3891.69,117.93
BI100168,2025-11,PNW,32,3773.76,117.93
BI100168,2025-12,NE,39,4599.27,117.93
BI100168,2025-12,MA,26,3066.18,117.93
BI100168,2025-12,SE,31,3655.83,117.93
BI100168,2025-12,MW,27,3184.11,117.93
BI100168,2025-12,TX,27,3184.11,117.93
BI100168,2025-12,MTN,31,3655.83,117.93
BI100168,2025-12,PSW,32,3773.76,117.93
BI100168,2025-12,PNW,29,3419.97,117.93
BI100175,2024-01,NE,56,7555.52,134.92
BI100175,2024-01,MA,50,6746.0,134.92
BI100175,2024-01,SE,69,9309.48,134.92
BI100175,2024-01,MW,49,6611.08,134.92
BI100175,2024-01,TX,56,7555.52,134.92
BI100175,2024-01,MTN,63,8499.96,134.92
BI100175,2024-01,PSW,54,7285.68,134.92
BI100175,2024-01,PNW,72,9714.24,134.92
BI100175,2024-02,NE,55,7420.6,134.92
BI100175,2024-02,MA,57,7690.44,134.92
BI100175,2024-02,SE,67,9039.64,134.92
BI100175,2024-02,MW,47,6341.24,134.92
BI100175,2024-02,TX,57,7690.44,134.92
BI100175,2024-02,MTN,67,9039.64,134.92
BI100175,2024-02,PSW,54,7285.68,134.92
BI100175,2024-02,PNW,83,11198.36,134.92
BI100175,2024-03,NE,52,7015.84,134.92
BI100175,2024-03,MA,54,7285.68,134.92
BI100175,2024-03,SE,65,8769.8,134.92
BI100175,2024-03,MW,49,6611.08,134.92
BI100175,2024-03,TX,55,7420.6,134.92
BI100175,2024-03,MTN,69,9309.48,134.92
BI100175,2024-03,PSW,60,8095.2,134.92
BI100175,2024-03,PNW,79,10658.68,134.92
BI100175,2024-04,NE,50,6746.0,134.92
BI100175,2024-04,MA,55,7420.6,134.92
BI100175,2024-04,SE,66,8904.72,134.92
BI100175,2024-04,MW,51,6880.92,134.92
BI100175,2024-04,TX,54,7285.68,134.92
BI100175,2024-04,MTN,66,8904.72,134.92
BI100175,2024-04,PSW,58,7825.36,134.92
BI100175,2024-04,PNW,84,11333.28,134.92
BI100175,2024-05,NE,52,7015.84,134.92
BI100175,2024-05,MA,58,7825.36,134.92
BI100175,2024-05,SE,61,8230.12,134.92
BI100175,2024-05,MW,54,7285.68,134.92
BI100175,2024-05,TX,54,7285.68,134.92
BI100175,2024-05,MTN,72,9714.24,134.92
BI100175,2024-05,PSW,55,7420.6,134.92
BI100175,2024-05,PNW,74,9984.08,134.92
BI100175,2024-06,NE,51,6880.92,134.92
BI100175,2024-06,MA,54,7285.68,134.92
BI100175,2024-06,SE,69,9309.48,134.92
BI100175,2024-06,MW,49,6611.08,134.92
BI100175,2024-06,TX,53,7150.76,134.92
BI100175,2024-06,MTN,71,9579.32,134.92
BI100175,2024-06,PSW,62,8365.04,134.92
BI100175,2024-06,PNW,80,10793.6,134.92
BI100175,2024-07,NE,56,7555.52,134.92
BI100175,2024-07,MA,52,7015.84,134.92
BI100175,2024-07,SE,70,9444.4,134.92
BI100175,2024-07,MW,52,7015.84,134.92
BI100175,2024-07,TX,57,7690.44,134.92
BI100175,2024-07,MTN,67,9039.64,134.92
BI100175,2024-07,PSW,58,7825.36,134.92
BI100175,2024-07,PNW,75,10119.0,134.92
BI100175,2024-08,NE,55,7420.6,134.92
BI100175,2024-08,MA,55,7420.6,134.92
BI100175,2024-08,SE,69,9309.48,134.92
BI100175,2024-08,MW,56,7555.52,134.92
BI100175,2024-08,TX,53,7150.76,134.92
BI100175,2024-08,MTN,70,9444.4,134.92
BI100175,2024-08,PSW,63,8499.96,134.92
BI100175,2024-08,PNW,77,10388.84,134.92
BI100175,2024-09,NE,53,7150.76,134.92
BI100175,2024-09,MA,54,7285.68,134.92
BI100175,2024-09,SE,66,8904.72,134.92
BI100175,2024-09,MW,56,7555.52,134.92
BI100175,2024-09,TX,59,7960.28,134.92
BI100175,2024-09,MTN,78,10523.76,134.92
BI100175,2024-09,PSW,64,8634.88,134.92
BI100175,2024-09,PNW,83,11198.36,134.92
BI100175,2024-10,NE,51,6880.92,134.92
BI100175,2024-10,MA,52,7015.84,134.92
BI100175,2024-10,SE,63,8499.96,134.92
BI100175,2024-10,MW,51,6880.92,134.92
BI100175,2024-10,TX,60,8095.2,134.92
BI100175,2024-10,MTN,77,10388.84,134.92
BI100175,2024-10,PSW,59,7960.28,134.92
BI100175,2024-10,PNW,76,10253.92,134.92
BI100175,2024-11,NE,57,7690.44,134.92
BI100175,2024-11,MA,54,7285.68,134.92
BI100175,2024-11,SE,67,9039.64,134.92
BI100175,2024-11,MW,53,7150.76,134.92
BI100175,2024-11,TX,57,7690.44,134.92
BI100175,2024-11,MTN,76,10253.92,134.92
BI100175,2024-11,PSW,63,8499.96,134.92
BI100175,2024-11,PNW,85,11468.2,134.92
BI100175,2024-12,NE,53,7150.76,134.92
BI100175,2024-12,MA,60,8095.2,134.92
BI100175,2024-12,SE,70,9444.4,134.92
BI100175,2024-12,MW,57,7690.44,134.92
BI100175,2024-12,TX,61,8230.12,134.92
BI100175,2024-12,MTN,79,10658.68,134.92
BI100175,2024-12,PSW,66,8904.72,134.92
BI100175,2024-12,PNW,76,10253.92,134.92
BI100175,2025-01,NE,54,7285.68,134.92
BI100175,2025-01,MA,55,7420.6,134.92
BI100175,2025-01,SE,69,9309.48,134.92
BI100175,2025-01,MW,55,7420.6,134.92
BI100175,2025-01,TX,60,8095.2,134.92
BI100175,2025-01,MTN,77,10388.84,134.92
BI100175,2025-01,PSW,66,8904.72,134.92
BI100175,2025-01,PNW,78,10523.76,134.92
BI100175,2025-02,NE,59,7960.28,134.92
BI100175,2025-02,MA,60,8095.2,134.92
BI100175,2025-02,SE,73,9849.16,134.92
BI100175,2025-02,MW,50,6746.0,134.92
BI100175,2025-02,TX,58,7825.36,134.92
BI100175,2025-02,MTN,79,10658.68,134.92
BI100175,2025-02,PSW,58,7825.36,134.92
BI100175,2025-02,PNW,78,10523.76,134.92
BI100175,2025-03,NE,59,7960.28,134.92
BI100175,2025-03,MA,54,7285.68,134.92
BI100175,2025-03,SE,74,9984.08,134.92
BI100175,2025-03,MW,53,7150.76,134.92
BI100175,2025-03,TX,63,8499.96,134.92
BI100175,2025-03,MTN,74,9984.08,134.92
BI100175,2025-03,PSW,67,9039.64,134.92
BI100175,2025-03,PNW,86,11603.12,134.92
BI100175,2025-04,NE,57,7690.44,134.92
BI100175,2025-04,MA,61,8230.12,134.92
BI100175,2025-04,SE,71,9579.32,134.92
BI100175,2025-04,MW,56,7555.52,134.92
BI100175,2025-04,TX,57,7690.44,134.92
BI100175,2025-04,MTN,71,9579.32,134.92
BI100175,2025-04,PSW,68,9174.56,134.92
BI100175,2025-04,PNW,80,10793.6,134.92
BI100175,2025-05,NE,56,7555.52,134.92
BI100175,2025-05,MA,54,7285.68,134.92
BI100175,2025-05,SE,70,9444.4,134.92
BI100175,2025-05,MW,54,7285.68,134.92
BI100175,2025-05,TX,57,7690.44,134.92
BI100175,2025-05,MTN,77,10388.84,134.92
BI100175,2025-05,PSW,66,8904.72,134.92
BI100175,2025-05,PNW,81,10928.52,134.92
BI100175,2025-06,NE,58,7825.36,134.92
BI100175,2025-06,MA,63,8499.96,134.92
BI100175,2025-06,SE,69,9309.48,134.92
BI100175,2025-06,MW,54,7285.68,134.92
BI100175,2025-06,TX,61,8230.12,134.92
BI100175,2025-06,MTN,75,10119.0,134.92
BI100175,2025-06,PSW,63,8499.96,134.92
BI100175,2025-06,PNW,81,10928.52,134.92
BI100175,2025-07,NE,56,7555.52,134.92
BI100175,2025-07,MA,61,8230.12,134.92
BI100175,2025-07,SE,72,9714.24,134.92
BI100175,2025-07,MW,53,7150.76,134.92
BI100175,2025-07,TX,56,7555.52,134.92
BI100175,2025-07,MTN,73,9849.16,134.92
BI100175,2025-07,PSW,65,8769.8,134.92
BI100175,2025-07,PNW,81,10928.52,134.92
BI100175,2025-08,NE,59,7960.28,134.92
BI100175,2025-08,MA,59,7960.28,134.92
BI100175,2025-08,SE,70,9444.4,134.92
BI100175,2025-08,MW,52,7015.84,134.92
BI100175,2025-08,TX,56,7555.52,134.92
BI100175,2025-08,MTN,82,11063.44,134.92
BI100175,2025-08,PSW,70,9444.4,134.92
BI100175,2025-08,PNW,92,12412.64,134.92
BI100175,2025-09,NE,59,7960.28,134.92
BI100175,2025-09,MA,57,7690.44,134.92
BI100175,2025-09,SE,68,9174.56,134.92
BI100175,2025-09,MW,56,7555.52,134.92
BI100175,2025-09,TX,64,8634.88,134.92
BI100175,2025-09,MTN,77,10388.84,134.92
BI100175,2025-09,PSW,68,9174.56,134.92
BI100175,2025-09,PNW,81,10928.52,134.92
BI100175,2025-10,NE,57,7690.44,134.92
BI100175,2025-10,MA,61,8230.12,134.92
BI100175,2025-10,SE,69,9309.48,134.92
BI100175,2025-10,MW,55,7420.6,134.92
BI100175,2025-10,TX,62,8365.04,134.92
BI100175,2025-10,MTN,74,9984.08,134.92
BI100175,2025-10,PSW,67,9039.64,134.92
BI100175,2025-10,PNW,80,10793.6,134.92
BI100175,2025-11,NE,55,7420.6,134.92
BI100175,2025-11,MA,57,7690.44,134.92
BI100175,2025-11,SE,70,9444.4,134.92
BI100175,2025-11,MW,60,8095.2,134.92
BI100175,2025-11,TX,61,8230.12,134.92
BI100175,2025-11,MTN,82,11063.44,134.92
BI100175,2025-11,PSW,65,8769.8,134.92
BI100175,2025-11,PNW,92,12412.64,134.92
BI100175,2025-12,NE,55,7420.6,134.92
BI100175,2025-12,MA,65,8769.8,134.92
BI100175,2025-12,SE,76,10253.92,134.92
BI100175,2025-12,MW,60,8095.2,134.92
BI100175,2025-12,TX,59,7960.28,134.92
BI100175,2025-12,MTN,82,11063.44,134.92
BI100175,2025-12,PSW,63,8499.96,134.92
BI100175,2025-12,PNW,88,11872.96,134.92
BI100182,2024-01,NE,68,7006.72,103.04
BI100182,2024-01,MA,92,9479.68,103.04
BI100182,2024-01,SE,60,6182.4,103.04
BI100182,2024-01,MW,82,8449.28,103.04
BI100182,2024-01,TX,87,8964.48,103.04
BI100182,2024-01,MTN,88,9067.52,103.04
BI100182,2024-01,PSW,106,10922.24,103.04
BI100182,2024-01,PNW,101,10407.04,103.04
BI100182,2024-02,NE,75,7728.0,103.04
BI100182,2024-02,MA,86,8861.44,103.04
BI100182,2024-02,SE,61,6285.44,103.04
BI100182,2024-02,MW,86,8861.44,103.04
BI100182,2024-02,TX,94,9685.76,103.04
BI100182,2024-02,MTN,86,8861.44,103.04
BI100182,2024-02,PSW,107,11025.28,103.04
BI100182,2024-02,PNW,99,10200.96,103.04
BI100182,2024-03,NE,72,7418.88,103.04
BI100182,2024-03,MA,95,9788.8,103.04
BI100182,2024-03,SE,63,6491.52,103.04
BI100182,2024-03,MW,82,8449.28,103.04
BI100182,2024-03,TX,96,9891.84,103.04
BI100182,2024-03,MTN,88,9067.52,103.04
BI100182,2024-03,PSW,97,9994.88,103.04
BI100182,2024-03,PNW,103,10613.12,103.04
BI100182,2024-04,NE,68,7006.72,103.04
BI100182,2024-04,MA,87,8964.48,103.04
BI100182,2024-04,SE,68,7006.72,103.04
BI100182,2024-04,MW,89,9170.56,103.04
BI100182,2024-04,TX,98,10097.92,103.04
BI100182,2024-04,MTN,95,9788.8,103.04
BI100182,2024-04,PSW,108,11128.32,103.04
BI100182,2024-04,PNW,103,10613.12,103.04
BI100182,2024-05,NE,73,7521.92,103.04
BI100182,2024-05,MA,92,9479.68,103.04
BI100182,2024-05,SE,61,6285.44,103.04
BI100182,2024-05,MW,89,9170.56,103.04
BI100182,2024-05,TX,92,9479.68,103.04
BI100182,2024-05,MTN,100,10304.0,103.04
BI100182,2024-05,PSW,104,10716.16,103.04
BI100182,2024-05,PNW,98,10097.92,103.04
BI100182,2024-06,NE,72,7418.88,103.04
BI100182,2024-06,MA,86,8861.44,103.04
BI100182,2024-06,SE,66,6800.64,103.04
BI100182,2024-06,MW,92,9479.68,103.04
BI100182,2024-06,TX,97,9994.88,103.04
BI100182,2024-06,MTN,93,9582.72,103.04
BI100182,2024-06,PSW,98,10097.92,103.04
BI100182,2024-06,PNW,98,10097.92,103.04
BI100182,2024-07,NE,76,7831.04,103.04
BI100182,2024-07,MA,95,9788.8,103.04
BI100182,2024-07,SE,62,6388.48,103.04
BI100182,2024-07,MW,83,8552.32,103.04
BI100182,2024-07,TX,91,9376.64,103.04
BI100182,2024-07,MTN,90,9273.6,103.04
BI100182,2024-07,PSW,100,10304.0,103.04
BI100182,2024-07,PNW,104,10716.16,103.04
BI100182,2024-08,NE,68,7006.72,103.04
BI100182,2024-08,MA,91,9376.64,103.04
BI100182,2024-08,SE,69,7109.76,103.04
BI100182,2024-08,MW,89,9170.56,103.04
BI100182,2024-08,TX,100,10304.0,103.04
BI100182,2024-08,MTN,90,9273.6,103.04
BI100182,2024-08,PSW,102,10510.08,103.04
BI100182,2024-08,PNW,93,9582.72,103.04
BI100182,2024-09,NE,72,7418.88,103.04
BI100182,2024-09,MA,88,9067.52,103.04
BI100182,2024-09,SE,66,6800.64,103.04
BI100182,2024-09,MW,95,9788.8,103.04
BI100182,2024-09,TX,99,10200.96,103.04
BI100182,2024-09,MTN,98,10097.92,103.04
BI100182,2024-09,PSW,98,10097.92,103.04
BI100182,2024-09,PNW,102,10510.08,103.04
BI100182,2024-10,NE,74,7624.96,103.04
BI100182,2024-10,MA,101,10407.04,103.04
BI100182,2024-10,SE,73,7521.92,103.04
BI100182,2024-10,MW,89,9170.56,103.04
BI100182,2024-10,TX,97,9994.88,103.04
BI100182,2024-10,MTN,100,10304.0,103.04
BI100182,2024-10,PSW,97,9994.88,103.04
BI100182,2024-10,PNW,101,10407.04,103.04
BI100182,2024-11,NE,73,7521.92,103.04
BI100182,2024-11,MA,88,9067.52,103.04
BI100182,2024-11,SE,65,6697.6,103.04
BI100182,2024-11,MW,90,9273.6,103.04
BI100182,2024-11,TX,105,10819.2,103.04
BI100182,2024-11,MTN,97,9994.88,103.04
BI100182,2024-11,PSW,100,10304.0,103.04
BI100182,2024-11,PNW,98,10097.92,103.04
BI100182,2024-12,NE,70,7212.8,103.04
BI100182,2024-12,MA,100,10304.0,103.04
BI100182,2024-12,SE,68,7006.72,103.04
BI100182,2024-12,MW,84,8655.36,103.04
BI100182,2024-12,TX,101,10407.04,103.04
BI100182,2024-12,MTN,102,10510.08,103.04
BI100182,2024-12,PSW,100,10304.0,103.04
BI100182,2024-12,PNW,95,9788.8,103.04
BI100182,2025-01,NE,70,7212.8,103.04
BI100182,2025-01,MA,90,9273.6,103.04
BI100182,2025-01,SE,71,7315.84,103.04
BI100182,2025-01,MW,87,8964.48,103.04
BI100182,2025-01,TX,94,9685.76,103.04
BI100182,2025-01,MTN,103,10613.12,103.04
BI100182,2025-01,PSW,105,10819.2,103.04
BI100182,2025-01,PNW,96,9891.84,103.04
BI100182,2025-02,NE,80,8243.2,103.04
BI100182,2025-02,MA,98,10097.92,103.04
BI100182,2025-02,SE,72,7418.88,103.04
BI100182,2025-02,MW,87,8964.48,103.04
BI100182,2025-02,TX,93,9582.72,103.04
BI100182,2025-02,MTN,101,10407.04,103.04
BI100182,2025-02,PSW,102,10510.08,103.04
BI100182,2025-02,PNW,98,10097.92,103.04
BI100182,2025-03,NE,75,7728.0,103.04
BI100182,2025-03,MA,100,10304.0,103.04
BI100182,2025-03,SE,75,7728.0,103.04
BI100182,2025-03,MW,100,10304.0,103.04
BI100182,2025-03,TX,94,9685.76,103.04
BI100182,2025-03,MTN,98,10097.92,103.04
BI100182,2025-03,PSW,108,11128.32,103.04
BI100182,2025-03,PNW,107,11025.28,103.04
BI100182,2025-04,NE,74,7624.96,103.04
BI100182,2025-04,MA,100,10304.0,103.04
BI100182,2025-04,SE,76,7831.04,103.04
BI100182,2025-04,MW,90,9273.6,103.04
BI100182,2025-04,TX,103,10613.12,103.04
BI100182,2025-04,MTN,105,10819.2,103.04
BI100182,2025-04,PSW,115,11849.6,103.04
BI100182,2025-04,PNW,99,10200.96,103.04
BI100182,2025-05,NE,80,8243.2,103.04
BI100182,2025-05,MA,92,9479.68,103.04
BI100182,2025-05,SE,71,7315.84,103.04
BI100182,2025-05,MW,99,10200.96,103.04
BI100182,2025-05,TX,96,9891.84,103.04
BI100182,2025-05,MTN,105,10819.2,103.04
BI100182,2025-05,PSW,110,11334.4,103.04
BI100182,2025-05,PNW,104,10716.16,103.04
BI100182,2025-06,NE,74,7624.96,103.04
BI100182,2025-06,MA,92,9479.68,103.04
BI100182,2025-06,SE,75,7728.0,103.04
BI100182,2025-06,MW,100,10304.0,103.04
BI100182,2025-06,TX,106,10922.24,103.04
BI100182,2025-06,MTN,96,9891.84,103.04
BI100182,2025-06,PSW,105,10819.2,103.04
BI100182,2025-06,PNW,109,11231.36,103.04
BI100182,2025-07,NE,82,8449.28,103.04
BI100182,2025-07,MA,102,10510.08,103.04
BI100182,2025-07,SE,77,7934.08,103.04
BI100182,2025-07,MW,90,9273.6,103.04
BI100182,2025-07,TX,111,11437.44,103.04
BI100182,2025-07,MTN,94,9685.76,103.04
BI100182,2025-07,PSW,117,12055.68,103.04
BI100182,2025-07,PNW,98,10097.92,103.04
BI100182,2025-08,NE,81,8346.24,103.04
BI100182,2025-08,MA,93,9582.72,103.04
BI100182,2025-08,SE,72,7418.88,103.04
BI100182,2025-08,MW,101,10407.04,103.04
BI100182,2025-08,TX,96,9891.84,103.04
BI100182,2025-08,MTN,100,10304.0,103.04
BI100182,2025-08,PSW,113,11643.52,103.04
BI100182,2025-08,PNW,109,11231.36,103.04
BI100182,2025-09,NE,75,7728.0,103.04
BI100182,2025-09,MA,95,9788.8,103.04
BI100182,2025-09,SE,71,7315.84,103.04
BI100182,2025-09,MW,97,9994.88,103.04
BI100182,2025-09,TX,108,11128.32,103.04
BI100182,2025-09,MTN,109,11231.36,103.04
BI100182,2025-09,PSW,102,10510.08,103.04
BI100182,2025-09,PNW,102,10510.08,103.04
BI100182,2025-10,NE,76,7831.04,103.04
BI100182,2025-10,MA,94,9685.76,103.04
BI100182,2025-10,SE,76,7831.04,103.04
BI100182,2025-10,MW,92,9479.68,103.04
BI100182,2025-10,TX,99,10200.96,103.04
BI100182,2025-10,MTN,95,9788.8,103.04
BI100182,2025-10,PSW,119,12261.76,103.04
BI100182,2025-10,PNW,100,10304.0,103.04
BI100182,2025-11,NE,83,8552.32,103.04
BI100182,2025-11,MA,99,10200.96,103.04
BI100182,2025-11,SE,79,8140.16,103.04
BI100182,2025-11,MW,90,9273.6,103.04
BI100182,2025-11,TX,102,10510.08,103.04
BI100182,2025-11,MTN,106,10922.24,103.04
BI100182,2025-11,PSW,105,10819.2,103.04
BI100182,2025-11,PNW,101,10407.04,103.04
BI100182,2025-12,NE,82,8449.28,103.04
BI100182,2025-12,MA,108,11128.32,103.04
BI100182,2025-12,SE,75,7728.0,103.04
BI100182,2025-12,MW,95,9788.8,103.04
BI100182,2025-12,TX,102,10510.08,103.04
BI100182,2025-12,MTN,103,10613.12,103.04
BI100182,2025-12,PSW,108,11128.32,103.04
BI100182,2025-12,PNW,105,10819.2,103.04
BI100189,2024-01,NE,20,4178.8,208.94
BI100189,2024-01,MA,20,4178.8,208.94
BI100189,2024-01,SE,23,4805.62,208.94
BI100189,2024-01,MW,18,3760.92,208.94
BI100189,2024-01,TX,22,4596.68,208.94
BI100189,2024-01,MTN,17,3551.98,208.94
BI100189,2024-01,PSW,22,4596.68,208.94
BI100189,2024-01,PNW,22,4596.68,208.94
BI100189,2024-02,NE,21,4387.74,208.94
BI100189,2024-02,MA,20,4178.8,208.94
BI100189,2024-02,SE,23,4805.62,208.94
BI100189,2024-02,MW,19,3969.86,208.94
BI100189,2024-02,TX,22,4596.68,208.94
BI100189,2024-02,MTN,16,3343.04,208.94
BI100189,2024-02,PSW,24,5014.56,208.94
BI100189,2024-02,PNW,23,4805.62,208.94
BI100189,2024-03,NE,22,4596.68,208.94
BI100189,2024-03,MA,22,4596.68,208.94
BI100189,2024-03,SE,22,4596.68,208.94
BI100189,2024-03,MW,19,3969.86,208.94
BI100189,2024-03,TX,22,4596.68,208.94
BI100189,2024-03,MTN,17,3551.98,208.94
BI100189,2024-03,PSW,21,4387.74,208.94
BI100189,2024-03,PNW,22,4596.68,208.94
BI100189,2024-04,NE,21,4387.74,208.94
BI100189,2024-04,MA,20,4178.8,208.94
BI100189,2024-04,SE,24,5014.56,208.94
BI100189,2024-04,MW,20,4178.8,208.94
BI100189,2024-04,TX,23,4805.62,208.94
BI100189,2024-04,MTN,15,3134.1,208.94
BI100189,2024-04,PSW,24,5014.56,208.94
BI100189,2024-04,PNW,21,4387.74,208.94
BI100189,2024-05,NE,21,4387.74,208.94
BI100189,2024-05,MA,22,4596.68,208.94
BI100189,2024-05,SE,22,4596.68,208.94
BI100189,2024-05,MW,20,4178.8,208.94
BI100189,2024-05,TX,21,4387.74,208.94
BI100189,2024-05,MTN,16,3343.04,208.94
BI100189,2024-05,PSW,23,4805.62,208.94
BI100189,2024-05,PNW,22,4596.68,208.94
BI100189,2024-06,NE,21,4387.74,208.94
BI100189,2024-06,MA,22,4596.68,208.94
BI100189,2024-06,SE,24,5014.56,208.94
BI100189,2024-06,MW,19,3969.86,208.94
BI100189,2024-06,TX,21,4387.74,208.94
BI100189,2024-06,MTN,17,3551.98,208.94
BI100189,2024-06,PSW,25,5223.5,208.94
BI100189,2024-06,PNW,23,4805.62,208.94
BI100189,2024-07,NE,21,4387.74,208.94
BI100189,2024-07,MA,20,4178.8,208.94
BI100189,2024-07,SE,24,5014.56,208.94
BI100189,2024-07,MW,19,3969.86,208.94
BI100189,2024-07,TX,23,4805.62,208.94
BI100189,2024-07,MTN,17,3551.98,208.94
BI100189,2024-07,PSW,25,5223.5,208.94
BI100189,2024-07,PNW,23,4805.62,208.94
BI100189,2024-08,NE,23,4805.62,208.94
BI100189,2024-08,MA,22,4596.68,208.94
BI100189,2024-08,SE,25,5223.5,208.94
BI100189,2024-08,MW,20,4178.8,208.94
BI100189,2024-08,TX,21,4387.74,208.94
BI100189,2024-08,MTN,16,3343.04,208.94
BI100189,2024-08,PSW,25,5223.5,208.94
BI100189,2024-08,PNW,23,4805.62,208.94
BI100189,2024-09,NE,21,4387.74,208.94
BI100189,2024-09,MA,22,4596.68,208.94
BI100189,2024-09,SE,22,4596.68,208.94
BI100189,2024-09,MW,21,4387.74,208.94
BI100189,2024-09,TX,22,4596.68,208.94
BI100189,2024-09,MTN,18,3760.92,208.94
BI100189,2024-09,PSW,23,4805.62,208.94
BI100189,2024-09,PNW,21,4387.74,208.94
BI100189,2024-10,NE,22,4596.68,208.94
BI100189,2024-10,MA,21,4387.74,208.94
BI100189,2024-10,SE,22,4596.68,208.94
BI100189,2024-10,MW,19,3969.86,208.94
BI100189,2024-10,TX,22,4596.68,208.94
BI100189,2024-10,MTN,17,3551.98,208.94
BI100189,2024-10,PSW,23,4805.62,208.94
BI100189,2024-10,PNW,25,5223.5,208.94
BI100189,2024-11,NE,21,4387.74,208.94
BI100189,2024-11,MA,21,4387.74,208.94
BI100189,2024-11,SE,25,5223.5,208.94
BI100189,2024-11,MW,20,4178.8,208.94
BI100189,2024-11,TX,21,4387.74,208.94
BI100189,2024-11,MTN,17,3551.98,208.94
BI100189,2024-11,PSW,24,5014.56,208.94
BI100189,2024-11,PNW,22,4596.68,208.94
BI100189,2024-12,NE,21,4387.74,208.94
BI100189,2024-12,MA,23,4805.62,208.94
BI100189,2024-12,SE,24,5014.56,208.94
BI100189,2024-12,MW,22,4596.68,208.94
BI100189,2024-12,TX,23,4805.62,208.94
BI100189,2024-12,MTN,17,3551.98,208.94
BI100189,2024-12,PSW,23,4805.62,208.94
BI100189,2024-12,PNW,23,4805.62,208.94
BI100189,2025-01,NE,21,4387.74,208.94
BI100189,2025-01,MA,21,4387.74,208.94
BI100189,2025-01,SE,23,4805.62,208.94
BI100189,2025-01,MW,21,4387.74,208.94
BI100189,2025-01,TX,21,4387.74,208.94
BI100189,2025-01,MTN,17,3551.98,208.94
BI100189,2025-01,PSW,26,5432.44,208.94
BI100189,2025-01,PNW,24,5014.56,208.94
BI100189,2025-02,NE,21,4387.74,208.94
BI100189,2025-02,MA,23,4805.62,208.94
BI100189,2025-02,SE,22,4596.68,208.94
BI100189,2025-02,MW,22,4596.68,208.94
BI100189,2025-02,TX,24,5014.56,208.94
BI100189,2025-02,MTN,18,3760.92,208.94
BI100189,2025-02,PSW,26,5432.44,208.94
BI100189,2025-02,PNW,22,4596.68,208.94
BI100189,2025-03,NE,24,5014.56,208.94
BI100189,2025-03,MA,22,4596.68,208.94
BI100189,2025-03,SE,24,5014.56,208.94
BI100189,2025-03,MW,20,4178.8,208.94
BI100189,2025-03,TX,23,4805.62,208.94
BI100189,2025-03,MTN,17,3551.98,208.94
BI100189,2025-03,PSW,23,4805.62,208.94
BI100189,2025-03,PNW,22,4596.68,208.94
BI100189,2025-04,NE,24,5014.56,208.94
BI100189,2025-04,MA,21,4387.74,208.94
BI100189,2025-04,SE,24,5014.56,208.94
BI100189,2025-04,MW,21,4387.74,208.94
BI100189,2025-04,TX,24,5014.56,208.94
BI100189,2025-04,MTN,19,3969.86,208.94
BI100189,2025-04,PSW,23,4805.62,208.94
BI100189,2025-04,PNW,23,4805.62,208.94
BI100189,2025-05,NE,21,4387.74,208.94
BI100189,2025-05,MA,22,4596.68,208.94
BI100189,2025-05,SE,24,5014.56,208.94
BI100189,2025-05,MW,21,4387.74,208.94
BI100189,2025-05,TX,24,5014.56,208.94
BI100189,2025-05,MTN,17,3551.98,208.94
BI100189,2025-05,PSW,26,5432.44,208.94
BI100189,2025-05,PNW,23,4805.62,208.94
BI100189,2025-06,NE,23,4805.62,208.94
BI100189,2025-06,MA,23,4805.62,208.94
BI100189,2025-06,SE,23,4805.62,208.94
BI100189,2025-06,MW,20,4178.8,208.94
BI100189,2025-06,TX,25,5223.5,208.94
BI100189,2025-06,MTN,18,3760.92,208.94
BI100189,2025-06,PSW,25,5223.5,208.94
BI100189,2025-06,PNW,25,5223.5,208.94
BI100189,2025-07,NE,23,4805.62,208.94
BI100189,2025-07,MA,21,4387.74,208.94
BI100189,2025-07,SE,25,5223.5,208.94
BI100189,2025-07,MW,22,4596.68,208.94
BI100189,2025-07,TX,25,5223.5,208.94
BI100189,2025-07,MTN,17,3551.98,208.94
BI100189,2025-07,PSW,26,5432.44,208.94
BI100189,2025-07,PNW,25,5223.5,208.94
BI100189,2025-08,NE,24,5014.56,208.94
BI100189,2025-08,MA,23,4805.62,208.94
BI100189,2025-08,SE,25,5223.5,208.94
BI100189,2025-08,MW,22,4596.68,208.94
BI100189,2025-08,TX,25,5223.5,208.94
BI100189,2025-08,MTN,16,3343.04,208.94
BI100189,2025-08,PSW,24,5014.56,208.94
BI100189,2025-08,PNW,22,4596.68,208.94
BI100189,2025-09,NE,25,5223.5,208.94
BI100189,2025-09,MA,21,4387.74,208.94
BI100189,2025-09,SE,24,5014.56,208.94
BI100189,2025-09,MW,22,4596.68,208.94
BI100189,2025-09,TX,22,4596.68,208.94
BI100189,2025-09,MTN,18,3760.92,208.94
BI100189,2025-09,PSW,24,5014.56,208.94
BI100189,2025-09,PNW,24,5014.56,208.94
BI100189,2025-10,NE,25,5223.5,208.94
BI100189,2025-10,MA,25,5223.5,208.94
BI100189,2025-10,SE,23,4805.62,208.94
BI100189,2025-10,MW,22,4596.68,208.94
BI100189,2025-10,TX,24,5014.56,208.94
BI100189,2025-10,MTN,18,3760.92,208.94
BI100189,2025-10,PSW,25,5223.5,208.94
BI100189,2025-10,PNW,25,5223.5,208.94
BI100189,2025-11,NE,24,5014.56,208.94
BI100189,2025-11,MA,22,4596.68,208.94
BI100189,2025-11,SE,23,4805.62,208.94
BI100189,2025-11,MW,22,4596.68,208.94
BI100189,2025-11,TX,25,5223.5,208.94
BI100189,2025-11,MTN,17,3551.98,208.94
BI100189,2025-11,PSW,26,5432.44,208.94
BI100189,2025-11,PNW,23,4805.62,208.94
BI100189,2025-12,NE,25,5223.5,208.94
BI100189,2025-12,MA,22,4596.68,208.94
BI100189,2025-12,SE,25,5223.5,208.94
BI100189,2025-12,MW,23,4805.62,208.94
BI100189,2025-12,TX,25,5223.5,208.94
BI100189,2025-12,MTN,18,3760.92,208.94
BI100189,2025-12,PSW,24,5014.56,208.94
BI100189,2025-12,PNW,24,5014.56,208.94
BI100196,2024-01,NE,112,19336.8,172.65
BI100196,2024-01,MA,96,16574.4,172.65
BI100196,2024-01,SE,110,18991.5,172.65
BI100196,2024-01,MW,92,15883.8,172.65
BI100196,2024-01,TX,99,17092.35,172.65
BI100196,2024-01,MTN,122,21063.3,172.65
BI100196,2024-01,PSW,109,18818.85,172.65
BI100196,2024-01,PNW,103,17782.95,172.65
BI100196,2024-02,NE,114,19682.1,172.65
BI100196,2024-02,MA,99,17092.35,172.65
BI100196,2024-02,SE,97,16747.05,172.65
BI100196,2024-02,MW,94,16229.1,172.65
BI100196,2024-02,TX,94,16229.1,172.65
BI100196,2024-02,MTN,117,20200.05,172.65
BI100196,2024-02,PSW,112,19336.8,172.65
BI100196,2024-02,PNW,98,16919.7,172.65
BI100196,2024-03,NE,114,19682.1,172.65
BI100196,2024-03,MA,86,14847.9,172.65
BI100196,2024-03,SE,97,16747.05,172.65
BI100196,2024-03,MW,84,14502.6,172.65
BI100196,2024-03,TX,100,17265.0,172.65
BI100196,2024-03,MTN,123,21235.95,172.65
BI100196,2024-03,PSW,99,17092.35,172.65
BI100196,2024-03,PNW,98,16919.7,172.65
BI100196,2024-04,NE,124,21408.6,172.65
BI100196,2024-04,MA,89,15365.85,172.65
BI100196,2024-04,SE,103,17782.95,172.65
BI100196,2024-04,MW,93,16056.45,172.65
BI100196,2024-04,TX,102,17610.3,172.65
BI100196,2024-04,MTN,133,22962.45,172.65
BI100196,2024-04,PSW,102,17610.3,172.65
BI100196,2024-04,PNW,103,17782.95,172.65
BI100196,2024-05,NE,124,21408.6,172.65
BI100196,2024-05,MA,99,17092.35,172.65
BI100196,2024-05,SE,107,18473.55,172.65
BI100196,2024-05,MW,84,14502.6,172.65
BI100196,2024-05,TX,100,17265.0,172.65
BI100196,2024-05,MTN,125,21581.25,172.65
BI100196,2024-05,PSW,113,19509.45,172.65
BI100196,2024-05,PNW,99,17092.35,172.65
BI100196,2024-06,NE,127,21926.55,172.65
BI100196,2024-06,MA,94,16229.1,172.65
BI100196,2024-06,SE,98,16919.7,172.65
BI100196,2024-06,MW,91,15711.15,172.65
BI100196,2024-06,TX,100,17265.0,172.65
BI100196,2024-06,MTN,119,20545.35,172.65
BI100196,2024-06,PSW,105,18128.25,172.65
BI100196,2024-06,PNW,97,16747.05,172.65
BI100196,2024-07,NE,134,23135.1,172.65
BI100196,2024-07,MA,90,15538.5,172.65
BI100196,2024-07,SE,102,17610.3,172.65
BI100196,2024-07,MW,96,16574.4,172.65
BI100196,2024-07,TX,99,17092.35,172.65
BI100196,2024-07,MTN,127,21926.55,172.65
BI100196,2024-07,PSW,110,18991.5,172.65
BI100196,2024-07,PNW,100,17265.0,172.65
BI100196,2024-08,NE,132,22789.8,172.65
BI100196,2024-08,MA,102,17610.3,172.65
BI100196,2024-08,SE,105,18128.25,172.65
BI100196,2024-08,MW,88,15193.2,172.65
BI100196,2024-08,TX,109,18818.85,172.65
BI100196,2024-08,MTN,117,20200.05,172.65
BI100196,2024-08,PSW,116,20027.4,172.65
BI100196,2024-08,PNW,101,17437.65,172.65
BI100196,2024-09,NE,128,22099.2,172.65
BI100196,2024-09,MA,95,16401.75,172.65
BI100196,2024-09,SE,110,18991.5,172.65
BI100196,2024-09,MW,96,16574.4,172.65
BI100196,2024-09,TX,108,18646.2,172.65
BI100196,2024-09,MTN,125,21581.25,172.65
BI100196,2024-09,PSW,112,19336.8,172.65
BI100196,2024-09,PNW,108,18646.2,172.65
BI100196,2024-10,NE,132,22789.8,172.65
BI100196,2024-10,MA,93,16056.45,172.65
BI100196,2024-10,SE,99,17092.35,172.65
BI100196,2024-10,MW,95,16401.75,172.65
BI100196,2024-10,TX,100,17265.0,172.65
BI100196,2024-10,MTN,130,22444.5,172.65
BI100196,2024-10,PSW,114,19682.1,172.65
BI100196,2024-10,PNW,98,16919.7,172.65
BI100196,2024-11,NE,122,21063.3,172.65
BI100196,2024-11,MA,103,17782.95,172.65
BI100196,2024-11,SE,116,20027.4,172.65
BI100196,2024-11,MW,87,15020.55,172.65
BI100196,2024-11,TX,106,18300.9,172.65
BI100196,2024-11,MTN,130,22444.5,172.65
BI100196,2024-11,PSW,114,19682.1,172.65
BI100196,2024-11,PNW,110,18991.5,172.65
BI100196,2024-12,NE,134,23135.1,172.65
BI100196,2024-12,MA,93,16056.45,172.65
BI100196,2024-12,SE,109,18818.85,172.65
BI100196,2024-12,MW,90,15538.5,172.65
BI100196,2024-12,TX,99,17092.35,172.65
BI100196,2024-12,MTN,123,21235.95,172.65
BI100196,2024-12,PSW,114,19682.1,172.65
BI100196,2024-12,PNW,112,19336.8,172.65
BI100196,2025-01,NE,129,22271.85,172.65
BI100196,2025-01,MA,101,17437.65,172.65
BI100196,2025-01,SE,113,19509.45,172.65
BI100196,2025-01,MW,88,15193.2,172.65
BI100196,2025-01,TX,102,17610.3,172.65
BI100196,2025-01,MTN,129,22271.85,172.65
BI100196,2025-01,PSW,111,19164.15,172.65
BI100196,2025-01,PNW,101,17437.65,172.65
BI100196,2025-02,NE,139,23998.35,172.65
BI100196,2025-02,MA,92,15883.8,172.65
BI100196,2025-02,SE,102,17610.3,172.65
BI100196,2025-02,MW,94,16229.1,172.65
BI100196,2025-02,TX,102,17610.3,172.65
BI100196,2025-02,MTN,134,23135.1,172.65
BI100196,2025-02,PSW,118,20372.7,172.65
BI100196,2025-02,PNW,107,18473.55,172.65
BI100196,2025-03,NE,125,21581.25,172.65
BI100196,2025-03,MA,96,16574.4,172.65
BI100196,2025-03,SE,113,19509.45,172.65
BI100196,2025-03,MW,91,15711.15,172.65
BI100196,2025-03,TX,100,17265.0,172.65
BI100196,2025-03,MTN,138,23825.7,172.65
BI100196,2025-03,PSW,119,20545.35,172.65
BI100196,2025-03,PNW,113,19509.45,172.65
BI100196,2025-04,NE,124,21408.6,172.65
BI100196,2025-04,MA,94,16229.1,172.65
BI100196,2025-04,SE,118,20372.7,172.65
BI100196,2025-04,MW,96,16574.4,172.65
BI100196,2025-04,TX,97,16747.05,172.65
BI100196,2025-04,MTN,128,22099.2,172.65
BI100196,2025-04,PSW,108,18646.2,172.65
BI100196,2025-04,PNW,109,18818.85,172.65
BI100196,2025-05,NE,128,22099.2,172.65
BI100196,2025-05,MA,107,18473.55,172.65
BI100196,2025-05,SE,110,18991.5,172.65
BI100196,2025-05,MW,99,17092.35,172.65
BI100196,2025-05,TX,109,18818.85,172.65
BI100196,2025-05,MTN,136,23480.4,172.65
BI100196,2025-05,PSW,120,20718.0,172.65
BI100196,2025-05,PNW,113,19509.45,172.65
BI100196,2025-06,NE,135,23307.75,172.65
BI100196,2025-06,MA,106,18300.9,172.65
BI100196,2025-06,SE,107,18473.55,172.65
BI100196,2025-06,MW,97,16747.05,172.65
BI100196,2025-06,TX,99,17092.35,172.65
BI100196,2025-06,MTN,141,24343.65,172.65
BI100196,2025-06,PSW,114,19682.1,172.65
BI100196,2025-06,PNW,101,17437.65,172.65
BI100196,2025-07,NE,125,21581.25,172.65
BI100196,2025-07,MA,102,17610.3,172.65
BI100196,2025-07,SE,115,19854.75,172.65
BI100196,2025-07,MW,95,16401.75,172.65
BI100196,2025-07,TX,114,19682.1,172.65
BI100196,2025-07,MTN,125,21581.25,172.65
BI100196,2025-07,PSW,123,21235.95,172.65
BI100196,2025-07,PNW,112,19336.8,172.65
BI100196,2025-08,NE,142,24516.3,172.65
BI100196,2025-08,MA,110,18991.5,172.65
BI100196,2025-08,SE,108,18646.2,172.65
BI100196,2025-08,MW,98,16919.7,172.65
BI100196,2025-08,TX,108,18646.2,172.65
BI100196,2025-08,MTN,136,23480.4,172.65
BI100196,2025-08,PSW,118,20372.7,172.65
BI100196,2025-08,PNW,115,19854.75,172.65
BI100196,2025-09,NE,131,22617.15,172.65
BI100196,2025-09,MA,111,19164.15,172.65
BI100196,2025-09,SE,114,19682.1,172.65
BI100196,2025-09,MW,90,15538.5,172.65
BI100196,2025-09,TX,111,19164.15,172.65
BI100196,2025-09,MTN,128,22099.2,172.65
BI100196,2025-09,PSW,116,20027.4,172.65
BI100196,2025-09,PNW,104,17955.6,172.65
BI100196,2025-10,NE,144,24861.6,172.65
BI100196,2025-10,MA,106,18300.9,172.65
BI100196,2025-10,SE,120,20718.0,172.65
BI100196,2025-10,MW,99,17092.35,172.65
BI100196,2025-10,TX,118,20372.7,172.65
BI100196,2025-10,MTN,132,22789.8,172.65
BI100196,2025-10,PSW,122,21063.3,172.65
BI100196,2025-10,PNW,108,18646.2,172.65
BI100196,2025-11,NE,132,22789.8,172.65
BI100196,2025-11,MA,112,19336.8,172.65
BI100196,2025-11,SE,107,18473.55,172.65
BI100196,2025-11,MW,94,16229.1,172.65
BI100196,2025-11,TX,105,18128.25,172.65
BI100196,2025-11,MTN,144,24861.6,172.65
BI100196,2025-11,PSW,113,19509.45,172.65
BI100196,2025-11,PNW,108,18646.2,172.65
BI100196,2025-12,NE,148,25552.2,172.65
BI100196,2025-12,MA,102,17610.3,172.65
BI100196,2025-12,SE,112,19336.8,172.65
BI100196,2025-12,MW,106,18300.9,172.65
BI100196,2025-12,TX,104,17955.6,172.65
BI100196,2025-12,MTN,137,23653.05,172.65
BI100196,2025-12,PSW,113,19509.45,172.65
BI100196,2025-12,PNW,112,19336.8,172.65
BI100203,2024-01,NE,69,7926.03,114.87
BI100203,2024-01,MA,82,9419.34,114.87
BI100203,2024-01,SE,98,11257.26,114.87
BI100203,2024-01,MW,76,8730.12,114.87
BI100203,2024-01,TX,73,8385.51,114.87
BI100203,2024-01,MTN,103,11831.61,114.87
BI100203,2024-01,PSW,83,9534.21,114.87
BI100203,2024-01,PNW,115,13210.05,114.87
BI100203,2024-02,NE,75,8615.25,114.87
BI100203,2024-02,MA,89,10223.43,114.87
BI100203,2024-02,SE,89,10223.43,114.87
BI100203,2024-02,MW,82,9419.34,114.87
BI100203,2024-02,TX,79,9074.73,114.87
BI100203,2024-02,MTN,97,11142.39,114.87
BI100203,2024-02,PSW,82,9419.34,114.87
BI100203,2024-02,PNW,107,12291.09,114.87
BI100203,2024-03,NE,70,8040.9,114.87
BI100203,2024-03,MA,88,10108.56,114.87
BI100203,2024-03,SE,88,10108.56,114.87
BI100203,2024-03,MW,85,9763.95,114.87
BI100203,2024-03,TX,79,9074.73,114.87
BI100203,2024-03,MTN,105,12061.35,114.87
BI100203,2024-03,PSW,83,9534.21,114.87
BI100203,2024-03,PNW,105,12061.35,114.87
BI100203,2024-04,NE,72,8270.64,114.87
BI100203,2024-04,MA,84,9649.08,114.87
BI100203,2024-04,SE,99,11372.13,114.87
BI100203,2024-04,MW,81,9304.47,114.87
BI100203,2024-04,TX,76,8730.12,114.87
BI100203,2024-04,MTN,104,11946.48,114.87
BI100203,2024-04,PSW,90,10338.3,114.87
BI100203,2024-04,PNW,121,13899.27,114.87
BI100203,2024-05,NE,80,9189.6,114.87
BI100203,2024-05,MA,83,9534.21,114.87
BI100203,2024-05,SE,94,10797.78,114.87
BI100203,2024-05,MW,82,9419.34,114.87
BI100203,2024-05,TX,77,8844.99,114.87
BI100203,2024-05,MTN,102,11716.74,114.87
BI100203,2024-05,PSW,90,10338.3,114.87
BI100203,2024-05,PNW,118,13554.66,114.87
BI100203,2024-06,NE,73,8385.51,114.87
BI100203,2024-06,MA,92,10568.04,114.87
BI100203,2024-06,SE,97,11142.39,114.87
BI100203,2024-06,MW,86,9878.82,114.87
BI100203,2024-06,TX,77,8844.99,114.87
BI100203,2024-06,MTN,96,11027.52,114.87
BI100203,2024-06,PSW,84,9649.08,114.87
BI100203,2024-06,PNW,122,14014.14,114.87
BI100203,2024-07,NE,72,8270.64,114.87
BI100203,2024-07,MA,86,9878.82,114.87
BI100203,2024-07,SE,98,11257.26,114.87
BI100203,2024-07,MW,79,9074.73,114.87
BI100203,2024-07,TX,77,8844.99,114.87
BI100203,2024-07,MTN,101,11601.87,114.87
BI100203,2024-07,PSW,79,9074.73,114.87
BI100203,2024-07,PNW,107,12291.09,114.87
BI100203,2024-08,NE,76,8730.12,114.87
BI100203,2024-08,MA,82,9419.34,114.87
BI100203,2024-08,SE,92,10568.04,114.87
BI100203,2024-08,MW,86,9878.82,114.87
BI100203,2024-08,TX,78,8959.86,114.87
BI100203,2024-08,MTN,95,10912.65,114.87
BI100203,2024-08,PSW,90,10338.3,114.87
BI100203,2024-08,PNW,118,13554.66,114.87
BI100203,2024-09,NE,73,8385.51,114.87
BI100203,2024-09,MA,94,10797.78,114.87
BI100203,2024-09,SE,95,10912.65,114.87
BI100203,2024-09,MW,77,8844.99,114.87
BI100203,2024-09,TX,86,9878.82,114.87
BI100203,2024-09,MTN,104,11946.48,114.87
BI100203,2024-09,PSW,88,10108.56,114.87
BI100203,2024-09,PNW,110,12635.7,114.87
BI100203,2024-10,NE,76,8730.12,114.87
BI100203,2024-10,MA,87,9993.69,114.87
BI100203,2024-10,SE,95,10912.65,114.87
BI100203,2024-10,MW,82,9419.34,114.87
BI100203,2024-10,TX,86,9878.82,114.87
BI100203,2024-10,MTN,106,12176.22,114.87
BI100203,2024-10,PSW,93,10682.91,114.87
BI100203,2024-10,PNW,108,12405.96,114.87
BI100203,2024-11,NE,76,8730.12,114.87
BI100203,2024-11,MA,93,10682.91,114.87
BI100203,2024-11,SE,99,11372.13,114.87
BI100203,2024-11,MW,83,9534.21,114.87
BI100203,2024-11,TX,83,9534.21,114.87
BI100203,2024-11,MTN,98,11257.26,114.87
BI100203,2024-11,PSW,83,9534.21,114.87
BI100203,2024-11,PNW,114,13095.18,114.87
BI100203,2024-12,NE,84,9649.08,114.87
BI100203,2024-12,MA,96,11027.52,114.87
BI100203,2024-12,SE,91,10453.17,114.87
BI100203,2024-12,MW,79,9074.73,114.87
BI100203,2024-12,TX,79,9074.73,114.87
BI100203,2024-12,MTN,106,12176.22,114.87
BI100203,2024-12,PSW,85,9763.95,114.87
BI100203,2024-12,PNW,127,14588.49,114.87
BI100203,2025-01,NE,85,9763.95,114.87
BI100203,2025-01,MA,89,10223.43,114.87
BI100203,2025-01,SE,96,11027.52,114.87
BI100203,2025-01,MW,85,9763.95,114.87
BI100203,2025-01,TX,78,8959.86,114.87
BI100203,2025-01,MTN,99,11372.13,114.87
BI100203,2025-01,PSW,85,9763.95,114.87
BI100203,2025-01,PNW,126,14473.62,114.87
BI100203,2025-02,NE,87,9993.69,114.87
BI100203,2025-02,MA,84,9649.08,114.87
BI100203,2025-02,SE,98,11257.26,114.87
BI100203,2025-02,MW,79,9074.73,114.87
BI100203,2025-02,TX,78,8959.86,114.87
BI100203,2025-02,MTN,98,11257.26,114.87
BI100203,2025-02,PSW,89,10223.43,114.87
BI100203,2025-02,PNW,116,13324.92,114.87
BI100203,2025-03,NE,83,9534.21,114.87
BI100203,2025-03,MA,97,11142.39,114.87
BI100203,2025-03,SE,99,11372.13,114.87
BI100203,2025-03,MW,85,9763.95,114.87
BI100203,2025-03,TX,84,9649.08,114.87
BI100203,2025-03,MTN,104,11946.48,114.87
BI100203,2025-03,PSW,84,9649.08,114.87
BI100203,2025-03,PNW,112,12865.44,114.87
BI100203,2025-04,NE,88,10108.56,114.87
BI100203,2025-04,MA,85,9763.95,114.87
BI100203,2025-04,SE,108,12405.96,114.87
BI100203,2025-04,MW,88,10108.56,114.87
BI100203,2025-04,TX,82,9419.34,114.87
BI100203,2025-04,MTN,101,11601.87,114.87
BI100203,2025-04,PSW,92,10568.04,114.87
BI100203,2025-04,PNW,125,14358.75,114.87
BI100203,2025-05,NE,84,9649.08,114.87
BI100203,2025-05,MA,99,11372.13,114.87
BI100203,2025-05,SE,94,10797.78,114.87
BI100203,2025-05,MW,89,10223.43,114.87
BI100203,2025-05,TX,78,8959.86,114.87
BI100203,2025-05,MTN,110,12635.7,114.87
BI100203,2025-05,PSW,87,9993.69,114.87
BI100203,2025-05,PNW,124,14243.88,114.87
BI100203,2025-06,NE,88,10108.56,114.87
BI100203,2025-06,MA,87,9993.69,114.87
BI100203,2025-06,SE,106,12176.22,114.87
BI100203,2025-06,MW,82,9419.34,114.87
BI100203,2025-06,TX,80,9189.6,114.87
BI100203,2025-06,MTN,111,12750.57,114.87
BI100203,2025-06,PSW,92,10568.04,114.87
BI100203,2025-06,PNW,131,15047.97,114.87
BI100203,2025-07,NE,84,9649.08,114.87
BI100203,2025-07,MA,98,11257.26,114.87
BI100203,2025-07,SE,95,10912.65,114.87
BI100203,2025-07,MW,83,9534.21,114.87
BI100203,2025-07,TX,84,9649.08,114.87
BI100203,2025-07,MTN,111,12750.57,114.87
BI100203,2025-07,PSW,95,10912.65,114.87
BI100203,2025-07,PNW,131,15047.97,114.87
BI100203,2025-08,NE,89,10223.43,114.87
BI100203,2025-08,MA,95,10912.65,114.87
BI100203,2025-08,SE,101,11601.87,114.87
BI100203,2025-08,MW,94,10797.78,114.87
BI100203,2025-08,TX,85,9763.95,114.87
BI100203,2025-08,MTN,109,12520.83,114.87
BI100203,2025-08,PSW,85,9763.95,114.87
BI100203,2025-08,PNW,116,13324.92,114.87
BI100203,2025-09,NE,82,9419.34,114.87
BI100203,2025-09,MA,94,10797.78,114.87
BI100203,2025-09,SE,105,12061.35,114.87
BI100203,2025-09,MW,93,10682.91,114.87
BI100203,2025-09,TX,85,9763.95,114.87
BI100203,2025-09,MTN,117,13439.79,114.87
BI100203,2025-09,PSW,94,10797.78,114.87
BI100203,2025-09,PNW,117,13439.79,114.87
BI100203,2025-10,NE,90,10338.3,114.87
BI100203,2025-10,MA,88,10108.56,114.87
BI100203,2025-10,SE,101,11601.87,114.87
BI100203,2025-10,MW,85,9763.95,114.87
BI100203,2025-10,TX,82,9419.34,114.87
BI100203,2025-10,MTN,103,11831.61,114.87
BI100203,2025-10,PSW,87,9993.69,114.87
BI100203,2025-10,PNW,133,15277.71,114.87
BI100203,2025-11,NE,89,10223.43,114.87
BI100203,2025-11,MA,90,10338.3,114.87
BI100203,2025-11,SE,106,12176.22,114.87
BI100203,2025-11,MW,90,10338.3,114.87
BI100203,2025-11,TX,80,9189.6,114.87
BI100203,2025-11,MTN,113,12980.31,114.87
BI100203,2025-11,PSW,95,10912.65,114.87
BI100203,2025-11,PNW,120,13784.4,114.87
BI100203,2025-12,NE,86,9878.82,114.87
BI100203,2025-12,MA,98,11257.26,114.87
BI100203,2025-12,SE,111,12750.57,114.87
BI100203,2025-12,MW,96,11027.52,114.87
BI100203,2025-12,TX,92,10568.04,114.87
BI100203,2025-12,MTN,116,13324.92,114.87
BI100203,2025-12,PSW,100,11487.0,114.87
BI100203,2025-12,PNW,134,15392.58,114.87
BI100210,2024-01,NE,26,4227.86,162.61
BI100210,2024-01,MA,25,4065.25,162.61
BI100210,2024-01,SE,30,4878.3,162.61
BI100210,2024-01,MW,25,4065.25,162.61
BI100210,2024-01,TX,26,4227.86,162.61
BI100210,2024-01,MTN,32,5203.52,162.61
BI100210,2024-01,PSW,29,4715.69,162.61
BI100210,2024-01,PNW,23,3740.03,162.61
BI100210,2024-02,NE,27,4390.47,162.61
BI100210,2024-02,MA,23,3740.03,162.61
BI100210,2024-02,SE,30,4878.3,162.61
BI100210,2024-02,MW,28,4553.08,162.61
BI100210,2024-02,TX,24,3902.64,162.61
BI100210,2024-02,MTN,32,5203.52,162.61
BI100210,2024-02,PSW,28,4553.08,162.61
BI100210,2024-02,PNW,21,3414.81,162.61
BI100210,2024-03,NE,25,4065.25,162.61
BI100210,2024-03,MA,26,4227.86,162.61
BI100210,2024-03,SE,31,5040.91,162.61
BI100210,2024-03,MW,28,4553.08,162.61
BI100210,2024-03,TX,26,4227.86,162.61
BI100210,2024-03,MTN,33,5366.13,162.61
BI100210,2024-03,PSW,26,4227.86,162.61
BI100210,2024-03,PNW,23,3740.03,162.61
BI100210,2024-04,NE,24,3902.64,162.61
BI100210,2024-04,MA,23,3740.03,162.61
BI100210,2024-04,SE,31,5040.91,162.61
BI100210,2024-04,MW,26,4227.86,162.61
BI100210,2024-04,TX,24,3902.64,162.61
BI100210,2024-04,MTN,34,5528.74,162.61
BI100210,2024-04,PSW,26,4227.86,162.61
BI100210,2024-04,PNW,23,3740.03,162.61
BI100210,2024-05,NE,24,3902.64,162.61
BI100210,2024-05,MA,23,3740.03,162.61
BI100210,2024-05,SE,32,5203.52,162.61
BI100210,2024-05,MW,25,4065.25,162.61
BI100210,2024-05,TX,28,4553.08,162.61
BI100210,2024-05,MTN,31,5040.91,162.61
BI100210,2024-05,PSW,29,4715.69,162.61
BI100210,2024-05,PNW,23,3740.03,162.61
BI100210,2024-06,NE,25,4065.25,162.61
BI100210,2024-06,MA,26,4227.86,162.61
BI100210,2024-06,SE,31,5040.91,162.61
BI100210,2024-06,MW,27,4390.47,162.61
BI100210,2024-06,TX,28,4553.08,162.61
BI100210,2024-06,MTN,34,5528.74,162.61
BI100210,2024-06,PSW,29,4715.69,162.61
BI100210,2024-06,PNW,21,3414.81,162.61
BI100210,2024-07,NE,27,4390.47,162.61
BI100210,2024-07,MA,26,4227.86,162.61
BI100210,2024-07,SE,30,4878.3,162.61
BI100210,2024-07,MW,27,4390.47,162.61
BI100210,2024-07,TX,25,4065.25,162.61
BI100210,2024-07,MTN,35,5691.35,162.61
BI100210,2024-07,PSW,26,4227.86,162.61
BI100210,2024-07,PNW,22,3577.42,162.61
BI100210,2024-08,NE,27,4390.47,162.61
BI100210,2024-08,MA,27,4390.47,162.61
BI100210,2024-08,SE,32,5203.52,162.61
BI100210,2024-08,MW,29,4715.69,162.61
BI100210,2024-08,TX,25,4065.25,162.61
BI100210,2024-08,MTN,31,5040.91,162.61
BI100210,2024-08,PSW,27,4390.47,162.61
BI100210,2024-08,PNW,24,3902.64,162.61
BI100210,2024-09,NE,26,4227.86,162.61
BI100210,2024-09,MA,27,4390.47,162.61
BI100210,2024-09,SE,31,5040.91,162.61
BI100210,2024-09,MW,29,4715.69,162.61
BI100210,2024-09,TX,26,4227.86,162.61
BI100210,2024-09,MTN,34,5528.74,162.61
BI100210,2024-09,PSW,27,4390.47,162.61
BI100210,2024-09,PNW,23,3740.03,162.61
BI100210,2024-10,NE,26,4227.86,162.61
BI100210,2024-10,MA,26,4227.86,162.61
BI100210,2024-10,SE,30,4878.3,162.61
BI100210,2024-10,MW,27,4390.47,162.61
BI100210,2024-10,TX,27,4390.47,162.61
BI100210,2024-10,MTN,34,5528.74,162.61
BI100210,2024-10,PSW,31,5040.91,162.61
BI100210,2024-10,PNW,24,3902.64,162.61
BI100210,2024-11,NE,25,4065.25,162.61
BI100210,2024-11,MA,24,3902.64,162.61
BI100210,2024-11,SE,29,4715.69,162.61
BI100210,2024-11,MW,29,4715.69,162.61
BI100210,2024-11,TX,28,4553.08,162.61
BI100210,2024-11,MTN,35,5691.35,162.61
BI100210,2024-11,PSW,30,4878.3,162.61
BI100210,2024-11,PNW,25,4065.25,162.61
BI100210,2024-12,NE,27,4390.47,162.61
BI100210,2024-12,MA,25,4065.25,162.61
BI100210,2024-12,SE,34,5528.74,162.61
BI100210,2024-12,MW,29,4715.69,162.61
BI100210,2024-12,TX,25,4065.25,162.61
BI100210,2024-12,MTN,33,5366.13,162.61
BI100210,2024-12,PSW,29,4715.69,162.61
BI100210,2024-12,PNW,24,3902.64,162.61
BI100210,2025-01,NE,28,4553.08,162.61
BI100210,2025-01,MA,28,4553.08,162.61
BI100210,2025-01,SE,30,4878.3,162.61
BI100210,2025-01,MW,27,4390.47,162.61
BI100210,2025-01,TX,28,4553.08,162.61
BI100210,2025-01,MTN,32,5203.52,162.61
BI100210,2025-01,PSW,30,4878.3,162.61
BI100210,2025-01,PNW,24,3902.64,162.61
BI100210,2025-02,NE,25,4065.25,162.61
BI100210,2025-02,MA,28,4553.08,162.61
BI100210,2025-02,SE,30,4878.3,162.61
BI100210,2025-02,MW,27,4390.47,162.61
BI100210,2025-02,TX,25,4065.25,162.61
BI100210,2025-02,MTN,36,5853.96,162.61
BI100210,2025-02,PSW,28,4553.08,162.61
BI100210,2025-02,PNW,24,3902.64,162.61
BI100210,2025-03,NE,28,4553.08,162.61
BI100210,2025-03,MA,26,4227.86,162.61
BI100210,2025-03,SE,32,5203.52,162.61
BI100210,2025-03,MW,30,4878.3,162.61
BI100210,2025-03,TX,26,4227.86,162.61
BI100210,2025-03,MTN,37,6016.57,162.61
BI100210,2025-03,PSW,31,5040.91,162.61
BI100210,2025-03,PNW,22,3577.42,162.61
BI100210,2025-04,NE,28,4553.08,162.61
BI100210,2025-04,MA,28,4553.08,162.61
BI100210,2025-04,SE,31,5040.91,162.61
BI100210,2025-04,MW,27,4390.47,162.61
BI100210,2025-04,TX,28,4553.08,162.61
BI100210,2025-04,MTN,32,5203.52,162.61
BI100210,2025-04,PSW,30,4878.3,162.61
BI100210,2025-04,PNW,23,3740.03,162.61
BI100210,2025-05,NE,29,4715.69,162.61
BI100210,2025-05,MA,25,4065.25,162.61
BI100210,2025-05,SE,33,5366.13,162.61
BI100210,2025-05,MW,29,4715.69,162.61
BI100210,2025-05,TX,26,4227.86,162.61
BI100210,2025-05,MTN,36,5853.96,162.61
BI100210,2025-05,PSW,29,4715.69,162.61
BI100210,2025-05,PNW,23,3740.03,162.61
BI100210,2025-06,NE,26,4227.86,162.61
BI100210,2025-06,MA,25,4065.25,162.61
BI100210,2025-06,SE,31,5040.91,162.61
BI100210,2025-06,MW,28,4553.08,162.61
BI100210,2025-06,TX,29,4715.69,162.61
BI100210,2025-06,MTN,35,5691.35,162.61
BI100210,2025-06,PSW,31,5040.91,162.61
BI100210,2025-06,PNW,24,3902.64,162.61
BI100210,2025-07,NE,28,4553.08,162.61
BI100210,2025-07,MA,26,4227.86,162.61
BI100210,2025-07,SE,31,5040.91,162.61
BI100210,2025-07,MW,30,4878.3,162.61
BI100210,2025-07,TX,28,4553.08,162.61
BI100210,2025-07,MTN,33,5366.13,162.61
BI100210,2025-07,PSW,28,4553.08,162.61
BI100210,2025-07,PNW,25,4065.25,162.61
BI100210,2025-08,NE,28,4553.08,162.61
BI100210,2025-08,MA,25,4065.25,162.61
BI100210,2025-08,SE,33,5366.13,162.61
BI100210,2025-08,MW,28,4553.08,162.61
BI100210,2025-08,TX,29,4715.69,162.61
BI100210,2025-08,MTN,34,5528.74,162.61
BI100210,2025-08,PSW,31,5040.91,162.61
BI100210,2025-08,PNW,23,3740.03,162.61
BI100210,2025-09,NE,30,4878.3,162.61
BI100210,2025-09,MA,28,4553.08,162.61
BI100210,2025-09,SE,31,5040.91,162.61
BI100210,2025-09,MW,28,4553.08,162.61
BI100210,2025-09,TX,28,4553.08,162.61
BI100210,2025-09,MTN,34,5528.74,162.61
BI100210,2025-09,PSW,30,4878.3,162.61
BI100210,2025-09,PNW,23,3740.03,162.61
BI100210,2025-10,NE,28,4553.08,162.61
BI100210,2025-10,MA,26,4227.86,162.61
BI100210,2025-10,SE,34,5528.74,162.61
BI100210,2025-10,MW,28,4553.08,162.61
BI100210,2025-10,TX,30,4878.3,162.61
BI100210,2025-10,MTN,36,5853.96,162.61
BI100210,2025-10,PSW,32,5203.52,162.61
BI100210,2025-10,PNW,25,4065.25,162.61
BI100210,2025-11,NE,29,4715.69,162.61
BI100210,2025-11,MA,28,4553.08,162.61
BI100210,2025-11,SE,34,5528.74,162.61
BI100210,2025-11,MW,27,4390.47,162.61
BI100210,2025-11,TX,27,4390.47,162.61
BI100210,2025-11,MTN,36,5853.96,162.61
BI100210,2025-11,PSW,31,5040.91,162.61
BI100210,2025-11,PNW,26,4227.86,162.61
BI100210,2025-12,NE,29,4715.69,162.61
BI100210,2025-12,MA,27,4390.47,162.61
BI100210,2025-12,SE,35,5691.35,162.61
BI100210,2025-12,MW,32,5203.52,162.61
BI100210,2025-12,TX,28,4553.08,162.61
BI100210,2025-12,MTN,36,5853.96,162.61
BI100210,2025-12,PSW,31,5040.91,162.61
BI100210,2025-12,PNW,25,4065.25,162.61
BI100217,2024-01,NE,18,343.8,19.1
BI100217,2024-01,MA,20,382.0,19.1
BI100217,2024-01,SE,13,248.3,19.1
BI100217,2024-01,MW,18,343.8,19.1
BI100217,2024-01,TX,16,305.6,19.1
BI100217,2024-01,MTN,15,286.5,19.1
BI100217,2024-01,PSW,17,324.7,19.1
BI100217,2024-01,PNW,15,286.5,19.1
BI100217,2024-02,NE,19,362.9,19.1
BI100217,2024-02,MA,20,382.0,19.1
BI100217,2024-02,SE,12,229.2,19.1
BI100217,2024-02,MW,19,362.9,19.1
BI100217,2024-02,TX,14,267.4,19.1
BI100217,2024-02,MTN,15,286.5,19.1
BI100217,2024-02,PSW,15,286.5,19.1
BI100217,2024-02,PNW,16,305.6,19.1
BI100217,2024-03,NE,19,362.9,19.1
BI100217,2024-03,MA,18,343.8,19.1
BI100217,2024-03,SE,13,248.3,19.1
BI100217,2024-03,MW,18,343.8,19.1
BI100217,2024-03,TX,17,324.7,19.1
BI100217,2024-03,MTN,16,305.6,19.1
BI100217,2024-03,PSW,17,324.7,19.1
BI100217,2024-03,PNW,15,286.5,19.1
BI100217,2024-04,NE,21,401.1,19.1
BI100217,2024-04,MA,19,362.9,19.1
BI100217,2024-04,SE,14,267.4,19.1
BI100217,2024-04,MW,19,362.9,19.1
BI100217,2024-04,TX,14,267.4,19.1
BI100217,2024-04,MTN,16,305.6,19.1
BI100217,2024-04,PSW,17,324.7,19.1
BI100217,2024-04,PNW,17,324.7,19.1
BI100217,2024-05,NE,18,343.8,19.1
BI100217,2024-05,MA,19,362.9,19.1
BI100217,2024-05,SE,13,248.3,19.1
BI100217,2024-05,MW,20,382.0,19.1
BI100217,2024-05,TX,16,305.6,19.1
BI100217,2024-05,MTN,15,286.5,19.1
BI100217,2024-05,PSW,16,305.6,19.1
BI100217,2024-05,PNW,16,305.6,19.1
BI100217,2024-06,NE,20,382.0,19.1
BI100217,2024-06,MA,18,343.8,19.1
BI100217,2024-06,SE,12,229.2,19.1
BI100217,2024-06,MW,18,343.8,19.1
BI100217,2024-06,TX,17,324.7,19.1
BI100217,2024-06,MTN,16,305.6,19.1
BI100217,2024-06,PSW,16,305.6,19.1
BI100217,2024-06,PNW,16,305.6,19.1
BI100217,2024-07,NE,21,401.1,19.1
BI100217,2024-07,MA,19,362.9,19.1
BI100217,2024-07,SE,14,267.4,19.1
BI100217,2024-07,MW,19,362.9,19.1
BI100217,2024-07,TX,16,305.6,19.1
BI100217,2024-07,MTN,17,324.7,19.1
BI100217,2024-07,PSW,17,324.7,19.1
BI100217,2024-07,PNW,16,305.6,19.1
BI100217,2024-08,NE,21,401.1,19.1
BI100217,2024-08,MA,20,382.0,19.1
BI100217,2024-08,SE,13,248.3,19.1
BI100217,2024-08,MW,19,362.9,19.1
BI100217,2024-08,TX,15,286.5,19.1
BI100217,2024-08,MTN,15,286.5,19.1
BI100217,2024-08,PSW,16,305.6,19.1
BI100217,2024-08,PNW,16,305.6,19.1
BI100217,2024-09,NE,21,401.1,19.1
BI100217,2024-09,MA,20,382.0,19.1
BI100217,2024-09,SE,14,267.4,19.1
BI100217,2024-09,MW,18,343.8,19.1
BI100217,2024-09,TX,16,305.6,19.1
BI100217,2024-09,MTN,16,305.6,19.1
BI100217,2024-09,PSW,18,343.8,19.1
BI100217,2024-09,PNW,17,324.7,19.1
BI100217,2024-10,NE,19,362.9,19.1
BI100217,2024-10,MA,21,401.1,19.1
BI100217,2024-10,SE,13,248.3,19.1
BI100217,2024-10,MW,20,382.0,19.1
BI100217,2024-10,TX,16,305.6,19.1
BI100217,2024-10,MTN,17,324.7,19.1
BI100217,2024-10,PSW,17,324.7,19.1
BI100217,2024-10,PNW,17,324.7,19.1
BI100217,2024-11,NE,19,362.9,19.1
BI100217,2024-11,MA,19,362.9,19.1
BI100217,2024-11,SE,14,267.4,19.1
BI100217,2024-11,MW,19,362.9,19.1
BI100217,2024-11,TX,16,305.6,19.1
BI100217,2024-11,MTN,16,305.6,19.1
BI100217,2024-11,PSW,19,362.9,19.1
BI100217,2024-11,PNW,17,324.7,19.1
BI100217,2024-12,NE,20,382.0,19.1
BI100217,2024-12,MA,22,420.2,19.1
BI100217,2024-12,SE,13,248.3,19.1
BI100217,2024-12,MW,19,362.9,19.1
BI100217,2024-12,TX,17,324.7,19.1
BI100217,2024-12,MTN,17,324.7,19.1
BI100217,2024-12,PSW,16,305.6,19.1
BI100217,2024-12,PNW,16,305.6,19.1
BI100217,2025-01,NE,21,401.1,19.1
BI100217,2025-01,MA,21,401.1,19.1
BI100217,2025-01,SE,14,267.4,19.1
BI100217,2025-01,MW,21,401.1,19.1
BI100217,2025-01,TX,16,305.6,19.1
BI100217,2025-01,MTN,17,324.7,19.1
BI100217,2025-01,PSW,19,362.9,19.1
BI100217,2025-01,PNW,16,305.6,19.1
BI100217,2025-02,NE,21,401.1,19.1
BI100217,2025-02,MA,20,382.0,19.1
BI100217,2025-02,SE,14,267.4,19.1
BI100217,2025-02,MW,20,382.0,19.1
BI100217,2025-02,TX,15,286.5,19.1
BI100217,2025-02,MTN,18,343.8,19.1
BI100217,2025-02,PSW,17,324.7,19.1
BI100217,2025-02,PNW,16,305.6,19.1
BI100217,2025-03,NE,21,401.1,19.1
BI100217,2025-03,MA,20,382.0,19.1
BI100217,2025-03,SE,15,286.5,19.1
BI100217,2025-03,MW,18,343.8,19.1
BI100217,2025-03,TX,16,305.6,19.1
BI100217,2025-03,MTN,16,305.6,19.1
BI100217,2025-03,PSW,18,343.8,19.1
BI100217,2025-03,PNW,18,343.8,19.1
BI100217,2025-04,NE,22,420.2,19.1
BI100217,2025-04,MA,22,420.2,19.1
BI100217,2025-04,SE,15,286.5,19.1
BI100217,2025-04,MW,22,420.2,19.1
BI100217,2025-04,TX,16,305.6,19.1
BI100217,2025-04,MTN,15,286.5,19.1
BI100217,2025-04,PSW,18,343.8,19.1
BI100217,2025-04,PNW,17,324.7,19.1
BI100217,2025-05,NE,21,401.1,19.1
BI100217,2025-05,MA,22,420.2,19.1
BI100217,2025-05,SE,15,286.5,19.1
BI100217,2025-05,MW,20,382.0,19.1
BI100217,2025-05,TX,17,324.7,19.1
BI100217,2025-05,MTN,18,343.8,19.1
BI100217,2025-05,PSW,19,362.9,19.1
BI100217,2025-05,PNW,18,343.8,19.1
BI100217,2025-06,NE,20,382.0,19.1
BI100217,2025-06,MA,22,420.2,19.1
BI100217,2025-06,SE,14,267.4,19.1
BI100217,2025-06,MW,20,382.0,19.1
BI100217,2025-06,TX,18,343.8,19.1
BI100217,2025-06,MTN,17,324.7,19.1
BI100217,2025-06,PSW,18,343.8,19.1
BI100217,2025-06,PNW,19,362.9,19.1
BI100217,2025-07,NE,22,420.2,19.1
BI100217,2025-07,MA,22,420.2,19.1
BI100217,2025-07,SE,14,267.4,19.1
BI100217,2025-07,MW,20,382.0,19.1
BI100217,2025-07,TX,16,305.6,19.1
BI100217,2025-07,MTN,18,343.8,19.1
BI100217,2025-07,PSW,18,343.8,19.1
BI100217,2025-07,PNW,19,362.9,19.1
BI100217,2025-08,NE,20,382.0,19.1
BI100217,2025-08,MA,22,420.2,19.1
BI100217,2025-08,SE,14,267.4,19.1
BI100217,2025-08,MW,20,382.0,19.1
BI100217,2025-08,TX,16,305.6,19.1
BI100217,2025-08,MTN,16,305.6,19.1
BI100217,2025-08,PSW,18,343.8,19.1
BI100217,2025-08,PNW,18,343.8,19.1
BI100217,2025-09,NE,22,420.2,19.1
BI100217,2025-09,MA,20,382.0,19.1
BI100217,2025-09,SE,15,286.5,19.1
BI100217,2025-09,MW,21,401.1,19.1
BI100217,2025-09,TX,17,324.7,19.1
BI100217,2025-09,MTN,18,343.8,19.1
BI100217,2025-09,PSW,19,362.9,19.1
BI100217,2025-09,PNW,18,343.8,19.1
BI100217,2025-10,NE,21,401.1,19.1
BI100217,2025-10,MA,22,420.2,19.1
BI100217,2025-10,SE,15,286.5,19.1
BI100217,2025-10,MW,20,382.0,19.1
BI100217,2025-10,TX,18,343.8,19.1
BI100217,2025-10,MTN,16,305.6,19.1
BI100217,2025-10,PSW,18,343.8,19.1
BI100217,2025-10,PNW,17,324.7,19.1
BI100217,2025-11,NE,20,382.0,19.1
BI100217,2025-11,MA,22,420.2,19.1
BI100217,2025-11,SE,14,267.4,19.1
BI100217,2025-11,MW,21,401.1,19.1
BI100217,2025-11,TX,16,305.6,19.1
BI100217,2025-11,MTN,16,305.6,19.1
BI100217,2025-11,PSW,18,343.8,19.1
BI100217,2025-11,PNW,17,324.7,19.1
BI100217,2025-12,NE,23,439.3,19.1
BI100217,2025-12,MA,21,401.1,19.1
BI100217,2025-12,SE,14,267.4,19.1
BI100217,2025-12,MW,20,382.0,19.1
BI100217,2025-12,TX,17,324.7,19.1
BI100217,2025-12,MTN,17,324.7,19.1
BI100217,2025-12,PSW,20,382.0,19.1
BI100217,2025-12,PNW,18,343.8,19.1
BI100224,2024-01,NE,21,4365.27,207.87
BI100224,2024-01,MA,15,3118.05,207.87
BI100224,2024-01,SE,24,4988.88,207.87
BI100224,2024-01,MW,22,4573.14,207.87
BI100224,2024-01,TX,16,3325.92,207.87
BI100224,2024-01,MTN,17,3533.79,207.87
BI100224,2024-01,PSW,18,3741.66,207.87
BI100224,2024-01,PNW,17,3533.79,207.87
BI100224,2024-02,NE,20,4157.4,207.87
BI100224,2024-02,MA,15,3118.05,207.87
BI100224,2024-02,SE,23,4781.01,207.87
BI100224,2024-02,MW,20,4157.4,207.87
BI100224,2024-02,TX,18,3741.66,207.87
BI100224,2024-02,MTN,17,3533.79,207.87
BI100224,2024-02,PSW,19,3949.53,207.87
BI100224,2024-02,PNW,18,3741.66,207.87
BI100224,2024-03,NE,22,4573.14,207.87
BI100224,2024-03,MA,17,3533.79,207.87
BI100224,2024-03,SE,22,4573.14,207.87
BI100224,2024-03,MW,21,4365.27,207.87
BI100224,2024-03,TX,18,3741.66,207.87
BI100224,2024-03,MTN,18,3741.66,207.87
BI100224,2024-03,PSW,19,3949.53,207.87
BI100224,2024-03,PNW,18,3741.66,207.87
BI100224,2024-04,NE,22,4573.14,207.87
BI100224,2024-04,MA,16,3325.92,207.87
BI100224,2024-04,SE,23,4781.01,207.87
BI100224,2024-04,MW,20,4157.4,207.87
BI100224,2024-04,TX,17,3533.79,207.87
BI100224,2024-04,MTN,17,3533.79,207.87
BI100224,2024-04,PSW,18,3741.66,207.87
BI100224,2024-04,PNW,17,3533.79,207.87
BI100224,2024-05,NE,21,4365.27,207.87
BI100224,2024-05,MA,15,3118.05,207.87
BI100224,2024-05,SE,24,4988.88,207.87
BI100224,2024-05,MW,21,4365.27,207.87
BI100224,2024-05,TX,17,3533.79,207.87
BI100224,2024-05,MTN,18,3741.66,207.87
BI100224,2024-05,PSW,18,3741.66,207.87
BI100224,2024-05,PNW,17,3533.79,207.87
BI100224,2024-06,NE,23,4781.01,207.87
BI100224,2024-06,MA,17,3533.79,207.87
BI100224,2024-06,SE,23,4781.01,207.87
BI100224,2024-06,MW,22,4573.14,207.87
BI100224,2024-06,TX,18,3741.66,207.87
BI100224,2024-06,MTN,18,3741.66,207.87
BI100224,2024-06,PSW,20,4157.4,207.87
BI100224,2024-06,PNW,17,3533.79,207.87
BI100224,2024-07,NE,23,4781.01,207.87
BI100224,2024-07,MA,17,3533.79,207.87
BI100224,2024-07,SE,26,5404.62,207.87
BI100224,2024-07,MW,23,4781.01,207.87
BI100224,2024-07,TX,16,3325.92,207.87
BI100224,2024-07,MTN,17,3533.79,207.87
BI100224,2024-07,PSW,20,4157.4,207.87
BI100224,2024-07,PNW,18,3741.66,207.87
BI100224,2024-08,NE,22,4573.14,207.87
BI100224,2024-08,MA,16,3325.92,207.87
BI100224,2024-08,SE,24,4988.88,207.87
BI100224,2024-08,MW,20,4157.4,207.87
BI100224,2024-08,TX,17,3533.79,207.87
BI100224,2024-08,MTN,18,3741.66,207.87
BI100224,2024-08,PSW,21,4365.27,207.87
BI100224,2024-08,PNW,17,3533.79,207.87
BI100224,2024-09,NE,21,4365.27,207.87
BI100224,2024-09,MA,16,3325.92,207.87
BI100224,2024-09,SE,25,5196.75,207.87
BI100224,2024-09,MW,21,4365.27,207.87
BI100224,2024-09,TX,16,3325.92,207.87
BI100224,2024-09,MTN,17,3533.79,207.87
BI100224,2024-09,PSW,20,4157.4,207.87
BI100224,2024-09,PNW,19,3949.53,207.87
BI100224,2024-10,NE,24,4988.88,207.87
BI100224,2024-10,MA,16,3325.92,207.87
BI100224,2024-10,SE,25,5196.75,207.87
BI100224,2024-10,MW,23,4781.01,207.87
BI100224,2024-10,TX,18,3741.66,207.87
BI100224,2024-10,MTN,18,3741.66,207.87
BI100224,2024-10,PSW,20,4157.4,207.87
BI100224,2024-10,PNW,18,3741.66,207.87
BI100224,2024-11,NE,23,4781.01,207.87
BI100224,2024-11,MA,17,3533.79,207.87
BI100224,2024-11,SE,25,5196.75,207.87
BI100224,2024-11,MW,20,4157.4,207.87
BI100224,2024-11,TX,18,3741.66,207.87
BI100224,2024-11,MTN,19,3949.53,207.87
BI100224,2024-11,PSW,21,4365.27,207.87
BI100224,2024-11,PNW,20,4157.4,207.87
BI100224,2024-12,NE,25,5196.75,207.87
BI100224,2024-12,MA,17,3533.79,207.87
BI100224,2024-12,SE,27,5612.49,207.87
BI100224,2024-12,MW,24,4988.88,207.87
BI100224,2024-12,TX,19,3949.53,207.87
BI100224,2024-12,MTN,17,3533.79,207.87
BI100224,2024-12,PSW,19,3949.53,207.87
BI100224,2024-12,PNW,19,3949.53,207.87
BI100224,2025-01,NE,23,4781.01,207.87
BI100224,2025-01,MA,16,3325.92,207.87
BI100224,2025-01,SE,27,5612.49,207.87
BI100224,2025-01,MW,21,4365.27,207.87
BI100224,2025-01,TX,17,3533.79,207.87
BI100224,2025-01,MTN,17,3533.79,207.87
BI100224,2025-01,PSW,20,4157.4,207.87
BI100224,2025-01,PNW,19,3949.53,207.87
BI100224,2025-02,NE,24,4988.88,207.87
BI100224,2025-02,MA,18,3741.66,207.87
BI100224,2025-02,SE,24,4988.88,207.87
BI100224,2025-02,MW,21,4365.27,207.87
BI100224,2025-02,TX,17,3533.79,207.87
BI100224,2025-02,MTN,19,3949.53,207.87
BI100224,2025-02,PSW,20,4157.4,207.87
BI100224,2025-02,PNW,20,4157.4,207.87
BI100224,2025-03,NE,25,5196.75,207.87
BI100224,2025-03,MA,17,3533.79,207.87
BI100224,2025-03,SE,27,5612.49,207.87
BI100224,2025-03,MW,21,4365.27,207.87
BI100224,2025-03,TX,18,3741.66,207.87
BI100224,2025-03,MTN,18,3741.66,207.87
BI100224,2025-03,PSW,19,3949.53,207.87
BI100224,2025-03,PNW,20,4157.4,207.87
BI100224,2025-04,NE,23,4781.01,207.87
BI100224,2025-04,MA,18,3741.66,207.87
BI100224,2025-04,SE,26,5404.62,207.87
BI100224,2025-04,MW,23,4781.01,207.87
BI100224,2025-04,TX,19,3949.53,207.87
BI100224,2025-04,MTN,19,3949.53,207.87
BI100224,2025-04,PSW,20,4157.4,207.87
BI100224,2025-04,PNW,20,4157.4,207.87
BI100224,2025-05,NE,22,4573.14,207.87
BI100224,2025-05,MA,17,3533.79,207.87
BI100224,2025-05,SE,25,5196.75,207.87
BI100224,2025-05,MW,23,4781.01,207.87
BI100224,2025-05,TX,18,3741.66,207.87
BI100224,2025-05,MTN,20,4157.4,207.87
BI100224,2025-05,PSW,19,3949.53,207.87
BI100224,2025-05,PNW,21,4365.27,207.87
BI100224,2025-06,NE,23,4781.01,207.87
BI100224,2025-06,MA,18,3741.66,207.87
BI100224,2025-06,SE,25,5196.75,207.87
BI100224,2025-06,MW,24,4988.88,207.87
BI100224,2025-06,TX,19,3949.53,207.87
BI100224,2025-06,MTN,19,3949.53,207.87
BI100224,2025-06,PSW,20,4157.4,207.87
BI100224,2025-06,PNW,19,3949.53,207.87
BI100224,2025-07,NE,24,4988.88,207.87
BI100224,2025-07,MA,18,3741.66,207.87
BI100224,2025-07,SE,27,5612.49,207.87
BI100224,2025-07,MW,21,4365.27,207.87
BI100224,2025-07,TX,19,3949.53,207.87
BI100224,2025-07,MTN,19,3949.53,207.87
BI100224,2025-07,PSW,19,3949.53,207.87
BI100224,2025-07,PNW,19,3949.53,207.87
BI100224,2025-08,NE,25,5196.75,207.87
BI100224,2025-08,MA,18,3741.66,207.87
BI100224,2025-08,SE,24,4988.88,207.87
BI100224,2025-08,MW,24,4988.88,207.87
BI100224,2025-08,TX,18,3741.66,207.87
BI100224,2025-08,MTN,19,3949.53,207.87
BI100224,2025-08,PSW,19,3949.53,207.87
BI100224,2025-08,PNW,19,3949.53,207.87
BI100224,2025-09,NE,23,4781.01,207.87
BI100224,2025-09,MA,19,3949.53,207.87
BI100224,2025-09,SE,25,5196.75,207.87
BI100224,2025-09,MW,22,4573.14,207.87
BI100224,2025-09,TX,19,3949.53,207.87
BI100224,2025-09,MTN,18,3741.66,207.87
BI100224,2025-09,PSW,19,3949.53,207.87
BI100224,2025-09,PNW,20,4157.4,207.87
BI100224,2025-10,NE,24,4988.88,207.87
BI100224,2025-10,MA,17,3533.79,207.87
BI100224,2025-10,SE,28,5820.36,207.87
BI100224,2025-10,MW,22,4573.14,207.87
BI100224,2025-10,TX,20,4157.4,207.87
BI100224,2025-10,MTN,19,3949.53,207.87
BI100224,2025-10,PSW,19,3949.53,207.87
BI100224,2025-10,PNW,19,3949.53,207.87
BI100224,2025-11,NE,26,5404.62,207.87
BI100224,2025-11,MA,19,3949.53,207.87
BI100224,2025-11,SE,28,5820.36,207.87
BI100224,2025-11,MW,24,4988.88,207.87
BI100224,2025-11,TX,20,4157.4,207.87
BI100224,2025-11,MTN,18,3741.66,207.87
BI100224,2025-11,PSW,20,4157.4,207.87
BI100224,2025-11,PNW,18,3741.66,207.87
BI100224,2025-12,NE,23,4781.01,207.87
BI100224,2025-12,MA,17,3533.79,207.87
BI100224,2025-12,SE,26,5404.62,207.87
BI100224,2025-12,MW,24,4988.88,207.87
BI100224,2025-12,TX,18,3741.66,207.87
BI100224,2025-12,MTN,19,3949.53,207.87
BI100224,2025-12,PSW,20,4157.4,207.87
BI100224,2025-12,PNW,21,4365.27,207.87
