channel,product_ref,return_month,region,return_units,return_amount
ecom_national,CW500003,2024-01,NE,1,23.16
ecom_national,CW500003,2024-01,MA,1,23.16
ecom_national,CW500003,2024-01,SE,1,23.16
ecom_national,CW500003,2024-01,MW,1,23.16
ecom_national,CW500003,2024-01,TX,1,23.16
ecom_national,CW500003,2024-01,MTN,2,46.32
ecom_national,CW500003,2024-01,PSW,1,23.16
retail,BI100007,2024-01,MA,1,23.16
retail,BI100007,2024-01,SE,1,23.16
retail,BI100007,2024-01,TX,1,23.16
retail,BI100007,2024-01,PNW,1,23.16
vet_clinic,BI100007,2024-01,TX,1,23.16
ecom_national,CW500003,2024-02,SE,2,46.32
ecom_national,CW500003,2024-02,MTN,1,23.16
ecom_national,CW500003,2024-02,PSW,1,23.16
ecom_national,CW500003,2024-02,PNW,1,23.16
retail,BI100007,2024-02,MTN,1,23.16
retail,BI100007,2024-02,PSW,1,23.16
vet_clinic,BI100007,2024-02,NE,1,23.16
vet_clinic,BI100007,2024-02,MW,1,23.16
vet_clinic,BI100007,2024-02,PSW,1,23.16
ecom_national,CW500003,2024-03,MA,1,23.16
ecom_national,CW500003,2024-03,SE,1,23.16
ecom_national,CW500003,2024-03,MTN,1,23.16
ecom_national,CW500003,2024-03,PSW,1,23.16
ecom_national,CW500003,2024-03,PNW,1,23.16
retail,BI100007,2024-03,MA,1,23.16
retail,BI100007,2024-03,SE,1,23.16
retail,BI100007,2024-03,TX,1,23.16
retail,BI100007,2024-03,MTN,1,23.16
retail,BI100007,2024-03,PNW,1,23.16
vet_clinic,BI100007,2024-03,SE,1,23.16
vet_clinic,BI100007,2024-03,PNW,1,23.16
ecom_national,CW500003,2024-04,MA,2,46.32
ecom_national,CW500003,2024-04,SE,1,23.16
ecom_national,CW500003,2024-04,MW,1,23.16
ecom_national,CW500003,2024-04,TX,2,46.32
ecom_national,CW500003,2024-04,MTN,3,69.48
ecom_national,CW500003,2024-04,PNW,2,46.32
retail,BI100007,2024-04,SE,1,23.16
retail,BI100007,2024-04,MW,1,23.16
retail,BI100007,2024-04,PNW,1,23.16
vet_clinic,BI100007,2024-04,MA,1,23.16
vet_clinic,BI100007,2024-04,MW,1,23.16
vet_clinic,BI100007,2024-04,TX,1,23.16
vet_clinic,BI100007,2024-04,MTN,1,23.16
vet_clinic,BI100007,2024-04,PNW,1,23.16
ecom_national,CW500003,2024-05,MA,1,23.16
ecom_national,CW500003,2024-05,TX,3,69.48
ecom_national,CW500003,2024-05,MTN,2,46.32
ecom_national,CW500003,2024-05,PSW,1,23.16
ecom_national,CW500003,2024-05,PNW,1,23.16
retail,BI100007,2024-05,MA,1,23.16
retail,BI100007,2024-05,SE,1,23.16
retail,BI100007,2024-05,MW,1,23.16
retail,BI100007,2024-05,TX,1,23.16
retail,BI100007,2024-05,MTN,1,23.16
retail,BI100007,2024-05,PNW,1,23.16
vet_clinic,BI100007,2024-05,MA,1,23.16
vet_clinic,BI100007,2024-05,MTN,1,23.16
ecom_national,CW500003,2024-06,MA,2,46.32
ecom_national,CW500003,2024-06,SE,3,69.48
ecom_national,CW500003,2024-06,MW,2,46.32
ecom_national,CW500003,2024-06,TX,1,23.16
ecom_national,CW500003,2024-06,PNW,3,69.48
retail,BI100007,2024-06,MA,1,23.16
retail,BI100007,2024-06,SE,1,23.16
retail,BI100007,2024-06,MW,1,23.16
retail,BI100007,2024-06,MTN,1,23.16
retail,BI100007,2024-06,PSW,1,23.16
vet_clinic,BI100007,2024-06,NE,1,23.16
vet_clinic,BI100007,2024-06,MA,1,23.16
vet_clinic,BI100007,2024-06,SE,1,23.16
vet_clinic,BI100007,2024-06,PSW,1,23.16
ecom_national,CW500003,2024-07,NE,2,46.32
ecom_national,CW500003,2024-07,SE,1,23.16
ecom_national,CW500003,2024-07,MW,1,23.16
ecom_national,CW500003,2024-07,TX,3,69.48
ecom_national,CW500003,2024-07,PSW,2,46.32
retail,BI100007,2024-07,NE,1,23.16
retail,BI100007,2024-07,MA,1,23.16
retail,BI100007,2024-07,SE,1,23.16
retail,BI100007,2024-07,MW,1,23.16
retail,BI100007,2024-07,TX,2,46.32
retail,BI100007,2024-07,PSW,1,23.16
vet_clinic,BI100007,2024-07,NE,1,23.16
vet_clinic,BI100007,2024-07,MA,1,23.16
vet_clinic,BI100007,2024-07,MTN,1,23.16
vet_clinic,BI100007,2024-07,PSW,1,23.16
vet_clinic,BI100007,2024-07,PNW,1,23.16
ecom_national,CW500003,2024-08,NE,1,23.16
ecom_national,CW500003,2024-08,MA,1,23.16
ecom_national,CW500003,2024-08,SE,1,23.16
ecom_national,CW500003,2024-08,MW,2,46.32
ecom_national,CW500003,2024-08,TX,2,46.32
ecom_national,CW500003,2024-08,MTN,2,46.32
ecom_national,CW500003,2024-08,PNW,1,23.16
retail,BI100007,2024-08,NE,1,23.16
retail,BI100007,2024-08,MA,1,23.16
retail,BI100007,2024-08,MW,1,23.16
retail,BI100007,2024-08,MTN,1,23.16
retail,BI100007,2024-08,PSW,1,23.16
retail,BI100007,2024-08,PNW,1,23.16
vet_clinic,BI100007,2024-08,SE,1,23.16
vet_clinic,BI100007,2024-08,MW,1,23.16
ecom_national,CW500003,2024-09,NE,1,23.16
ecom_national,CW500003,2024-09,SE,2,46.32
ecom_national,CW500003,2024-09,MW,2,46.32
ecom_national,CW500003,2024-09,TX,2,46.32
ecom_national,CW500003,2024-09,PSW,2,46.32
ecom_national,CW500003,2024-09,PNW,1,23.16
retail,BI100007,2024-09,SE,1,23.16
retail,BI100007,2024-09,TX,1,23.16
retail,BI100007,2024-09,MTN,1,23.16
retail,BI100007,2024-09,PNW,1,23.16
vet_clinic,BI100007,2024-09,MTN,1,23.16
ecom_national,CW500003,2024-10,NE,1,23.16
ecom_national,CW500003,2024-10,SE,2,46.32
ecom_national,CW500003,2024-10,MW,1,23.16
ecom_national,CW500003,2024-10,TX,2,46.32
ecom_national,CW500003,2024-10,MTN,2,46.32
ecom_national,CW500003,2024-10,PSW,1,23.16
retail,BI100007,2024-10,SE,1,23.16
retail,BI100007,2024-10,TX,1,23.16
vet_clinic,BI100007,2024-10,MA,1,23.16
vet_clinic,BI100007,2024-10,SE,1,23.16
vet_clinic,BI100007,2024-10,PNW,1,23.16
ecom_national,CW500003,2024-11,NE,1,23.16
ecom_national,CW500003,2024-11,MA,1,23.16
ecom_national,CW500003,2024-11,SE,1,23.16
ecom_national,CW500003,2024-11,MW,1,23.16
ecom_national,CW500003,2024-11,MTN,2,46.32
ecom_national,CW500003,2024-11,PSW,1,23.16
retail,BI100007,2024-11,TX,1,23.16
retail,BI100007,2024-11,MTN,1,23.16
retail,BI100007,2024-11,PSW,1,23.16
retail,BI100007,2024-11,PNW,1,23.16
vet_clinic,BI100007,2024-11,NE,1,23.16
vet_clinic,BI100007,2024-11,PSW,1,23.16
vet_clinic,BI100007,2024-11,PNW,1,23.16
ecom_national,CW500003,2024-12,NE,1,23.16
ecom_national,CW500003,2024-12,SE,1,23.16
ecom_national,CW500003,2024-12,MW,1,23.16
ecom_national,CW500003,2024-12,TX,1,23.16
ecom_national,CW500003,2024-12,MTN,1,23.16
ecom_national,CW500003,2024-12,PNW,1,23.16
retail,BI100007,2024-12,NE,1,23.16
retail,BI100007,2024-12,MW,1,23.16
retail,BI100007,2024-12,PSW,1,23.16
retail,BI100007,2024-12,PNW,1,23.16
vet_clinic,BI100007,2024-12,TX,1,23.16
vet_clinic,BI100007,2024-12,PSW,1,23.16
vet_clinic,BI100007,2024-12,PNW,1,23.16
ecom_national,CW500003,2025-01,NE,1,23.16
ecom_national,CW500003,2025-01,MA,1,23.16
ecom_national,CW500003,2025-01,MW,1,23.16
ecom_national,CW500003,2025-01,TX,1,27.33
ecom_national,CW500003,2025-01,MTN,2,46.32
ecom_national,CW500003,2025-01,PSW,2,46.32
ecom_national,CW500003,2025-01,PNW,1,23.16
retail,BI100007,2025-01,NE,1,23.16
retail,BI100007,2025-01,MA,1,23.16
retail,BI100007,2025-01,SE,1,23.16
retail,BI100007,2025-01,TX,1,27.33
retail,BI100007,2025-01,MTN,1,23.16
retail,BI100007,2025-01,PSW,1,23.16
retail,BI100007,2025-01,PNW,1,23.16
vet_clinic,BI100007,2025-01,NE,1,23.16
vet_clinic,BI100007,2025-01,SE,1,23.16
vet_clinic,BI100007,2025-01,PNW,1,23.16
ecom_national,CW500003,2025-02,MA,1,23.16
ecom_national,CW500003,2025-02,SE,2,46.32
ecom_national,CW500003,2025-02,TX,1,27.33
ecom_national,CW500003,2025-02,MTN,1,23.16
ecom_national,CW500003,2025-02,PNW,2,46.32
retail,BI100007,2025-02,SE,1,23.16
retail,BI100007,2025-02,MW,1,23.16
vet_clinic,BI100007,2025-02,NE,1,23.16
vet_clinic,BI100007,2025-02,SE,1,23.16
vet_clinic,BI100007,2025-02,MTN,1,23.16
vet_clinic,BI100007,2025-02,PSW,1,23.16
ecom_national,CW500003,2025-03,NE,1,23.16
ecom_national,CW500003,2025-03,MA,2,46.32
ecom_national,CW500003,2025-03,TX,1,23.16
ecom_national,CW500003,2025-03,PSW,2,46.32
ecom_national,CW500003,2025-03,PNW,2,46.32
retail,BI100007,2025-03,NE,1,23.16
retail,BI100007,2025-03,SE,1,23.16
retail,BI100007,2025-03,TX,2,46.32
retail,BI100007,2025-03,MTN,1,23.16
retail,BI100007,2025-03,PSW,1,23.16
retail,BI100007,2025-03,PNW,1,23.16
vet_clinic,BI100007,2025-03,MA,1,23.16
vet_clinic,BI100007,2025-03,SE,1,23.16
vet_clinic,BI100007,2025-03,PSW,1,23.16
ecom_national,CW500003,2025-04,NE,2,46.32
ecom_national,CW500003,2025-04,MA,2,46.32
ecom_national,CW500003,2025-04,SE,2,46.32
ecom_national,CW500003,2025-04,MW,1,23.16
ecom_national,CW500003,2025-04,PNW,2,46.32
retail,BI100007,2025-04,SE,1,23.16
retail,BI100007,2025-04,MW,1,23.16
retail,BI100007,2025-04,TX,1,23.16
retail,BI100007,2025-04,MTN,1,23.16
retail,BI100007,2025-04,PSW,1,23.16
retail,BI100007,2025-04,PNW,1,23.16
vet_clinic,BI100007,2025-04,NE,1,23.16
vet_clinic,BI100007,2025-04,MA,1,23.16
vet_clinic,BI100007,2025-04,SE,1,23.16
vet_clinic,BI100007,2025-04,MW,1,23.16
vet_clinic,BI100007,2025-04,TX,1,23.16
vet_clinic,BI100007,2025-04,MTN,1,23.16
vet_clinic,BI100007,2025-04,PSW,1,23.16
ecom_national,CW500003,2025-05,NE,2,46.32
ecom_national,CW500003,2025-05,MA,1,23.16
ecom_national,CW500003,2025-05,MW,1,23.16
ecom_national,CW500003,2025-05,TX,2,46.32
ecom_national,CW500003,2025-05,MTN,1,23.16
ecom_national,CW500003,2025-05,PSW,2,46.32
retail,BI100007,2025-05,NE,1,23.16
retail,BI100007,2025-05,MA,1,23.16
retail,BI100007,2025-05,MW,1,23.16
retail,BI100007,2025-05,TX,1,23.16
retail,BI100007,2025-05,MTN,1,23.16
retail,BI100007,2025-05,PNW,1,23.16
vet_clinic,BI100007,2025-05,NE,1,23.16
vet_clinic,BI100007,2025-05,PSW,1,23.16
ecom_national,CW500003,2025-06,NE,2,46.32
ecom_national,CW500003,2025-06,MW,1,23.16
ecom_national,CW500003,2025-06,TX,1,23.16
ecom_national,CW500003,2025-06,PSW,3,69.48
retail,BI100007,2025-06,MA,1,23.16
retail,BI100007,2025-06,MTN,1,23.16
retail,BI100007,2025-06,PSW,1,23.16
vet_clinic,BI100007,2025-06,MA,1,23.16
vet_clinic,BI100007,2025-06,SE,1,23.16
vet_clinic,BI100007,2025-06,TX,1,23.16
vet_clinic,BI100007,2025-06,PSW,1,23.16
vet_clinic,BI100007,2025-06,PNW,1,23.16
ecom_national,CW500003,2025-07,MA,1,23.16
ecom_national,CW500003,2025-07,SE,3,69.48
ecom_national,CW500003,2025-07,MW,2,46.32
ecom_national,CW500003,2025-07,TX,2,46.32
ecom_national,CW500003,2025-07,PSW,3,69.48
retail,BI100007,2025-07,SE,2,46.32
retail,BI100007,2025-07,MW,1,23.16
retail,BI100007,2025-07,TX,2,46.32
retail,BI100007,2025-07,MTN,1,23.16
retail,BI100007,2025-07,PNW,1,23.16
vet_clinic,BI100007,2025-07,MW,1,23.16
vet_clinic,BI100007,2025-07,TX,1,23.16
ecom_national,CW500003,2025-08,NE,1,23.16
ecom_national,CW500003,2025-08,SE,3,69.48
ecom_national,CW500003,2025-08,MW,1,23.16
ecom_national,CW500003,2025-08,TX,1,23.16
ecom_national,CW500003,2025-08,MTN,1,23.16
ecom_national,CW500003,2025-08,PSW,3,69.48
ecom_national,CW500003,2025-08,PNW,2,46.32
retail,BI100007,2025-08,NE,1,23.16
retail,BI100007,2025-08,MA,1,23.16
retail,BI100007,2025-08,MW,1,23.16
retail,BI100007,2025-08,TX,1,23.16
retail,BI100007,2025-08,PSW,1,23.16
retail,BI100007,2025-08,PNW,1,23.16
vet_clinic,BI100007,2025-08,NE,1,23.16
vet_clinic,BI100007,2025-08,SE,1,23.16
vet_clinic,BI100007,2025-08,PNW,1,23.16
ecom_national,CW500003,2025-09,NE,1,23.16
ecom_national,CW500003,2025-09,MA,2,46.32
ecom_national,CW500003,2025-09,SE,1,23.16
ecom_national,CW500003,2025-09,MW,1,23.16
ecom_national,CW500003,2025-09,TX,1,23.16
ecom_national,CW500003,2025-09,MTN,2,46.32
ecom_national,CW500003,2025-09,PSW,1,23.16
ecom_national,CW500003,2025-09,PNW,1,23.16
retail,BI100007,2025-09,NE,1,23.16
retail,BI100007,2025-09,MA,1,23.16
retail,BI100007,2025-09,SE,1,23.16
retail,BI100007,2025-09,MW,1,23.16
retail,BI100007,2025-09,TX,1,23.16
retail,BI100007,2025-09,MTN,1,23.16
retail,BI100007,2025-09,PNW,1,23.16
vet_clinic,BI100007,2025-09,NE,1,23.16
vet_clinic,BI100007,2025-09,SE,1,23.16
vet_clinic,BI100007,2025-09,MW,1,23.16
ecom_national,CW500003,2025-10,NE,1,23.16
ecom_national,CW500003,2025-10,MA,1,23.16
ecom_national,CW500003,2025-10,MW,1,23.16
ecom_national,CW500003,2025-10,TX,1,23.16
ecom_national,CW500003,2025-10,MTN,1,23.16
ecom_national,CW500003,2025-10,PNW,1,23.16
retail,BI100007,2025-10,NE,1,23.16
retail,BI100007,2025-10,MTN,1,23.16
retail,BI100007,2025-10,PSW,1,23.16
retail,BI100007,2025-10,PNW,1,23.16
vet_clinic,BI100007,2025-10,MA,1,23.16
vet_clinic,BI100007,2025-10,TX,1,23.16
ecom_national,CW500003,2025-11,NE,1,23.16
ecom_national,CW500003,2025-11,MA,1,23.16
ecom_national,CW500003,2025-11,SE,1,23.16
ecom_national,CW500003,2025-11,MW,1,23.16
ecom_national,CW500003,2025-11,MTN,1,23.16
ecom_national,CW500003,2025-11,PSW,2,46.32
ecom_national,CW500003,2025-11,PNW,2,46.32
retail,BI100007,2025-11,NE,1,23.16
retail,BI100007,2025-11,SE,1,23.16
retail,BI100007,2025-11,TX,1,23.16
retail,BI100007,2025-11,MTN,1,23.16
retail,BI100007,2025-11,PSW,1,23.16
retail,BI100007,2025-11,PNW,1,23.16
vet_clinic,BI100007,2025-11,PSW,1,23.16
vet_clinic,BI100007,2025-11,PNW,1,23.16
ecom_national,CW500003,2025-12,MA,1,23.16
ecom_national,CW500003,2025-12,TX,1,23.16
ecom_national,CW500003,2025-12,MTN,1,23.16
ecom_national,CW500003,2025-12,PNW,2,46.32
retail,BI100007,2025-12,NE,1,23.16
retail,BI100007,2025-12,SE,1,23.16
retail,BI100007,2025-12,MW,1,23.16
retail,BI100007,2025-12,TX,1,23.16
retail,BI100007,2025-12,MTN,1,23.16
retail,BI100007,2025-12,PNW,1,23.16
ecom_national,CW500006,2024-01,NE,3,153.15
ecom_national,CW500006,2024-01,MA,1,51.05
ecom_national,CW500006,2024-01,SE,2,102.1
ecom_national,CW500006,2024-01,MW,1,51.05
ecom_national,CW500006,2024-01,TX,3,153.15
ecom_national,CW500006,2024-01,MTN,3,153.15
ecom_national,CW500006,2024-01,PSW,3,153.15
ecom_national,CW500006,2024-01,PNW,4,204.2
retail,BI100014,2024-01,MA,1,51.05
retail,BI100014,2024-01,MTN,1,51.05
retail,BI100014,2024-01,PNW,2,102.1
vet_clinic,BI100014,2024-01,MA,1,51.05
vet_clinic,BI100014,2024-01,SE,1,51.05
vet_clinic,BI100014,2024-01,MW,1,51.05
vet_clinic,BI100014,2024-01,TX,1,51.05
vet_clinic,BI100014,2024-01,MTN,1,51.05
vet_clinic,BI100014,2024-01,PSW,2,102.1
vet_clinic,BI100014,2024-01,PNW,1,51.05
ecom_national,CW500006,2024-02,NE,1,51.05
ecom_national,CW500006,2024-02,MA,5,255.25
ecom_national,CW500006,2024-02,SE,2,102.1
ecom_national,CW500006,2024-02,MW,1,51.05
ecom_national,CW500006,2024-02,TX,3,153.15
ecom_national,CW500006,2024-02,PSW,4,204.2
ecom_national,CW500006,2024-02,PNW,2,102.1
retail,BI100014,2024-02,NE,3,153.15
retail,BI100014,2024-02,MA,1,51.05
retail,BI100014,2024-02,SE,2,102.1
retail,BI100014,2024-02,MW,2,102.1
retail,BI100014,2024-02,TX,2,102.1
retail,BI100014,2024-02,MTN,1,51.05
retail,BI100014,2024-02,PSW,3,153.15
vet_clinic,BI100014,2024-02,NE,2,102.1
vet_clinic,BI100014,2024-02,MA,2,102.1
vet_clinic,BI100014,2024-02,SE,1,51.05
vet_clinic,BI100014,2024-02,MW,1,51.05
vet_clinic,BI100014,2024-02,MTN,1,51.05
vet_clinic,BI100014,2024-02,PSW,2,102.1
vet_clinic,BI100014,2024-02,PNW,1,51.05
ecom_national,CW500006,2024-03,NE,6,306.3
ecom_national,CW500006,2024-03,MA,6,306.3
ecom_national,CW500006,2024-03,SE,3,153.15
ecom_national,CW500006,2024-03,MW,2,102.1
ecom_national,CW500006,2024-03,TX,2,102.1
ecom_national,CW500006,2024-03,MTN,2,102.1
ecom_national,CW500006,2024-03,PSW,1,51.05
ecom_national,CW500006,2024-03,PNW,2,102.1
retail,BI100014,2024-03,NE,3,153.15
retail,BI100014,2024-03,MA,1,51.05
retail,BI100014,2024-03,SE,2,102.1
retail,BI100014,2024-03,MW,2,102.1
retail,BI100014,2024-03,TX,2,102.1
retail,BI100014,2024-03,PSW,3,153.15
retail,BI100014,2024-03,PNW,2,102.1
vet_clinic,BI100014,2024-03,NE,1,51.05
vet_clinic,BI100014,2024-03,MA,1,51.05
vet_clinic,BI100014,2024-03,SE,2,102.1
vet_clinic,BI100014,2024-03,MW,1,51.05
vet_clinic,BI100014,2024-03,MTN,1,51.05
vet_clinic,BI100014,2024-03,PSW,1,51.05
vet_clinic,BI100014,2024-03,PNW,1,51.05
ecom_national,CW500006,2024-04,NE,6,306.3
ecom_national,CW500006,2024-04,SE,4,204.2
ecom_national,CW500006,2024-04,TX,4,204.2
ecom_national,CW500006,2024-04,MTN,1,51.05
ecom_national,CW500006,2024-04,PSW,5,255.25
ecom_national,CW500006,2024-04,PNW,4,204.2
retail,BI100014,2024-04,NE,1,51.05
retail,BI100014,2024-04,MA,1,51.05
retail,BI100014,2024-04,SE,2,102.1
retail,BI100014,2024-04,TX,1,51.05
retail,BI100014,2024-04,PSW,2,102.1
retail,BI100014,2024-04,PNW,1,51.05
vet_clinic,BI100014,2024-04,NE,1,51.05
vet_clinic,BI100014,2024-04,MA,2,102.1
vet_clinic,BI100014,2024-04,SE,1,51.05
vet_clinic,BI100014,2024-04,TX,2,102.1
vet_clinic,BI100014,2024-04,MTN,1,51.05
vet_clinic,BI100014,2024-04,PSW,2,102.1
ecom_national,CW500006,2024-05,NE,3,153.15
ecom_national,CW500006,2024-05,MA,5,255.25
ecom_national,CW500006,2024-05,SE,4,204.2
ecom_national,CW500006,2024-05,MTN,3,153.15
ecom_national,CW500006,2024-05,PSW,1,51.05
ecom_national,CW500006,2024-05,PNW,6,306.3
retail,BI100014,2024-05,NE,1,51.05
retail,BI100014,2024-05,MA,3,153.15
retail,BI100014,2024-05,MW,2,102.1
retail,BI100014,2024-05,TX,1,51.05
retail,BI100014,2024-05,PSW,3,153.15
retail,BI100014,2024-05,PNW,3,153.15
vet_clinic,BI100014,2024-05,NE,1,51.05
vet_clinic,BI100014,2024-05,MA,2,102.1
vet_clinic,BI100014,2024-05,SE,2,102.1
vet_clinic,BI100014,2024-05,MW,1,51.05
vet_clinic,BI100014,2024-05,TX,2,102.1
ecom_national,CW500006,2024-06,NE,3,153.15
ecom_national,CW500006,2024-06,SE,3,153.15
ecom_national,CW500006,2024-06,MW,4,204.2
ecom_national,CW500006,2024-06,TX,4,204.2
ecom_national,CW500006,2024-06,PSW,2,102.1
ecom_national,CW500006,2024-06,PNW,5,255.25
retail,BI100014,2024-06,NE,1,51.05
retail,BI100014,2024-06,MA,4,204.2
retail,BI100014,2024-06,MW,1,51.05
retail,BI100014,2024-06,TX,2,102.1
retail,BI100014,2024-06,MTN,1,51.05
retail,BI100014,2024-06,PSW,2,102.1
retail,BI100014,2024-06,PNW,3,153.15
vet_clinic,BI100014,2024-06,NE,1,51.05
vet_clinic,BI100014,2024-06,MA,3,153.15
vet_clinic,BI100014,2024-06,SE,1,51.05
vet_clinic,BI100014,2024-06,MW,2,102.1
vet_clinic,BI100014,2024-06,PSW,1,51.05
vet_clinic,BI100014,2024-06,PNW,2,102.1
ecom_national,CW500006,2024-07,NE,5,255.25
ecom_national,CW500006,2024-07,MA,7,357.35
ecom_national,CW500006,2024-07,SE,5,255.25
ecom_national,CW500006,2024-07,MW,3,153.15
ecom_national,CW500006,2024-07,MTN,2,102.1
ecom_national,CW500006,2024-07,PNW,5,255.25
retail,BI100014,2024-07,NE,1,51.05
retail,BI100014,2024-07,MA,2,102.1
retail,BI100014,2024-07,SE,1,51.05
retail,BI100014,2024-07,MW,2,102.1
retail,BI100014,2024-07,MTN,3,153.15
retail,BI100014,2024-07,PSW,1,51.05
retail,BI100014,2024-07,PNW,3,153.15
vet_clinic,BI100014,2024-07,NE,1,51.05
vet_clinic,BI100014,2024-07,MA,1,51.05
vet_clinic,BI100014,2024-07,SE,2,102.1
vet_clinic,BI100014,2024-07,MW,2,102.1
vet_clinic,BI100014,2024-07,TX,1,51.05
vet_clinic,BI100014,2024-07,MTN,2,102.1
vet_clinic,BI100014,2024-07,PSW,3,153.15
vet_clinic,BI100014,2024-07,PNW,2,102.1
ecom_national,CW500006,2024-08,NE,5,255.25
ecom_national,CW500006,2024-08,MA,7,357.35
ecom_national,CW500006,2024-08,SE,1,51.05
ecom_national,CW500006,2024-08,MW,3,153.15
ecom_national,CW500006,2024-08,TX,4,204.2
ecom_national,CW500006,2024-08,MTN,2,102.1
ecom_national,CW500006,2024-08,PSW,3,153.15
retail,BI100014,2024-08,NE,2,102.1
retail,BI100014,2024-08,MA,4,204.2
retail,BI100014,2024-08,SE,1,51.05
retail,BI100014,2024-08,MW,2,102.1
retail,BI100014,2024-08,MTN,2,102.1
retail,BI100014,2024-08,PSW,1,51.05
retail,BI100014,2024-08,PNW,1,51.05
vet_clinic,BI100014,2024-08,NE,1,51.05
vet_clinic,BI100014,2024-08,MA,1,51.05
vet_clinic,BI100014,2024-08,SE,1,51.05
vet_clinic,BI100014,2024-08,MW,2,102.1
vet_clinic,BI100014,2024-08,MTN,1,51.05
vet_clinic,BI100014,2024-08,PSW,2,102.1
vet_clinic,BI100014,2024-08,PNW,1,51.05
ecom_national,CW500006,2024-09,MA,2,102.1
ecom_national,CW500006,2024-09,SE,3,153.15
ecom_national,CW500006,2024-09,MW,1,51.05
ecom_national,CW500006,2024-09,TX,1,51.05
ecom_national,CW500006,2024-09,MTN,5,255.25
ecom_national,CW500006,2024-09,PSW,6,306.3
ecom_national,CW500006,2024-09,PNW,2,102.1
retail,BI100014,2024-09,MA,1,51.05
retail,BI100014,2024-09,MW,1,51.05
retail,BI100014,2024-09,MTN,1,51.05
retail,BI100014,2024-09,PSW,1,51.05
retail,BI100014,2024-09,PNW,1,51.05
vet_clinic,BI100014,2024-09,NE,1,51.05
vet_clinic,BI100014,2024-09,MA,1,51.05
vet_clinic,BI100014,2024-09,MW,1,51.05
vet_clinic,BI100014,2024-09,PSW,1,51.05
ecom_national,CW500006,2024-10,NE,4,204.2
ecom_national,CW500006,2024-10,MA,3,153.15
ecom_national,CW500006,2024-10,SE,2,102.1
ecom_national,CW500006,2024-10,MW,2,102.1
ecom_national,CW500006,2024-10,TX,3,153.15
ecom_national,CW500006,2024-10,MTN,3,153.15
ecom_national,CW500006,2024-10,PSW,3,153.15
ecom_national,CW500006,2024-10,PNW,3,153.15
retail,BI100014,2024-10,NE,3,153.15
retail,BI100014,2024-10,MA,3,153.15
retail,BI100014,2024-10,SE,1,51.05
retail,BI100014,2024-10,MW,2,102.1
retail,BI100014,2024-10,TX,1,51.05
retail,BI100014,2024-10,MTN,2,102.1
retail,BI100014,2024-10,PSW,2,102.1
retail,BI100014,2024-10,PNW,2,102.1
vet_clinic,BI100014,2024-10,NE,1,51.05
vet_clinic,BI100014,2024-10,MA,1,51.05
vet_clinic,BI100014,2024-10,SE,1,51.05
vet_clinic,BI100014,2024-10,TX,1,51.05
vet_clinic,BI100014,2024-10,PSW,1,51.05
vet_clinic,BI100014,2024-10,PNW,1,51.05
ecom_national,CW500006,2024-11,NE,1,51.05
ecom_national,CW500006,2024-11,MA,1,51.05
ecom_national,CW500006,2024-11,SE,1,51.05
ecom_national,CW500006,2024-11,MW,3,153.15
ecom_national,CW500006,2024-11,TX,1,51.05
ecom_national,CW500006,2024-11,MTN,1,51.05
ecom_national,CW500006,2024-11,PSW,3,153.15
ecom_national,CW500006,2024-11,PNW,3,153.15
retail,BI100014,2024-11,NE,1,51.05
retail,BI100014,2024-11,TX,1,51.05
retail,BI100014,2024-11,MTN,2,102.1
retail,BI100014,2024-11,PSW,1,51.05
retail,BI100014,2024-11,PNW,2,102.1
vet_clinic,BI100014,2024-11,MA,1,51.05
vet_clinic,BI100014,2024-11,SE,1,51.05
vet_clinic,BI100014,2024-11,TX,1,51.05
vet_clinic,BI100014,2024-11,MTN,1,51.05
vet_clinic,BI100014,2024-11,PSW,1,51.05
vet_clinic,BI100014,2024-11,PNW,2,102.1
ecom_national,CW500006,2024-12,MA,3,153.15
ecom_national,CW500006,2024-12,SE,2,102.1
ecom_national,CW500006,2024-12,MW,2,102.1
ecom_national,CW500006,2024-12,TX,1,51.05
ecom_national,CW500006,2024-12,MTN,3,153.15
retail,BI100014,2024-12,NE,1,51.05
retail,BI100014,2024-12,MA,3,153.15
retail,BI100014,2024-12,SE,1,51.05
retail,BI100014,2024-12,MW,1,51.05
retail,BI100014,2024-12,TX,2,102.1
retail,BI100014,2024-12,PSW,1,51.05
retail,BI100014,2024-12,PNW,1,51.05
vet_clinic,BI100014,2024-12,NE,1,51.05
vet_clinic,BI100014,2024-12,MA,2,102.1
vet_clinic,BI100014,2024-12,MW,1,51.05
vet_clinic,BI100014,2024-12,PSW,1,51.05
ecom_national,CW500006,2025-01,NE,2,102.1
ecom_national,CW500006,2025-01,MA,5,255.25
ecom_national,CW500006,2025-01,SE,3,153.15
ecom_national,CW500006,2025-01,TX,1,60.24
ecom_national,CW500006,2025-01,MTN,3,153.15
ecom_national,CW500006,2025-01,PSW,3,153.15
ecom_national,CW500006,2025-01,PNW,3,153.15
retail,BI100014,2025-01,NE,2,102.1
retail,BI100014,2025-01,MA,3,153.15
retail,BI100014,2025-01,SE,1,51.05
retail,BI100014,2025-01,MW,1,51.05
retail,BI100014,2025-01,TX,1,60.24
retail,BI100014,2025-01,MTN,1,51.05
retail,BI100014,2025-01,PNW,2,102.1
vet_clinic,BI100014,2025-01,SE,1,51.05
vet_clinic,BI100014,2025-01,TX,1,60.24
vet_clinic,BI100014,2025-01,MTN,1,51.05
vet_clinic,BI100014,2025-01,PNW,1,51.05
ecom_national,CW500006,2025-02,NE,4,204.2
ecom_national,CW500006,2025-02,MA,2,102.1
ecom_national,CW500006,2025-02,SE,4,204.2
ecom_national,CW500006,2025-02,MW,3,153.15
ecom_national,CW500006,2025-02,TX,2,120.48
ecom_national,CW500006,2025-02,MTN,3,153.15
ecom_national,CW500006,2025-02,PSW,3,153.15
ecom_national,CW500006,2025-02,PNW,2,102.1
retail,BI100014,2025-02,NE,1,51.05
retail,BI100014,2025-02,MA,2,102.1
retail,BI100014,2025-02,SE,2,102.1
retail,BI100014,2025-02,MW,1,51.05
retail,BI100014,2025-02,TX,1,60.24
retail,BI100014,2025-02,MTN,1,51.05
retail,BI100014,2025-02,PSW,2,102.1
retail,BI100014,2025-02,PNW,2,102.1
vet_clinic,BI100014,2025-02,NE,2,102.1
vet_clinic,BI100014,2025-02,MA,2,102.1
vet_clinic,BI100014,2025-02,SE,1,51.05
vet_clinic,BI100014,2025-02,MW,1,51.05
ecom_national,CW500006,2025-03,NE,1,51.05
ecom_national,CW500006,2025-03,MA,4,204.2
ecom_national,CW500006,2025-03,SE,1,51.05
ecom_national,CW500006,2025-03,MW,3,153.15
ecom_national,CW500006,2025-03,TX,4,204.2
ecom_national,CW500006,2025-03,MTN,2,102.1
ecom_national,CW500006,2025-03,PSW,4,204.2
ecom_national,CW500006,2025-03,PNW,3,153.15
retail,BI100014,2025-03,NE,2,102.1
retail,BI100014,2025-03,MA,1,51.05
retail,BI100014,2025-03,SE,1,51.05
retail,BI100014,2025-03,MW,2,102.1
retail,BI100014,2025-03,TX,2,102.1
retail,BI100014,2025-03,MTN,2,102.1
retail,BI100014,2025-03,PSW,3,153.15
retail,BI100014,2025-03,PNW,2,102.1
vet_clinic,BI100014,2025-03,NE,1,51.05
vet_clinic,BI100014,2025-03,MA,1,51.05
vet_clinic,BI100014,2025-03,SE,1,51.05
vet_clinic,BI100014,2025-03,TX,2,102.1
vet_clinic,BI100014,2025-03,MTN,1,51.05
vet_clinic,BI100014,2025-03,PNW,2,102.1
ecom_national,CW500006,2025-04,NE,5,255.25
ecom_national,CW500006,2025-04,MA,4,204.2
ecom_national,CW500006,2025-04,SE,2,102.1
ecom_national,CW500006,2025-04,MW,4,204.2
ecom_national,CW500006,2025-04,TX,2,102.1
ecom_national,CW500006,2025-04,MTN,2,102.1
ecom_national,CW500006,2025-04,PNW,5,255.25
retail,BI100014,2025-04,NE,1,51.05
retail,BI100014,2025-04,MA,3,153.15
retail,BI100014,2025-04,MW,2,102.1
retail,BI100014,2025-04,TX,1,51.05
retail,BI100014,2025-04,MTN,3,153.15
retail,BI100014,2025-04,PSW,3,153.15
retail,BI100014,2025-04,PNW,3,153.15
vet_clinic,BI100014,2025-04,NE,2,102.1
vet_clinic,BI100014,2025-04,MA,3,153.15
vet_clinic,BI100014,2025-04,SE,1,51.05
vet_clinic,BI100014,2025-04,TX,1,51.05
vet_clinic,BI100014,2025-04,MTN,1,51.05
vet_clinic,BI100014,2025-04,PSW,1,51.05
vet_clinic,BI100014,2025-04,PNW,1,51.05
ecom_national,CW500006,2025-05,NE,1,51.05
ecom_national,CW500006,2025-05,MA,3,153.15
ecom_national,CW500006,2025-05,MW,1,51.05
ecom_national,CW500006,2025-05,TX,2,102.1
ecom_national,CW500006,2025-05,MTN,5,255.25
ecom_national,CW500006,2025-05,PSW,3,153.15
ecom_national,CW500006,2025-05,PNW,6,306.3
retail,BI100014,2025-05,NE,1,51.05
retail,BI100014,2025-05,MA,1,51.05
retail,BI100014,2025-05,SE,3,153.15
retail,BI100014,2025-05,MW,1,51.05
retail,BI100014,2025-05,MTN,1,51.05
retail,BI100014,2025-05,PSW,1,51.05
retail,BI100014,2025-05,PNW,3,153.15
vet_clinic,BI100014,2025-05,NE,2,102.1
vet_clinic,BI100014,2025-05,MA,2,102.1
vet_clinic,BI100014,2025-05,SE,2,102.1
vet_clinic,BI100014,2025-05,MW,1,51.05
vet_clinic,BI100014,2025-05,TX,2,102.1
vet_clinic,BI100014,2025-05,MTN,1,51.05
vet_clinic,BI100014,2025-05,PNW,2,102.1
ecom_national,CW500006,2025-06,NE,3,153.15
ecom_national,CW500006,2025-06,MA,3,153.15
ecom_national,CW500006,2025-06,SE,4,204.2
ecom_national,CW500006,2025-06,TX,1,51.05
ecom_national,CW500006,2025-06,MTN,5,255.25
ecom_national,CW500006,2025-06,PSW,3,153.15
retail,BI100014,2025-06,NE,3,153.15
retail,BI100014,2025-06,MA,4,204.2
retail,BI100014,2025-06,SE,2,102.1
retail,BI100014,2025-06,MW,1,51.05
retail,BI100014,2025-06,TX,1,51.05
retail,BI100014,2025-06,MTN,3,153.15
retail,BI100014,2025-06,PSW,1,51.05
retail,BI100014,2025-06,PNW,3,153.15
vet_clinic,BI100014,2025-06,MA,2,102.1
vet_clinic,BI100014,2025-06,SE,1,51.05
vet_clinic,BI100014,2025-06,MW,1,51.05
vet_clinic,BI100014,2025-06,TX,2,102.1
vet_clinic,BI100014,2025-06,MTN,2,102.1
vet_clinic,BI100014,2025-06,PSW,2,102.1
vet_clinic,BI100014,2025-06,PNW,1,51.05
ecom_national,CW500006,2025-07,MA,3,153.15
ecom_national,CW500006,2025-07,SE,5,255.25
ecom_national,CW500006,2025-07,MW,4,204.2
ecom_national,CW500006,2025-07,MTN,1,51.05
ecom_national,CW500006,2025-07,PSW,7,357.35
ecom_national,CW500006,2025-07,PNW,4,204.2
retail,BI100014,2025-07,NE,5,255.25
retail,BI100014,2025-07,MA,2,102.1
retail,BI100014,2025-07,MW,2,102.1
retail,BI100014,2025-07,TX,3,153.15
retail,BI100014,2025-07,MTN,2,102.1
retail,BI100014,2025-07,PSW,1,51.05
retail,BI100014,2025-07,PNW,2,102.1
vet_clinic,BI100014,2025-07,NE,1,51.05
vet_clinic,BI100014,2025-07,MA,1,51.05
vet_clinic,BI100014,2025-07,SE,1,51.05
vet_clinic,BI100014,2025-07,MW,2,102.1
vet_clinic,BI100014,2025-07,TX,1,51.05
vet_clinic,BI100014,2025-07,MTN,1,51.05
vet_clinic,BI100014,2025-07,PSW,1,51.05
vet_clinic,BI100014,2025-07,PNW,2,102.1
ecom_national,CW500006,2025-08,MA,6,306.3
ecom_national,CW500006,2025-08,SE,4,204.2
ecom_national,CW500006,2025-08,MW,2,102.1
ecom_national,CW500006,2025-08,TX,4,204.2
ecom_national,CW500006,2025-08,MTN,4,204.2
ecom_national,CW500006,2025-08,PSW,2,102.1
ecom_national,CW500006,2025-08,PNW,2,102.1
retail,BI100014,2025-08,NE,3,153.15
retail,BI100014,2025-08,MA,4,204.2
retail,BI100014,2025-08,SE,2,102.1
retail,BI100014,2025-08,TX,3,153.15
retail,BI100014,2025-08,MTN,3,153.15
retail,BI100014,2025-08,PSW,3,153.15
retail,BI100014,2025-08,PNW,1,51.05
vet_clinic,BI100014,2025-08,MA,2,102.1
vet_clinic,BI100014,2025-08,SE,1,51.05
vet_clinic,BI100014,2025-08,MW,2,102.1
vet_clinic,BI100014,2025-08,TX,2,102.1
vet_clinic,BI100014,2025-08,MTN,2,102.1
vet_clinic,BI100014,2025-08,PNW,1,51.05
ecom_national,CW500006,2025-09,NE,4,204.2
ecom_national,CW500006,2025-09,MA,5,255.25
ecom_national,CW500006,2025-09,SE,1,51.05
ecom_national,CW500006,2025-09,MW,2,102.1
ecom_national,CW500006,2025-09,TX,3,153.15
ecom_national,CW500006,2025-09,MTN,4,204.2
ecom_national,CW500006,2025-09,PSW,3,153.15
ecom_national,CW500006,2025-09,PNW,1,51.05
retail,BI100014,2025-09,NE,2,102.1
retail,BI100014,2025-09,MA,4,204.2
retail,BI100014,2025-09,SE,1,51.05
retail,BI100014,2025-09,MW,1,51.05
retail,BI100014,2025-09,MTN,1,51.05
retail,BI100014,2025-09,PSW,1,51.05
vet_clinic,BI100014,2025-09,NE,1,51.05
vet_clinic,BI100014,2025-09,MA,1,51.05
vet_clinic,BI100014,2025-09,SE,1,51.05
vet_clinic,BI100014,2025-09,MW,2,102.1
vet_clinic,BI100014,2025-09,TX,1,51.05
vet_clinic,BI100014,2025-09,PSW,1,51.05
ecom_national,CW500006,2025-10,NE,2,102.1
ecom_national,CW500006,2025-10,MA,4,204.2
ecom_national,CW500006,2025-10,SE,1,51.05
ecom_national,CW500006,2025-10,TX,2,102.1
ecom_national,CW500006,2025-10,PSW,4,204.2
ecom_national,CW500006,2025-10,PNW,1,51.05
retail,BI100014,2025-10,NE,2,102.1
retail,BI100014,2025-10,MA,2,102.1
retail,BI100014,2025-10,SE,1,51.05
retail,BI100014,2025-10,MW,2,102.1
retail,BI100014,2025-10,TX,2,102.1
retail,BI100014,2025-10,MTN,1,51.05
retail,BI100014,2025-10,PNW,2,102.1
vet_clinic,BI100014,2025-10,NE,2,102.1
vet_clinic,BI100014,2025-10,SE,1,51.05
vet_clinic,BI100014,2025-10,TX,1,51.05
vet_clinic,BI100014,2025-10,MTN,1,51.05
vet_clinic,BI100014,2025-10,PSW,1,51.05
vet_clinic,BI100014,2025-10,PNW,2,102.1
ecom_national,CW500006,2025-11,NE,4,204.2
ecom_national,CW500006,2025-11,SE,2,102.1
ecom_national,CW500006,2025-11,TX,1,51.05
ecom_national,CW500006,2025-11,MTN,1,51.05
ecom_national,CW500006,2025-11,PSW,4,204.2
ecom_national,CW500006,2025-11,PNW,4,204.2
retail,BI100014,2025-11,MA,1,51.05
retail,BI100014,2025-11,SE,1,51.05
retail,BI100014,2025-11,MTN,1,51.05
retail,BI100014,2025-11,PSW,1,51.05
retail,BI100014,2025-11,PNW,1,51.05
vet_clinic,BI100014,2025-11,NE,1,51.05
vet_clinic,BI100014,2025-11,MA,2,102.1
vet_clinic,BI100014,2025-11,MTN,1,51.05
vet_clinic,BI100014,2025-11,PNW,1,51.05
ecom_national,CW500006,2025-12,SE,2,102.1
ecom_national,CW500006,2025-12,MW,3,153.15
ecom_national,CW500006,2025-12,MTN,2,102.1
ecom_national,CW500006,2025-12,PSW,2,102.1
ecom_national,CW500006,2025-12,PNW,3,153.15
retail,BI100014,2025-12,NE,3,153.15
retail,BI100014,2025-12,MA,1,51.05
retail,BI100014,2025-12,SE,1,51.05
retail,BI100014,2025-12,MW,2,102.1
retail,BI100014,2025-12,MTN,1,51.05
retail,BI100014,2025-12,PSW,1,51.05
retail,BI100014,2025-12,PNW,2,102.1
vet_clinic,BI100014,2025-12,NE,1,51.05
vet_clinic,BI100014,2025-12,MA,1,51.05
vet_clinic,BI100014,2025-12,MW,1,51.05
vet_clinic,BI100014,2025-12,TX,1,51.05
vet_clinic,BI100014,2025-12,PSW,1,51.05
vet_clinic,BI100014,2025-12,PNW,1,51.05
ecom_national,CW500009,2024-01,MA,1,188.58
ecom_national,CW500009,2024-01,SE,1,188.58
ecom_national,CW500009,2024-01,MW,2,377.16
ecom_national,CW500009,2024-01,TX,1,188.58
ecom_national,CW500009,2024-01,PSW,1,188.58
retail,BI100021,2024-01,NE,1,188.58
retail,BI100021,2024-01,MA,1,188.58
retail,BI100021,2024-01,MW,1,188.58
retail,BI100021,2024-01,TX,1,188.58
vet_clinic,BI100021,2024-01,SE,1,188.58
vet_clinic,BI100021,2024-01,MTN,1,188.58
vet_clinic,BI100021,2024-01,PNW,1,188.58
ecom_national,CW500009,2024-02,NE,2,377.16
ecom_national,CW500009,2024-02,MA,2,377.16
ecom_national,CW500009,2024-02,SE,1,188.58
ecom_national,CW500009,2024-02,MW,1,188.58
ecom_national,CW500009,2024-02,TX,1,188.58
ecom_national,CW500009,2024-02,PSW,1,188.58
ecom_national,CW500009,2024-02,PNW,2,377.16
retail,BI100021,2024-02,NE,1,188.58
retail,BI100021,2024-02,MA,1,188.58
retail,BI100021,2024-02,SE,1,188.58
retail,BI100021,2024-02,MW,1,188.58
vet_clinic,BI100021,2024-02,MW,1,188.58
vet_clinic,BI100021,2024-02,PSW,1,188.58
ecom_national,CW500009,2024-03,NE,2,377.16
ecom_national,CW500009,2024-03,MA,1,188.58
ecom_national,CW500009,2024-03,MW,1,188.58
ecom_national,CW500009,2024-03,TX,1,188.58
ecom_national,CW500009,2024-03,MTN,2,377.16
ecom_national,CW500009,2024-03,PNW,2,377.16
retail,BI100021,2024-03,NE,1,188.58
retail,BI100021,2024-03,SE,1,188.58
retail,BI100021,2024-03,MW,1,188.58
retail,BI100021,2024-03,TX,1,188.58
retail,BI100021,2024-03,MTN,1,188.58
retail,BI100021,2024-03,PSW,1,188.58
vet_clinic,BI100021,2024-03,NE,1,188.58
vet_clinic,BI100021,2024-03,MA,1,188.58
vet_clinic,BI100021,2024-03,MW,1,188.58
vet_clinic,BI100021,2024-03,PSW,1,188.58
ecom_national,CW500009,2024-04,NE,1,188.58
ecom_national,CW500009,2024-04,MA,2,377.16
ecom_national,CW500009,2024-04,SE,2,377.16
ecom_national,CW500009,2024-04,MW,2,377.16
ecom_national,CW500009,2024-04,TX,1,188.58
ecom_national,CW500009,2024-04,MTN,2,377.16
ecom_national,CW500009,2024-04,PSW,2,377.16
ecom_national,CW500009,2024-04,PNW,3,565.74
retail,BI100021,2024-04,MA,2,377.16
retail,BI100021,2024-04,MW,1,188.58
retail,BI100021,2024-04,MTN,1,188.58
retail,BI100021,2024-04,PSW,1,188.58
retail,BI100021,2024-04,PNW,1,188.58
vet_clinic,BI100021,2024-04,NE,1,188.58
vet_clinic,BI100021,2024-04,MA,1,188.58
vet_clinic,BI100021,2024-04,TX,1,188.58
vet_clinic,BI100021,2024-04,PSW,1,188.58
ecom_national,CW500009,2024-05,NE,1,188.58
ecom_national,CW500009,2024-05,SE,2,377.16
ecom_national,CW500009,2024-05,MW,3,565.74
ecom_national,CW500009,2024-05,PSW,2,377.16
ecom_national,CW500009,2024-05,PNW,1,188.58
retail,BI100021,2024-05,NE,2,377.16
retail,BI100021,2024-05,MA,1,188.58
retail,BI100021,2024-05,MW,2,377.16
retail,BI100021,2024-05,TX,1,188.58
retail,BI100021,2024-05,MTN,1,188.58
vet_clinic,BI100021,2024-05,SE,1,188.58
ecom_national,CW500009,2024-06,NE,2,377.16
ecom_national,CW500009,2024-06,MA,1,188.58
ecom_national,CW500009,2024-06,SE,1,188.58
ecom_national,CW500009,2024-06,MW,1,188.58
ecom_national,CW500009,2024-06,TX,1,188.58
ecom_national,CW500009,2024-06,MTN,2,377.16
ecom_national,CW500009,2024-06,PNW,3,565.74
retail,BI100021,2024-06,MA,1,188.58
retail,BI100021,2024-06,SE,1,188.58
retail,BI100021,2024-06,MW,1,188.58
retail,BI100021,2024-06,MTN,1,188.58
retail,BI100021,2024-06,PSW,2,377.16
retail,BI100021,2024-06,PNW,2,377.16
vet_clinic,BI100021,2024-06,NE,1,188.58
vet_clinic,BI100021,2024-06,SE,1,188.58
vet_clinic,BI100021,2024-06,TX,1,188.58
vet_clinic,BI100021,2024-06,MTN,1,188.58
vet_clinic,BI100021,2024-06,PNW,1,188.58
ecom_national,CW500009,2024-07,NE,1,188.58
ecom_national,CW500009,2024-07,MA,1,188.58
ecom_national,CW500009,2024-07,SE,2,377.16
ecom_national,CW500009,2024-07,MW,2,377.16
ecom_national,CW500009,2024-07,TX,2,377.16
ecom_national,CW500009,2024-07,MTN,2,377.16
ecom_national,CW500009,2024-07,PSW,3,565.74
ecom_national,CW500009,2024-07,PNW,3,565.74
retail,BI100021,2024-07,NE,2,377.16
retail,BI100021,2024-07,MA,1,188.58
retail,BI100021,2024-07,SE,1,188.58
retail,BI100021,2024-07,MW,1,188.58
retail,BI100021,2024-07,TX,1,188.58
retail,BI100021,2024-07,PSW,2,377.16
retail,BI100021,2024-07,PNW,1,188.58
vet_clinic,BI100021,2024-07,NE,1,188.58
vet_clinic,BI100021,2024-07,MA,1,188.58
vet_clinic,BI100021,2024-07,MTN,1,188.58
ecom_national,CW500009,2024-08,NE,1,188.58
ecom_national,CW500009,2024-08,MA,2,377.16
ecom_national,CW500009,2024-08,SE,1,188.58
ecom_national,CW500009,2024-08,MTN,2,377.16
ecom_national,CW500009,2024-08,PNW,2,377.16
retail,BI100021,2024-08,NE,1,188.58
retail,BI100021,2024-08,MW,2,377.16
retail,BI100021,2024-08,TX,1,188.58
retail,BI100021,2024-08,MTN,1,188.58
retail,BI100021,2024-08,PNW,1,188.58
vet_clinic,BI100021,2024-08,MA,1,188.58
vet_clinic,BI100021,2024-08,MW,1,188.58
vet_clinic,BI100021,2024-08,PNW,1,188.58
ecom_national,CW500009,2024-09,NE,1,188.58
ecom_national,CW500009,2024-09,SE,2,377.16
ecom_national,CW500009,2024-09,MW,2,377.16
ecom_national,CW500009,2024-09,TX,2,377.16
retail,BI100021,2024-09,MA,1,188.58
retail,BI100021,2024-09,SE,1,188.58
retail,BI100021,2024-09,MW,1,188.58
retail,BI100021,2024-09,TX,1,188.58
vet_clinic,BI100021,2024-09,MW,1,188.58
vet_clinic,BI100021,2024-09,PSW,1,188.58
vet_clinic,BI100021,2024-09,PNW,1,188.58
ecom_national,CW500009,2024-10,NE,1,188.58
ecom_national,CW500009,2024-10,MA,1,188.58
ecom_national,CW500009,2024-10,SE,1,188.58
ecom_national,CW500009,2024-10,MW,2,377.16
ecom_national,CW500009,2024-10,TX,1,188.58
ecom_national,CW500009,2024-10,MTN,1,188.58
ecom_national,CW500009,2024-10,PNW,2,377.16
retail,BI100021,2024-10,NE,1,188.58
retail,BI100021,2024-10,MA,1,188.58
retail,BI100021,2024-10,SE,1,188.58
retail,BI100021,2024-10,MW,1,188.58
retail,BI100021,2024-10,TX,1,188.58
retail,BI100021,2024-10,MTN,1,188.58
retail,BI100021,2024-10,PSW,1,188.58
retail,BI100021,2024-10,PNW,1,188.58
vet_clinic,BI100021,2024-10,NE,1,188.58
vet_clinic,BI100021,2024-10,MA,1,188.58
vet_clinic,BI100021,2024-10,SE,1,188.58
vet_clinic,BI100021,2024-10,MW,1,188.58
ecom_national,CW500009,2024-11,MA,2,377.16
ecom_national,CW500009,2024-11,SE,1,188.58
ecom_national,CW500009,2024-11,MW,1,188.58
ecom_national,CW500009,2024-11,TX,1,188.58
ecom_national,CW500009,2024-11,MTN,1,188.58
ecom_national,CW500009,2024-11,PSW,1,188.58
ecom_national,CW500009,2024-11,PNW,1,188.58
retail,BI100021,2024-11,MA,1,188.58
retail,BI100021,2024-11,SE,1,188.58
retail,BI100021,2024-11,MW,1,188.58
retail,BI100021,2024-11,MTN,1,188.58
retail,BI100021,2024-11,PSW,1,188.58
vet_clinic,BI100021,2024-11,SE,1,188.58
vet_clinic,BI100021,2024-11,MW,1,188.58
ecom_national,CW500009,2024-12,MA,1,188.58
ecom_national,CW500009,2024-12,SE,1,188.58
ecom_national,CW500009,2024-12,MW,1,188.58
ecom_national,CW500009,2024-12,MTN,2,377.16
ecom_national,CW500009,2024-12,PSW,2,377.16
ecom_national,CW500009,2024-12,PNW,1,188.58
retail,BI100021,2024-12,MA,1,188.58
retail,BI100021,2024-12,MTN,1,188.58
retail,BI100021,2024-12,PNW,1,188.58
vet_clinic,BI100021,2024-12,NE,1,188.58
vet_clinic,BI100021,2024-12,MA,1,188.58
vet_clinic,BI100021,2024-12,MW,1,188.58
vet_clinic,BI100021,2024-12,PSW,1,188.58
ecom_national,CW500009,2025-01,NE,2,377.16
ecom_national,CW500009,2025-01,MA,1,188.58
ecom_national,CW500009,2025-01,SE,2,377.16
ecom_national,CW500009,2025-01,MW,1,188.58
ecom_national,CW500009,2025-01,MTN,1,188.58
ecom_national,CW500009,2025-01,PSW,1,188.58
ecom_national,CW500009,2025-01,PNW,1,188.58
retail,BI100021,2025-01,MW,1,188.58
retail,BI100021,2025-01,MTN,1,188.58
vet_clinic,BI100021,2025-01,MW,1,188.58
vet_clinic,BI100021,2025-01,MTN,1,188.58
vet_clinic,BI100021,2025-01,PSW,1,188.58
ecom_national,CW500009,2025-02,NE,1,188.58
ecom_national,CW500009,2025-02,SE,2,377.16
ecom_national,CW500009,2025-02,MTN,1,188.58
ecom_national,CW500009,2025-02,PSW,1,188.58
ecom_national,CW500009,2025-02,PNW,1,188.58
retail,BI100021,2025-02,MA,1,188.58
retail,BI100021,2025-02,SE,1,188.58
retail,BI100021,2025-02,MTN,1,188.58
retail,BI100021,2025-02,PSW,1,188.58
vet_clinic,BI100021,2025-02,MW,1,188.58
ecom_national,CW500009,2025-03,NE,1,188.58
ecom_national,CW500009,2025-03,MW,1,188.58
ecom_national,CW500009,2025-03,MTN,1,188.58
ecom_national,CW500009,2025-03,PSW,2,377.16
ecom_national,CW500009,2025-03,PNW,1,188.58
retail,BI100021,2025-03,NE,2,377.16
retail,BI100021,2025-03,MA,1,188.58
retail,BI100021,2025-03,MW,1,188.58
retail,BI100021,2025-03,TX,1,188.58
retail,BI100021,2025-03,MTN,1,188.58
retail,BI100021,2025-03,PSW,1,188.58
retail,BI100021,2025-03,PNW,2,377.16
vet_clinic,BI100021,2025-03,NE,1,188.58
vet_clinic,BI100021,2025-03,MTN,1,188.58
vet_clinic,BI100021,2025-03,PSW,1,188.58
ecom_national,CW500009,2025-04,NE,2,377.16
ecom_national,CW500009,2025-04,MA,2,377.16
ecom_national,CW500009,2025-04,SE,1,188.58
ecom_national,CW500009,2025-04,MW,1,188.58
ecom_national,CW500009,2025-04,TX,2,377.16
ecom_national,CW500009,2025-04,MTN,2,377.16
ecom_national,CW500009,2025-04,PSW,3,565.74
ecom_national,CW500009,2025-04,PNW,2,377.16
retail,BI100021,2025-04,NE,1,188.58
retail,BI100021,2025-04,MA,1,188.58
retail,BI100021,2025-04,MW,2,377.16
retail,BI100021,2025-04,PSW,1,188.58
vet_clinic,BI100021,2025-04,NE,1,188.58
vet_clinic,BI100021,2025-04,MA,1,188.58
vet_clinic,BI100021,2025-04,MW,1,188.58
vet_clinic,BI100021,2025-04,TX,1,188.58
vet_clinic,BI100021,2025-04,PNW,1,188.58
ecom_national,CW500009,2025-05,NE,2,377.16
ecom_national,CW500009,2025-05,MA,2,377.16
ecom_national,CW500009,2025-05,SE,2,377.16
ecom_national,CW500009,2025-05,MW,1,188.58
ecom_national,CW500009,2025-05,MTN,2,377.16
ecom_national,CW500009,2025-05,PSW,3,565.74
ecom_national,CW500009,2025-05,PNW,3,565.74
retail,BI100021,2025-05,MA,1,188.58
retail,BI100021,2025-05,SE,1,188.58
retail,BI100021,2025-05,MW,1,188.58
retail,BI100021,2025-05,TX,1,188.58
retail,BI100021,2025-05,MTN,2,377.16
retail,BI100021,2025-05,PNW,1,188.58
vet_clinic,BI100021,2025-05,NE,1,188.58
vet_clinic,BI100021,2025-05,MA,1,188.58
vet_clinic,BI100021,2025-05,SE,1,188.58
vet_clinic,BI100021,2025-05,MW,1,188.58
vet_clinic,BI100021,2025-05,MTN,1,188.58
vet_clinic,BI100021,2025-05,PSW,1,188.58
vet_clinic,BI100021,2025-05,PNW,1,188.58
ecom_national,CW500009,2025-06,NE,1,188.58
ecom_national,CW500009,2025-06,MA,2,377.16
ecom_national,CW500009,2025-06,SE,2,377.16
ecom_national,CW500009,2025-06,MW,3,565.74
ecom_national,CW500009,2025-06,TX,1,188.58
ecom_national,CW500009,2025-06,MTN,1,188.58
ecom_national,CW500009,2025-06,PSW,1,188.58
ecom_national,CW500009,2025-06,PNW,1,188.58
retail,BI100021,2025-06,SE,1,188.58
retail,BI100021,2025-06,PSW,2,377.16
retail,BI100021,2025-06,PNW,2,377.16
vet_clinic,BI100021,2025-06,MA,1,188.58
vet_clinic,BI100021,2025-06,SE,1,188.58
vet_clinic,BI100021,2025-06,MW,1,188.58
vet_clinic,BI100021,2025-06,TX,1,188.58
vet_clinic,BI100021,2025-06,MTN,1,188.58
vet_clinic,BI100021,2025-06,PNW,1,188.58
ecom_national,CW500009,2025-07,NE,1,188.58
ecom_national,CW500009,2025-07,SE,2,377.16
ecom_national,CW500009,2025-07,MW,1,188.58
ecom_national,CW500009,2025-07,TX,1,188.58
ecom_national,CW500009,2025-07,MTN,1,188.58
ecom_national,CW500009,2025-07,PNW,3,565.74
retail,BI100021,2025-07,NE,1,188.58
retail,BI100021,2025-07,MA,1,188.58
retail,BI100021,2025-07,MW,1,188.58
retail,BI100021,2025-07,TX,1,188.58
retail,BI100021,2025-07,MTN,2,377.16
retail,BI100021,2025-07,PSW,2,377.16
retail,BI100021,2025-07,PNW,1,188.58
vet_clinic,BI100021,2025-07,NE,1,188.58
vet_clinic,BI100021,2025-07,MA,1,188.58
vet_clinic,BI100021,2025-07,MW,1,188.58
vet_clinic,BI100021,2025-07,TX,1,188.58
vet_clinic,BI100021,2025-07,MTN,1,188.58
ecom_national,CW500009,2025-08,NE,2,377.16
ecom_national,CW500009,2025-08,MA,3,565.74
ecom_national,CW500009,2025-08,SE,2,377.16
ecom_national,CW500009,2025-08,MW,1,188.58
ecom_national,CW500009,2025-08,TX,2,377.16
ecom_national,CW500009,2025-08,PSW,2,377.16
retail,BI100021,2025-08,NE,1,188.58
retail,BI100021,2025-08,MA,1,188.58
retail,BI100021,2025-08,MW,1,188.58
retail,BI100021,2025-08,TX,1,188.58
retail,BI100021,2025-08,PSW,1,188.58
retail,BI100021,2025-08,PNW,1,188.58
vet_clinic,BI100021,2025-08,NE,1,188.58
vet_clinic,BI100021,2025-08,MA,1,188.58
vet_clinic,BI100021,2025-08,SE,1,188.58
vet_clinic,BI100021,2025-08,TX,1,188.58
vet_clinic,BI100021,2025-08,MTN,1,188.58
vet_clinic,BI100021,2025-08,PSW,1,188.58
vet_clinic,BI100021,2025-08,PNW,1,188.58
ecom_national,CW500009,2025-09,MA,1,188.58
ecom_national,CW500009,2025-09,SE,1,188.58
ecom_national,CW500009,2025-09,MW,2,377.16
ecom_national,CW500009,2025-09,TX,1,188.58
ecom_national,CW500009,2025-09,MTN,1,188.58
ecom_national,CW500009,2025-09,PSW,1,188.58
ecom_national,CW500009,2025-09,PNW,1,188.58
retail,BI100021,2025-09,NE,1,188.58
retail,BI100021,2025-09,MA,1,188.58
retail,BI100021,2025-09,SE,1,188.58
retail,BI100021,2025-09,MW,1,188.58
retail,BI100021,2025-09,TX,1,188.58
retail,BI100021,2025-09,MTN,1,188.58
retail,BI100021,2025-09,PNW,1,188.58
vet_clinic,BI100021,2025-09,NE,1,188.58
vet_clinic,BI100021,2025-09,MA,1,188.58
vet_clinic,BI100021,2025-09,MW,1,188.58
vet_clinic,BI100021,2025-09,MTN,1,188.58
vet_clinic,BI100021,2025-09,PNW,1,188.58
ecom_national,CW500009,2025-10,NE,2,377.16
ecom_national,CW500009,2025-10,MA,2,377.16
ecom_national,CW500009,2025-10,SE,1,188.58
ecom_national,CW500009,2025-10,MW,1,188.58
ecom_national,CW500009,2025-10,TX,2,377.16
retail,BI100021,2025-10,MW,1,188.58
retail,BI100021,2025-10,TX,1,188.58
retail,BI100021,2025-10,MTN,1,188.58
retail,BI100021,2025-10,PSW,1,188.58
retail,BI100021,2025-10,PNW,1,188.58
vet_clinic,BI100021,2025-10,TX,1,188.58
vet_clinic,BI100021,2025-10,MTN,1,188.58
vet_clinic,BI100021,2025-10,PSW,1,188.58
ecom_national,CW500009,2025-11,NE,1,188.58
ecom_national,CW500009,2025-11,MA,2,377.16
ecom_national,CW500009,2025-11,MW,1,188.58
ecom_national,CW500009,2025-11,TX,1,188.58
ecom_national,CW500009,2025-11,MTN,1,188.58
retail,BI100021,2025-11,NE,1,188.58
retail,BI100021,2025-11,MA,1,188.58
retail,BI100021,2025-11,SE,1,188.58
retail,BI100021,2025-11,MW,1,188.58
retail,BI100021,2025-11,PNW,1,188.58
vet_clinic,BI100021,2025-11,NE,1,188.58
vet_clinic,BI100021,2025-11,MA,1,188.58
vet_clinic,BI100021,2025-11,SE,1,188.58
vet_clinic,BI100021,2025-11,MTN,1,188.58
ecom_national,CW500009,2025-12,SE,2,377.16
ecom_national,CW500009,2025-12,MW,1,188.58
ecom_national,CW500009,2025-12,TX,1,188.58
ecom_national,CW500009,2025-12,MTN,2,377.16
ecom_national,CW500009,2025-12,PSW,1,188.58
ecom_national,CW500009,2025-12,PNW,1,188.58
retail,BI100021,2025-12,MA,1,188.58
retail,BI100021,2025-12,SE,1,188.58
retail,BI100021,2025-12,PSW,1,188.58
retail,BI100021,2025-12,PNW,1,188.58
vet_clinic,BI100021,2025-12,MTN,1,188.58
ecom_national,CW500012,2024-01,NE,1,59.14
ecom_national,CW500012,2024-01,MA,2,118.28
ecom_national,CW500012,2024-01,SE,1,59.14
ecom_national,CW500012,2024-01,MW,2,118.28
ecom_national,CW500012,2024-01,TX,2,118.28
ecom_national,CW500012,2024-01,MTN,2,118.28
ecom_national,CW500012,2024-01,PNW,3,177.42
retail,BI100028,2024-01,NE,1,59.14
retail,BI100028,2024-01,SE,1,59.14
retail,BI100028,2024-01,MW,1,59.14
retail,BI100028,2024-01,TX,1,59.14
retail,BI100028,2024-01,PNW,1,59.14
vet_clinic,BI100028,2024-01,SE,1,59.14
vet_clinic,BI100028,2024-01,MTN,1,59.14
ecom_national,CW500012,2024-02,NE,3,177.42
ecom_national,CW500012,2024-02,MA,1,59.14
ecom_national,CW500012,2024-02,SE,1,59.14
ecom_national,CW500012,2024-02,MW,1,59.14
ecom_national,CW500012,2024-02,MTN,3,177.42
ecom_national,CW500012,2024-02,PSW,1,59.14
ecom_national,CW500012,2024-02,PNW,2,118.28
retail,BI100028,2024-02,NE,2,118.28
retail,BI100028,2024-02,MA,1,59.14
retail,BI100028,2024-02,SE,1,59.14
retail,BI100028,2024-02,MW,1,59.14
retail,BI100028,2024-02,MTN,2,118.28
retail,BI100028,2024-02,PSW,1,59.14
retail,BI100028,2024-02,PNW,2,118.28
vet_clinic,BI100028,2024-02,SE,1,59.14
vet_clinic,BI100028,2024-02,MW,1,59.14
vet_clinic,BI100028,2024-02,TX,1,59.14
vet_clinic,BI100028,2024-02,MTN,1,59.14
vet_clinic,BI100028,2024-02,PNW,1,59.14
ecom_national,CW500012,2024-03,NE,1,59.14
ecom_national,CW500012,2024-03,MA,1,59.14
ecom_national,CW500012,2024-03,SE,2,118.28
ecom_national,CW500012,2024-03,MW,1,59.14
ecom_national,CW500012,2024-03,TX,3,177.42
ecom_national,CW500012,2024-03,MTN,2,118.28
ecom_national,CW500012,2024-03,PSW,2,118.28
ecom_national,CW500012,2024-03,PNW,3,177.42
retail,BI100028,2024-03,MA,2,118.28
retail,BI100028,2024-03,PSW,1,59.14
retail,BI100028,2024-03,PNW,2,118.28
vet_clinic,BI100028,2024-03,NE,1,59.14
vet_clinic,BI100028,2024-03,MA,1,59.14
vet_clinic,BI100028,2024-03,MTN,1,59.14
vet_clinic,BI100028,2024-03,PSW,1,59.14
ecom_national,CW500012,2024-04,NE,1,59.14
ecom_national,CW500012,2024-04,MA,2,118.28
ecom_national,CW500012,2024-04,SE,2,118.28
ecom_national,CW500012,2024-04,MW,2,118.28
ecom_national,CW500012,2024-04,TX,1,59.14
ecom_national,CW500012,2024-04,MTN,2,118.28
ecom_national,CW500012,2024-04,PSW,1,59.14
ecom_national,CW500012,2024-04,PNW,1,59.14
retail,BI100028,2024-04,NE,2,118.28
retail,BI100028,2024-04,SE,1,59.14
retail,BI100028,2024-04,MW,2,118.28
retail,BI100028,2024-04,TX,2,118.28
retail,BI100028,2024-04,PSW,2,118.28
retail,BI100028,2024-04,PNW,2,118.28
vet_clinic,BI100028,2024-04,NE,1,59.14
vet_clinic,BI100028,2024-04,MA,1,59.14
vet_clinic,BI100028,2024-04,SE,1,59.14
vet_clinic,BI100028,2024-04,MW,1,59.14
vet_clinic,BI100028,2024-04,MTN,1,59.14
vet_clinic,BI100028,2024-04,PSW,1,59.14
vet_clinic,BI100028,2024-04,PNW,1,59.14
ecom_national,CW500012,2024-05,NE,1,59.14
ecom_national,CW500012,2024-05,MW,1,59.14
ecom_national,CW500012,2024-05,TX,3,177.42
ecom_national,CW500012,2024-05,MTN,1,59.14
ecom_national,CW500012,2024-05,PSW,1,59.14
ecom_national,CW500012,2024-05,PNW,2,118.28
retail,BI100028,2024-05,NE,2,118.28
retail,BI100028,2024-05,MA,2,118.28
retail,BI100028,2024-05,SE,1,59.14
retail,BI100028,2024-05,MW,3,177.42
retail,BI100028,2024-05,TX,1,59.14
retail,BI100028,2024-05,PNW,1,59.14
vet_clinic,BI100028,2024-05,MA,1,59.14
vet_clinic,BI100028,2024-05,SE,1,59.14
vet_clinic,BI100028,2024-05,MW,1,59.14
vet_clinic,BI100028,2024-05,PNW,1,59.14
ecom_national,CW500012,2024-06,NE,4,236.56
ecom_national,CW500012,2024-06,MW,3,177.42
ecom_national,CW500012,2024-06,MTN,3,177.42
ecom_national,CW500012,2024-06,PSW,2,118.28
ecom_national,CW500012,2024-06,PNW,4,236.56
retail,BI100028,2024-06,MA,1,59.14
retail,BI100028,2024-06,TX,1,59.14
retail,BI100028,2024-06,PNW,2,118.28
vet_clinic,BI100028,2024-06,MA,1,59.14
vet_clinic,BI100028,2024-06,SE,1,59.14
vet_clinic,BI100028,2024-06,MW,1,59.14
vet_clinic,BI100028,2024-06,TX,1,59.14
vet_clinic,BI100028,2024-06,MTN,2,118.28
vet_clinic,BI100028,2024-06,PNW,2,118.28
ecom_national,CW500012,2024-07,NE,4,236.56
ecom_national,CW500012,2024-07,MA,2,118.28
ecom_national,CW500012,2024-07,SE,1,59.14
ecom_national,CW500012,2024-07,MW,4,236.56
ecom_national,CW500012,2024-07,TX,1,59.14
ecom_national,CW500012,2024-07,MTN,3,177.42
ecom_national,CW500012,2024-07,PNW,2,118.28
retail,BI100028,2024-07,NE,2,118.28
retail,BI100028,2024-07,SE,1,59.14
retail,BI100028,2024-07,MW,2,118.28
retail,BI100028,2024-07,TX,2,118.28
retail,BI100028,2024-07,MTN,1,59.14
retail,BI100028,2024-07,PSW,2,118.28
retail,BI100028,2024-07,PNW,1,59.14
vet_clinic,BI100028,2024-07,NE,1,59.14
vet_clinic,BI100028,2024-07,MA,1,59.14
vet_clinic,BI100028,2024-07,MW,1,59.14
vet_clinic,BI100028,2024-07,MTN,2,118.28
vet_clinic,BI100028,2024-07,PSW,1,59.14
vet_clinic,BI100028,2024-07,PNW,1,59.14
ecom_national,CW500012,2024-08,MA,3,177.42
ecom_national,CW500012,2024-08,SE,1,59.14
ecom_national,CW500012,2024-08,MW,3,177.42
ecom_national,CW500012,2024-08,MTN,2,118.28
ecom_national,CW500012,2024-08,PNW,2,118.28
retail,BI100028,2024-08,NE,2,118.28
retail,BI100028,2024-08,MW,2,118.28
retail,BI100028,2024-08,MTN,1,59.14
retail,BI100028,2024-08,PSW,1,59.14
retail,BI100028,2024-08,PNW,2,118.28
vet_clinic,BI100028,2024-08,NE,1,59.14
vet_clinic,BI100028,2024-08,MA,1,59.14
vet_clinic,BI100028,2024-08,SE,1,59.14
vet_clinic,BI100028,2024-08,MW,1,59.14
vet_clinic,BI100028,2024-08,TX,1,59.14
vet_clinic,BI100028,2024-08,MTN,1,59.14
vet_clinic,BI100028,2024-08,PSW,1,59.14
vet_clinic,BI100028,2024-08,PNW,1,59.14
ecom_national,CW500012,2024-09,NE,3,177.42
ecom_national,CW500012,2024-09,MA,2,118.28
ecom_national,CW500012,2024-09,SE,2,118.28
ecom_national,CW500012,2024-09,MW,3,177.42
ecom_national,CW500012,2024-09,TX,2,118.28
ecom_national,CW500012,2024-09,MTN,2,118.28
ecom_national,CW500012,2024-09,PSW,1,59.14
retail,BI100028,2024-09,NE,1,59.14
retail,BI100028,2024-09,MA,2,118.28
retail,BI100028,2024-09,SE,2,118.28
retail,BI100028,2024-09,TX,1,59.14
retail,BI100028,2024-09,MTN,1,59.14
retail,BI100028,2024-09,PSW,1,59.14
retail,BI100028,2024-09,PNW,1,59.14
vet_clinic,BI100028,2024-09,NE,1,59.14
vet_clinic,BI100028,2024-09,MA,1,59.14
vet_clinic,BI100028,2024-09,SE,1,59.14
vet_clinic,BI100028,2024-09,TX,1,59.14
vet_clinic,BI100028,2024-09,MTN,1,59.14
ecom_national,CW500012,2024-10,NE,3,177.42
ecom_national,CW500012,2024-10,MA,2,118.28
ecom_national,CW500012,2024-10,MW,2,118.28
ecom_national,CW500012,2024-10,TX,1,59.14
ecom_national,CW500012,2024-10,MTN,2,118.28
ecom_national,CW500012,2024-10,PNW,2,118.28
retail,BI100028,2024-10,NE,1,59.14
retail,BI100028,2024-10,MA,1,59.14
retail,BI100028,2024-10,SE,1,59.14
retail,BI100028,2024-10,MW,2,118.28
retail,BI100028,2024-10,TX,1,59.14
retail,BI100028,2024-10,MTN,1,59.14
retail,BI100028,2024-10,PSW,1,59.14
retail,BI100028,2024-10,PNW,2,118.28
vet_clinic,BI100028,2024-10,MA,1,59.14
vet_clinic,BI100028,2024-10,SE,1,59.14
vet_clinic,BI100028,2024-10,MW,1,59.14
vet_clinic,BI100028,2024-10,MTN,1,59.14
ecom_national,CW500012,2024-11,NE,1,59.14
ecom_national,CW500012,2024-11,MA,2,118.28
ecom_national,CW500012,2024-11,SE,2,118.28
ecom_national,CW500012,2024-11,MTN,1,59.14
ecom_national,CW500012,2024-11,PSW,2,118.28
ecom_national,CW500012,2024-11,PNW,3,177.42
retail,BI100028,2024-11,MA,1,59.14
retail,BI100028,2024-11,SE,1,59.14
retail,BI100028,2024-11,MW,1,59.14
retail,BI100028,2024-11,TX,1,59.14
retail,BI100028,2024-11,MTN,1,59.14
retail,BI100028,2024-11,PSW,1,59.14
retail,BI100028,2024-11,PNW,2,118.28
vet_clinic,BI100028,2024-11,MW,1,59.14
vet_clinic,BI100028,2024-11,MTN,1,59.14
vet_clinic,BI100028,2024-11,PSW,1,59.14
vet_clinic,BI100028,2024-11,PNW,1,59.14
ecom_national,CW500012,2024-12,NE,2,118.28
ecom_national,CW500012,2024-12,MW,1,59.14
ecom_national,CW500012,2024-12,TX,1,59.14
ecom_national,CW500012,2024-12,MTN,1,59.14
ecom_national,CW500012,2024-12,PSW,1,59.14
retail,BI100028,2024-12,NE,1,59.14
retail,BI100028,2024-12,MA,1,59.14
retail,BI100028,2024-12,SE,1,59.14
retail,BI100028,2024-12,MW,2,118.28
retail,BI100028,2024-12,TX,1,59.14
retail,BI100028,2024-12,MTN,1,59.14
retail,BI100028,2024-12,PNW,2,118.28
vet_clinic,BI100028,2024-12,NE,1,59.14
vet_clinic,BI100028,2024-12,SE,1,59.14
vet_clinic,BI100028,2024-12,MTN,1,59.14
vet_clinic,BI100028,2024-12,PSW,1,59.14
ecom_national,CW500012,2025-01,NE,1,59.14
ecom_national,CW500012,2025-01,MA,1,59.14
ecom_national,CW500012,2025-01,SE,2,118.28
ecom_national,CW500012,2025-01,TX,1,69.79
ecom_national,CW500012,2025-01,PSW,2,118.28
retail,BI100028,2025-01,MA,1,59.14
retail,BI100028,2025-01,MW,1,59.14
retail,BI100028,2025-01,MTN,1,59.14
retail,BI100028,2025-01,PSW,1,59.14
retail,BI100028,2025-01,PNW,1,59.14
vet_clinic,BI100028,2025-01,NE,1,59.14
vet_clinic,BI100028,2025-01,SE,1,59.14
vet_clinic,BI100028,2025-01,MW,1,59.14
vet_clinic,BI100028,2025-01,MTN,1,59.14
vet_clinic,BI100028,2025-01,PNW,1,59.14
ecom_national,CW500012,2025-02,NE,1,59.14
ecom_national,CW500012,2025-02,MA,2,118.28
ecom_national,CW500012,2025-02,MW,3,177.42
ecom_national,CW500012,2025-02,TX,2,139.58
ecom_national,CW500012,2025-02,PSW,2,118.28
ecom_national,CW500012,2025-02,PNW,3,177.42
retail,BI100028,2025-02,NE,2,118.28
retail,BI100028,2025-02,MA,1,59.14
retail,BI100028,2025-02,SE,1,59.14
retail,BI100028,2025-02,MW,2,118.28
retail,BI100028,2025-02,TX,1,69.79
retail,BI100028,2025-02,MTN,1,59.14
retail,BI100028,2025-02,PNW,2,118.28
vet_clinic,BI100028,2025-02,NE,1,59.14
vet_clinic,BI100028,2025-02,MW,1,59.14
vet_clinic,BI100028,2025-02,MTN,1,59.14
vet_clinic,BI100028,2025-02,PSW,1,59.14
ecom_national,CW500012,2025-03,NE,4,236.56
ecom_national,CW500012,2025-03,MA,2,118.28
ecom_national,CW500012,2025-03,SE,2,118.28
ecom_national,CW500012,2025-03,MW,3,177.42
ecom_national,CW500012,2025-03,TX,1,59.14
ecom_national,CW500012,2025-03,MTN,2,118.28
ecom_national,CW500012,2025-03,PSW,1,59.14
ecom_national,CW500012,2025-03,PNW,1,59.14
retail,BI100028,2025-03,NE,2,118.28
retail,BI100028,2025-03,MA,1,59.14
retail,BI100028,2025-03,SE,2,118.28
retail,BI100028,2025-03,MW,1,59.14
retail,BI100028,2025-03,TX,2,118.28
retail,BI100028,2025-03,PSW,1,59.14
retail,BI100028,2025-03,PNW,1,59.14
vet_clinic,BI100028,2025-03,MA,1,59.14
vet_clinic,BI100028,2025-03,SE,1,59.14
vet_clinic,BI100028,2025-03,MW,1,59.14
vet_clinic,BI100028,2025-03,TX,1,59.14
vet_clinic,BI100028,2025-03,PSW,1,59.14
ecom_national,CW500012,2025-04,NE,3,177.42
ecom_national,CW500012,2025-04,MA,1,59.14
ecom_national,CW500012,2025-04,SE,4,236.56
ecom_national,CW500012,2025-04,MW,1,59.14
ecom_national,CW500012,2025-04,TX,3,177.42
ecom_national,CW500012,2025-04,MTN,1,59.14
ecom_national,CW500012,2025-04,PSW,1,59.14
ecom_national,CW500012,2025-04,PNW,2,118.28
retail,BI100028,2025-04,NE,2,118.28
retail,BI100028,2025-04,MA,1,59.14
retail,BI100028,2025-04,SE,2,118.28
retail,BI100028,2025-04,TX,2,118.28
retail,BI100028,2025-04,PNW,1,59.14
vet_clinic,BI100028,2025-04,NE,2,118.28
vet_clinic,BI100028,2025-04,MTN,2,118.28
vet_clinic,BI100028,2025-04,PSW,1,59.14
vet_clinic,BI100028,2025-04,PNW,1,59.14
ecom_national,CW500012,2025-05,NE,3,177.42
ecom_national,CW500012,2025-05,MA,1,59.14
ecom_national,CW500012,2025-05,SE,1,59.14
ecom_national,CW500012,2025-05,MW,3,177.42
ecom_national,CW500012,2025-05,TX,1,59.14
ecom_national,CW500012,2025-05,MTN,3,177.42
ecom_national,CW500012,2025-05,PSW,2,118.28
ecom_national,CW500012,2025-05,PNW,4,236.56
retail,BI100028,2025-05,MA,2,118.28
retail,BI100028,2025-05,SE,2,118.28
retail,BI100028,2025-05,MW,2,118.28
retail,BI100028,2025-05,TX,1,59.14
retail,BI100028,2025-05,MTN,2,118.28
retail,BI100028,2025-05,PSW,1,59.14
retail,BI100028,2025-05,PNW,2,118.28
vet_clinic,BI100028,2025-05,NE,1,59.14
vet_clinic,BI100028,2025-05,SE,1,59.14
vet_clinic,BI100028,2025-05,MW,2,118.28
vet_clinic,BI100028,2025-05,PSW,1,59.14
vet_clinic,BI100028,2025-05,PNW,1,59.14
ecom_national,CW500012,2025-06,NE,3,177.42
ecom_national,CW500012,2025-06,MA,2,118.28
ecom_national,CW500012,2025-06,SE,1,59.14
ecom_national,CW500012,2025-06,MW,5,295.7
ecom_national,CW500012,2025-06,TX,4,236.56
ecom_national,CW500012,2025-06,MTN,3,177.42
ecom_national,CW500012,2025-06,PSW,3,177.42
ecom_national,CW500012,2025-06,PNW,3,177.42
retail,BI100028,2025-06,NE,1,59.14
retail,BI100028,2025-06,MA,1,59.14
retail,BI100028,2025-06,SE,2,118.28
retail,BI100028,2025-06,MW,2,118.28
retail,BI100028,2025-06,TX,1,59.14
retail,BI100028,2025-06,MTN,2,118.28
retail,BI100028,2025-06,PSW,1,59.14
retail,BI100028,2025-06,PNW,1,59.14
vet_clinic,BI100028,2025-06,NE,2,118.28
vet_clinic,BI100028,2025-06,MA,1,59.14
vet_clinic,BI100028,2025-06,SE,1,59.14
vet_clinic,BI100028,2025-06,MW,1,59.14
vet_clinic,BI100028,2025-06,TX,2,118.28
vet_clinic,BI100028,2025-06,MTN,1,59.14
vet_clinic,BI100028,2025-06,PSW,1,59.14
vet_clinic,BI100028,2025-06,PNW,1,59.14
ecom_national,CW500012,2025-07,NE,2,118.28
ecom_national,CW500012,2025-07,SE,4,236.56
ecom_national,CW500012,2025-07,TX,1,59.14
ecom_national,CW500012,2025-07,MTN,3,177.42
ecom_national,CW500012,2025-07,PSW,1,59.14
ecom_national,CW500012,2025-07,PNW,2,118.28
retail,BI100028,2025-07,NE,2,118.28
retail,BI100028,2025-07,MA,1,59.14
retail,BI100028,2025-07,SE,2,118.28
retail,BI100028,2025-07,MW,2,118.28
retail,BI100028,2025-07,TX,2,118.28
retail,BI100028,2025-07,MTN,3,177.42
retail,BI100028,2025-07,PSW,1,59.14
retail,BI100028,2025-07,PNW,2,118.28
vet_clinic,BI100028,2025-07,NE,2,118.28
vet_clinic,BI100028,2025-07,MW,1,59.14
vet_clinic,BI100028,2025-07,TX,1,59.14
vet_clinic,BI100028,2025-07,MTN,2,118.28
vet_clinic,BI100028,2025-07,PNW,1,59.14
ecom_national,CW500012,2025-08,MA,1,59.14
ecom_national,CW500012,2025-08,SE,1,59.14
ecom_national,CW500012,2025-08,MW,4,236.56
ecom_national,CW500012,2025-08,TX,2,118.28
ecom_national,CW500012,2025-08,MTN,4,236.56
ecom_national,CW500012,2025-08,PSW,3,177.42
ecom_national,CW500012,2025-08,PNW,3,177.42
retail,BI100028,2025-08,NE,2,118.28
retail,BI100028,2025-08,MA,2,118.28
retail,BI100028,2025-08,SE,1,59.14
retail,BI100028,2025-08,TX,1,59.14
retail,BI100028,2025-08,MTN,2,118.28
retail,BI100028,2025-08,PNW,1,59.14
vet_clinic,BI100028,2025-08,MA,1,59.14
vet_clinic,BI100028,2025-08,SE,1,59.14
vet_clinic,BI100028,2025-08,MW,1,59.14
vet_clinic,BI100028,2025-08,TX,1,59.14
vet_clinic,BI100028,2025-08,MTN,1,59.14
vet_clinic,BI100028,2025-08,PSW,1,59.14
ecom_national,CW500012,2025-09,NE,3,177.42
ecom_national,CW500012,2025-09,SE,2,118.28
ecom_national,CW500012,2025-09,MW,1,59.14
ecom_national,CW500012,2025-09,TX,1,59.14
ecom_national,CW500012,2025-09,MTN,2,118.28
ecom_national,CW500012,2025-09,PSW,1,59.14
ecom_national,CW500012,2025-09,PNW,1,59.14
retail,BI100028,2025-09,NE,1,59.14
retail,BI100028,2025-09,MA,1,59.14
retail,BI100028,2025-09,SE,1,59.14
retail,BI100028,2025-09,MW,1,59.14
retail,BI100028,2025-09,TX,2,118.28
retail,BI100028,2025-09,MTN,2,118.28
retail,BI100028,2025-09,PSW,1,59.14
retail,BI100028,2025-09,PNW,2,118.28
vet_clinic,BI100028,2025-09,NE,1,59.14
vet_clinic,BI100028,2025-09,MA,1,59.14
vet_clinic,BI100028,2025-09,SE,1,59.14
vet_clinic,BI100028,2025-09,PSW,1,59.14
vet_clinic,BI100028,2025-09,PNW,1,59.14
ecom_national,CW500012,2025-10,NE,2,118.28
ecom_national,CW500012,2025-10,MA,2,118.28
ecom_national,CW500012,2025-10,MW,3,177.42
ecom_national,CW500012,2025-10,TX,2,118.28
ecom_national,CW500012,2025-10,PNW,3,177.42
retail,BI100028,2025-10,NE,1,59.14
retail,BI100028,2025-10,MA,1,59.14
retail,BI100028,2025-10,SE,1,59.14
retail,BI100028,2025-10,MW,1,59.14
retail,BI100028,2025-10,MTN,1,59.14
retail,BI100028,2025-10,PNW,2,118.28
vet_clinic,BI100028,2025-10,SE,1,59.14
vet_clinic,BI100028,2025-10,MW,1,59.14
vet_clinic,BI100028,2025-10,TX,1,59.14
vet_clinic,BI100028,2025-10,MTN,1,59.14
vet_clinic,BI100028,2025-10,PNW,1,59.14
ecom_national,CW500012,2025-11,MA,1,59.14
ecom_national,CW500012,2025-11,MW,2,118.28
ecom_national,CW500012,2025-11,MTN,2,118.28
ecom_national,CW500012,2025-11,PSW,1,59.14
ecom_national,CW500012,2025-11,PNW,2,118.28
retail,BI100028,2025-11,SE,1,59.14
retail,BI100028,2025-11,MW,1,59.14
retail,BI100028,2025-11,MTN,1,59.14
retail,BI100028,2025-11,PSW,1,59.14
retail,BI100028,2025-11,PNW,2,118.28
vet_clinic,BI100028,2025-11,NE,1,59.14
vet_clinic,BI100028,2025-11,MA,1,59.14
vet_clinic,BI100028,2025-11,SE,1,59.14
vet_clinic,BI100028,2025-11,PSW,1,59.14
vet_clinic,BI100028,2025-11,PNW,1,59.14
ecom_national,CW500012,2025-12,MA,1,59.14
ecom_national,CW500012,2025-12,SE,2,118.28
ecom_national,CW500012,2025-12,MW,2,118.28
ecom_national,CW500012,2025-12,TX,2,118.28
ecom_national,CW500012,2025-12,MTN,3,177.42
ecom_national,CW500012,2025-12,PSW,2,118.28
ecom_national,CW500012,2025-12,PNW,3,177.42
retail,BI100028,2025-12,NE,1,59.14
retail,BI100028,2025-12,MA,1,59.14
retail,BI100028,2025-12,MW,2,118.28
retail,BI100028,2025-12,PSW,1,59.14
vet_clinic,BI100028,2025-12,NE,1,59.14
vet_clinic,BI100028,2025-12,SE,1,59.14
vet_clinic,BI100028,2025-12,MW,1,59.14
vet_clinic,BI100028,2025-12,MTN,1,59.14
vet_clinic,BI100028,2025-12,PSW,1,59.14
ecom_national,CW500015,2024-01,TX,1,76.18
ecom_national,CW500015,2024-01,MTN,1,76.18
ecom_national,CW500015,2024-01,PSW,1,76.18
retail,BI100035,2024-01,MA,1,76.18
ecom_national,CW500015,2024-02,MW,1,76.18
retail,BI100035,2024-02,MA,1,76.18
ecom_national,CW500015,2024-03,NE,1,76.18
ecom_national,CW500015,2024-03,MA,1,76.18
ecom_national,CW500015,2024-03,SE,1,76.18
ecom_national,CW500015,2024-03,TX,1,76.18
ecom_national,CW500015,2024-03,PSW,1,76.18
ecom_national,CW500015,2024-03,PNW,1,76.18
retail,BI100035,2024-03,NE,1,76.18
retail,BI100035,2024-03,MW,1,76.18
retail,BI100035,2024-03,MTN,1,76.18
retail,BI100035,2024-03,PSW,1,76.18
vet_clinic,BI100035,2024-03,MTN,1,76.18
ecom_national,CW500015,2024-04,NE,1,76.18
ecom_national,CW500015,2024-04,SE,1,76.18
ecom_national,CW500015,2024-04,MW,1,76.18
ecom_national,CW500015,2024-04,TX,1,76.18
ecom_national,CW500015,2024-04,MTN,1,76.18
ecom_national,CW500015,2024-04,PSW,1,76.18
ecom_national,CW500015,2024-04,PNW,1,76.18
retail,BI100035,2024-04,MA,1,76.18
retail,BI100035,2024-04,SE,1,76.18
retail,BI100035,2024-04,MW,1,76.18
retail,BI100035,2024-04,MTN,1,76.18
retail,BI100035,2024-04,PNW,1,76.18
vet_clinic,BI100035,2024-04,NE,1,76.18
ecom_national,CW500015,2024-05,NE,1,76.18
ecom_national,CW500015,2024-05,MA,1,76.18
ecom_national,CW500015,2024-05,SE,1,76.18
ecom_national,CW500015,2024-05,MW,1,76.18
ecom_national,CW500015,2024-05,TX,1,76.18
ecom_national,CW500015,2024-05,MTN,1,76.18
ecom_national,CW500015,2024-05,PSW,1,76.18
ecom_national,CW500015,2024-05,PNW,1,76.18
retail,BI100035,2024-05,SE,1,76.18
retail,BI100035,2024-05,MW,1,76.18
retail,BI100035,2024-05,TX,1,76.18
retail,BI100035,2024-05,MTN,1,76.18
retail,BI100035,2024-05,PNW,1,76.18
vet_clinic,BI100035,2024-05,NE,1,76.18
vet_clinic,BI100035,2024-05,MW,1,76.18
vet_clinic,BI100035,2024-05,MTN,1,76.18
ecom_national,CW500015,2024-06,NE,1,76.18
ecom_national,CW500015,2024-06,SE,1,76.18
ecom_national,CW500015,2024-06,MW,1,76.18
ecom_national,CW500015,2024-06,TX,1,76.18
ecom_national,CW500015,2024-06,PSW,1,76.18
retail,BI100035,2024-06,MA,1,76.18
retail,BI100035,2024-06,MW,1,76.18
retail,BI100035,2024-06,TX,1,76.18
retail,BI100035,2024-06,MTN,1,76.18
retail,BI100035,2024-06,PSW,1,76.18
vet_clinic,BI100035,2024-06,NE,1,76.18
vet_clinic,BI100035,2024-06,MTN,1,76.18
ecom_national,CW500015,2024-07,MA,1,76.18
ecom_national,CW500015,2024-07,SE,1,76.18
ecom_national,CW500015,2024-07,MW,2,152.36
ecom_national,CW500015,2024-07,MTN,1,76.18
ecom_national,CW500015,2024-07,PSW,1,76.18
ecom_national,CW500015,2024-07,PNW,1,76.18
retail,BI100035,2024-07,NE,1,76.18
retail,BI100035,2024-07,SE,1,76.18
retail,BI100035,2024-07,MW,1,76.18
retail,BI100035,2024-07,PNW,1,76.18
vet_clinic,BI100035,2024-07,NE,1,76.18
ecom_national,CW500015,2024-08,NE,1,76.18
ecom_national,CW500015,2024-08,MA,1,76.18
ecom_national,CW500015,2024-08,MW,1,76.18
ecom_national,CW500015,2024-08,TX,1,76.18
ecom_national,CW500015,2024-08,PNW,1,76.18
retail,BI100035,2024-08,MA,1,76.18
retail,BI100035,2024-08,TX,1,76.18
retail,BI100035,2024-08,MTN,1,76.18
retail,BI100035,2024-08,PSW,1,76.18
retail,BI100035,2024-08,PNW,1,76.18
vet_clinic,BI100035,2024-08,NE,1,76.18
vet_clinic,BI100035,2024-08,MA,1,76.18
ecom_national,CW500015,2024-09,SE,1,76.18
ecom_national,CW500015,2024-09,MW,1,76.18
ecom_national,CW500015,2024-09,TX,1,76.18
ecom_national,CW500015,2024-09,MTN,1,76.18
ecom_national,CW500015,2024-09,PNW,2,152.36
retail,BI100035,2024-09,TX,1,76.18
retail,BI100035,2024-09,MTN,1,76.18
retail,BI100035,2024-09,PNW,1,76.18
vet_clinic,BI100035,2024-09,MW,1,76.18
vet_clinic,BI100035,2024-09,TX,1,76.18
ecom_national,CW500015,2024-10,MA,1,76.18
ecom_national,CW500015,2024-10,MW,1,76.18
ecom_national,CW500015,2024-10,TX,1,76.18
retail,BI100035,2024-10,NE,1,76.18
retail,BI100035,2024-10,MTN,1,76.18
retail,BI100035,2024-10,PSW,1,76.18
ecom_national,CW500015,2024-11,NE,1,76.18
ecom_national,CW500015,2024-11,MW,1,76.18
ecom_national,CW500015,2024-11,TX,1,76.18
retail,BI100035,2024-11,MW,1,76.18
retail,BI100035,2024-11,MTN,1,76.18
retail,BI100035,2024-11,PSW,1,76.18
ecom_national,CW500015,2024-12,NE,1,76.18
ecom_national,CW500015,2024-12,SE,1,76.18
ecom_national,CW500015,2024-12,MW,1,76.18
ecom_national,CW500015,2024-12,TX,1,76.18
ecom_national,CW500015,2024-12,PNW,1,76.18
retail,BI100035,2024-12,MTN,1,76.18
ecom_national,CW500015,2025-01,NE,1,76.18
ecom_national,CW500015,2025-01,MA,1,76.18
ecom_national,CW500015,2025-01,SE,1,76.18
ecom_national,CW500015,2025-01,TX,1,76.18
ecom_national,CW500015,2025-01,MTN,1,76.18
retail,BI100035,2025-01,MW,1,76.18
ecom_national,CW500015,2025-02,NE,1,76.18
ecom_national,CW500015,2025-02,MA,1,76.18
ecom_national,CW500015,2025-02,PNW,1,76.18
retail,BI100035,2025-02,MA,1,76.18
retail,BI100035,2025-02,MTN,1,76.18
retail,BI100035,2025-02,PNW,1,76.18
ecom_national,CW500015,2025-03,NE,1,76.18
ecom_national,CW500015,2025-03,MW,1,76.18
ecom_national,CW500015,2025-03,TX,1,76.18
retail,BI100035,2025-03,MW,1,76.18
retail,BI100035,2025-03,TX,1,76.18
retail,BI100035,2025-03,PSW,1,76.18
vet_clinic,BI100035,2025-03,NE,1,76.18
vet_clinic,BI100035,2025-03,PSW,1,76.18
ecom_national,CW500015,2025-04,MW,1,76.18
ecom_national,CW500015,2025-04,TX,1,76.18
ecom_national,CW500015,2025-04,MTN,1,76.18
ecom_national,CW500015,2025-04,PSW,2,152.36
retail,BI100035,2025-04,NE,1,76.18
retail,BI100035,2025-04,MW,1,76.18
retail,BI100035,2025-04,MTN,1,76.18
vet_clinic,BI100035,2025-04,MTN,1,76.18
ecom_national,CW500015,2025-05,NE,1,76.18
ecom_national,CW500015,2025-05,MA,1,76.18
ecom_national,CW500015,2025-05,SE,1,76.18
ecom_national,CW500015,2025-05,MW,1,76.18
ecom_national,CW500015,2025-05,MTN,1,76.18
ecom_national,CW500015,2025-05,PNW,2,152.36
retail,BI100035,2025-05,MW,1,76.18
vet_clinic,BI100035,2025-05,NE,1,76.18
ecom_national,CW500015,2025-06,MA,1,76.18
ecom_national,CW500015,2025-06,SE,1,76.18
ecom_national,CW500015,2025-06,MW,1,76.18
ecom_national,CW500015,2025-06,TX,2,152.36
ecom_national,CW500015,2025-06,MTN,2,152.36
ecom_national,CW500015,2025-06,PSW,1,76.18
ecom_national,CW500015,2025-06,PNW,2,152.36
retail,BI100035,2025-06,NE,1,76.18
retail,BI100035,2025-06,MA,1,76.18
retail,BI100035,2025-06,MW,1,76.18
retail,BI100035,2025-06,PNW,1,76.18
vet_clinic,BI100035,2025-06,MW,1,76.18
ecom_national,CW500015,2025-07,MA,1,76.18
ecom_national,CW500015,2025-07,SE,1,76.18
ecom_national,CW500015,2025-07,MW,1,76.18
ecom_national,CW500015,2025-07,TX,1,76.18
ecom_national,CW500015,2025-07,PSW,1,76.18
retail,BI100035,2025-07,NE,1,76.18
retail,BI100035,2025-07,MW,1,76.18
retail,BI100035,2025-07,TX,1,76.18
retail,BI100035,2025-07,MTN,1,76.18
retail,BI100035,2025-07,PSW,1,76.18
vet_clinic,BI100035,2025-07,NE,1,76.18
vet_clinic,BI100035,2025-07,MA,1,76.18
vet_clinic,BI100035,2025-07,TX,1,76.18
vet_clinic,BI100035,2025-07,MTN,1,76.18
vet_clinic,BI100035,2025-07,PSW,1,76.18
ecom_national,CW500015,2025-08,MA,1,76.18
ecom_national,CW500015,2025-08,TX,1,76.18
ecom_national,CW500015,2025-08,MTN,1,76.18
ecom_national,CW500015,2025-08,PSW,1,76.18
ecom_national,CW500015,2025-08,PNW,1,76.18
retail,BI100035,2025-08,NE,1,76.18
retail,BI100035,2025-08,MW,1,76.18
retail,BI100035,2025-08,MTN,1,76.18
retail,BI100035,2025-08,PNW,1,76.18
vet_clinic,BI100035,2025-08,MA,1,76.18
vet_clinic,BI100035,2025-08,MW,1,76.18
ecom_national,CW500015,2025-09,NE,1,76.18
ecom_national,CW500015,2025-09,MW,2,152.36
ecom_national,CW500015,2025-09,TX,1,76.18
ecom_national,CW500015,2025-09,PNW,1,76.18
retail,BI100035,2025-09,NE,1,76.18
retail,BI100035,2025-09,SE,1,76.18
retail,BI100035,2025-09,TX,1,76.18
retail,BI100035,2025-09,PSW,1,76.18
retail,BI100035,2025-09,PNW,1,76.18
vet_clinic,BI100035,2025-09,NE,1,76.18
vet_clinic,BI100035,2025-09,MTN,1,76.18
ecom_national,CW500015,2025-10,NE,1,76.18
ecom_national,CW500015,2025-10,MA,1,76.18
ecom_national,CW500015,2025-10,MW,1,76.18
ecom_national,CW500015,2025-10,TX,1,76.18
ecom_national,CW500015,2025-10,MTN,2,152.36
ecom_national,CW500015,2025-10,PSW,1,76.18
retail,BI100035,2025-10,SE,1,76.18
retail,BI100035,2025-10,MW,1,76.18
retail,BI100035,2025-10,TX,1,76.18
retail,BI100035,2025-10,PNW,1,76.18
vet_clinic,BI100035,2025-10,TX,1,76.18
vet_clinic,BI100035,2025-10,MTN,1,76.18
vet_clinic,BI100035,2025-10,PNW,1,76.18
ecom_national,CW500015,2025-11,MA,1,76.18
ecom_national,CW500015,2025-11,TX,1,76.18
ecom_national,CW500015,2025-11,MTN,1,76.18
ecom_national,CW500015,2025-11,PSW,1,76.18
ecom_national,CW500015,2025-11,PNW,1,76.18
retail,BI100035,2025-11,SE,1,76.18
retail,BI100035,2025-11,PSW,1,76.18
ecom_national,CW500015,2025-12,NE,1,76.18
ecom_national,CW500015,2025-12,MA,1,76.18
ecom_national,CW500015,2025-12,MW,1,76.18
ecom_national,CW500015,2025-12,TX,1,76.18
ecom_national,CW500015,2025-12,PNW,1,76.18
retail,BI100035,2025-12,NE,1,76.18
retail,BI100035,2025-12,TX,1,76.18
ecom_national,CW500018,2024-01,NE,1,186.99
ecom_national,CW500018,2024-01,MA,2,373.98
ecom_national,CW500018,2024-01,SE,1,186.99
ecom_national,CW500018,2024-01,MW,2,373.98
ecom_national,CW500018,2024-01,TX,2,373.98
ecom_national,CW500018,2024-01,PSW,3,560.97
ecom_national,CW500018,2024-01,PNW,2,373.98
retail,BI100042,2024-01,NE,1,186.99
retail,BI100042,2024-01,MA,1,186.99
retail,BI100042,2024-01,SE,2,373.98
retail,BI100042,2024-01,MW,2,373.98
retail,BI100042,2024-01,TX,1,186.99
retail,BI100042,2024-01,PSW,2,373.98
retail,BI100042,2024-01,PNW,1,186.99
vet_clinic,BI100042,2024-01,MW,1,186.99
vet_clinic,BI100042,2024-01,TX,2,373.98
vet_clinic,BI100042,2024-01,MTN,1,186.99
vet_clinic,BI100042,2024-01,PNW,1,186.99
ecom_national,CW500018,2024-02,NE,1,186.99
ecom_national,CW500018,2024-02,MA,3,560.97
ecom_national,CW500018,2024-02,SE,1,186.99
ecom_national,CW500018,2024-02,MW,3,560.97
ecom_national,CW500018,2024-02,TX,3,560.97
ecom_national,CW500018,2024-02,MTN,2,373.98
ecom_national,CW500018,2024-02,PSW,1,186.99
ecom_national,CW500018,2024-02,PNW,1,186.99
retail,BI100042,2024-02,NE,1,186.99
retail,BI100042,2024-02,MA,2,373.98
retail,BI100042,2024-02,SE,1,186.99
retail,BI100042,2024-02,MW,2,373.98
retail,BI100042,2024-02,TX,1,186.99
retail,BI100042,2024-02,MTN,1,186.99
retail,BI100042,2024-02,PSW,1,186.99
vet_clinic,BI100042,2024-02,NE,1,186.99
vet_clinic,BI100042,2024-02,MA,1,186.99
vet_clinic,BI100042,2024-02,SE,1,186.99
vet_clinic,BI100042,2024-02,MW,1,186.99
vet_clinic,BI100042,2024-02,TX,1,186.99
vet_clinic,BI100042,2024-02,PSW,1,186.99
ecom_national,CW500018,2024-03,MA,1,186.99
ecom_national,CW500018,2024-03,SE,1,186.99
ecom_national,CW500018,2024-03,MW,5,934.95
ecom_national,CW500018,2024-03,TX,5,934.95
ecom_national,CW500018,2024-03,PSW,2,373.98
ecom_national,CW500018,2024-03,PNW,1,186.99
retail,BI100042,2024-03,NE,1,186.99
retail,BI100042,2024-03,SE,1,186.99
retail,BI100042,2024-03,MW,2,373.98
retail,BI100042,2024-03,TX,2,373.98
retail,BI100042,2024-03,MTN,2,373.98
retail,BI100042,2024-03,PSW,1,186.99
retail,BI100042,2024-03,PNW,1,186.99
vet_clinic,BI100042,2024-03,NE,1,186.99
vet_clinic,BI100042,2024-03,MA,1,186.99
vet_clinic,BI100042,2024-03,SE,1,186.99
vet_clinic,BI100042,2024-03,MTN,1,186.99
vet_clinic,BI100042,2024-03,PSW,1,186.99
vet_clinic,BI100042,2024-03,PNW,1,186.99
ecom_national,CW500018,2024-04,MA,3,560.97
ecom_national,CW500018,2024-04,SE,2,373.98
ecom_national,CW500018,2024-04,MW,2,373.98
ecom_national,CW500018,2024-04,MTN,5,934.95
ecom_national,CW500018,2024-04,PSW,3,560.97
ecom_national,CW500018,2024-04,PNW,1,186.99
retail,BI100042,2024-04,NE,2,373.98
retail,BI100042,2024-04,MA,2,373.98
retail,BI100042,2024-04,SE,2,373.98
retail,BI100042,2024-04,MW,2,373.98
retail,BI100042,2024-04,TX,1,186.99
retail,BI100042,2024-04,MTN,3,560.97
retail,BI100042,2024-04,PSW,3,560.97
retail,BI100042,2024-04,PNW,1,186.99
vet_clinic,BI100042,2024-04,NE,1,186.99
vet_clinic,BI100042,2024-04,MA,1,186.99
vet_clinic,BI100042,2024-04,SE,1,186.99
vet_clinic,BI100042,2024-04,MW,1,186.99
vet_clinic,BI100042,2024-04,TX,2,373.98
vet_clinic,BI100042,2024-04,MTN,1,186.99
ecom_national,CW500018,2024-05,NE,4,747.96
ecom_national,CW500018,2024-05,MA,2,373.98
ecom_national,CW500018,2024-05,MW,5,934.95
ecom_national,CW500018,2024-05,TX,5,934.95
ecom_national,CW500018,2024-05,MTN,2,373.98
ecom_national,CW500018,2024-05,PSW,3,560.97
ecom_national,CW500018,2024-05,PNW,3,560.97
retail,BI100042,2024-05,NE,1,186.99
retail,BI100042,2024-05,MA,1,186.99
retail,BI100042,2024-05,MW,1,186.99
retail,BI100042,2024-05,TX,3,560.97
retail,BI100042,2024-05,PSW,2,373.98
retail,BI100042,2024-05,PNW,1,186.99
vet_clinic,BI100042,2024-05,NE,1,186.99
vet_clinic,BI100042,2024-05,MA,1,186.99
vet_clinic,BI100042,2024-05,SE,2,373.98
vet_clinic,BI100042,2024-05,TX,2,373.98
vet_clinic,BI100042,2024-05,PNW,1,186.99
ecom_national,CW500018,2024-06,NE,3,560.97
ecom_national,CW500018,2024-06,MA,1,186.99
ecom_national,CW500018,2024-06,SE,5,934.95
ecom_national,CW500018,2024-06,MW,4,747.96
ecom_national,CW500018,2024-06,TX,4,747.96
ecom_national,CW500018,2024-06,MTN,3,560.97
ecom_national,CW500018,2024-06,PSW,5,934.95
ecom_national,CW500018,2024-06,PNW,3,560.97
retail,BI100042,2024-06,NE,2,373.98
retail,BI100042,2024-06,SE,1,186.99
retail,BI100042,2024-06,MW,1,186.99
retail,BI100042,2024-06,TX,4,747.96
retail,BI100042,2024-06,MTN,2,373.98
retail,BI100042,2024-06,PSW,3,560.97
retail,BI100042,2024-06,PNW,2,373.98
vet_clinic,BI100042,2024-06,NE,1,186.99
vet_clinic,BI100042,2024-06,SE,1,186.99
vet_clinic,BI100042,2024-06,MW,2,373.98
vet_clinic,BI100042,2024-06,TX,2,373.98
vet_clinic,BI100042,2024-06,MTN,1,186.99
vet_clinic,BI100042,2024-06,PSW,2,373.98
vet_clinic,BI100042,2024-06,PNW,1,186.99
ecom_national,CW500018,2024-07,NE,4,747.96
ecom_national,CW500018,2024-07,MA,2,373.98
ecom_national,CW500018,2024-07,SE,3,560.97
ecom_national,CW500018,2024-07,MW,4,747.96
ecom_national,CW500018,2024-07,TX,5,934.95
ecom_national,CW500018,2024-07,MTN,3,560.97
ecom_national,CW500018,2024-07,PSW,2,373.98
ecom_national,CW500018,2024-07,PNW,4,747.96
retail,BI100042,2024-07,NE,2,373.98
retail,BI100042,2024-07,SE,1,186.99
retail,BI100042,2024-07,MW,1,186.99
retail,BI100042,2024-07,TX,2,373.98
retail,BI100042,2024-07,MTN,1,186.99
retail,BI100042,2024-07,PSW,2,373.98
vet_clinic,BI100042,2024-07,MA,1,186.99
vet_clinic,BI100042,2024-07,SE,1,186.99
vet_clinic,BI100042,2024-07,MW,2,373.98
vet_clinic,BI100042,2024-07,TX,2,373.98
vet_clinic,BI100042,2024-07,MTN,1,186.99
vet_clinic,BI100042,2024-07,PNW,1,186.99
ecom_national,CW500018,2024-08,NE,3,560.97
ecom_national,CW500018,2024-08,MA,2,373.98
ecom_national,CW500018,2024-08,SE,3,560.97
ecom_national,CW500018,2024-08,MW,4,747.96
ecom_national,CW500018,2024-08,TX,4,747.96
ecom_national,CW500018,2024-08,MTN,4,747.96
ecom_national,CW500018,2024-08,PSW,3,560.97
ecom_national,CW500018,2024-08,PNW,1,186.99
retail,BI100042,2024-08,NE,2,373.98
retail,BI100042,2024-08,MA,1,186.99
retail,BI100042,2024-08,SE,1,186.99
retail,BI100042,2024-08,MW,1,186.99
retail,BI100042,2024-08,TX,2,373.98
retail,BI100042,2024-08,MTN,1,186.99
retail,BI100042,2024-08,PSW,1,186.99
retail,BI100042,2024-08,PNW,1,186.99
vet_clinic,BI100042,2024-08,NE,1,186.99
vet_clinic,BI100042,2024-08,MA,1,186.99
vet_clinic,BI100042,2024-08,TX,1,186.99
vet_clinic,BI100042,2024-08,PNW,1,186.99
ecom_national,CW500018,2024-09,NE,1,186.99
ecom_national,CW500018,2024-09,MA,2,373.98
ecom_national,CW500018,2024-09,SE,3,560.97
ecom_national,CW500018,2024-09,MW,3,560.97
ecom_national,CW500018,2024-09,TX,2,373.98
ecom_national,CW500018,2024-09,MTN,3,560.97
ecom_national,CW500018,2024-09,PSW,1,186.99
ecom_national,CW500018,2024-09,PNW,3,560.97
retail,BI100042,2024-09,NE,1,186.99
retail,BI100042,2024-09,MA,1,186.99
retail,BI100042,2024-09,SE,2,373.98
retail,BI100042,2024-09,MW,2,373.98
retail,BI100042,2024-09,MTN,3,560.97
retail,BI100042,2024-09,PSW,1,186.99
vet_clinic,BI100042,2024-09,NE,1,186.99
vet_clinic,BI100042,2024-09,MA,1,186.99
vet_clinic,BI100042,2024-09,SE,1,186.99
vet_clinic,BI100042,2024-09,MTN,2,373.98
ecom_national,CW500018,2024-10,NE,1,186.99
ecom_national,CW500018,2024-10,MW,4,747.96
ecom_national,CW500018,2024-10,PSW,1,186.99
ecom_national,CW500018,2024-10,PNW,3,560.97
retail,BI100042,2024-10,NE,1,186.99
retail,BI100042,2024-10,SE,2,373.98
retail,BI100042,2024-10,MW,2,373.98
retail,BI100042,2024-10,TX,3,560.97
retail,BI100042,2024-10,MTN,2,373.98
retail,BI100042,2024-10,PNW,1,186.99
vet_clinic,BI100042,2024-10,SE,1,186.99
vet_clinic,BI100042,2024-10,MW,1,186.99
vet_clinic,BI100042,2024-10,PSW,1,186.99
vet_clinic,BI100042,2024-10,PNW,1,186.99
ecom_national,CW500018,2024-11,NE,2,373.98
ecom_national,CW500018,2024-11,SE,3,560.97
ecom_national,CW500018,2024-11,MW,3,560.97
ecom_national,CW500018,2024-11,MTN,2,373.98
ecom_national,CW500018,2024-11,PSW,2,373.98
ecom_national,CW500018,2024-11,PNW,1,186.99
retail,BI100042,2024-11,NE,1,186.99
retail,BI100042,2024-11,MA,2,373.98
retail,BI100042,2024-11,SE,2,373.98
retail,BI100042,2024-11,MW,1,186.99
retail,BI100042,2024-11,TX,2,373.98
retail,BI100042,2024-11,MTN,1,186.99
retail,BI100042,2024-11,PSW,1,186.99
vet_clinic,BI100042,2024-11,NE,1,186.99
vet_clinic,BI100042,2024-11,MA,1,186.99
vet_clinic,BI100042,2024-11,SE,1,186.99
vet_clinic,BI100042,2024-11,MW,1,186.99
vet_clinic,BI100042,2024-11,TX,1,186.99
vet_clinic,BI100042,2024-11,MTN,1,186.99
ecom_national,CW500018,2024-12,MA,2,373.98
ecom_national,CW500018,2024-12,SE,1,186.99
ecom_national,CW500018,2024-12,MW,3,560.97
ecom_national,CW500018,2024-12,MTN,1,186.99
ecom_national,CW500018,2024-12,PSW,1,186.99
ecom_national,CW500018,2024-12,PNW,2,373.98
retail,BI100042,2024-12,NE,1,186.99
retail,BI100042,2024-12,MA,1,186.99
retail,BI100042,2024-12,SE,1,186.99
retail,BI100042,2024-12,MW,1,186.99
retail,BI100042,2024-12,TX,2,373.98
retail,BI100042,2024-12,MTN,2,373.98
retail,BI100042,2024-12,PNW,1,186.99
vet_clinic,BI100042,2024-12,MA,1,186.99
vet_clinic,BI100042,2024-12,MW,1,186.99
vet_clinic,BI100042,2024-12,MTN,1,186.99
vet_clinic,BI100042,2024-12,PSW,1,186.99
ecom_national,CW500018,2025-01,NE,2,373.98
ecom_national,CW500018,2025-01,MA,2,373.98
ecom_national,CW500018,2025-01,MW,3,560.97
ecom_national,CW500018,2025-01,MTN,3,560.97
ecom_national,CW500018,2025-01,PSW,2,373.98
ecom_national,CW500018,2025-01,PNW,1,186.99
retail,BI100042,2025-01,NE,1,186.99
retail,BI100042,2025-01,SE,2,373.98
retail,BI100042,2025-01,MW,2,373.98
retail,BI100042,2025-01,TX,1,186.99
retail,BI100042,2025-01,MTN,2,373.98
retail,BI100042,2025-01,PSW,2,373.98
retail,BI100042,2025-01,PNW,1,186.99
vet_clinic,BI100042,2025-01,NE,1,186.99
vet_clinic,BI100042,2025-01,MA,1,186.99
vet_clinic,BI100042,2025-01,SE,1,186.99
vet_clinic,BI100042,2025-01,MW,1,186.99
vet_clinic,BI100042,2025-01,MTN,1,186.99
vet_clinic,BI100042,2025-01,PSW,1,186.99
vet_clinic,BI100042,2025-01,PNW,1,186.99
ecom_national,CW500018,2025-02,NE,2,373.98
ecom_national,CW500018,2025-02,MA,2,373.98
ecom_national,CW500018,2025-02,SE,2,373.98
ecom_national,CW500018,2025-02,TX,4,747.96
ecom_national,CW500018,2025-02,MTN,2,373.98
ecom_national,CW500018,2025-02,PSW,1,186.99
ecom_national,CW500018,2025-02,PNW,3,560.97
retail,BI100042,2025-02,NE,2,373.98
retail,BI100042,2025-02,MA,1,186.99
retail,BI100042,2025-02,SE,2,373.98
retail,BI100042,2025-02,MW,1,186.99
retail,BI100042,2025-02,TX,2,373.98
retail,BI100042,2025-02,MTN,2,373.98
retail,BI100042,2025-02,PSW,1,186.99
retail,BI100042,2025-02,PNW,1,186.99
vet_clinic,BI100042,2025-02,NE,1,186.99
vet_clinic,BI100042,2025-02,MA,1,186.99
vet_clinic,BI100042,2025-02,MW,1,186.99
vet_clinic,BI100042,2025-02,TX,1,186.99
vet_clinic,BI100042,2025-02,MTN,1,186.99
vet_clinic,BI100042,2025-02,PNW,1,186.99
ecom_national,CW500018,2025-03,NE,3,560.97
ecom_national,CW500018,2025-03,MA,3,560.97
ecom_national,CW500018,2025-03,SE,1,186.99
ecom_national,CW500018,2025-03,MW,4,747.96
ecom_national,CW500018,2025-03,TX,3,560.97
ecom_national,CW500018,2025-03,MTN,2,373.98
ecom_national,CW500018,2025-03,PSW,2,373.98
ecom_national,CW500018,2025-03,PNW,3,560.97
retail,BI100042,2025-03,NE,2,373.98
retail,BI100042,2025-03,MA,1,186.99
retail,BI100042,2025-03,MW,1,186.99
retail,BI100042,2025-03,MTN,1,186.99
retail,BI100042,2025-03,PSW,1,186.99
retail,BI100042,2025-03,PNW,1,186.99
vet_clinic,BI100042,2025-03,NE,1,186.99
vet_clinic,BI100042,2025-03,MA,1,186.99
vet_clinic,BI100042,2025-03,MW,1,186.99
vet_clinic,BI100042,2025-03,TX,1,186.99
vet_clinic,BI100042,2025-03,MTN,2,373.98
vet_clinic,BI100042,2025-03,PSW,1,186.99
vet_clinic,BI100042,2025-03,PNW,1,186.99
ecom_national,CW500018,2025-04,NE,2,373.98
ecom_national,CW500018,2025-04,MA,2,373.98
ecom_national,CW500018,2025-04,MW,3,560.97
ecom_national,CW500018,2025-04,TX,4,747.96
ecom_national,CW500018,2025-04,MTN,3,560.97
ecom_national,CW500018,2025-04,PSW,3,560.97
ecom_national,CW500018,2025-04,PNW,1,186.99
retail,BI100042,2025-04,NE,1,186.99
retail,BI100042,2025-04,SE,1,186.99
retail,BI100042,2025-04,TX,1,186.99
retail,BI100042,2025-04,MTN,3,560.97
retail,BI100042,2025-04,PSW,2,373.98
retail,BI100042,2025-04,PNW,2,373.98
vet_clinic,BI100042,2025-04,NE,1,186.99
vet_clinic,BI100042,2025-04,MA,1,186.99
vet_clinic,BI100042,2025-04,SE,1,186.99
vet_clinic,BI100042,2025-04,MW,2,373.98
vet_clinic,BI100042,2025-04,TX,2,373.98
vet_clinic,BI100042,2025-04,MTN,1,186.99
vet_clinic,BI100042,2025-04,PSW,1,186.99
vet_clinic,BI100042,2025-04,PNW,1,186.99
ecom_national,CW500018,2025-05,MA,2,373.98
ecom_national,CW500018,2025-05,SE,3,560.97
ecom_national,CW500018,2025-05,MW,4,747.96
ecom_national,CW500018,2025-05,TX,6,1121.94
ecom_national,CW500018,2025-05,MTN,3,560.97
ecom_national,CW500018,2025-05,PSW,5,934.95
retail,BI100042,2025-05,NE,1,186.99
retail,BI100042,2025-05,SE,3,560.97
retail,BI100042,2025-05,MW,1,186.99
retail,BI100042,2025-05,TX,1,186.99
retail,BI100042,2025-05,PSW,2,373.98
retail,BI100042,2025-05,PNW,1,186.99
vet_clinic,BI100042,2025-05,NE,1,186.99
vet_clinic,BI100042,2025-05,MA,1,186.99
vet_clinic,BI100042,2025-05,SE,1,186.99
vet_clinic,BI100042,2025-05,MW,2,373.98
vet_clinic,BI100042,2025-05,TX,3,560.97
vet_clinic,BI100042,2025-05,PSW,1,186.99
ecom_national,CW500018,2025-06,NE,5,934.95
ecom_national,CW500018,2025-06,MA,5,934.95
ecom_national,CW500018,2025-06,SE,4,747.96
ecom_national,CW500018,2025-06,TX,4,747.96
ecom_national,CW500018,2025-06,MTN,6,1121.94
ecom_national,CW500018,2025-06,PSW,4,747.96
ecom_national,CW500018,2025-06,PNW,3,560.97
retail,BI100042,2025-06,SE,3,560.97
retail,BI100042,2025-06,TX,2,373.98
retail,BI100042,2025-06,MTN,1,186.99
retail,BI100042,2025-06,PSW,1,186.99
retail,BI100042,2025-06,PNW,1,186.99
vet_clinic,BI100042,2025-06,NE,1,186.99
vet_clinic,BI100042,2025-06,MA,2,373.98
vet_clinic,BI100042,2025-06,SE,2,373.98
vet_clinic,BI100042,2025-06,MW,1,186.99
vet_clinic,BI100042,2025-06,TX,1,186.99
vet_clinic,BI100042,2025-06,MTN,1,186.99
vet_clinic,BI100042,2025-06,PSW,2,373.98
vet_clinic,BI100042,2025-06,PNW,2,373.98
ecom_national,CW500018,2025-07,NE,2,373.98
ecom_national,CW500018,2025-07,MA,4,747.96
ecom_national,CW500018,2025-07,SE,4,747.96
ecom_national,CW500018,2025-07,MW,2,373.98
ecom_national,CW500018,2025-07,TX,6,1121.94
ecom_national,CW500018,2025-07,MTN,4,747.96
retail,BI100042,2025-07,NE,2,373.98
retail,BI100042,2025-07,MA,1,186.99
retail,BI100042,2025-07,SE,2,373.98
retail,BI100042,2025-07,MW,3,560.97
retail,BI100042,2025-07,TX,3,560.97
retail,BI100042,2025-07,PSW,3,560.97
vet_clinic,BI100042,2025-07,NE,1,186.99
vet_clinic,BI100042,2025-07,MA,1,186.99
vet_clinic,BI100042,2025-07,SE,1,186.99
vet_clinic,BI100042,2025-07,PNW,2,373.98
ecom_national,CW500018,2025-08,NE,1,186.99
ecom_national,CW500018,2025-08,MA,4,747.96
ecom_national,CW500018,2025-08,SE,1,186.99
ecom_national,CW500018,2025-08,MW,3,560.97
ecom_national,CW500018,2025-08,TX,3,560.97
ecom_national,CW500018,2025-08,MTN,1,186.99
ecom_national,CW500018,2025-08,PSW,4,747.96
ecom_national,CW500018,2025-08,PNW,3,560.97
retail,BI100042,2025-08,NE,2,373.98
retail,BI100042,2025-08,MA,2,373.98
retail,BI100042,2025-08,SE,1,186.99
retail,BI100042,2025-08,TX,2,373.98
retail,BI100042,2025-08,MTN,2,373.98
retail,BI100042,2025-08,PNW,2,373.98
vet_clinic,BI100042,2025-08,MA,2,373.98
vet_clinic,BI100042,2025-08,SE,2,373.98
vet_clinic,BI100042,2025-08,MW,1,186.99
vet_clinic,BI100042,2025-08,MTN,1,186.99
ecom_national,CW500018,2025-09,MA,4,747.96
ecom_national,CW500018,2025-09,SE,4,747.96
ecom_national,CW500018,2025-09,MW,4,747.96
ecom_national,CW500018,2025-09,TX,5,934.95
ecom_national,CW500018,2025-09,PSW,4,747.96
ecom_national,CW500018,2025-09,PNW,1,186.99
retail,BI100042,2025-09,NE,2,373.98
retail,BI100042,2025-09,SE,2,373.98
retail,BI100042,2025-09,MW,1,186.99
retail,BI100042,2025-09,TX,2,373.98
retail,BI100042,2025-09,PSW,1,186.99
retail,BI100042,2025-09,PNW,1,186.99
vet_clinic,BI100042,2025-09,NE,1,186.99
vet_clinic,BI100042,2025-09,MA,1,186.99
vet_clinic,BI100042,2025-09,SE,1,186.99
vet_clinic,BI100042,2025-09,MW,1,186.99
vet_clinic,BI100042,2025-09,TX,2,373.98
vet_clinic,BI100042,2025-09,MTN,2,373.98
vet_clinic,BI100042,2025-09,PSW,2,373.98
vet_clinic,BI100042,2025-09,PNW,1,186.99
ecom_national,CW500018,2025-10,NE,2,373.98
ecom_national,CW500018,2025-10,MA,3,560.97
ecom_national,CW500018,2025-10,SE,3,560.97
ecom_national,CW500018,2025-10,MW,2,373.98
ecom_national,CW500018,2025-10,TX,1,186.99
ecom_national,CW500018,2025-10,MTN,2,373.98
ecom_national,CW500018,2025-10,PSW,1,186.99
retail,BI100042,2025-10,NE,1,186.99
retail,BI100042,2025-10,SE,2,373.98
retail,BI100042,2025-10,MW,2,373.98
retail,BI100042,2025-10,TX,3,560.97
retail,BI100042,2025-10,MTN,1,186.99
vet_clinic,BI100042,2025-10,MA,1,186.99
vet_clinic,BI100042,2025-10,MW,1,186.99
vet_clinic,BI100042,2025-10,TX,1,186.99
vet_clinic,BI100042,2025-10,PSW,2,373.98
ecom_national,CW500018,2025-11,NE,2,373.98
ecom_national,CW500018,2025-11,MA,1,186.99
ecom_national,CW500018,2025-11,SE,3,560.97
ecom_national,CW500018,2025-11,TX,4,747.96
ecom_national,CW500018,2025-11,MTN,2,373.98
ecom_national,CW500018,2025-11,PSW,3,560.97
ecom_national,CW500018,2025-11,PNW,2,373.98
retail,BI100042,2025-11,SE,1,186.99
retail,BI100042,2025-11,PSW,1,186.99
retail,BI100042,2025-11,PNW,1,186.99
vet_clinic,BI100042,2025-11,NE,1,186.99
vet_clinic,BI100042,2025-11,SE,1,186.99
vet_clinic,BI100042,2025-11,MW,1,186.99
vet_clinic,BI100042,2025-11,TX,1,186.99
ecom_national,CW500018,2025-12,NE,1,186.99
ecom_national,CW500018,2025-12,MA,3,560.97
ecom_national,CW500018,2025-12,SE,3,560.97
ecom_national,CW500018,2025-12,MW,2,373.98
ecom_national,CW500018,2025-12,TX,2,373.98
ecom_national,CW500018,2025-12,MTN,3,560.97
ecom_national,CW500018,2025-12,PSW,1,186.99
ecom_national,CW500018,2025-12,PNW,1,186.99
retail,BI100042,2025-12,NE,1,186.99
retail,BI100042,2025-12,TX,2,373.98
retail,BI100042,2025-12,MTN,2,373.98
retail,BI100042,2025-12,PNW,1,186.99
vet_clinic,BI100042,2025-12,NE,1,186.99
vet_clinic,BI100042,2025-12,SE,1,186.99
vet_clinic,BI100042,2025-12,MW,1,186.99
vet_clinic,BI100042,2025-12,TX,1,186.99
vet_clinic,BI100042,2025-12,MTN,1,186.99
vet_clinic,BI100042,2025-12,PSW,1,186.99
ecom_national,CW500021,2024-01,NE,1,136.87
ecom_national,CW500021,2024-01,MA,1,136.87
ecom_national,CW500021,2024-01,SE,1,136.87
ecom_national,CW500021,2024-01,MW,1,136.87
ecom_national,CW500021,2024-01,TX,1,136.87
ecom_national,CW500021,2024-01,MTN,2,273.74
ecom_national,CW500021,2024-01,PNW,1,136.87
retail,BI100049,2024-01,MA,1,136.87
retail,BI100049,2024-01,MW,1,136.87
retail,BI100049,2024-01,TX,1,136.87
retail,BI100049,2024-01,MTN,1,136.87
vet_clinic,BI100049,2024-01,NE,1,136.87
vet_clinic,BI100049,2024-01,TX,1,136.87
ecom_national,CW500021,2024-02,NE,1,136.87
ecom_national,CW500021,2024-02,MA,1,136.87
ecom_national,CW500021,2024-02,MW,1,136.87
ecom_national,CW500021,2024-02,TX,1,136.87
ecom_national,CW500021,2024-02,MTN,1,136.87
ecom_national,CW500021,2024-02,PNW,1,136.87
retail,BI100049,2024-02,NE,1,136.87
retail,BI100049,2024-02,MW,1,136.87
retail,BI100049,2024-02,TX,1,136.87
retail,BI100049,2024-02,MTN,1,136.87
retail,BI100049,2024-02,PSW,1,136.87
retail,BI100049,2024-02,PNW,1,136.87
vet_clinic,BI100049,2024-02,SE,1,136.87
vet_clinic,BI100049,2024-02,PSW,1,136.87
ecom_national,CW500021,2024-03,NE,2,273.74
ecom_national,CW500021,2024-03,MA,1,136.87
ecom_national,CW500021,2024-03,SE,1,136.87
ecom_national,CW500021,2024-03,PSW,1,136.87
ecom_national,CW500021,2024-03,PNW,1,136.87
retail,BI100049,2024-03,NE,1,136.87
retail,BI100049,2024-03,SE,1,136.87
retail,BI100049,2024-03,MTN,1,136.87
retail,BI100049,2024-03,PSW,1,136.87
retail,BI100049,2024-03,PNW,1,136.87
vet_clinic,BI100049,2024-03,NE,1,136.87
vet_clinic,BI100049,2024-03,MA,1,136.87
vet_clinic,BI100049,2024-03,MW,1,136.87
vet_clinic,BI100049,2024-03,TX,1,136.87
vet_clinic,BI100049,2024-03,PNW,1,136.87
ecom_national,CW500021,2024-04,NE,1,136.87
ecom_national,CW500021,2024-04,MA,2,273.74
ecom_national,CW500021,2024-04,SE,2,273.74
ecom_national,CW500021,2024-04,MW,1,136.87
ecom_national,CW500021,2024-04,TX,1,136.87
ecom_national,CW500021,2024-04,MTN,1,136.87
ecom_national,CW500021,2024-04,PSW,1,136.87
ecom_national,CW500021,2024-04,PNW,1,136.87
retail,BI100049,2024-04,NE,1,136.87
retail,BI100049,2024-04,MA,1,136.87
retail,BI100049,2024-04,MW,1,136.87
retail,BI100049,2024-04,TX,1,136.87
retail,BI100049,2024-04,PSW,1,136.87
retail,BI100049,2024-04,PNW,1,136.87
vet_clinic,BI100049,2024-04,MA,1,136.87
vet_clinic,BI100049,2024-04,TX,1,136.87
ecom_national,CW500021,2024-05,NE,2,273.74
ecom_national,CW500021,2024-05,MA,2,273.74
ecom_national,CW500021,2024-05,SE,1,136.87
ecom_national,CW500021,2024-05,MW,2,273.74
ecom_national,CW500021,2024-05,TX,1,136.87
ecom_national,CW500021,2024-05,MTN,2,273.74
ecom_national,CW500021,2024-05,PSW,1,136.87
ecom_national,CW500021,2024-05,PNW,1,136.87
retail,BI100049,2024-05,NE,1,136.87
retail,BI100049,2024-05,MA,1,136.87
retail,BI100049,2024-05,SE,1,136.87
retail,BI100049,2024-05,MW,1,136.87
retail,BI100049,2024-05,TX,1,136.87
retail,BI100049,2024-05,MTN,1,136.87
retail,BI100049,2024-05,PSW,1,136.87
retail,BI100049,2024-05,PNW,1,136.87
vet_clinic,BI100049,2024-05,NE,1,136.87
vet_clinic,BI100049,2024-05,PSW,1,136.87
vet_clinic,BI100049,2024-05,PNW,1,136.87
ecom_national,CW500021,2024-06,NE,1,136.87
ecom_national,CW500021,2024-06,MA,1,136.87
ecom_national,CW500021,2024-06,SE,1,136.87
ecom_national,CW500021,2024-06,TX,1,136.87
ecom_national,CW500021,2024-06,MTN,3,410.61
ecom_national,CW500021,2024-06,PSW,1,136.87
retail,BI100049,2024-06,NE,2,273.74
retail,BI100049,2024-06,MA,1,136.87
retail,BI100049,2024-06,MW,1,136.87
retail,BI100049,2024-06,TX,2,273.74
retail,BI100049,2024-06,MTN,1,136.87
retail,BI100049,2024-06,PSW,1,136.87
retail,BI100049,2024-06,PNW,1,136.87
vet_clinic,BI100049,2024-06,NE,1,136.87
vet_clinic,BI100049,2024-06,MA,1,136.87
vet_clinic,BI100049,2024-06,SE,1,136.87
vet_clinic,BI100049,2024-06,PNW,1,136.87
ecom_national,CW500021,2024-07,NE,1,136.87
ecom_national,CW500021,2024-07,MA,2,273.74
ecom_national,CW500021,2024-07,SE,2,273.74
ecom_national,CW500021,2024-07,PSW,1,136.87
ecom_national,CW500021,2024-07,PNW,2,273.74
retail,BI100049,2024-07,NE,2,273.74
retail,BI100049,2024-07,TX,1,136.87
retail,BI100049,2024-07,MTN,1,136.87
retail,BI100049,2024-07,PSW,1,136.87
retail,BI100049,2024-07,PNW,1,136.87
vet_clinic,BI100049,2024-07,MA,1,136.87
vet_clinic,BI100049,2024-07,TX,1,136.87
vet_clinic,BI100049,2024-07,MTN,1,136.87
vet_clinic,BI100049,2024-07,PSW,1,136.87
vet_clinic,BI100049,2024-07,PNW,1,136.87
ecom_national,CW500021,2024-08,NE,2,273.74
ecom_national,CW500021,2024-08,MA,1,136.87
ecom_national,CW500021,2024-08,SE,1,136.87
ecom_national,CW500021,2024-08,MW,2,273.74
ecom_national,CW500021,2024-08,TX,3,410.61
ecom_national,CW500021,2024-08,PSW,1,136.87
ecom_national,CW500021,2024-08,PNW,2,273.74
retail,BI100049,2024-08,NE,1,136.87
retail,BI100049,2024-08,SE,1,136.87
retail,BI100049,2024-08,TX,1,136.87
retail,BI100049,2024-08,PSW,1,136.87
retail,BI100049,2024-08,PNW,1,136.87
vet_clinic,BI100049,2024-08,NE,1,136.87
vet_clinic,BI100049,2024-08,MA,1,136.87
vet_clinic,BI100049,2024-08,TX,1,136.87
vet_clinic,BI100049,2024-08,MTN,1,136.87
vet_clinic,BI100049,2024-08,PSW,1,136.87
vet_clinic,BI100049,2024-08,PNW,1,136.87
ecom_national,CW500021,2024-09,NE,1,136.87
ecom_national,CW500021,2024-09,TX,2,273.74
ecom_national,CW500021,2024-09,MTN,1,136.87
ecom_national,CW500021,2024-09,PSW,1,136.87
ecom_national,CW500021,2024-09,PNW,1,136.87
retail,BI100049,2024-09,SE,1,136.87
retail,BI100049,2024-09,TX,1,136.87
vet_clinic,BI100049,2024-09,MW,1,136.87
vet_clinic,BI100049,2024-09,TX,1,136.87
vet_clinic,BI100049,2024-09,MTN,1,136.87
vet_clinic,BI100049,2024-09,PNW,1,136.87
ecom_national,CW500021,2024-10,MA,1,136.87
ecom_national,CW500021,2024-10,TX,2,273.74
ecom_national,CW500021,2024-10,MTN,1,136.87
ecom_national,CW500021,2024-10,PNW,1,136.87
retail,BI100049,2024-10,MA,1,136.87
retail,BI100049,2024-10,SE,1,136.87
retail,BI100049,2024-10,MW,1,136.87
retail,BI100049,2024-10,TX,1,136.87
retail,BI100049,2024-10,MTN,1,136.87
vet_clinic,BI100049,2024-10,NE,1,136.87
ecom_national,CW500021,2024-11,NE,1,136.87
ecom_national,CW500021,2024-11,MA,2,273.74
ecom_national,CW500021,2024-11,TX,1,136.87
ecom_national,CW500021,2024-11,MTN,2,273.74
ecom_national,CW500021,2024-11,PSW,1,136.87
ecom_national,CW500021,2024-11,PNW,1,136.87
retail,BI100049,2024-11,TX,1,136.87
retail,BI100049,2024-11,PSW,1,136.87
vet_clinic,BI100049,2024-11,TX,1,136.87
ecom_national,CW500021,2024-12,NE,1,136.87
ecom_national,CW500021,2024-12,SE,1,136.87
ecom_national,CW500021,2024-12,MW,1,136.87
ecom_national,CW500021,2024-12,MTN,1,136.87
ecom_national,CW500021,2024-12,PSW,1,136.87
retail,BI100049,2024-12,TX,1,136.87
retail,BI100049,2024-12,MTN,1,136.87
vet_clinic,BI100049,2024-12,MA,1,136.87
vet_clinic,BI100049,2024-12,MTN,1,136.87
ecom_national,CW500021,2025-01,NE,1,136.87
ecom_national,CW500021,2025-01,MA,1,136.87
ecom_national,CW500021,2025-01,MTN,2,273.74
retail,BI100049,2025-01,NE,1,136.87
retail,BI100049,2025-01,MA,1,136.87
retail,BI100049,2025-01,SE,1,136.87
retail,BI100049,2025-01,MW,1,136.87
retail,BI100049,2025-01,PSW,1,136.87
retail,BI100049,2025-01,PNW,1,136.87
vet_clinic,BI100049,2025-01,MTN,1,136.87
ecom_national,CW500021,2025-02,NE,2,273.74
ecom_national,CW500021,2025-02,MA,1,136.87
ecom_national,CW500021,2025-02,SE,1,136.87
ecom_national,CW500021,2025-02,MW,1,136.87
ecom_national,CW500021,2025-02,TX,1,136.87
ecom_national,CW500021,2025-02,MTN,1,136.87
ecom_national,CW500021,2025-02,PSW,2,273.74
retail,BI100049,2025-02,SE,1,136.87
retail,BI100049,2025-02,MW,1,136.87
retail,BI100049,2025-02,TX,1,136.87
retail,BI100049,2025-02,MTN,1,136.87
retail,BI100049,2025-02,PSW,1,136.87
retail,BI100049,2025-02,PNW,1,136.87
vet_clinic,BI100049,2025-02,NE,1,136.87
vet_clinic,BI100049,2025-02,MA,1,136.87
vet_clinic,BI100049,2025-02,TX,1,136.87
ecom_national,CW500021,2025-03,NE,2,273.74
ecom_national,CW500021,2025-03,MA,1,136.87
ecom_national,CW500021,2025-03,SE,2,273.74
ecom_national,CW500021,2025-03,MW,1,136.87
ecom_national,CW500021,2025-03,PSW,1,136.87
ecom_national,CW500021,2025-03,PNW,1,136.87
retail,BI100049,2025-03,NE,1,136.87
retail,BI100049,2025-03,MW,1,136.87
retail,BI100049,2025-03,TX,1,136.87
retail,BI100049,2025-03,MTN,1,136.87
retail,BI100049,2025-03,PNW,1,136.87
vet_clinic,BI100049,2025-03,NE,1,136.87
vet_clinic,BI100049,2025-03,MW,1,136.87
vet_clinic,BI100049,2025-03,TX,1,136.87
vet_clinic,BI100049,2025-03,PNW,1,136.87
ecom_national,CW500021,2025-04,NE,3,410.61
ecom_national,CW500021,2025-04,MA,1,136.87
ecom_national,CW500021,2025-04,SE,2,273.74
ecom_national,CW500021,2025-04,MW,2,273.74
ecom_national,CW500021,2025-04,TX,1,136.87
ecom_national,CW500021,2025-04,MTN,2,273.74
retail,BI100049,2025-04,NE,1,136.87
retail,BI100049,2025-04,MA,1,136.87
retail,BI100049,2025-04,SE,1,136.87
retail,BI100049,2025-04,TX,1,136.87
retail,BI100049,2025-04,PSW,1,136.87
retail,BI100049,2025-04,PNW,1,136.87
vet_clinic,BI100049,2025-04,MA,1,136.87
vet_clinic,BI100049,2025-04,MW,1,136.87
vet_clinic,BI100049,2025-04,MTN,1,136.87
ecom_national,CW500021,2025-05,NE,1,136.87
ecom_national,CW500021,2025-05,MA,1,136.87
ecom_national,CW500021,2025-05,SE,1,136.87
ecom_national,CW500021,2025-05,MW,2,273.74
ecom_national,CW500021,2025-05,TX,1,136.87
ecom_national,CW500021,2025-05,MTN,3,410.61
ecom_national,CW500021,2025-05,PSW,2,273.74
retail,BI100049,2025-05,NE,2,273.74
retail,BI100049,2025-05,MA,1,136.87
retail,BI100049,2025-05,SE,1,136.87
retail,BI100049,2025-05,PNW,1,136.87
vet_clinic,BI100049,2025-05,NE,1,136.87
vet_clinic,BI100049,2025-05,MA,1,136.87
vet_clinic,BI100049,2025-05,MW,1,136.87
ecom_national,CW500021,2025-06,NE,1,136.87
ecom_national,CW500021,2025-06,MA,1,136.87
ecom_national,CW500021,2025-06,SE,2,273.74
ecom_national,CW500021,2025-06,MW,2,273.74
ecom_national,CW500021,2025-06,TX,1,136.87
ecom_national,CW500021,2025-06,PSW,1,136.87
ecom_national,CW500021,2025-06,PNW,1,136.87
retail,BI100049,2025-06,NE,1,136.87
retail,BI100049,2025-06,MA,1,136.87
retail,BI100049,2025-06,SE,1,136.87
retail,BI100049,2025-06,MW,1,136.87
retail,BI100049,2025-06,TX,1,136.87
retail,BI100049,2025-06,PSW,1,136.87
retail,BI100049,2025-06,PNW,1,136.87
vet_clinic,BI100049,2025-06,MW,1,136.87
vet_clinic,BI100049,2025-06,TX,1,136.87
ecom_national,CW500021,2025-07,MA,1,136.87
ecom_national,CW500021,2025-07,SE,2,273.74
ecom_national,CW500021,2025-07,MW,1,136.87
ecom_national,CW500021,2025-07,TX,1,136.87
ecom_national,CW500021,2025-07,MTN,2,273.74
ecom_national,CW500021,2025-07,PNW,2,273.74
retail,BI100049,2025-07,NE,1,136.87
retail,BI100049,2025-07,SE,1,136.87
retail,BI100049,2025-07,TX,2,273.74
retail,BI100049,2025-07,MTN,2,273.74
vet_clinic,BI100049,2025-07,MA,1,136.87
vet_clinic,BI100049,2025-07,SE,1,136.87
vet_clinic,BI100049,2025-07,MW,1,136.87
vet_clinic,BI100049,2025-07,MTN,1,136.87
ecom_national,CW500021,2025-08,NE,1,136.87
ecom_national,CW500021,2025-08,MA,1,136.87
ecom_national,CW500021,2025-08,SE,2,273.74
ecom_national,CW500021,2025-08,MW,1,136.87
ecom_national,CW500021,2025-08,TX,2,273.74
ecom_national,CW500021,2025-08,MTN,3,410.61
ecom_national,CW500021,2025-08,PNW,2,273.74
retail,BI100049,2025-08,NE,1,136.87
retail,BI100049,2025-08,MA,2,273.74
retail,BI100049,2025-08,SE,1,136.87
retail,BI100049,2025-08,TX,1,136.87
retail,BI100049,2025-08,MTN,1,136.87
retail,BI100049,2025-08,PSW,1,136.87
vet_clinic,BI100049,2025-08,NE,1,136.87
vet_clinic,BI100049,2025-08,SE,1,136.87
vet_clinic,BI100049,2025-08,MW,1,136.87
vet_clinic,BI100049,2025-08,TX,1,136.87
vet_clinic,BI100049,2025-08,MTN,1,136.87
vet_clinic,BI100049,2025-08,PSW,1,136.87
ecom_national,CW500021,2025-09,NE,2,273.74
ecom_national,CW500021,2025-09,SE,1,136.87
ecom_national,CW500021,2025-09,TX,2,273.74
ecom_national,CW500021,2025-09,MTN,1,136.87
ecom_national,CW500021,2025-09,PSW,1,136.87
ecom_national,CW500021,2025-09,PNW,1,136.87
retail,BI100049,2025-09,NE,1,136.87
retail,BI100049,2025-09,SE,1,136.87
retail,BI100049,2025-09,MW,1,136.87
retail,BI100049,2025-09,MTN,1,136.87
retail,BI100049,2025-09,PSW,1,136.87
retail,BI100049,2025-09,PNW,1,136.87
vet_clinic,BI100049,2025-09,MA,1,136.87
vet_clinic,BI100049,2025-09,SE,1,136.87
vet_clinic,BI100049,2025-09,MW,1,136.87
vet_clinic,BI100049,2025-09,MTN,1,136.87
ecom_national,CW500021,2025-10,SE,1,136.87
ecom_national,CW500021,2025-10,MW,1,136.87
ecom_national,CW500021,2025-10,TX,1,136.87
ecom_national,CW500021,2025-10,PSW,1,136.87
ecom_national,CW500021,2025-10,PNW,1,136.87
retail,BI100049,2025-10,NE,1,136.87
retail,BI100049,2025-10,MA,1,136.87
retail,BI100049,2025-10,MW,1,136.87
retail,BI100049,2025-10,TX,1,136.87
retail,BI100049,2025-10,PNW,1,136.87
vet_clinic,BI100049,2025-10,NE,1,136.87
vet_clinic,BI100049,2025-10,MA,1,136.87
vet_clinic,BI100049,2025-10,MW,1,136.87
vet_clinic,BI100049,2025-10,MTN,1,136.87
vet_clinic,BI100049,2025-10,PSW,1,136.87
vet_clinic,BI100049,2025-10,PNW,1,136.87
ecom_national,CW500021,2025-11,NE,2,273.74
ecom_national,CW500021,2025-11,MA,2,273.74
ecom_national,CW500021,2025-11,SE,1,136.87
ecom_national,CW500021,2025-11,MW,1,136.87
ecom_national,CW500021,2025-11,TX,1,136.87
ecom_national,CW500021,2025-11,MTN,1,136.87
retail,BI100049,2025-11,NE,1,136.87
retail,BI100049,2025-11,MA,1,136.87
retail,BI100049,2025-11,MTN,1,136.87
retail,BI100049,2025-11,PSW,1,136.87
retail,BI100049,2025-11,PNW,1,136.87
vet_clinic,BI100049,2025-11,NE,1,136.87
vet_clinic,BI100049,2025-11,MW,1,136.87
vet_clinic,BI100049,2025-11,TX,1,136.87
ecom_national,CW500021,2025-12,NE,1,136.87
ecom_national,CW500021,2025-12,MA,1,136.87
ecom_national,CW500021,2025-12,SE,1,136.87
ecom_national,CW500021,2025-12,TX,1,136.87
ecom_national,CW500021,2025-12,MTN,2,273.74
ecom_national,CW500021,2025-12,PNW,1,136.87
retail,BI100049,2025-12,MA,1,136.87
retail,BI100049,2025-12,SE,1,136.87
retail,BI100049,2025-12,MW,1,136.87
retail,BI100049,2025-12,TX,1,136.87
retail,BI100049,2025-12,MTN,1,136.87
retail,BI100049,2025-12,PNW,1,136.87
vet_clinic,BI100049,2025-12,MTN,1,136.87
ecom_national,CW500024,2024-01,NE,3,497.28
ecom_national,CW500024,2024-01,MA,3,497.28
ecom_national,CW500024,2024-01,MW,1,165.76
ecom_national,CW500024,2024-01,TX,3,497.28
ecom_national,CW500024,2024-01,MTN,2,331.52
ecom_national,CW500024,2024-01,PSW,4,663.04
ecom_national,CW500024,2024-01,PNW,1,165.76
retail,BI100056,2024-01,MA,1,165.76
retail,BI100056,2024-01,SE,1,165.76
retail,BI100056,2024-01,MW,2,331.52
retail,BI100056,2024-01,TX,2,331.52
retail,BI100056,2024-01,MTN,2,331.52
retail,BI100056,2024-01,PSW,1,165.76
retail,BI100056,2024-01,PNW,2,331.52
vet_clinic,BI100056,2024-01,NE,1,165.76
vet_clinic,BI100056,2024-01,MA,1,165.76
vet_clinic,BI100056,2024-01,MTN,1,165.76
vet_clinic,BI100056,2024-01,PNW,1,165.76
ecom_national,CW500024,2024-02,MA,3,497.28
ecom_national,CW500024,2024-02,SE,3,497.28
ecom_national,CW500024,2024-02,MW,3,497.28
ecom_national,CW500024,2024-02,TX,2,331.52
ecom_national,CW500024,2024-02,MTN,1,165.76
ecom_national,CW500024,2024-02,PSW,2,331.52
ecom_national,CW500024,2024-02,PNW,2,331.52
retail,BI100056,2024-02,NE,2,331.52
retail,BI100056,2024-02,MA,1,165.76
retail,BI100056,2024-02,SE,2,331.52
retail,BI100056,2024-02,MW,1,165.76
retail,BI100056,2024-02,TX,2,331.52
retail,BI100056,2024-02,MTN,2,331.52
retail,BI100056,2024-02,PSW,1,165.76
retail,BI100056,2024-02,PNW,1,165.76
vet_clinic,BI100056,2024-02,NE,1,165.76
vet_clinic,BI100056,2024-02,TX,1,165.76
vet_clinic,BI100056,2024-02,MTN,2,331.52
vet_clinic,BI100056,2024-02,PSW,1,165.76
vet_clinic,BI100056,2024-02,PNW,1,165.76
ecom_national,CW500024,2024-03,MA,2,331.52
ecom_national,CW500024,2024-03,SE,1,165.76
ecom_national,CW500024,2024-03,MW,2,331.52
ecom_national,CW500024,2024-03,TX,2,331.52
ecom_national,CW500024,2024-03,MTN,2,331.52
ecom_national,CW500024,2024-03,PSW,4,663.04
ecom_national,CW500024,2024-03,PNW,5,828.8
retail,BI100056,2024-03,MW,2,331.52
retail,BI100056,2024-03,TX,1,165.76
retail,BI100056,2024-03,MTN,1,165.76
retail,BI100056,2024-03,PSW,1,165.76
retail,BI100056,2024-03,PNW,4,663.04
vet_clinic,BI100056,2024-03,NE,1,165.76
vet_clinic,BI100056,2024-03,MA,1,165.76
vet_clinic,BI100056,2024-03,MW,1,165.76
vet_clinic,BI100056,2024-03,TX,1,165.76
vet_clinic,BI100056,2024-03,MTN,1,165.76
vet_clinic,BI100056,2024-03,PSW,1,165.76
ecom_national,CW500024,2024-04,NE,3,497.28
ecom_national,CW500024,2024-04,MA,4,663.04
ecom_national,CW500024,2024-04,SE,2,331.52
ecom_national,CW500024,2024-04,MW,3,497.28
ecom_national,CW500024,2024-04,TX,3,497.28
ecom_national,CW500024,2024-04,MTN,2,331.52
ecom_national,CW500024,2024-04,PSW,4,663.04
ecom_national,CW500024,2024-04,PNW,5,828.8
retail,BI100056,2024-04,NE,2,331.52
retail,BI100056,2024-04,MW,2,331.52
retail,BI100056,2024-04,TX,2,331.52
retail,BI100056,2024-04,MTN,3,497.28
retail,BI100056,2024-04,PSW,2,331.52
retail,BI100056,2024-04,PNW,2,331.52
vet_clinic,BI100056,2024-04,NE,2,331.52
vet_clinic,BI100056,2024-04,MW,2,331.52
vet_clinic,BI100056,2024-04,TX,1,165.76
vet_clinic,BI100056,2024-04,PSW,2,331.52
vet_clinic,BI100056,2024-04,PNW,1,165.76
ecom_national,CW500024,2024-05,NE,6,994.56
ecom_national,CW500024,2024-05,MA,1,165.76
ecom_national,CW500024,2024-05,MW,2,331.52
ecom_national,CW500024,2024-05,TX,3,497.28
ecom_national,CW500024,2024-05,MTN,5,828.8
ecom_national,CW500024,2024-05,PSW,1,165.76
ecom_national,CW500024,2024-05,PNW,5,828.8
retail,BI100056,2024-05,NE,4,663.04
retail,BI100056,2024-05,MA,1,165.76
retail,BI100056,2024-05,SE,1,165.76
retail,BI100056,2024-05,MW,2,331.52
retail,BI100056,2024-05,TX,4,663.04
retail,BI100056,2024-05,MTN,2,331.52
retail,BI100056,2024-05,PSW,1,165.76
vet_clinic,BI100056,2024-05,NE,2,331.52
vet_clinic,BI100056,2024-05,MA,2,331.52
vet_clinic,BI100056,2024-05,SE,1,165.76
vet_clinic,BI100056,2024-05,TX,1,165.76
vet_clinic,BI100056,2024-05,MTN,1,165.76
vet_clinic,BI100056,2024-05,PSW,1,165.76
vet_clinic,BI100056,2024-05,PNW,2,331.52
ecom_national,CW500024,2024-06,NE,2,331.52
ecom_national,CW500024,2024-06,MA,5,828.8
ecom_national,CW500024,2024-06,MW,1,165.76
ecom_national,CW500024,2024-06,TX,5,828.8
ecom_national,CW500024,2024-06,MTN,1,165.76
ecom_national,CW500024,2024-06,PSW,5,828.8
ecom_national,CW500024,2024-06,PNW,1,165.76
retail,BI100056,2024-06,NE,4,663.04
retail,BI100056,2024-06,MW,1,165.76
retail,BI100056,2024-06,TX,3,497.28
retail,BI100056,2024-06,MTN,1,165.76
retail,BI100056,2024-06,PSW,1,165.76
retail,BI100056,2024-06,PNW,2,331.52
vet_clinic,BI100056,2024-06,NE,1,165.76
vet_clinic,BI100056,2024-06,MA,1,165.76
vet_clinic,BI100056,2024-06,SE,1,165.76
vet_clinic,BI100056,2024-06,MW,1,165.76
vet_clinic,BI100056,2024-06,TX,1,165.76
vet_clinic,BI100056,2024-06,PSW,1,165.76
vet_clinic,BI100056,2024-06,PNW,2,331.52
ecom_national,CW500024,2024-07,NE,3,497.28
ecom_national,CW500024,2024-07,MA,1,165.76
ecom_national,CW500024,2024-07,SE,2,331.52
ecom_national,CW500024,2024-07,TX,3,497.28
ecom_national,CW500024,2024-07,MTN,3,497.28
ecom_national,CW500024,2024-07,PSW,6,994.56
ecom_national,CW500024,2024-07,PNW,3,497.28
retail,BI100056,2024-07,MA,1,165.76
retail,BI100056,2024-07,SE,2,331.52
retail,BI100056,2024-07,TX,2,331.52
retail,BI100056,2024-07,PNW,1,165.76
vet_clinic,BI100056,2024-07,MA,1,165.76
vet_clinic,BI100056,2024-07,MW,1,165.76
vet_clinic,BI100056,2024-07,TX,2,331.52
vet_clinic,BI100056,2024-07,MTN,1,165.76
vet_clinic,BI100056,2024-07,PSW,2,331.52
vet_clinic,BI100056,2024-07,PNW,1,165.76
ecom_national,CW500024,2024-08,NE,2,331.52
ecom_national,CW500024,2024-08,SE,3,497.28
ecom_national,CW500024,2024-08,MW,4,663.04
ecom_national,CW500024,2024-08,TX,4,663.04
ecom_national,CW500024,2024-08,MTN,4,663.04
ecom_national,CW500024,2024-08,PSW,1,165.76
retail,BI100056,2024-08,NE,1,165.76
retail,BI100056,2024-08,MA,2,331.52
retail,BI100056,2024-08,SE,3,497.28
retail,BI100056,2024-08,MW,2,331.52
retail,BI100056,2024-08,TX,4,663.04
retail,BI100056,2024-08,PSW,2,331.52
retail,BI100056,2024-08,PNW,2,331.52
vet_clinic,BI100056,2024-08,MA,1,165.76
vet_clinic,BI100056,2024-08,SE,1,165.76
vet_clinic,BI100056,2024-08,MW,1,165.76
vet_clinic,BI100056,2024-08,TX,1,165.76
vet_clinic,BI100056,2024-08,PSW,1,165.76
vet_clinic,BI100056,2024-08,PNW,2,331.52
ecom_national,CW500024,2024-09,NE,2,331.52
ecom_national,CW500024,2024-09,MA,3,497.28
ecom_national,CW500024,2024-09,SE,3,497.28
ecom_national,CW500024,2024-09,MW,2,331.52
ecom_national,CW500024,2024-09,TX,2,331.52
ecom_national,CW500024,2024-09,MTN,4,663.04
ecom_national,CW500024,2024-09,PSW,5,828.8
ecom_national,CW500024,2024-09,PNW,5,828.8
retail,BI100056,2024-09,NE,2,331.52
retail,BI100056,2024-09,MA,1,165.76
retail,BI100056,2024-09,SE,2,331.52
retail,BI100056,2024-09,MW,2,331.52
retail,BI100056,2024-09,TX,1,165.76
retail,BI100056,2024-09,MTN,1,165.76
retail,BI100056,2024-09,PSW,2,331.52
retail,BI100056,2024-09,PNW,3,497.28
vet_clinic,BI100056,2024-09,NE,1,165.76
vet_clinic,BI100056,2024-09,MA,1,165.76
vet_clinic,BI100056,2024-09,SE,1,165.76
vet_clinic,BI100056,2024-09,MW,1,165.76
vet_clinic,BI100056,2024-09,TX,2,331.52
vet_clinic,BI100056,2024-09,MTN,1,165.76
vet_clinic,BI100056,2024-09,PSW,1,165.76
ecom_national,CW500024,2024-10,NE,3,497.28
ecom_national,CW500024,2024-10,MA,2,331.52
ecom_national,CW500024,2024-10,SE,2,331.52
ecom_national,CW500024,2024-10,MW,1,165.76
ecom_national,CW500024,2024-10,TX,4,663.04
ecom_national,CW500024,2024-10,MTN,1,165.76
ecom_national,CW500024,2024-10,PNW,4,663.04
retail,BI100056,2024-10,SE,2,331.52
retail,BI100056,2024-10,MW,1,165.76
retail,BI100056,2024-10,TX,1,165.76
retail,BI100056,2024-10,MTN,1,165.76
retail,BI100056,2024-10,PSW,1,165.76
retail,BI100056,2024-10,PNW,2,331.52
vet_clinic,BI100056,2024-10,NE,2,331.52
vet_clinic,BI100056,2024-10,MA,1,165.76
vet_clinic,BI100056,2024-10,SE,1,165.76
vet_clinic,BI100056,2024-10,MTN,1,165.76
vet_clinic,BI100056,2024-10,PSW,2,331.52
ecom_national,CW500024,2024-11,NE,3,497.28
ecom_national,CW500024,2024-11,SE,2,331.52
ecom_national,CW500024,2024-11,MW,3,497.28
ecom_national,CW500024,2024-11,TX,1,165.76
ecom_national,CW500024,2024-11,MTN,3,497.28
ecom_national,CW500024,2024-11,PNW,2,331.52
retail,BI100056,2024-11,NE,2,331.52
retail,BI100056,2024-11,MA,1,165.76
retail,BI100056,2024-11,MW,1,165.76
retail,BI100056,2024-11,TX,2,331.52
retail,BI100056,2024-11,PSW,2,331.52
retail,BI100056,2024-11,PNW,1,165.76
vet_clinic,BI100056,2024-11,NE,1,165.76
vet_clinic,BI100056,2024-11,SE,1,165.76
vet_clinic,BI100056,2024-11,MW,1,165.76
vet_clinic,BI100056,2024-11,MTN,2,331.52
vet_clinic,BI100056,2024-11,PSW,2,331.52
vet_clinic,BI100056,2024-11,PNW,2,331.52
ecom_national,CW500024,2024-12,NE,2,331.52
ecom_national,CW500024,2024-12,MA,3,497.28
ecom_national,CW500024,2024-12,SE,1,165.76
ecom_national,CW500024,2024-12,MW,1,165.76
ecom_national,CW500024,2024-12,TX,2,331.52
ecom_national,CW500024,2024-12,MTN,3,497.28
ecom_national,CW500024,2024-12,PSW,3,497.28
ecom_national,CW500024,2024-12,PNW,4,663.04
retail,BI100056,2024-12,NE,1,165.76
retail,BI100056,2024-12,SE,1,165.76
retail,BI100056,2024-12,MW,2,331.52
retail,BI100056,2024-12,TX,1,165.76
retail,BI100056,2024-12,MTN,2,331.52
retail,BI100056,2024-12,PSW,1,165.76
retail,BI100056,2024-12,PNW,2,331.52
vet_clinic,BI100056,2024-12,NE,2,331.52
vet_clinic,BI100056,2024-12,SE,1,165.76
vet_clinic,BI100056,2024-12,MW,1,165.76
vet_clinic,BI100056,2024-12,TX,1,165.76
vet_clinic,BI100056,2024-12,MTN,1,165.76
vet_clinic,BI100056,2024-12,PNW,1,165.76
ecom_national,CW500024,2025-01,NE,3,497.28
ecom_national,CW500024,2025-01,SE,1,165.76
ecom_national,CW500024,2025-01,MW,3,497.28
ecom_national,CW500024,2025-01,TX,5,828.8
ecom_national,CW500024,2025-01,MTN,3,497.28
ecom_national,CW500024,2025-01,PSW,2,331.52
ecom_national,CW500024,2025-01,PNW,2,331.52
retail,BI100056,2025-01,NE,1,165.76
retail,BI100056,2025-01,MA,1,165.76
retail,BI100056,2025-01,SE,1,165.76
retail,BI100056,2025-01,MW,1,165.76
retail,BI100056,2025-01,TX,1,165.76
retail,BI100056,2025-01,PSW,2,331.52
retail,BI100056,2025-01,PNW,2,331.52
vet_clinic,BI100056,2025-01,MA,1,165.76
vet_clinic,BI100056,2025-01,SE,1,165.76
vet_clinic,BI100056,2025-01,TX,2,331.52
vet_clinic,BI100056,2025-01,MTN,1,165.76
vet_clinic,BI100056,2025-01,PSW,1,165.76
ecom_national,CW500024,2025-02,NE,3,497.28
ecom_national,CW500024,2025-02,MA,3,497.28
ecom_national,CW500024,2025-02,SE,1,165.76
ecom_national,CW500024,2025-02,MW,4,663.04
ecom_national,CW500024,2025-02,TX,3,497.28
ecom_national,CW500024,2025-02,MTN,2,331.52
ecom_national,CW500024,2025-02,PSW,2,331.52
ecom_national,CW500024,2025-02,PNW,3,497.28
retail,BI100056,2025-02,NE,1,165.76
retail,BI100056,2025-02,MA,1,165.76
retail,BI100056,2025-02,SE,2,331.52
retail,BI100056,2025-02,MW,2,331.52
retail,BI100056,2025-02,TX,3,497.28
retail,BI100056,2025-02,MTN,2,331.52
retail,BI100056,2025-02,PSW,2,331.52
retail,BI100056,2025-02,PNW,3,497.28
vet_clinic,BI100056,2025-02,NE,1,165.76
vet_clinic,BI100056,2025-02,MW,1,165.76
vet_clinic,BI100056,2025-02,TX,1,165.76
vet_clinic,BI100056,2025-02,MTN,2,331.52
vet_clinic,BI100056,2025-02,PSW,1,165.76
vet_clinic,BI100056,2025-02,PNW,2,331.52
ecom_national,CW500024,2025-03,NE,5,828.8
ecom_national,CW500024,2025-03,MA,3,497.28
ecom_national,CW500024,2025-03,SE,2,331.52
ecom_national,CW500024,2025-03,MW,5,828.8
ecom_national,CW500024,2025-03,TX,2,331.52
ecom_national,CW500024,2025-03,MTN,2,331.52
ecom_national,CW500024,2025-03,PSW,3,497.28
retail,BI100056,2025-03,NE,1,165.76
retail,BI100056,2025-03,MA,1,165.76
retail,BI100056,2025-03,SE,2,331.52
retail,BI100056,2025-03,MW,1,165.76
retail,BI100056,2025-03,MTN,3,497.28
retail,BI100056,2025-03,PSW,2,331.52
retail,BI100056,2025-03,PNW,3,497.28
vet_clinic,BI100056,2025-03,NE,2,331.52
vet_clinic,BI100056,2025-03,SE,1,165.76
vet_clinic,BI100056,2025-03,MW,2,331.52
vet_clinic,BI100056,2025-03,TX,1,165.76
vet_clinic,BI100056,2025-03,MTN,1,165.76
vet_clinic,BI100056,2025-03,PSW,1,165.76
vet_clinic,BI100056,2025-03,PNW,1,165.76
ecom_national,CW500024,2025-04,NE,5,828.8
ecom_national,CW500024,2025-04,MA,4,663.04
ecom_national,CW500024,2025-04,SE,4,663.04
ecom_national,CW500024,2025-04,MW,1,165.76
ecom_national,CW500024,2025-04,MTN,1,165.76
ecom_national,CW500024,2025-04,PSW,3,497.28
retail,BI100056,2025-04,NE,4,663.04
retail,BI100056,2025-04,MA,2,331.52
retail,BI100056,2025-04,SE,3,497.28
retail,BI100056,2025-04,MW,2,331.52
retail,BI100056,2025-04,TX,1,165.76
retail,BI100056,2025-04,PSW,1,165.76
retail,BI100056,2025-04,PNW,1,165.76
vet_clinic,BI100056,2025-04,MA,2,331.52
vet_clinic,BI100056,2025-04,SE,2,331.52
vet_clinic,BI100056,2025-04,MW,1,165.76
vet_clinic,BI100056,2025-04,TX,2,331.52
vet_clinic,BI100056,2025-04,MTN,2,331.52
vet_clinic,BI100056,2025-04,PSW,1,165.76
vet_clinic,BI100056,2025-04,PNW,1,165.76
ecom_national,CW500024,2025-05,NE,2,331.52
ecom_national,CW500024,2025-05,MA,2,331.52
ecom_national,CW500024,2025-05,SE,4,663.04
ecom_national,CW500024,2025-05,MW,2,331.52
ecom_national,CW500024,2025-05,TX,6,994.56
ecom_national,CW500024,2025-05,MTN,3,497.28
ecom_national,CW500024,2025-05,PSW,1,165.76
ecom_national,CW500024,2025-05,PNW,2,331.52
retail,BI100056,2025-05,NE,2,331.52
retail,BI100056,2025-05,MA,3,497.28
retail,BI100056,2025-05,SE,1,165.76
retail,BI100056,2025-05,MW,3,497.28
retail,BI100056,2025-05,TX,4,663.04
retail,BI100056,2025-05,MTN,1,165.76
retail,BI100056,2025-05,PSW,3,497.28
retail,BI100056,2025-05,PNW,2,331.52
vet_clinic,BI100056,2025-05,NE,2,331.52
vet_clinic,BI100056,2025-05,MA,1,165.76
vet_clinic,BI100056,2025-05,SE,2,331.52
vet_clinic,BI100056,2025-05,TX,2,331.52
vet_clinic,BI100056,2025-05,MTN,2,331.52
vet_clinic,BI100056,2025-05,PSW,2,331.52
ecom_national,CW500024,2025-06,NE,5,828.8
ecom_national,CW500024,2025-06,MA,2,331.52
ecom_national,CW500024,2025-06,SE,1,165.76
ecom_national,CW500024,2025-06,MW,5,828.8
ecom_national,CW500024,2025-06,TX,8,1326.08
ecom_national,CW500024,2025-06,MTN,2,331.52
ecom_national,CW500024,2025-06,PSW,1,165.76
ecom_national,CW500024,2025-06,PNW,4,663.04
retail,BI100056,2025-06,SE,1,165.76
retail,BI100056,2025-06,MW,1,165.76
retail,BI100056,2025-06,TX,4,663.04
retail,BI100056,2025-06,MTN,3,497.28
retail,BI100056,2025-06,PSW,4,663.04
vet_clinic,BI100056,2025-06,NE,2,331.52
vet_clinic,BI100056,2025-06,MA,1,165.76
vet_clinic,BI100056,2025-06,SE,1,165.76
vet_clinic,BI100056,2025-06,MW,1,165.76
vet_clinic,BI100056,2025-06,TX,1,165.76
vet_clinic,BI100056,2025-06,MTN,3,497.28
vet_clinic,BI100056,2025-06,PSW,1,165.76
vet_clinic,BI100056,2025-06,PNW,1,165.76
ecom_national,CW500024,2025-07,NE,2,331.52
ecom_national,CW500024,2025-07,MA,4,663.04
ecom_national,CW500024,2025-07,SE,1,165.76
ecom_national,CW500024,2025-07,MW,1,165.76
ecom_national,CW500024,2025-07,MTN,4,663.04
ecom_national,CW500024,2025-07,PSW,5,828.8
ecom_national,CW500024,2025-07,PNW,3,497.28
retail,BI100056,2025-07,NE,2,331.52
retail,BI100056,2025-07,MA,3,497.28
retail,BI100056,2025-07,SE,3,497.28
retail,BI100056,2025-07,MW,1,165.76
retail,BI100056,2025-07,TX,2,331.52
retail,BI100056,2025-07,MTN,3,497.28
retail,BI100056,2025-07,PSW,2,331.52
retail,BI100056,2025-07,PNW,4,663.04
vet_clinic,BI100056,2025-07,NE,2,331.52
vet_clinic,BI100056,2025-07,MW,2,331.52
vet_clinic,BI100056,2025-07,TX,3,497.28
vet_clinic,BI100056,2025-07,MTN,1,165.76
vet_clinic,BI100056,2025-07,PSW,1,165.76
vet_clinic,BI100056,2025-07,PNW,1,165.76
ecom_national,CW500024,2025-08,NE,3,497.28
ecom_national,CW500024,2025-08,SE,3,497.28
ecom_national,CW500024,2025-08,MW,6,994.56
ecom_national,CW500024,2025-08,TX,4,663.04
ecom_national,CW500024,2025-08,MTN,1,165.76
ecom_national,CW500024,2025-08,PSW,3,497.28
retail,BI100056,2025-08,NE,3,497.28
retail,BI100056,2025-08,MA,2,331.52
retail,BI100056,2025-08,SE,1,165.76
retail,BI100056,2025-08,MW,2,331.52
retail,BI100056,2025-08,TX,1,165.76
retail,BI100056,2025-08,MTN,1,165.76
retail,BI100056,2025-08,PSW,1,165.76
retail,BI100056,2025-08,PNW,4,663.04
vet_clinic,BI100056,2025-08,NE,3,497.28
vet_clinic,BI100056,2025-08,MA,1,165.76
vet_clinic,BI100056,2025-08,SE,1,165.76
vet_clinic,BI100056,2025-08,TX,1,165.76
vet_clinic,BI100056,2025-08,MTN,2,331.52
ecom_national,CW500024,2025-09,NE,4,663.04
ecom_national,CW500024,2025-09,MA,1,165.76
ecom_national,CW500024,2025-09,SE,1,165.76
ecom_national,CW500024,2025-09,MW,4,663.04
ecom_national,CW500024,2025-09,TX,6,994.56
ecom_national,CW500024,2025-09,MTN,6,994.56
retail,BI100056,2025-09,SE,2,331.52
retail,BI100056,2025-09,MW,1,165.76
retail,BI100056,2025-09,TX,3,497.28
retail,BI100056,2025-09,MTN,2,331.52
retail,BI100056,2025-09,PSW,2,331.52
retail,BI100056,2025-09,PNW,3,497.28
vet_clinic,BI100056,2025-09,SE,1,165.76
vet_clinic,BI100056,2025-09,TX,1,165.76
vet_clinic,BI100056,2025-09,MTN,1,165.76
vet_clinic,BI100056,2025-09,PSW,1,165.76
vet_clinic,BI100056,2025-09,PNW,1,165.76
ecom_national,CW500024,2025-10,NE,5,828.8
ecom_national,CW500024,2025-10,MA,3,497.28
ecom_national,CW500024,2025-10,SE,3,497.28
ecom_national,CW500024,2025-10,MW,3,497.28
ecom_national,CW500024,2025-10,TX,3,497.28
ecom_national,CW500024,2025-10,MTN,4,663.04
ecom_national,CW500024,2025-10,PSW,2,331.52
ecom_national,CW500024,2025-10,PNW,5,828.8
retail,BI100056,2025-10,NE,3,497.28
retail,BI100056,2025-10,SE,2,331.52
retail,BI100056,2025-10,MW,1,165.76
retail,BI100056,2025-10,TX,3,497.28
retail,BI100056,2025-10,MTN,1,165.76
retail,BI100056,2025-10,PNW,3,497.28
vet_clinic,BI100056,2025-10,NE,2,331.52
vet_clinic,BI100056,2025-10,MA,1,165.76
vet_clinic,BI100056,2025-10,SE,1,165.76
vet_clinic,BI100056,2025-10,MW,1,165.76
vet_clinic,BI100056,2025-10,PSW,1,165.76
vet_clinic,BI100056,2025-10,PNW,2,331.52
ecom_national,CW500024,2025-11,NE,2,331.52
ecom_national,CW500024,2025-11,MA,3,497.28
ecom_national,CW500024,2025-11,SE,1,165.76
ecom_national,CW500024,2025-11,MW,2,331.52
ecom_national,CW500024,2025-11,TX,4,663.04
ecom_national,CW500024,2025-11,MTN,1,165.76
ecom_national,CW500024,2025-11,PSW,2,331.52
retail,BI100056,2025-11,NE,2,331.52
retail,BI100056,2025-11,MA,1,165.76
retail,BI100056,2025-11,SE,1,165.76
retail,BI100056,2025-11,MW,1,165.76
retail,BI100056,2025-11,PSW,1,165.76
retail,BI100056,2025-11,PNW,1,165.76
vet_clinic,BI100056,2025-11,NE,1,165.76
vet_clinic,BI100056,2025-11,MA,1,165.76
vet_clinic,BI100056,2025-11,SE,1,165.76
vet_clinic,BI100056,2025-11,MTN,1,165.76
vet_clinic,BI100056,2025-11,PSW,2,331.52
vet_clinic,BI100056,2025-11,PNW,1,165.76
ecom_national,CW500024,2025-12,NE,2,331.52
ecom_national,CW500024,2025-12,MA,1,165.76
ecom_national,CW500024,2025-12,SE,3,497.28
ecom_national,CW500024,2025-12,MW,4,663.04
ecom_national,CW500024,2025-12,TX,1,165.76
ecom_national,CW500024,2025-12,PNW,4,663.04
retail,BI100056,2025-12,NE,1,165.76
retail,BI100056,2025-12,SE,2,331.52
retail,BI100056,2025-12,MW,2,331.52
retail,BI100056,2025-12,TX,2,331.52
retail,BI100056,2025-12,MTN,2,331.52
retail,BI100056,2025-12,PSW,1,165.76
retail,BI100056,2025-12,PNW,1,165.76
vet_clinic,BI100056,2025-12,NE,2,331.52
vet_clinic,BI100056,2025-12,MW,1,165.76
vet_clinic,BI100056,2025-12,TX,1,165.76
vet_clinic,BI100056,2025-12,MTN,2,331.52
vet_clinic,BI100056,2025-12,PSW,1,165.76
vet_clinic,BI100056,2025-12,PNW,1,165.76
ecom_national,CW500027,2024-01,NE,1,66.72
ecom_national,CW500027,2024-01,MA,1,66.72
ecom_national,CW500027,2024-01,SE,1,66.72
ecom_national,CW500027,2024-01,MW,1,66.72
ecom_national,CW500027,2024-01,TX,2,133.44
ecom_national,CW500027,2024-01,MTN,2,133.44
ecom_national,CW500027,2024-01,PSW,1,66.72
retail,BI100063,2024-01,SE,1,66.72
retail,BI100063,2024-01,MW,1,66.72
vet_clinic,BI100063,2024-01,SE,1,66.72
vet_clinic,BI100063,2024-01,TX,1,66.72
vet_clinic,BI100063,2024-01,PNW,1,66.72
ecom_national,CW500027,2024-02,NE,1,66.72
ecom_national,CW500027,2024-02,MA,1,66.72
ecom_national,CW500027,2024-02,SE,1,66.72
ecom_national,CW500027,2024-02,MW,2,133.44
ecom_national,CW500027,2024-02,TX,1,66.72
ecom_national,CW500027,2024-02,MTN,1,66.72
ecom_national,CW500027,2024-02,PSW,2,133.44
ecom_national,CW500027,2024-02,PNW,1,66.72
retail,BI100063,2024-02,NE,1,66.72
retail,BI100063,2024-02,MA,1,66.72
retail,BI100063,2024-02,MW,1,66.72
retail,BI100063,2024-02,TX,1,66.72
retail,BI100063,2024-02,PNW,1,66.72
vet_clinic,BI100063,2024-02,MW,1,66.72
vet_clinic,BI100063,2024-02,MTN,1,66.72
vet_clinic,BI100063,2024-02,PSW,1,66.72
vet_clinic,BI100063,2024-02,PNW,1,66.72
ecom_national,CW500027,2024-03,NE,1,66.72
ecom_national,CW500027,2024-03,MA,1,66.72
ecom_national,CW500027,2024-03,SE,1,66.72
ecom_national,CW500027,2024-03,TX,2,133.44
ecom_national,CW500027,2024-03,MTN,2,133.44
ecom_national,CW500027,2024-03,PSW,1,66.72
ecom_national,CW500027,2024-03,PNW,1,66.72
retail,BI100063,2024-03,NE,1,66.72
retail,BI100063,2024-03,MA,1,66.72
retail,BI100063,2024-03,SE,1,66.72
retail,BI100063,2024-03,MW,1,66.72
retail,BI100063,2024-03,TX,1,66.72
retail,BI100063,2024-03,MTN,1,66.72
retail,BI100063,2024-03,PSW,1,66.72
vet_clinic,BI100063,2024-03,MA,1,66.72
vet_clinic,BI100063,2024-03,SE,1,66.72
vet_clinic,BI100063,2024-03,MW,1,66.72
vet_clinic,BI100063,2024-03,PSW,1,66.72
ecom_national,CW500027,2024-04,NE,3,200.16
ecom_national,CW500027,2024-04,MA,1,66.72
ecom_national,CW500027,2024-04,SE,1,66.72
ecom_national,CW500027,2024-04,MW,2,133.44
ecom_national,CW500027,2024-04,TX,2,133.44
ecom_national,CW500027,2024-04,MTN,2,133.44
ecom_national,CW500027,2024-04,PSW,2,133.44
ecom_national,CW500027,2024-04,PNW,1,66.72
retail,BI100063,2024-04,NE,1,66.72
retail,BI100063,2024-04,MA,1,66.72
retail,BI100063,2024-04,SE,1,66.72
retail,BI100063,2024-04,MTN,1,66.72
vet_clinic,BI100063,2024-04,MA,1,66.72
vet_clinic,BI100063,2024-04,SE,1,66.72
vet_clinic,BI100063,2024-04,MW,1,66.72
vet_clinic,BI100063,2024-04,MTN,1,66.72
vet_clinic,BI100063,2024-04,PSW,1,66.72
ecom_national,CW500027,2024-05,NE,3,200.16
ecom_national,CW500027,2024-05,MA,1,66.72
ecom_national,CW500027,2024-05,TX,1,66.72
ecom_national,CW500027,2024-05,MTN,1,66.72
ecom_national,CW500027,2024-05,PSW,3,200.16
ecom_national,CW500027,2024-05,PNW,1,66.72
retail,BI100063,2024-05,NE,1,66.72
retail,BI100063,2024-05,SE,2,133.44
retail,BI100063,2024-05,MW,1,66.72
retail,BI100063,2024-05,MTN,1,66.72
retail,BI100063,2024-05,PSW,1,66.72
vet_clinic,BI100063,2024-05,NE,1,66.72
vet_clinic,BI100063,2024-05,SE,1,66.72
vet_clinic,BI100063,2024-05,MW,1,66.72
vet_clinic,BI100063,2024-05,TX,1,66.72
vet_clinic,BI100063,2024-05,PNW,1,66.72
ecom_national,CW500027,2024-06,NE,2,133.44
ecom_national,CW500027,2024-06,MA,1,66.72
ecom_national,CW500027,2024-06,MW,1,66.72
ecom_national,CW500027,2024-06,MTN,1,66.72
ecom_national,CW500027,2024-06,PSW,2,133.44
retail,BI100063,2024-06,NE,1,66.72
retail,BI100063,2024-06,MA,1,66.72
retail,BI100063,2024-06,SE,2,133.44
retail,BI100063,2024-06,MW,1,66.72
retail,BI100063,2024-06,TX,2,133.44
retail,BI100063,2024-06,MTN,1,66.72
retail,BI100063,2024-06,PNW,1,66.72
vet_clinic,BI100063,2024-06,NE,1,66.72
vet_clinic,BI100063,2024-06,MA,1,66.72
vet_clinic,BI100063,2024-06,TX,1,66.72
vet_clinic,BI100063,2024-06,MTN,1,66.72
vet_clinic,BI100063,2024-06,PNW,1,66.72
ecom_national,CW500027,2024-07,NE,1,66.72
ecom_national,CW500027,2024-07,SE,2,133.44
ecom_national,CW500027,2024-07,TX,1,66.72
ecom_national,CW500027,2024-07,MTN,3,200.16
ecom_national,CW500027,2024-07,PSW,2,133.44
ecom_national,CW500027,2024-07,PNW,1,66.72
retail,BI100063,2024-07,NE,2,133.44
retail,BI100063,2024-07,MA,1,66.72
retail,BI100063,2024-07,SE,1,66.72
retail,BI100063,2024-07,MW,1,66.72
retail,BI100063,2024-07,TX,1,66.72
retail,BI100063,2024-07,PNW,1,66.72
vet_clinic,BI100063,2024-07,NE,1,66.72
vet_clinic,BI100063,2024-07,MW,1,66.72
vet_clinic,BI100063,2024-07,MTN,1,66.72
vet_clinic,BI100063,2024-07,PSW,1,66.72
vet_clinic,BI100063,2024-07,PNW,1,66.72
ecom_national,CW500027,2024-08,NE,3,200.16
ecom_national,CW500027,2024-08,MA,1,66.72
ecom_national,CW500027,2024-08,SE,2,133.44
ecom_national,CW500027,2024-08,MW,2,133.44
ecom_national,CW500027,2024-08,TX,3,200.16
ecom_national,CW500027,2024-08,MTN,3,200.16
ecom_national,CW500027,2024-08,PSW,1,66.72
ecom_national,CW500027,2024-08,PNW,3,200.16
retail,BI100063,2024-08,MA,1,66.72
retail,BI100063,2024-08,PNW,1,66.72
vet_clinic,BI100063,2024-08,NE,1,66.72
vet_clinic,BI100063,2024-08,MA,1,66.72
vet_clinic,BI100063,2024-08,MW,1,66.72
ecom_national,CW500027,2024-09,NE,1,66.72
ecom_national,CW500027,2024-09,MA,2,133.44
ecom_national,CW500027,2024-09,SE,2,133.44
ecom_national,CW500027,2024-09,MW,1,66.72
ecom_national,CW500027,2024-09,TX,3,200.16
ecom_national,CW500027,2024-09,PNW,1,66.72
retail,BI100063,2024-09,NE,1,66.72
retail,BI100063,2024-09,MTN,1,66.72
retail,BI100063,2024-09,PSW,1,66.72
retail,BI100063,2024-09,PNW,1,66.72
vet_clinic,BI100063,2024-09,MA,1,66.72
vet_clinic,BI100063,2024-09,PSW,1,66.72
vet_clinic,BI100063,2024-09,PNW,1,66.72
ecom_national,CW500027,2024-10,MW,2,133.44
ecom_national,CW500027,2024-10,TX,1,66.72
ecom_national,CW500027,2024-10,MTN,1,66.72
ecom_national,CW500027,2024-10,PSW,1,66.72
ecom_national,CW500027,2024-10,PNW,1,66.72
retail,BI100063,2024-10,NE,1,66.72
retail,BI100063,2024-10,SE,1,66.72
retail,BI100063,2024-10,MW,1,66.72
retail,BI100063,2024-10,MTN,1,66.72
retail,BI100063,2024-10,PNW,1,66.72
vet_clinic,BI100063,2024-10,SE,1,66.72
ecom_national,CW500027,2024-11,NE,2,133.44
ecom_national,CW500027,2024-11,SE,1,66.72
ecom_national,CW500027,2024-11,MW,1,66.72
ecom_national,CW500027,2024-11,MTN,1,66.72
ecom_national,CW500027,2024-11,PSW,1,66.72
ecom_national,CW500027,2024-11,PNW,1,66.72
retail,BI100063,2024-11,MA,1,66.72
retail,BI100063,2024-11,MW,1,66.72
retail,BI100063,2024-11,TX,1,66.72
retail,BI100063,2024-11,PNW,1,66.72
vet_clinic,BI100063,2024-11,SE,1,66.72
vet_clinic,BI100063,2024-11,PSW,1,66.72
ecom_national,CW500027,2024-12,NE,2,133.44
ecom_national,CW500027,2024-12,MA,1,66.72
ecom_national,CW500027,2024-12,MW,1,66.72
ecom_national,CW500027,2024-12,TX,1,66.72
ecom_national,CW500027,2024-12,MTN,1,66.72
ecom_national,CW500027,2024-12,PNW,1,66.72
retail,BI100063,2024-12,NE,1,66.72
retail,BI100063,2024-12,MW,1,66.72
retail,BI100063,2024-12,TX,1,66.72
vet_clinic,BI100063,2024-12,SE,1,66.72
vet_clinic,BI100063,2024-12,MW,1,66.72
ecom_national,CW500027,2025-01,NE,1,66.72
ecom_national,CW500027,2025-01,MA,1,66.72
ecom_national,CW500027,2025-01,SE,2,133.44
ecom_national,CW500027,2025-01,MW,1,66.72
ecom_national,CW500027,2025-01,TX,1,66.72
ecom_national,CW500027,2025-01,MTN,1,66.72
ecom_national,CW500027,2025-01,PNW,2,133.44
retail,BI100063,2025-01,NE,1,66.72
retail,BI100063,2025-01,MA,1,66.72
retail,BI100063,2025-01,SE,1,66.72
retail,BI100063,2025-01,MTN,1,66.72
retail,BI100063,2025-01,PNW,1,66.72
vet_clinic,BI100063,2025-01,SE,1,66.72
vet_clinic,BI100063,2025-01,MW,1,66.72
vet_clinic,BI100063,2025-01,TX,1,66.72
vet_clinic,BI100063,2025-01,MTN,1,66.72
ecom_national,CW500027,2025-02,NE,2,133.44
ecom_national,CW500027,2025-02,MA,1,66.72
ecom_national,CW500027,2025-02,SE,1,66.72
ecom_national,CW500027,2025-02,MW,2,133.44
ecom_national,CW500027,2025-02,TX,2,133.44
ecom_national,CW500027,2025-02,PSW,2,133.44
ecom_national,CW500027,2025-02,PNW,1,66.72
retail,BI100063,2025-02,NE,1,66.72
retail,BI100063,2025-02,SE,1,66.72
retail,BI100063,2025-02,MW,1,66.72
retail,BI100063,2025-02,TX,1,66.72
retail,BI100063,2025-02,PNW,1,66.72
vet_clinic,BI100063,2025-02,NE,1,66.72
vet_clinic,BI100063,2025-02,TX,1,66.72
ecom_national,CW500027,2025-03,NE,2,133.44
ecom_national,CW500027,2025-03,MW,2,133.44
ecom_national,CW500027,2025-03,TX,3,200.16
ecom_national,CW500027,2025-03,PSW,1,66.72
ecom_national,CW500027,2025-03,PNW,2,133.44
retail,BI100063,2025-03,NE,1,66.72
retail,BI100063,2025-03,MA,1,66.72
retail,BI100063,2025-03,SE,1,66.72
retail,BI100063,2025-03,MW,2,133.44
retail,BI100063,2025-03,TX,1,66.72
retail,BI100063,2025-03,PNW,2,133.44
vet_clinic,BI100063,2025-03,MA,1,66.72
vet_clinic,BI100063,2025-03,SE,1,66.72
vet_clinic,BI100063,2025-03,MW,1,66.72
vet_clinic,BI100063,2025-03,PNW,1,66.72
ecom_national,CW500027,2025-04,NE,3,200.16
ecom_national,CW500027,2025-04,MA,2,133.44
ecom_national,CW500027,2025-04,MW,2,133.44
ecom_national,CW500027,2025-04,TX,3,200.16
ecom_national,CW500027,2025-04,MTN,2,133.44
ecom_national,CW500027,2025-04,PSW,2,133.44
ecom_national,CW500027,2025-04,PNW,2,133.44
retail,BI100063,2025-04,NE,2,133.44
retail,BI100063,2025-04,MA,1,66.72
retail,BI100063,2025-04,SE,1,66.72
retail,BI100063,2025-04,MW,1,66.72
retail,BI100063,2025-04,TX,1,66.72
retail,BI100063,2025-04,PSW,1,66.72
vet_clinic,BI100063,2025-04,NE,1,66.72
vet_clinic,BI100063,2025-04,MA,1,66.72
vet_clinic,BI100063,2025-04,SE,1,66.72
vet_clinic,BI100063,2025-04,MW,1,66.72
vet_clinic,BI100063,2025-04,TX,1,66.72
vet_clinic,BI100063,2025-04,MTN,1,66.72
vet_clinic,BI100063,2025-04,PSW,1,66.72
vet_clinic,BI100063,2025-04,PNW,1,66.72
ecom_national,CW500027,2025-05,NE,1,66.72
ecom_national,CW500027,2025-05,MA,2,133.44
ecom_national,CW500027,2025-05,SE,2,133.44
ecom_national,CW500027,2025-05,MW,2,133.44
ecom_national,CW500027,2025-05,MTN,1,66.72
ecom_national,CW500027,2025-05,PSW,1,66.72
ecom_national,CW500027,2025-05,PNW,3,200.16
retail,BI100063,2025-05,MA,1,66.72
retail,BI100063,2025-05,SE,1,66.72
retail,BI100063,2025-05,TX,2,133.44
retail,BI100063,2025-05,PNW,1,66.72
vet_clinic,BI100063,2025-05,MA,1,66.72
vet_clinic,BI100063,2025-05,SE,1,66.72
vet_clinic,BI100063,2025-05,MW,1,66.72
vet_clinic,BI100063,2025-05,TX,1,66.72
vet_clinic,BI100063,2025-05,MTN,1,66.72
vet_clinic,BI100063,2025-05,PSW,1,66.72
vet_clinic,BI100063,2025-05,PNW,1,66.72
ecom_national,CW500027,2025-06,NE,2,133.44
ecom_national,CW500027,2025-06,MA,1,66.72
ecom_national,CW500027,2025-06,MW,1,66.72
ecom_national,CW500027,2025-06,TX,3,200.16
ecom_national,CW500027,2025-06,MTN,3,200.16
ecom_national,CW500027,2025-06,PSW,3,200.16
ecom_national,CW500027,2025-06,PNW,1,66.72
retail,BI100063,2025-06,NE,2,133.44
retail,BI100063,2025-06,MA,1,66.72
retail,BI100063,2025-06,SE,2,133.44
retail,BI100063,2025-06,TX,1,66.72
retail,BI100063,2025-06,MTN,1,66.72
retail,BI100063,2025-06,PSW,2,133.44
retail,BI100063,2025-06,PNW,1,66.72
vet_clinic,BI100063,2025-06,MA,1,66.72
vet_clinic,BI100063,2025-06,TX,1,66.72
ecom_national,CW500027,2025-07,MA,1,66.72
ecom_national,CW500027,2025-07,TX,1,66.72
ecom_national,CW500027,2025-07,PNW,2,133.44
retail,BI100063,2025-07,MA,1,66.72
retail,BI100063,2025-07,TX,1,66.72
retail,BI100063,2025-07,MTN,1,66.72
retail,BI100063,2025-07,PSW,1,66.72
vet_clinic,BI100063,2025-07,MW,1,66.72
ecom_national,CW500027,2025-08,NE,1,66.72
ecom_national,CW500027,2025-08,MA,1,66.72
ecom_national,CW500027,2025-08,SE,1,66.72
ecom_national,CW500027,2025-08,MW,1,66.72
ecom_national,CW500027,2025-08,TX,1,66.72
ecom_national,CW500027,2025-08,MTN,1,66.72
ecom_national,CW500027,2025-08,PSW,1,66.72
ecom_national,CW500027,2025-08,PNW,1,66.72
retail,BI100063,2025-08,SE,1,66.72
retail,BI100063,2025-08,MW,1,66.72
retail,BI100063,2025-08,TX,1,66.72
vet_clinic,BI100063,2025-08,MW,1,66.72
vet_clinic,BI100063,2025-08,TX,1,66.72
ecom_national,CW500027,2025-09,NE,1,66.72
ecom_national,CW500027,2025-09,MA,1,66.72
ecom_national,CW500027,2025-09,SE,1,66.72
ecom_national,CW500027,2025-09,MW,1,66.72
ecom_national,CW500027,2025-09,TX,1,66.72
ecom_national,CW500027,2025-09,PNW,1,66.72
ecom_national,CW500027,2025-10,NE,1,66.72
ecom_national,CW500027,2025-10,SE,1,66.72
ecom_national,CW500027,2025-10,MW,1,66.72
ecom_national,CW500027,2025-10,MTN,1,66.72
ecom_national,CW500027,2025-10,PSW,1,66.72
ecom_national,CW500027,2025-10,PNW,1,66.72
ecom_national,CW500027,2025-11,MW,1,66.72
ecom_national,CW500027,2025-11,TX,1,66.72
ecom_national,CW500027,2025-11,MTN,1,66.72
ecom_national,CW500027,2025-11,PNW,1,66.72
ecom_national,CW500027,2025-12,NE,1,66.72
ecom_national,CW500027,2025-12,MA,1,66.72
ecom_national,CW500027,2025-12,SE,1,66.72
ecom_national,CW500027,2025-12,TX,1,66.72
ecom_national,CW500027,2025-12,MTN,1,66.72
retail,BI100063,2025-12,MW,1,66.72
retail,BI100063,2025-12,PNW,1,66.72
ecom_national,CW500030,2024-01,NE,2,192.48
ecom_national,CW500030,2024-01,MA,1,96.24
ecom_national,CW500030,2024-01,SE,1,96.24
ecom_national,CW500030,2024-01,MW,2,192.48
ecom_national,CW500030,2024-01,TX,1,96.24
ecom_national,CW500030,2024-01,MTN,2,192.48
retail,BI100070,2024-01,NE,1,96.24
retail,BI100070,2024-01,MA,1,96.24
retail,BI100070,2024-01,SE,1,96.24
retail,BI100070,2024-01,MW,1,96.24
retail,BI100070,2024-01,TX,1,96.24
retail,BI100070,2024-01,MTN,1,96.24
retail,BI100070,2024-01,PNW,1,96.24
vet_clinic,BI100070,2024-01,MA,1,96.24
vet_clinic,BI100070,2024-01,SE,1,96.24
vet_clinic,BI100070,2024-01,MW,1,96.24
vet_clinic,BI100070,2024-01,TX,1,96.24
vet_clinic,BI100070,2024-01,MTN,1,96.24
ecom_national,CW500030,2024-02,NE,2,192.48
ecom_national,CW500030,2024-02,SE,1,96.24
ecom_national,CW500030,2024-02,MW,2,192.48
ecom_national,CW500030,2024-02,TX,1,96.24
ecom_national,CW500030,2024-02,MTN,1,96.24
ecom_national,CW500030,2024-02,PSW,2,192.48
ecom_national,CW500030,2024-02,PNW,2,192.48
retail,BI100070,2024-02,NE,1,96.24
retail,BI100070,2024-02,MA,1,96.24
retail,BI100070,2024-02,SE,1,96.24
retail,BI100070,2024-02,TX,1,96.24
retail,BI100070,2024-02,MTN,1,96.24
retail,BI100070,2024-02,PSW,1,96.24
retail,BI100070,2024-02,PNW,1,96.24
vet_clinic,BI100070,2024-02,SE,1,96.24
vet_clinic,BI100070,2024-02,MW,1,96.24
vet_clinic,BI100070,2024-02,MTN,1,96.24
ecom_national,CW500030,2024-03,MA,2,192.48
ecom_national,CW500030,2024-03,MW,3,288.72
ecom_national,CW500030,2024-03,TX,2,192.48
ecom_national,CW500030,2024-03,MTN,3,288.72
ecom_national,CW500030,2024-03,PSW,2,192.48
ecom_national,CW500030,2024-03,PNW,1,96.24
retail,BI100070,2024-03,NE,1,96.24
retail,BI100070,2024-03,MA,1,96.24
retail,BI100070,2024-03,SE,1,96.24
retail,BI100070,2024-03,MW,1,96.24
retail,BI100070,2024-03,MTN,1,96.24
retail,BI100070,2024-03,PNW,1,96.24
vet_clinic,BI100070,2024-03,NE,1,96.24
vet_clinic,BI100070,2024-03,MA,1,96.24
vet_clinic,BI100070,2024-03,SE,1,96.24
vet_clinic,BI100070,2024-03,MW,1,96.24
vet_clinic,BI100070,2024-03,MTN,1,96.24
ecom_national,CW500030,2024-04,NE,1,96.24
ecom_national,CW500030,2024-04,MA,1,96.24
ecom_national,CW500030,2024-04,SE,2,192.48
ecom_national,CW500030,2024-04,MW,3,288.72
ecom_national,CW500030,2024-04,PSW,3,288.72
ecom_national,CW500030,2024-04,PNW,1,96.24
retail,BI100070,2024-04,SE,2,192.48
retail,BI100070,2024-04,MW,1,96.24
retail,BI100070,2024-04,TX,1,96.24
retail,BI100070,2024-04,MTN,2,192.48
retail,BI100070,2024-04,PSW,1,96.24
retail,BI100070,2024-04,PNW,1,96.24
vet_clinic,BI100070,2024-04,MA,1,96.24
vet_clinic,BI100070,2024-04,SE,1,96.24
vet_clinic,BI100070,2024-04,MW,2,192.48
vet_clinic,BI100070,2024-04,MTN,1,96.24
vet_clinic,BI100070,2024-04,PSW,1,96.24
ecom_national,CW500030,2024-05,NE,1,96.24
ecom_national,CW500030,2024-05,SE,3,288.72
ecom_national,CW500030,2024-05,MW,2,192.48
ecom_national,CW500030,2024-05,TX,1,96.24
ecom_national,CW500030,2024-05,MTN,1,96.24
ecom_national,CW500030,2024-05,PSW,2,192.48
ecom_national,CW500030,2024-05,PNW,3,288.72
retail,BI100070,2024-05,NE,2,192.48
retail,BI100070,2024-05,MA,1,96.24
retail,BI100070,2024-05,SE,1,96.24
retail,BI100070,2024-05,MW,2,192.48
retail,BI100070,2024-05,TX,2,192.48
retail,BI100070,2024-05,MTN,1,96.24
retail,BI100070,2024-05,PSW,2,192.48
retail,BI100070,2024-05,PNW,1,96.24
vet_clinic,BI100070,2024-05,NE,1,96.24
vet_clinic,BI100070,2024-05,MA,1,96.24
vet_clinic,BI100070,2024-05,SE,2,192.48
vet_clinic,BI100070,2024-05,MW,1,96.24
vet_clinic,BI100070,2024-05,TX,1,96.24
vet_clinic,BI100070,2024-05,MTN,1,96.24
vet_clinic,BI100070,2024-05,PNW,1,96.24
ecom_national,CW500030,2024-06,NE,1,96.24
ecom_national,CW500030,2024-06,MA,3,288.72
ecom_national,CW500030,2024-06,SE,1,96.24
ecom_national,CW500030,2024-06,MW,1,96.24
ecom_national,CW500030,2024-06,TX,2,192.48
ecom_national,CW500030,2024-06,PSW,1,96.24
ecom_national,CW500030,2024-06,PNW,1,96.24
retail,BI100070,2024-06,NE,1,96.24
retail,BI100070,2024-06,SE,1,96.24
retail,BI100070,2024-06,MW,2,192.48
retail,BI100070,2024-06,TX,1,96.24
retail,BI100070,2024-06,PSW,1,96.24
retail,BI100070,2024-06,PNW,2,192.48
vet_clinic,BI100070,2024-06,SE,1,96.24
vet_clinic,BI100070,2024-06,MW,2,192.48
vet_clinic,BI100070,2024-06,MTN,1,96.24
vet_clinic,BI100070,2024-06,PNW,1,96.24
ecom_national,CW500030,2024-07,NE,4,384.96
ecom_national,CW500030,2024-07,MA,3,288.72
ecom_national,CW500030,2024-07,SE,5,481.2
ecom_national,CW500030,2024-07,TX,1,96.24
ecom_national,CW500030,2024-07,MTN,1,96.24
ecom_national,CW500030,2024-07,PSW,3,288.72
ecom_national,CW500030,2024-07,PNW,2,192.48
retail,BI100070,2024-07,NE,1,96.24
retail,BI100070,2024-07,MA,2,192.48
retail,BI100070,2024-07,SE,2,192.48
retail,BI100070,2024-07,MW,2,192.48
retail,BI100070,2024-07,MTN,2,192.48
retail,BI100070,2024-07,PSW,1,96.24
retail,BI100070,2024-07,PNW,2,192.48
vet_clinic,BI100070,2024-07,NE,1,96.24
vet_clinic,BI100070,2024-07,MA,1,96.24
vet_clinic,BI100070,2024-07,SE,1,96.24
vet_clinic,BI100070,2024-07,TX,1,96.24
vet_clinic,BI100070,2024-07,MTN,1,96.24
vet_clinic,BI100070,2024-07,PSW,1,96.24
vet_clinic,BI100070,2024-07,PNW,1,96.24
ecom_national,CW500030,2024-08,NE,1,96.24
ecom_national,CW500030,2024-08,MA,2,192.48
ecom_national,CW500030,2024-08,SE,1,96.24
ecom_national,CW500030,2024-08,MW,1,96.24
ecom_national,CW500030,2024-08,TX,1,96.24
ecom_national,CW500030,2024-08,PSW,2,192.48
ecom_national,CW500030,2024-08,PNW,2,192.48
retail,BI100070,2024-08,MA,1,96.24
retail,BI100070,2024-08,SE,1,96.24
retail,BI100070,2024-08,MW,1,96.24
retail,BI100070,2024-08,TX,1,96.24
retail,BI100070,2024-08,MTN,1,96.24
retail,BI100070,2024-08,PNW,1,96.24
vet_clinic,BI100070,2024-08,SE,1,96.24
vet_clinic,BI100070,2024-08,MW,1,96.24
vet_clinic,BI100070,2024-08,TX,1,96.24
vet_clinic,BI100070,2024-08,MTN,1,96.24
ecom_national,CW500030,2024-09,NE,3,288.72
ecom_national,CW500030,2024-09,SE,2,192.48
ecom_national,CW500030,2024-09,MW,1,96.24
ecom_national,CW500030,2024-09,TX,1,96.24
ecom_national,CW500030,2024-09,MTN,1,96.24
ecom_national,CW500030,2024-09,PSW,2,192.48
retail,BI100070,2024-09,NE,2,192.48
retail,BI100070,2024-09,MA,1,96.24
retail,BI100070,2024-09,SE,2,192.48
retail,BI100070,2024-09,MW,1,96.24
retail,BI100070,2024-09,PNW,1,96.24
vet_clinic,BI100070,2024-09,NE,1,96.24
vet_clinic,BI100070,2024-09,SE,1,96.24
vet_clinic,BI100070,2024-09,MW,1,96.24
vet_clinic,BI100070,2024-09,PSW,1,96.24
vet_clinic,BI100070,2024-09,PNW,1,96.24
ecom_national,CW500030,2024-10,NE,3,288.72
ecom_national,CW500030,2024-10,MA,2,192.48
ecom_national,CW500030,2024-10,SE,3,288.72
ecom_national,CW500030,2024-10,MW,1,96.24
ecom_national,CW500030,2024-10,TX,2,192.48
ecom_national,CW500030,2024-10,MTN,1,96.24
ecom_national,CW500030,2024-10,PSW,1,96.24
ecom_national,CW500030,2024-10,PNW,1,96.24
retail,BI100070,2024-10,MA,1,96.24
retail,BI100070,2024-10,SE,1,96.24
retail,BI100070,2024-10,MW,1,96.24
retail,BI100070,2024-10,TX,1,96.24
retail,BI100070,2024-10,PSW,1,96.24
vet_clinic,BI100070,2024-10,SE,1,96.24
vet_clinic,BI100070,2024-10,MW,1,96.24
vet_clinic,BI100070,2024-10,MTN,1,96.24
vet_clinic,BI100070,2024-10,PSW,1,96.24
ecom_national,CW500030,2024-11,NE,2,192.48
ecom_national,CW500030,2024-11,MA,2,192.48
ecom_national,CW500030,2024-11,SE,2,192.48
ecom_national,CW500030,2024-11,MW,1,96.24
ecom_national,CW500030,2024-11,MTN,1,96.24
ecom_national,CW500030,2024-11,PNW,1,96.24
retail,BI100070,2024-11,NE,1,96.24
retail,BI100070,2024-11,MA,1,96.24
retail,BI100070,2024-11,SE,1,96.24
retail,BI100070,2024-11,MW,1,96.24
retail,BI100070,2024-11,TX,1,96.24
retail,BI100070,2024-11,MTN,1,96.24
vet_clinic,BI100070,2024-11,MA,1,96.24
vet_clinic,BI100070,2024-11,MTN,1,96.24
ecom_national,CW500030,2024-12,SE,1,96.24
ecom_national,CW500030,2024-12,TX,1,96.24
ecom_national,CW500030,2024-12,MTN,1,96.24
ecom_national,CW500030,2024-12,PNW,1,96.24
retail,BI100070,2024-12,NE,1,96.24
retail,BI100070,2024-12,MW,1,96.24
retail,BI100070,2024-12,TX,1,96.24
retail,BI100070,2024-12,MTN,1,96.24
vet_clinic,BI100070,2024-12,SE,1,96.24
vet_clinic,BI100070,2024-12,TX,1,96.24
vet_clinic,BI100070,2024-12,PSW,1,96.24
ecom_national,CW500030,2025-01,MA,2,192.48
ecom_national,CW500030,2025-01,SE,3,288.72
ecom_national,CW500030,2025-01,TX,1,96.24
ecom_national,CW500030,2025-01,MTN,1,96.24
ecom_national,CW500030,2025-01,PSW,1,96.24
ecom_national,CW500030,2025-01,PNW,2,192.48
retail,BI100070,2025-01,NE,1,96.24
retail,BI100070,2025-01,MA,1,96.24
retail,BI100070,2025-01,MW,1,96.24
retail,BI100070,2025-01,MTN,1,96.24
retail,BI100070,2025-01,PNW,1,96.24
vet_clinic,BI100070,2025-01,SE,1,96.24
vet_clinic,BI100070,2025-01,MW,1,96.24
vet_clinic,BI100070,2025-01,MTN,1,96.24
vet_clinic,BI100070,2025-01,PSW,1,96.24
ecom_national,CW500030,2025-02,SE,1,96.24
ecom_national,CW500030,2025-02,TX,2,192.48
ecom_national,CW500030,2025-02,PSW,2,192.48
ecom_national,CW500030,2025-02,PNW,1,96.24
retail,BI100070,2025-02,MA,1,96.24
retail,BI100070,2025-02,SE,1,96.24
retail,BI100070,2025-02,MW,1,96.24
retail,BI100070,2025-02,TX,1,96.24
retail,BI100070,2025-02,MTN,1,96.24
retail,BI100070,2025-02,PSW,1,96.24
retail,BI100070,2025-02,PNW,1,96.24
vet_clinic,BI100070,2025-02,MA,1,96.24
vet_clinic,BI100070,2025-02,SE,1,96.24
vet_clinic,BI100070,2025-02,MW,1,96.24
vet_clinic,BI100070,2025-02,MTN,1,96.24
ecom_national,CW500030,2025-03,NE,3,288.72
ecom_national,CW500030,2025-03,MA,1,96.24
ecom_national,CW500030,2025-03,SE,2,192.48
ecom_national,CW500030,2025-03,MW,3,288.72
ecom_national,CW500030,2025-03,TX,2,192.48
ecom_national,CW500030,2025-03,MTN,1,96.24
ecom_national,CW500030,2025-03,PSW,2,192.48
ecom_national,CW500030,2025-03,PNW,1,96.24
retail,BI100070,2025-03,MA,1,96.24
retail,BI100070,2025-03,SE,1,96.24
retail,BI100070,2025-03,MW,1,96.24
retail,BI100070,2025-03,TX,1,96.24
retail,BI100070,2025-03,MTN,1,96.24
vet_clinic,BI100070,2025-03,MA,1,96.24
vet_clinic,BI100070,2025-03,SE,1,96.24
vet_clinic,BI100070,2025-03,PSW,1,96.24
ecom_national,CW500030,2025-04,NE,3,288.72
ecom_national,CW500030,2025-04,SE,1,96.24
ecom_national,CW500030,2025-04,MW,3,288.72
ecom_national,CW500030,2025-04,TX,2,192.48
ecom_national,CW500030,2025-04,MTN,3,288.72
ecom_national,CW500030,2025-04,PSW,1,96.24
ecom_national,CW500030,2025-04,PNW,1,96.24
retail,BI100070,2025-04,MA,1,96.24
retail,BI100070,2025-04,SE,3,288.72
retail,BI100070,2025-04,TX,1,96.24
retail,BI100070,2025-04,MTN,2,192.48
retail,BI100070,2025-04,PSW,1,96.24
retail,BI100070,2025-04,PNW,1,96.24
vet_clinic,BI100070,2025-04,NE,1,96.24
vet_clinic,BI100070,2025-04,SE,1,96.24
vet_clinic,BI100070,2025-04,MW,1,96.24
vet_clinic,BI100070,2025-04,TX,1,96.24
ecom_national,CW500030,2025-05,NE,3,288.72
ecom_national,CW500030,2025-05,MA,3,288.72
ecom_national,CW500030,2025-05,SE,1,96.24
ecom_national,CW500030,2025-05,MW,3,288.72
ecom_national,CW500030,2025-05,MTN,1,96.24
ecom_national,CW500030,2025-05,PSW,1,96.24
ecom_national,CW500030,2025-05,PNW,1,96.24
retail,BI100070,2025-05,NE,1,96.24
retail,BI100070,2025-05,MA,2,192.48
retail,BI100070,2025-05,SE,2,192.48
retail,BI100070,2025-05,TX,1,96.24
retail,BI100070,2025-05,PSW,1,96.24
retail,BI100070,2025-05,PNW,1,96.24
vet_clinic,BI100070,2025-05,NE,1,96.24
vet_clinic,BI100070,2025-05,MA,1,96.24
vet_clinic,BI100070,2025-05,SE,1,96.24
vet_clinic,BI100070,2025-05,MW,1,96.24
vet_clinic,BI100070,2025-05,TX,1,96.24
vet_clinic,BI100070,2025-05,MTN,2,192.48
vet_clinic,BI100070,2025-05,PSW,1,96.24
ecom_national,CW500030,2025-06,NE,2,192.48
ecom_national,CW500030,2025-06,MA,3,288.72
ecom_national,CW500030,2025-06,SE,2,192.48
ecom_national,CW500030,2025-06,MW,3,288.72
ecom_national,CW500030,2025-06,MTN,1,96.24
ecom_national,CW500030,2025-06,PSW,1,96.24
retail,BI100070,2025-06,NE,1,96.24
retail,BI100070,2025-06,SE,3,288.72
retail,BI100070,2025-06,MW,2,192.48
retail,BI100070,2025-06,MTN,1,96.24
retail,BI100070,2025-06,PSW,2,192.48
retail,BI100070,2025-06,PNW,2,192.48
vet_clinic,BI100070,2025-06,NE,1,96.24
vet_clinic,BI100070,2025-06,MA,1,96.24
vet_clinic,BI100070,2025-06,MW,2,192.48
vet_clinic,BI100070,2025-06,TX,1,96.24
vet_clinic,BI100070,2025-06,MTN,1,96.24
vet_clinic,BI100070,2025-06,PSW,1,96.24
vet_clinic,BI100070,2025-06,PNW,1,96.24
ecom_national,CW500033,2024-01,NE,3,58.2
ecom_national,CW500033,2024-01,MA,3,58.2
ecom_national,CW500033,2024-01,SE,2,38.8
ecom_national,CW500033,2024-01,MW,1,19.4
ecom_national,CW500033,2024-01,TX,1,19.4
ecom_national,CW500033,2024-01,MTN,3,58.2
ecom_national,CW500033,2024-01,PSW,1,19.4
retail,BI100077,2024-01,NE,2,38.8
retail,BI100077,2024-01,MA,1,19.4
retail,BI100077,2024-01,SE,2,38.8
retail,BI100077,2024-01,TX,2,38.8
retail,BI100077,2024-01,MTN,2,38.8
retail,BI100077,2024-01,PSW,1,19.4
vet_clinic,BI100077,2024-01,NE,1,19.4
vet_clinic,BI100077,2024-01,MA,1,19.4
vet_clinic,BI100077,2024-01,SE,1,19.4
vet_clinic,BI100077,2024-01,MW,1,19.4
vet_clinic,BI100077,2024-01,TX,1,19.4
vet_clinic,BI100077,2024-01,MTN,1,19.4
vet_clinic,BI100077,2024-01,PSW,1,19.4
vet_clinic,BI100077,2024-01,PNW,1,19.4
ecom_national,CW500033,2024-02,NE,1,19.4
ecom_national,CW500033,2024-02,MA,1,19.4
ecom_national,CW500033,2024-02,SE,1,19.4
ecom_national,CW500033,2024-02,MW,2,38.8
ecom_national,CW500033,2024-02,TX,4,77.6
ecom_national,CW500033,2024-02,MTN,2,38.8
ecom_national,CW500033,2024-02,PSW,1,19.4
ecom_national,CW500033,2024-02,PNW,3,58.2
retail,BI100077,2024-02,SE,1,19.4
retail,BI100077,2024-02,MW,2,38.8
retail,BI100077,2024-02,TX,2,38.8
retail,BI100077,2024-02,MTN,1,19.4
retail,BI100077,2024-02,PSW,1,19.4
vet_clinic,BI100077,2024-02,MA,1,19.4
vet_clinic,BI100077,2024-02,SE,1,19.4
vet_clinic,BI100077,2024-02,TX,1,19.4
vet_clinic,BI100077,2024-02,MTN,1,19.4
vet_clinic,BI100077,2024-02,PSW,1,19.4
vet_clinic,BI100077,2024-02,PNW,1,19.4
ecom_national,CW500033,2024-03,NE,3,58.2
ecom_national,CW500033,2024-03,MA,2,38.8
ecom_national,CW500033,2024-03,SE,2,38.8
ecom_national,CW500033,2024-03,MW,4,77.6
ecom_national,CW500033,2024-03,TX,4,77.6
ecom_national,CW500033,2024-03,MTN,1,19.4
ecom_national,CW500033,2024-03,PSW,3,58.2
ecom_national,CW500033,2024-03,PNW,2,38.8
retail,BI100077,2024-03,MA,2,38.8
retail,BI100077,2024-03,SE,1,19.4
retail,BI100077,2024-03,TX,2,38.8
retail,BI100077,2024-03,MTN,3,58.2
retail,BI100077,2024-03,PSW,1,19.4
retail,BI100077,2024-03,PNW,3,58.2
vet_clinic,BI100077,2024-03,NE,1,19.4
vet_clinic,BI100077,2024-03,MA,1,19.4
vet_clinic,BI100077,2024-03,SE,2,38.8
vet_clinic,BI100077,2024-03,PSW,1,19.4
vet_clinic,BI100077,2024-03,PNW,1,19.4
ecom_national,CW500033,2024-04,NE,3,58.2
ecom_national,CW500033,2024-04,MA,3,58.2
ecom_national,CW500033,2024-04,SE,2,38.8
ecom_national,CW500033,2024-04,MW,4,77.6
ecom_national,CW500033,2024-04,TX,1,19.4
ecom_national,CW500033,2024-04,PSW,2,38.8
ecom_national,CW500033,2024-04,PNW,4,77.6
retail,BI100077,2024-04,MA,1,19.4
retail,BI100077,2024-04,SE,1,19.4
retail,BI100077,2024-04,MW,1,19.4
retail,BI100077,2024-04,TX,1,19.4
retail,BI100077,2024-04,PSW,2,38.8
vet_clinic,BI100077,2024-04,NE,1,19.4
vet_clinic,BI100077,2024-04,MA,1,19.4
vet_clinic,BI100077,2024-04,SE,2,38.8
vet_clinic,BI100077,2024-04,MW,2,38.8
vet_clinic,BI100077,2024-04,TX,2,38.8
vet_clinic,BI100077,2024-04,MTN,2,38.8
vet_clinic,BI100077,2024-04,PSW,1,19.4
vet_clinic,BI100077,2024-04,PNW,2,38.8
ecom_national,CW500033,2024-05,NE,5,97.0
ecom_national,CW500033,2024-05,MA,5,97.0
ecom_national,CW500033,2024-05,SE,5,97.0
ecom_national,CW500033,2024-05,MW,2,38.8
ecom_national,CW500033,2024-05,TX,1,19.4
ecom_national,CW500033,2024-05,MTN,5,97.0
ecom_national,CW500033,2024-05,PSW,3,58.2
ecom_national,CW500033,2024-05,PNW,5,97.0
retail,BI100077,2024-05,MA,2,38.8
retail,BI100077,2024-05,SE,1,19.4
retail,BI100077,2024-05,MW,2,38.8
retail,BI100077,2024-05,TX,1,19.4
retail,BI100077,2024-05,MTN,2,38.8
retail,BI100077,2024-05,PSW,1,19.4
retail,BI100077,2024-05,PNW,2,38.8
vet_clinic,BI100077,2024-05,NE,2,38.8
vet_clinic,BI100077,2024-05,MA,1,19.4
vet_clinic,BI100077,2024-05,MTN,2,38.8
vet_clinic,BI100077,2024-05,PNW,1,19.4
ecom_national,CW500033,2024-06,NE,5,97.0
ecom_national,CW500033,2024-06,SE,6,116.4
ecom_national,CW500033,2024-06,MW,4,77.6
ecom_national,CW500033,2024-06,TX,5,97.0
ecom_national,CW500033,2024-06,MTN,4,77.6
ecom_national,CW500033,2024-06,PSW,1,19.4
retail,BI100077,2024-06,NE,1,19.4
retail,BI100077,2024-06,SE,3,58.2
retail,BI100077,2024-06,TX,2,38.8
retail,BI100077,2024-06,MTN,1,19.4
retail,BI100077,2024-06,PSW,2,38.8
retail,BI100077,2024-06,PNW,1,19.4
vet_clinic,BI100077,2024-06,NE,2,38.8
vet_clinic,BI100077,2024-06,SE,2,38.8
vet_clinic,BI100077,2024-06,MW,1,19.4
vet_clinic,BI100077,2024-06,TX,2,38.8
vet_clinic,BI100077,2024-06,MTN,1,19.4
vet_clinic,BI100077,2024-06,PSW,1,19.4
vet_clinic,BI100077,2024-06,PNW,2,38.8
ecom_national,CW500033,2024-07,NE,4,77.6
ecom_national,CW500033,2024-07,MA,4,77.6
ecom_national,CW500033,2024-07,SE,6,116.4
ecom_national,CW500033,2024-07,MW,4,77.6
ecom_national,CW500033,2024-07,TX,2,38.8
ecom_national,CW500033,2024-07,MTN,2,38.8
ecom_national,CW500033,2024-07,PSW,3,58.2
ecom_national,CW500033,2024-07,PNW,1,19.4
retail,BI100077,2024-07,NE,1,19.4
retail,BI100077,2024-07,MA,1,19.4
retail,BI100077,2024-07,SE,3,58.2
retail,BI100077,2024-07,MW,2,38.8
retail,BI100077,2024-07,TX,1,19.4
retail,BI100077,2024-07,PSW,2,38.8
retail,BI100077,2024-07,PNW,1,19.4
vet_clinic,BI100077,2024-07,NE,2,38.8
vet_clinic,BI100077,2024-07,MA,1,19.4
vet_clinic,BI100077,2024-07,MW,1,19.4
vet_clinic,BI100077,2024-07,TX,1,19.4
vet_clinic,BI100077,2024-07,MTN,1,19.4
vet_clinic,BI100077,2024-07,PSW,2,38.8
vet_clinic,BI100077,2024-07,PNW,1,19.4
ecom_national,CW500033,2024-08,NE,2,38.8
ecom_national,CW500033,2024-08,MA,4,77.6
ecom_national,CW500033,2024-08,SE,3,58.2
ecom_national,CW500033,2024-08,MW,4,77.6
ecom_national,CW500033,2024-08,TX,1,19.4
ecom_national,CW500033,2024-08,MTN,3,58.2
ecom_national,CW500033,2024-08,PSW,3,58.2
ecom_national,CW500033,2024-08,PNW,5,97.0
retail,BI100077,2024-08,MA,2,38.8
retail,BI100077,2024-08,SE,1,19.4
retail,BI100077,2024-08,MW,1,19.4
retail,BI100077,2024-08,TX,2,38.8
retail,BI100077,2024-08,MTN,3,58.2
retail,BI100077,2024-08,PSW,1,19.4
retail,BI100077,2024-08,PNW,1,19.4
vet_clinic,BI100077,2024-08,NE,1,19.4
vet_clinic,BI100077,2024-08,MW,2,38.8
vet_clinic,BI100077,2024-08,MTN,1,19.4
vet_clinic,BI100077,2024-08,PSW,1,19.4
vet_clinic,BI100077,2024-08,PNW,2,38.8
ecom_national,CW500033,2024-09,MA,3,58.2
ecom_national,CW500033,2024-09,SE,1,19.4
ecom_national,CW500033,2024-09,MW,2,38.8
ecom_national,CW500033,2024-09,TX,3,58.2
ecom_national,CW500033,2024-09,MTN,3,58.2
ecom_national,CW500033,2024-09,PSW,1,19.4
retail,BI100077,2024-09,NE,1,19.4
retail,BI100077,2024-09,MA,2,38.8
retail,BI100077,2024-09,SE,2,38.8
retail,BI100077,2024-09,TX,2,38.8
retail,BI100077,2024-09,MTN,1,19.4
retail,BI100077,2024-09,PSW,2,38.8
retail,BI100077,2024-09,PNW,3,58.2
vet_clinic,BI100077,2024-09,NE,1,19.4
vet_clinic,BI100077,2024-09,MA,1,19.4
vet_clinic,BI100077,2024-09,MW,1,19.4
vet_clinic,BI100077,2024-09,TX,1,19.4
vet_clinic,BI100077,2024-09,PSW,1,19.4
ecom_national,CW500033,2024-10,NE,1,19.4
ecom_national,CW500033,2024-10,MA,1,19.4
ecom_national,CW500033,2024-10,SE,3,58.2
ecom_national,CW500033,2024-10,MW,2,38.8
ecom_national,CW500033,2024-10,TX,2,38.8
ecom_national,CW500033,2024-10,MTN,2,38.8
ecom_national,CW500033,2024-10,PNW,2,38.8
retail,BI100077,2024-10,NE,2,38.8
retail,BI100077,2024-10,MA,2,38.8
retail,BI100077,2024-10,MW,1,19.4
retail,BI100077,2024-10,PSW,1,19.4
retail,BI100077,2024-10,PNW,2,38.8
vet_clinic,BI100077,2024-10,NE,1,19.4
vet_clinic,BI100077,2024-10,MA,1,19.4
vet_clinic,BI100077,2024-10,MW,1,19.4
vet_clinic,BI100077,2024-10,MTN,1,19.4
vet_clinic,BI100077,2024-10,PSW,1,19.4
vet_clinic,BI100077,2024-10,PNW,1,19.4
ecom_national,CW500033,2024-11,NE,1,19.4
ecom_national,CW500033,2024-11,SE,4,77.6
ecom_national,CW500033,2024-11,TX,2,38.8
ecom_national,CW500033,2024-11,MTN,1,19.4
ecom_national,CW500033,2024-11,PNW,1,19.4
retail,BI100077,2024-11,NE,2,38.8
retail,BI100077,2024-11,MA,1,19.4
retail,BI100077,2024-11,SE,2,38.8
retail,BI100077,2024-11,MW,2,38.8
retail,BI100077,2024-11,TX,1,19.4
retail,BI100077,2024-11,MTN,1,19.4
vet_clinic,BI100077,2024-11,NE,1,19.4
vet_clinic,BI100077,2024-11,SE,1,19.4
vet_clinic,BI100077,2024-11,MW,1,19.4
vet_clinic,BI100077,2024-11,MTN,1,19.4
vet_clinic,BI100077,2024-11,PSW,1,19.4
vet_clinic,BI100077,2024-11,PNW,2,38.8
ecom_national,CW500033,2024-12,NE,3,58.2
ecom_national,CW500033,2024-12,MA,2,38.8
ecom_national,CW500033,2024-12,SE,4,77.6
ecom_national,CW500033,2024-12,MW,2,38.8
ecom_national,CW500033,2024-12,MTN,1,19.4
ecom_national,CW500033,2024-12,PSW,2,38.8
ecom_national,CW500033,2024-12,PNW,3,58.2
retail,BI100077,2024-12,MA,1,19.4
retail,BI100077,2024-12,SE,1,19.4
retail,BI100077,2024-12,MW,2,38.8
retail,BI100077,2024-12,MTN,1,19.4
vet_clinic,BI100077,2024-12,NE,1,19.4
vet_clinic,BI100077,2024-12,MA,1,19.4
vet_clinic,BI100077,2024-12,MW,1,19.4
vet_clinic,BI100077,2024-12,TX,1,19.4
vet_clinic,BI100077,2024-12,PNW,1,19.4
ecom_national,CW500033,2025-01,NE,1,19.4
ecom_national,CW500033,2025-01,MA,1,19.4
ecom_national,CW500033,2025-01,SE,2,38.8
ecom_national,CW500033,2025-01,MW,1,19.4
ecom_national,CW500033,2025-01,TX,3,58.2
ecom_national,CW500033,2025-01,MTN,3,58.2
ecom_national,CW500033,2025-01,PSW,2,38.8
ecom_national,CW500033,2025-01,PNW,1,19.4
retail,BI100077,2025-01,NE,1,19.4
retail,BI100077,2025-01,MA,1,19.4
retail,BI100077,2025-01,SE,1,19.4
retail,BI100077,2025-01,TX,1,19.4
retail,BI100077,2025-01,MTN,2,38.8
retail,BI100077,2025-01,PSW,1,19.4
retail,BI100077,2025-01,PNW,1,19.4
vet_clinic,BI100077,2025-01,SE,1,19.4
vet_clinic,BI100077,2025-01,MW,1,19.4
vet_clinic,BI100077,2025-01,TX,1,19.4
vet_clinic,BI100077,2025-01,MTN,1,19.4
vet_clinic,BI100077,2025-01,PSW,1,19.4
vet_clinic,BI100077,2025-01,PNW,1,19.4
ecom_national,CW500033,2025-02,MA,3,58.2
ecom_national,CW500033,2025-02,SE,4,77.6
ecom_national,CW500033,2025-02,MW,3,58.2
ecom_national,CW500033,2025-02,MTN,3,58.2
ecom_national,CW500033,2025-02,PNW,4,77.6
retail,BI100077,2025-02,NE,1,19.4
retail,BI100077,2025-02,MA,2,38.8
retail,BI100077,2025-02,SE,2,38.8
retail,BI100077,2025-02,MW,2,38.8
retail,BI100077,2025-02,TX,1,19.4
retail,BI100077,2025-02,MTN,2,38.8
retail,BI100077,2025-02,PSW,1,19.4
retail,BI100077,2025-02,PNW,1,19.4
vet_clinic,BI100077,2025-02,NE,1,19.4
vet_clinic,BI100077,2025-02,MW,1,19.4
vet_clinic,BI100077,2025-02,MTN,1,19.4
vet_clinic,BI100077,2025-02,PNW,2,38.8
ecom_national,CW500033,2025-03,NE,3,58.2
ecom_national,CW500033,2025-03,MA,1,19.4
ecom_national,CW500033,2025-03,SE,1,19.4
ecom_national,CW500033,2025-03,MW,3,58.2
ecom_national,CW500033,2025-03,TX,1,19.4
ecom_national,CW500033,2025-03,PSW,1,19.4
ecom_national,CW500033,2025-03,PNW,6,116.4
retail,BI100077,2025-03,NE,2,38.8
retail,BI100077,2025-03,TX,1,19.4
retail,BI100077,2025-03,MTN,3,58.2
retail,BI100077,2025-03,PSW,2,38.8
vet_clinic,BI100077,2025-03,NE,1,19.4
vet_clinic,BI100077,2025-03,SE,1,19.4
vet_clinic,BI100077,2025-03,TX,1,19.4
vet_clinic,BI100077,2025-03,MTN,1,19.4
vet_clinic,BI100077,2025-03,PSW,1,19.4
vet_clinic,BI100077,2025-03,PNW,2,38.8
ecom_national,CW500033,2025-04,NE,2,38.8
ecom_national,CW500033,2025-04,MW,4,77.6
ecom_national,CW500033,2025-04,TX,5,97.0
ecom_national,CW500033,2025-04,MTN,1,19.4
ecom_national,CW500033,2025-04,PSW,3,58.2
ecom_national,CW500033,2025-04,PNW,4,77.6
retail,BI100077,2025-04,NE,3,58.2
retail,BI100077,2025-04,MA,2,38.8
retail,BI100077,2025-04,SE,1,19.4
retail,BI100077,2025-04,MW,3,58.2
retail,BI100077,2025-04,MTN,2,38.8
retail,BI100077,2025-04,PNW,2,38.8
vet_clinic,BI100077,2025-04,MA,1,19.4
vet_clinic,BI100077,2025-04,SE,2,38.8
vet_clinic,BI100077,2025-04,MW,2,38.8
vet_clinic,BI100077,2025-04,TX,1,19.4
vet_clinic,BI100077,2025-04,MTN,2,38.8
vet_clinic,BI100077,2025-04,PNW,2,38.8
ecom_national,CW500033,2025-05,NE,3,58.2
ecom_national,CW500033,2025-05,MA,4,77.6
ecom_national,CW500033,2025-05,SE,3,58.2
ecom_national,CW500033,2025-05,MW,5,97.0
ecom_national,CW500033,2025-05,MTN,6,116.4
ecom_national,CW500033,2025-05,PSW,1,19.4
ecom_national,CW500033,2025-05,PNW,5,97.0
retail,BI100077,2025-05,NE,1,19.4
retail,BI100077,2025-05,MA,1,19.4
retail,BI100077,2025-05,SE,4,77.6
retail,BI100077,2025-05,MW,2,38.8
retail,BI100077,2025-05,TX,3,58.2
retail,BI100077,2025-05,MTN,3,58.2
retail,BI100077,2025-05,PSW,2,38.8
retail,BI100077,2025-05,PNW,4,77.6
vet_clinic,BI100077,2025-05,SE,2,38.8
vet_clinic,BI100077,2025-05,MW,2,38.8
vet_clinic,BI100077,2025-05,PSW,1,19.4
vet_clinic,BI100077,2025-05,PNW,2,38.8
ecom_national,CW500033,2025-06,NE,3,58.2
ecom_national,CW500033,2025-06,SE,1,19.4
ecom_national,CW500033,2025-06,MW,4,77.6
ecom_national,CW500033,2025-06,TX,3,58.2
ecom_national,CW500033,2025-06,MTN,3,58.2
ecom_national,CW500033,2025-06,PNW,7,135.8
retail,BI100077,2025-06,NE,3,58.2
retail,BI100077,2025-06,MA,1,19.4
retail,BI100077,2025-06,SE,1,19.4
retail,BI100077,2025-06,TX,2,38.8
retail,BI100077,2025-06,MTN,3,58.2
retail,BI100077,2025-06,PSW,2,38.8
retail,BI100077,2025-06,PNW,1,19.4
vet_clinic,BI100077,2025-06,NE,1,19.4
vet_clinic,BI100077,2025-06,MA,1,19.4
vet_clinic,BI100077,2025-06,SE,1,19.4
vet_clinic,BI100077,2025-06,MW,1,19.4
vet_clinic,BI100077,2025-06,TX,1,19.4
vet_clinic,BI100077,2025-06,MTN,1,19.4
ecom_national,CW500033,2025-07,NE,5,97.0
ecom_national,CW500033,2025-07,MA,4,77.6
ecom_national,CW500033,2025-07,MTN,5,97.0
ecom_national,CW500033,2025-07,PSW,2,38.8
ecom_national,CW500033,2025-07,PNW,4,77.6
retail,BI100077,2025-07,NE,3,58.2
retail,BI100077,2025-07,MA,1,19.4
retail,BI100077,2025-07,SE,1,19.4
retail,BI100077,2025-07,MW,2,38.8
retail,BI100077,2025-07,TX,2,38.8
retail,BI100077,2025-07,MTN,3,58.2
retail,BI100077,2025-07,PSW,2,38.8
retail,BI100077,2025-07,PNW,4,77.6
vet_clinic,BI100077,2025-07,NE,1,19.4
vet_clinic,BI100077,2025-07,MA,1,19.4
vet_clinic,BI100077,2025-07,SE,2,38.8
vet_clinic,BI100077,2025-07,MW,2,38.8
vet_clinic,BI100077,2025-07,TX,1,19.4
vet_clinic,BI100077,2025-07,MTN,2,38.8
vet_clinic,BI100077,2025-07,PSW,2,38.8
vet_clinic,BI100077,2025-07,PNW,3,58.2
ecom_national,CW500033,2025-08,SE,4,77.6
ecom_national,CW500033,2025-08,MW,4,77.6
ecom_national,CW500033,2025-08,TX,2,38.8
ecom_national,CW500033,2025-08,MTN,3,58.2
ecom_national,CW500033,2025-08,PSW,4,77.6
ecom_national,CW500033,2025-08,PNW,4,77.6
retail,BI100077,2025-08,NE,1,19.4
retail,BI100077,2025-08,MA,3,58.2
retail,BI100077,2025-08,SE,2,38.8
retail,BI100077,2025-08,TX,1,19.4
retail,BI100077,2025-08,MTN,3,58.2
retail,BI100077,2025-08,PSW,2,38.8
retail,BI100077,2025-08,PNW,4,77.6
vet_clinic,BI100077,2025-08,MA,1,19.4
vet_clinic,BI100077,2025-08,MW,1,19.4
vet_clinic,BI100077,2025-08,TX,2,38.8
vet_clinic,BI100077,2025-08,MTN,1,19.4
vet_clinic,BI100077,2025-08,PSW,1,19.4
ecom_national,CW500033,2025-09,NE,4,77.6
ecom_national,CW500033,2025-09,SE,5,97.0
ecom_national,CW500033,2025-09,MW,3,58.2
ecom_national,CW500033,2025-09,TX,3,58.2
ecom_national,CW500033,2025-09,MTN,4,77.6
ecom_national,CW500033,2025-09,PSW,1,19.4
retail,BI100077,2025-09,MA,3,58.2
retail,BI100077,2025-09,SE,1,19.4
retail,BI100077,2025-09,MW,2,38.8
retail,BI100077,2025-09,TX,1,19.4
retail,BI100077,2025-09,MTN,1,19.4
retail,BI100077,2025-09,PNW,2,38.8
vet_clinic,BI100077,2025-09,NE,1,19.4
vet_clinic,BI100077,2025-09,MA,1,19.4
vet_clinic,BI100077,2025-09,SE,2,38.8
vet_clinic,BI100077,2025-09,TX,1,19.4
vet_clinic,BI100077,2025-09,MTN,2,38.8
vet_clinic,BI100077,2025-09,PNW,1,19.4
ecom_national,CW500033,2025-10,NE,4,77.6
ecom_national,CW500033,2025-10,MA,1,19.4
ecom_national,CW500033,2025-10,SE,1,19.4
ecom_national,CW500033,2025-10,MW,3,58.2
ecom_national,CW500033,2025-10,MTN,2,38.8
ecom_national,CW500033,2025-10,PSW,3,58.2
ecom_national,CW500033,2025-10,PNW,1,19.4
retail,BI100077,2025-10,NE,2,38.8
retail,BI100077,2025-10,MA,1,19.4
retail,BI100077,2025-10,MW,1,19.4
retail,BI100077,2025-10,TX,2,38.8
retail,BI100077,2025-10,MTN,2,38.8
retail,BI100077,2025-10,PSW,1,19.4
retail,BI100077,2025-10,PNW,1,19.4
vet_clinic,BI100077,2025-10,NE,1,19.4
vet_clinic,BI100077,2025-10,MA,1,19.4
vet_clinic,BI100077,2025-10,SE,2,38.8
vet_clinic,BI100077,2025-10,MW,1,19.4
vet_clinic,BI100077,2025-10,TX,1,19.4
vet_clinic,BI100077,2025-10,MTN,1,19.4
vet_clinic,BI100077,2025-10,PSW,1,19.4
ecom_national,CW500033,2025-11,NE,1,19.4
ecom_national,CW500033,2025-11,SE,5,97.0
ecom_national,CW500033,2025-11,MW,2,38.8
ecom_national,CW500033,2025-11,TX,3,58.2
ecom_national,CW500033,2025-11,MTN,2,38.8
ecom_national,CW500033,2025-11,PSW,2,38.8
ecom_national,CW500033,2025-11,PNW,1,19.4
retail,BI100077,2025-11,MA,1,19.4
retail,BI100077,2025-11,TX,1,19.4
retail,BI100077,2025-11,PSW,1,19.4
retail,BI100077,2025-11,PNW,2,38.8
vet_clinic,BI100077,2025-11,NE,1,19.4
vet_clinic,BI100077,2025-11,SE,2,38.8
vet_clinic,BI100077,2025-11,MW,1,19.4
vet_clinic,BI100077,2025-11,TX,1,19.4
vet_clinic,BI100077,2025-11,MTN,1,19.4
vet_clinic,BI100077,2025-11,PSW,1,19.4
ecom_national,CW500033,2025-12,NE,1,19.4
ecom_national,CW500033,2025-12,MA,1,19.4
ecom_national,CW500033,2025-12,SE,2,38.8
ecom_national,CW500033,2025-12,TX,2,38.8
ecom_national,CW500033,2025-12,MTN,3,58.2
ecom_national,CW500033,2025-12,PSW,2,38.8
retail,BI100077,2025-12,NE,2,38.8
retail,BI100077,2025-12,MA,1,19.4
retail,BI100077,2025-12,SE,2,38.8
retail,BI100077,2025-12,MW,1,19.4
retail,BI100077,2025-12,TX,1,19.4
retail,BI100077,2025-12,MTN,2,38.8
retail,BI100077,2025-12,PSW,1,19.4
retail,BI100077,2025-12,PNW,1,19.4
vet_clinic,BI100077,2025-12,NE,1,19.4
vet_clinic,BI100077,2025-12,MA,1,19.4
vet_clinic,BI100077,2025-12,SE,1,19.4
vet_clinic,BI100077,2025-12,MW,1,19.4
vet_clinic,BI100077,2025-12,TX,1,19.4
vet_clinic,BI100077,2025-12,PNW,2,38.8
ecom_national,CW500036,2024-01,NE,1,69.35
ecom_national,CW500036,2024-01,MW,1,69.35
ecom_national,CW500036,2024-01,MTN,2,138.7
ecom_national,CW500036,2024-01,PSW,1,69.35
retail,BI100084,2024-01,MW,1,69.35
vet_clinic,BI100084,2024-01,PSW,1,69.35
ecom_national,CW500036,2024-02,NE,1,69.35
ecom_national,CW500036,2024-02,SE,1,69.35
ecom_national,CW500036,2024-02,TX,1,69.35
ecom_national,CW500036,2024-02,MTN,1,69.35
ecom_national,CW500036,2024-02,PNW,1,69.35
retail,BI100084,2024-02,SE,1,69.35
retail,BI100084,2024-02,MW,1,69.35
retail,BI100084,2024-02,TX,1,69.35
retail,BI100084,2024-02,MTN,1,69.35
retail,BI100084,2024-02,PNW,1,69.35
vet_clinic,BI100084,2024-02,PSW,1,69.35
ecom_national,CW500036,2024-03,NE,1,69.35
ecom_national,CW500036,2024-03,MW,1,69.35
ecom_national,CW500036,2024-03,TX,1,69.35
ecom_national,CW500036,2024-03,PSW,2,138.7
ecom_national,CW500036,2024-03,PNW,1,69.35
retail,BI100084,2024-03,NE,1,69.35
retail,BI100084,2024-03,MA,1,69.35
retail,BI100084,2024-03,TX,1,69.35
retail,BI100084,2024-03,PSW,1,69.35
vet_clinic,BI100084,2024-03,SE,1,69.35
vet_clinic,BI100084,2024-03,MTN,1,69.35
ecom_national,CW500036,2024-04,NE,1,69.35
ecom_national,CW500036,2024-04,MA,1,69.35
ecom_national,CW500036,2024-04,SE,2,138.7
ecom_national,CW500036,2024-04,TX,1,69.35
ecom_national,CW500036,2024-04,MTN,2,138.7
ecom_national,CW500036,2024-04,PSW,1,69.35
ecom_national,CW500036,2024-04,PNW,1,69.35
retail,BI100084,2024-04,TX,1,69.35
retail,BI100084,2024-04,MTN,1,69.35
retail,BI100084,2024-04,PNW,1,69.35
vet_clinic,BI100084,2024-04,MTN,1,69.35
vet_clinic,BI100084,2024-04,PSW,1,69.35
ecom_national,CW500036,2024-05,NE,2,138.7
ecom_national,CW500036,2024-05,MA,1,69.35
ecom_national,CW500036,2024-05,SE,2,138.7
ecom_national,CW500036,2024-05,TX,1,69.35
ecom_national,CW500036,2024-05,MTN,3,208.05
ecom_national,CW500036,2024-05,PSW,2,138.7
ecom_national,CW500036,2024-05,PNW,1,69.35
retail,BI100084,2024-05,SE,1,69.35
retail,BI100084,2024-05,TX,1,69.35
retail,BI100084,2024-05,PSW,1,69.35
retail,BI100084,2024-05,PNW,1,69.35
vet_clinic,BI100084,2024-05,TX,1,69.35
vet_clinic,BI100084,2024-05,MTN,1,69.35
ecom_national,CW500036,2024-06,NE,1,69.35
ecom_national,CW500036,2024-06,SE,1,69.35
ecom_national,CW500036,2024-06,TX,1,69.35
ecom_national,CW500036,2024-06,PSW,2,138.7
retail,BI100084,2024-06,NE,1,69.35
retail,BI100084,2024-06,SE,1,69.35
retail,BI100084,2024-06,TX,1,69.35
retail,BI100084,2024-06,MTN,1,69.35
vet_clinic,BI100084,2024-06,NE,1,69.35
vet_clinic,BI100084,2024-06,MA,1,69.35
vet_clinic,BI100084,2024-06,PSW,1,69.35
ecom_national,CW500036,2024-07,NE,2,138.7
ecom_national,CW500036,2024-07,MA,2,138.7
ecom_national,CW500036,2024-07,SE,2,138.7
ecom_national,CW500036,2024-07,MW,1,69.35
ecom_national,CW500036,2024-07,PSW,2,138.7
retail,BI100084,2024-07,NE,1,69.35
retail,BI100084,2024-07,TX,1,69.35
retail,BI100084,2024-07,MTN,1,69.35
retail,BI100084,2024-07,PSW,1,69.35
vet_clinic,BI100084,2024-07,NE,1,69.35
vet_clinic,BI100084,2024-07,MA,1,69.35
ecom_national,CW500036,2024-08,NE,2,138.7
ecom_national,CW500036,2024-08,MA,1,69.35
ecom_national,CW500036,2024-08,SE,1,69.35
ecom_national,CW500036,2024-08,MW,1,69.35
ecom_national,CW500036,2024-08,TX,1,69.35
ecom_national,CW500036,2024-08,MTN,1,69.35
ecom_national,CW500036,2024-08,PSW,2,138.7
retail,BI100084,2024-08,MA,1,69.35
retail,BI100084,2024-08,MW,1,69.35
retail,BI100084,2024-08,MTN,1,69.35
retail,BI100084,2024-08,PSW,1,69.35
vet_clinic,BI100084,2024-08,MTN,1,69.35
vet_clinic,BI100084,2024-08,PSW,1,69.35
ecom_national,CW500036,2024-09,NE,1,69.35
ecom_national,CW500036,2024-09,MA,1,69.35
ecom_national,CW500036,2024-09,SE,1,69.35
ecom_national,CW500036,2024-09,MTN,1,69.35
ecom_national,CW500036,2024-09,PNW,1,69.35
retail,BI100084,2024-09,NE,1,69.35
retail,BI100084,2024-09,MA,1,69.35
retail,BI100084,2024-09,SE,1,69.35
retail,BI100084,2024-09,MW,1,69.35
retail,BI100084,2024-09,TX,1,69.35
retail,BI100084,2024-09,MTN,1,69.35
retail,BI100084,2024-09,PSW,1,69.35
vet_clinic,BI100084,2024-09,MTN,1,69.35
ecom_national,CW500036,2024-10,NE,1,69.35
ecom_national,CW500036,2024-10,SE,1,69.35
ecom_national,CW500036,2024-10,TX,1,69.35
ecom_national,CW500036,2024-10,MTN,1,69.35
ecom_national,CW500036,2024-10,PSW,1,69.35
ecom_national,CW500036,2024-10,PNW,1,69.35
retail,BI100084,2024-10,NE,1,69.35
retail,BI100084,2024-10,MA,1,69.35
retail,BI100084,2024-10,MW,1,69.35
retail,BI100084,2024-10,TX,1,69.35
retail,BI100084,2024-10,MTN,1,69.35
ecom_national,CW500036,2024-11,NE,1,69.35
ecom_national,CW500036,2024-11,SE,1,69.35
ecom_national,CW500036,2024-11,MW,1,69.35
ecom_national,CW500036,2024-11,MTN,2,138.7
retail,BI100084,2024-11,SE,1,69.35
retail,BI100084,2024-11,MTN,1,69.35
retail,BI100084,2024-11,PSW,1,69.35
vet_clinic,BI100084,2024-11,NE,1,69.35
ecom_national,CW500036,2024-12,MA,1,69.35
ecom_national,CW500036,2024-12,SE,1,69.35
ecom_national,CW500036,2024-12,MW,1,69.35
ecom_national,CW500036,2024-12,MTN,1,69.35
retail,BI100084,2024-12,MA,1,69.35
retail,BI100084,2024-12,MW,1,69.35
ecom_national,CW500036,2025-01,NE,1,69.35
ecom_national,CW500036,2025-01,MA,1,69.35
ecom_national,CW500036,2025-01,SE,1,69.35
ecom_national,CW500036,2025-01,TX,1,69.35
ecom_national,CW500036,2025-01,MTN,1,69.35
ecom_national,CW500036,2025-01,PSW,1,69.35
retail,BI100084,2025-01,NE,1,69.35
retail,BI100084,2025-01,SE,1,69.35
retail,BI100084,2025-01,TX,1,69.35
ecom_national,CW500036,2025-02,NE,1,69.35
ecom_national,CW500036,2025-02,SE,2,138.7
ecom_national,CW500036,2025-02,MW,1,69.35
ecom_national,CW500036,2025-02,MTN,2,138.7
ecom_national,CW500036,2025-02,PSW,1,69.35
retail,BI100084,2025-02,PSW,1,69.35
vet_clinic,BI100084,2025-02,NE,1,69.35
vet_clinic,BI100084,2025-02,PNW,1,69.35
ecom_national,CW500036,2025-03,NE,2,138.7
ecom_national,CW500036,2025-03,MA,1,69.35
ecom_national,CW500036,2025-03,SE,1,69.35
ecom_national,CW500036,2025-03,MW,1,69.35
ecom_national,CW500036,2025-03,MTN,2,138.7
ecom_national,CW500036,2025-03,PSW,2,138.7
ecom_national,CW500036,2025-03,PNW,1,69.35
retail,BI100084,2025-03,NE,1,69.35
retail,BI100084,2025-03,MA,1,69.35
retail,BI100084,2025-03,MW,1,69.35
retail,BI100084,2025-03,TX,1,69.35
retail,BI100084,2025-03,PSW,1,69.35
ecom_national,CW500036,2025-04,NE,1,69.35
ecom_national,CW500036,2025-04,MW,1,69.35
ecom_national,CW500036,2025-04,TX,1,69.35
ecom_national,CW500036,2025-04,MTN,1,69.35
ecom_national,CW500036,2025-04,PSW,2,138.7
ecom_national,CW500036,2025-04,PNW,1,69.35
retail,BI100084,2025-04,NE,1,69.35
retail,BI100084,2025-04,MA,1,69.35
retail,BI100084,2025-04,TX,1,69.35
vet_clinic,BI100084,2025-04,SE,1,69.35
vet_clinic,BI100084,2025-04,TX,1,69.35
vet_clinic,BI100084,2025-04,PSW,1,69.35
vet_clinic,BI100084,2025-04,PNW,1,69.35
ecom_national,CW500036,2025-05,NE,1,69.35
ecom_national,CW500036,2025-05,MA,1,69.35
ecom_national,CW500036,2025-05,SE,1,69.35
ecom_national,CW500036,2025-05,MW,1,69.35
ecom_national,CW500036,2025-05,TX,2,138.7
ecom_national,CW500036,2025-05,MTN,1,69.35
ecom_national,CW500036,2025-05,PSW,1,69.35
ecom_national,CW500036,2025-05,PNW,1,69.35
retail,BI100084,2025-05,NE,1,69.35
retail,BI100084,2025-05,SE,1,69.35
retail,BI100084,2025-05,MW,1,69.35
retail,BI100084,2025-05,MTN,1,69.35
retail,BI100084,2025-05,PNW,1,69.35
vet_clinic,BI100084,2025-05,TX,1,69.35
vet_clinic,BI100084,2025-05,PSW,1,69.35
ecom_national,CW500036,2025-06,NE,1,69.35
ecom_national,CW500036,2025-06,MA,1,69.35
ecom_national,CW500036,2025-06,MW,1,69.35
ecom_national,CW500036,2025-06,TX,1,69.35
ecom_national,CW500036,2025-06,PSW,2,138.7
ecom_national,CW500036,2025-06,PNW,1,69.35
retail,BI100084,2025-06,TX,1,69.35
retail,BI100084,2025-06,MTN,1,69.35
retail,BI100084,2025-06,PSW,1,69.35
vet_clinic,BI100084,2025-06,SE,1,69.35
vet_clinic,BI100084,2025-06,TX,1,69.35
ecom_national,CW500036,2025-07,NE,2,138.7
ecom_national,CW500036,2025-07,MW,2,138.7
ecom_national,CW500036,2025-07,PSW,1,69.35
ecom_national,CW500036,2025-07,PNW,1,69.35
retail,BI100084,2025-07,MA,1,69.35
retail,BI100084,2025-07,SE,1,69.35
retail,BI100084,2025-07,TX,1,69.35
retail,BI100084,2025-07,MTN,1,69.35
retail,BI100084,2025-07,PSW,1,69.35
retail,BI100084,2025-07,PNW,1,69.35
vet_clinic,BI100084,2025-07,SE,1,69.35
vet_clinic,BI100084,2025-07,MW,1,69.35
vet_clinic,BI100084,2025-07,MTN,1,69.35
vet_clinic,BI100084,2025-07,PSW,1,69.35
vet_clinic,BI100084,2025-07,PNW,1,69.35
ecom_national,CW500036,2025-08,NE,1,69.35
ecom_national,CW500036,2025-08,MA,1,69.35
ecom_national,CW500036,2025-08,MW,1,69.35
ecom_national,CW500036,2025-08,TX,1,69.35
ecom_national,CW500036,2025-08,PSW,1,69.35
ecom_national,CW500036,2025-08,PNW,2,138.7
retail,BI100084,2025-08,MA,1,69.35
retail,BI100084,2025-08,SE,1,69.35
retail,BI100084,2025-08,TX,1,69.35
retail,BI100084,2025-08,MTN,1,69.35
retail,BI100084,2025-08,PSW,1,69.35
retail,BI100084,2025-08,PNW,1,69.35
vet_clinic,BI100084,2025-08,NE,1,69.35
vet_clinic,BI100084,2025-08,MA,1,69.35
vet_clinic,BI100084,2025-08,TX,1,69.35
vet_clinic,BI100084,2025-08,MTN,1,69.35
vet_clinic,BI100084,2025-08,PSW,1,69.35
ecom_national,CW500036,2025-09,MA,1,69.35
ecom_national,CW500036,2025-09,SE,1,69.35
ecom_national,CW500036,2025-09,MTN,1,69.35
ecom_national,CW500036,2025-09,PSW,1,69.35
ecom_national,CW500036,2025-09,PNW,1,69.35
retail,BI100084,2025-09,NE,1,69.35
retail,BI100084,2025-09,TX,1,69.35
retail,BI100084,2025-09,MTN,1,69.35
retail,BI100084,2025-09,PSW,1,69.35
retail,BI100084,2025-09,PNW,1,69.35
vet_clinic,BI100084,2025-09,SE,1,69.35
vet_clinic,BI100084,2025-09,MTN,1,69.35
vet_clinic,BI100084,2025-09,PNW,1,69.35
ecom_national,CW500036,2025-10,MA,1,69.35
ecom_national,CW500036,2025-10,SE,1,69.35
ecom_national,CW500036,2025-10,MW,1,69.35
ecom_national,CW500036,2025-10,TX,1,69.35
ecom_national,CW500036,2025-10,MTN,2,138.7
ecom_national,CW500036,2025-10,PSW,1,69.35
ecom_national,CW500036,2025-10,PNW,1,69.35
retail,BI100084,2025-10,NE,1,69.35
retail,BI100084,2025-10,SE,1,69.35
retail,BI100084,2025-10,TX,1,69.35
retail,BI100084,2025-10,MTN,1,69.35
retail,BI100084,2025-10,PSW,1,69.35
vet_clinic,BI100084,2025-10,NE,1,69.35
ecom_national,CW500036,2025-11,NE,1,69.35
ecom_national,CW500036,2025-11,MA,1,69.35
ecom_national,CW500036,2025-11,TX,1,69.35
ecom_national,CW500036,2025-11,MTN,1,69.35
ecom_national,CW500036,2025-11,PSW,1,69.35
ecom_national,CW500036,2025-11,PNW,1,69.35
retail,BI100084,2025-11,MA,1,69.35
retail,BI100084,2025-11,MW,1,69.35
retail,BI100084,2025-11,TX,1,69.35
ecom_national,CW500036,2025-12,NE,1,69.35
ecom_national,CW500036,2025-12,MA,1,69.35
ecom_national,CW500036,2025-12,SE,1,69.35
ecom_national,CW500036,2025-12,MW,1,69.35
ecom_national,CW500036,2025-12,TX,1,69.35
ecom_national,CW500036,2025-12,PSW,1,69.35
ecom_national,CW500036,2025-12,PNW,1,69.35
retail,BI100084,2025-12,SE,1,69.35
retail,BI100084,2025-12,TX,1,69.35
retail,BI100084,2025-12,MTN,1,69.35
retail,BI100084,2025-12,PSW,1,69.35
retail,BI100084,2025-12,PNW,1,69.35
vet_clinic,BI100084,2025-12,NE,1,69.35
vet_clinic,BI100084,2025-12,SE,1,69.35
vet_clinic,BI100084,2025-12,PSW,1,69.35
ecom_national,CW500039,2024-02,MTN,1,133.38
ecom_national,CW500039,2024-04,NE,1,133.38
ecom_national,CW500039,2024-04,MA,1,133.38
ecom_national,CW500039,2024-04,PNW,1,133.38
ecom_national,CW500039,2024-05,MA,1,133.38
ecom_national,CW500039,2024-05,PNW,1,133.38
ecom_national,CW500039,2024-06,MA,1,133.38
ecom_national,CW500039,2024-06,MW,1,133.38
ecom_national,CW500039,2024-07,SE,1,133.38
ecom_national,CW500039,2024-07,PNW,1,133.38
ecom_national,CW500039,2024-08,MW,1,133.38
ecom_national,CW500039,2024-09,NE,1,133.38
ecom_national,CW500039,2024-10,PNW,1,133.38
ecom_national,CW500039,2024-11,NE,1,133.38
ecom_national,CW500039,2025-03,NE,1,133.38
ecom_national,CW500039,2025-04,MW,1,133.38
ecom_national,CW500039,2025-04,TX,1,133.38
ecom_national,CW500039,2025-04,PNW,1,133.38
ecom_national,CW500039,2025-05,NE,1,133.38
ecom_national,CW500039,2025-05,MA,1,133.38
ecom_national,CW500039,2025-05,TX,1,133.38
ecom_national,CW500039,2025-05,PNW,1,133.38
ecom_national,CW500039,2025-06,TX,1,133.38
ecom_national,CW500039,2025-06,MTN,1,133.38
ecom_national,CW500039,2025-07,MA,1,133.38
ecom_national,CW500039,2025-07,PNW,1,133.38
ecom_national,CW500039,2025-08,NE,1,133.38
ecom_national,CW500039,2025-08,MA,1,133.38
ecom_national,CW500039,2025-08,TX,1,133.38
ecom_national,CW500039,2025-09,MTN,1,133.38
ecom_national,CW500039,2025-11,MA,1,133.38
ecom_national,CW500039,2025-11,MTN,1,133.38
ecom_national,CW500039,2025-11,PNW,1,133.38
ecom_national,CW500042,2024-01,NE,3,128.28
ecom_national,CW500042,2024-01,MA,2,85.52
ecom_national,CW500042,2024-01,SE,2,85.52
ecom_national,CW500042,2024-01,MW,2,85.52
ecom_national,CW500042,2024-01,TX,1,42.76
ecom_national,CW500042,2024-01,MTN,1,42.76
ecom_national,CW500042,2024-01,PSW,3,128.28
ecom_national,CW500042,2024-01,PNW,2,85.52
retail,BI100098,2024-01,NE,1,42.76
retail,BI100098,2024-01,SE,1,42.76
retail,BI100098,2024-01,TX,1,42.76
retail,BI100098,2024-01,MTN,1,42.76
retail,BI100098,2024-01,PSW,1,42.76
vet_clinic,BI100098,2024-01,NE,1,42.76
vet_clinic,BI100098,2024-01,TX,1,42.76
vet_clinic,BI100098,2024-01,PSW,1,42.76
ecom_national,CW500042,2024-02,NE,1,42.76
ecom_national,CW500042,2024-02,MA,1,42.76
ecom_national,CW500042,2024-02,SE,2,85.52
ecom_national,CW500042,2024-02,MW,3,128.28
ecom_national,CW500042,2024-02,TX,2,85.52
ecom_national,CW500042,2024-02,MTN,3,128.28
ecom_national,CW500042,2024-02,PNW,1,42.76
retail,BI100098,2024-02,NE,1,42.76
retail,BI100098,2024-02,MA,1,42.76
retail,BI100098,2024-02,SE,2,85.52
retail,BI100098,2024-02,MW,2,85.52
retail,BI100098,2024-02,TX,1,42.76
retail,BI100098,2024-02,MTN,2,85.52
retail,BI100098,2024-02,PSW,1,42.76
retail,BI100098,2024-02,PNW,1,42.76
vet_clinic,BI100098,2024-02,NE,1,42.76
vet_clinic,BI100098,2024-02,MW,1,42.76
vet_clinic,BI100098,2024-02,PSW,1,42.76
vet_clinic,BI100098,2024-02,PNW,1,42.76
ecom_national,CW500042,2024-03,NE,4,171.04
ecom_national,CW500042,2024-03,SE,3,128.28
ecom_national,CW500042,2024-03,TX,3,128.28
ecom_national,CW500042,2024-03,MTN,1,42.76
ecom_national,CW500042,2024-03,PNW,1,42.76
retail,BI100098,2024-03,MA,2,85.52
retail,BI100098,2024-03,TX,2,85.52
retail,BI100098,2024-03,PSW,1,42.76
vet_clinic,BI100098,2024-03,MA,1,42.76
vet_clinic,BI100098,2024-03,SE,1,42.76
vet_clinic,BI100098,2024-03,MW,1,42.76
vet_clinic,BI100098,2024-03,TX,1,42.76
vet_clinic,BI100098,2024-03,MTN,1,42.76
vet_clinic,BI100098,2024-03,PSW,1,42.76
vet_clinic,BI100098,2024-03,PNW,1,42.76
ecom_national,CW500042,2024-04,NE,3,128.28
ecom_national,CW500042,2024-04,MA,2,85.52
ecom_national,CW500042,2024-04,SE,3,128.28
ecom_national,CW500042,2024-04,MW,3,128.28
ecom_national,CW500042,2024-04,TX,3,128.28
ecom_national,CW500042,2024-04,MTN,3,128.28
ecom_national,CW500042,2024-04,PSW,4,171.04
ecom_national,CW500042,2024-04,PNW,2,85.52
retail,BI100098,2024-04,NE,1,42.76
retail,BI100098,2024-04,MA,1,42.76
retail,BI100098,2024-04,SE,1,42.76
retail,BI100098,2024-04,TX,1,42.76
retail,BI100098,2024-04,PSW,2,85.52
vet_clinic,BI100098,2024-04,MA,1,42.76
vet_clinic,BI100098,2024-04,SE,1,42.76
vet_clinic,BI100098,2024-04,MW,1,42.76
vet_clinic,BI100098,2024-04,MTN,1,42.76
vet_clinic,BI100098,2024-04,PSW,2,85.52
ecom_national,CW500042,2024-05,NE,1,42.76
ecom_national,CW500042,2024-05,MA,1,42.76
ecom_national,CW500042,2024-05,SE,3,128.28
ecom_national,CW500042,2024-05,MW,4,171.04
ecom_national,CW500042,2024-05,TX,3,128.28
ecom_national,CW500042,2024-05,PSW,2,85.52
retail,BI100098,2024-05,MA,1,42.76
retail,BI100098,2024-05,SE,1,42.76
retail,BI100098,2024-05,MW,1,42.76
retail,BI100098,2024-05,TX,1,42.76
retail,BI100098,2024-05,MTN,3,128.28
vet_clinic,BI100098,2024-05,MA,1,42.76
vet_clinic,BI100098,2024-05,SE,1,42.76
vet_clinic,BI100098,2024-05,MW,1,42.76
vet_clinic,BI100098,2024-05,MTN,1,42.76
vet_clinic,BI100098,2024-05,PNW,1,42.76
ecom_national,CW500042,2024-06,NE,4,171.04
ecom_national,CW500042,2024-06,MA,3,128.28
ecom_national,CW500042,2024-06,SE,1,42.76
ecom_national,CW500042,2024-06,MW,1,42.76
ecom_national,CW500042,2024-06,TX,3,128.28
ecom_national,CW500042,2024-06,MTN,1,42.76
ecom_national,CW500042,2024-06,PSW,3,128.28
ecom_national,CW500042,2024-06,PNW,2,85.52
retail,BI100098,2024-06,NE,1,42.76
retail,BI100098,2024-06,MA,2,85.52
retail,BI100098,2024-06,SE,2,85.52
retail,BI100098,2024-06,MW,2,85.52
retail,BI100098,2024-06,TX,1,42.76
retail,BI100098,2024-06,MTN,2,85.52
retail,BI100098,2024-06,PSW,1,42.76
retail,BI100098,2024-06,PNW,1,42.76
vet_clinic,BI100098,2024-06,NE,1,42.76
vet_clinic,BI100098,2024-06,MA,1,42.76
vet_clinic,BI100098,2024-06,TX,1,42.76
vet_clinic,BI100098,2024-06,MTN,2,85.52
vet_clinic,BI100098,2024-06,PNW,1,42.76
ecom_national,CW500042,2024-07,NE,3,128.28
ecom_national,CW500042,2024-07,MA,2,85.52
ecom_national,CW500042,2024-07,SE,4,171.04
ecom_national,CW500042,2024-07,MW,1,42.76
ecom_national,CW500042,2024-07,TX,2,85.52
ecom_national,CW500042,2024-07,MTN,2,85.52
ecom_national,CW500042,2024-07,PSW,3,128.28
retail,BI100098,2024-07,NE,1,42.76
retail,BI100098,2024-07,SE,2,85.52
retail,BI100098,2024-07,MW,1,42.76
retail,BI100098,2024-07,TX,1,42.76
retail,BI100098,2024-07,MTN,3,128.28
retail,BI100098,2024-07,PSW,1,42.76
retail,BI100098,2024-07,PNW,2,85.52
vet_clinic,BI100098,2024-07,MA,1,42.76
vet_clinic,BI100098,2024-07,SE,1,42.76
vet_clinic,BI100098,2024-07,MW,1,42.76
vet_clinic,BI100098,2024-07,TX,1,42.76
vet_clinic,BI100098,2024-07,MTN,1,42.76
vet_clinic,BI100098,2024-07,PSW,1,42.76
ecom_national,CW500042,2024-08,NE,1,42.76
ecom_national,CW500042,2024-08,MA,2,85.52
ecom_national,CW500042,2024-08,SE,3,128.28
ecom_national,CW500042,2024-08,MW,4,171.04
ecom_national,CW500042,2024-08,MTN,4,171.04
ecom_national,CW500042,2024-08,PSW,1,42.76
retail,BI100098,2024-08,NE,1,42.76
retail,BI100098,2024-08,MA,2,85.52
retail,BI100098,2024-08,MW,1,42.76
retail,BI100098,2024-08,TX,1,42.76
retail,BI100098,2024-08,MTN,2,85.52
retail,BI100098,2024-08,PNW,1,42.76
vet_clinic,BI100098,2024-08,NE,1,42.76
vet_clinic,BI100098,2024-08,SE,2,85.52
vet_clinic,BI100098,2024-08,MW,2,85.52
vet_clinic,BI100098,2024-08,MTN,1,42.76
vet_clinic,BI100098,2024-08,PSW,2,85.52
ecom_national,CW500042,2024-09,NE,1,42.76
ecom_national,CW500042,2024-09,MA,2,85.52
ecom_national,CW500042,2024-09,SE,4,171.04
ecom_national,CW500042,2024-09,MW,1,42.76
ecom_national,CW500042,2024-09,TX,2,85.52
ecom_national,CW500042,2024-09,PSW,1,42.76
ecom_national,CW500042,2024-09,PNW,2,85.52
retail,BI100098,2024-09,NE,1,42.76
retail,BI100098,2024-09,MA,1,42.76
retail,BI100098,2024-09,SE,1,42.76
retail,BI100098,2024-09,MW,1,42.76
retail,BI100098,2024-09,TX,1,42.76
retail,BI100098,2024-09,MTN,2,85.52
retail,BI100098,2024-09,PSW,2,85.52
retail,BI100098,2024-09,PNW,1,42.76
vet_clinic,BI100098,2024-09,SE,2,85.52
vet_clinic,BI100098,2024-09,MW,1,42.76
vet_clinic,BI100098,2024-09,TX,1,42.76
vet_clinic,BI100098,2024-09,MTN,1,42.76
vet_clinic,BI100098,2024-09,PSW,2,85.52
ecom_national,CW500042,2024-10,NE,3,128.28
ecom_national,CW500042,2024-10,MA,2,85.52
ecom_national,CW500042,2024-10,SE,2,85.52
ecom_national,CW500042,2024-10,MW,2,85.52
ecom_national,CW500042,2024-10,TX,3,128.28
ecom_national,CW500042,2024-10,MTN,3,128.28
ecom_national,CW500042,2024-10,PSW,1,42.76
ecom_national,CW500042,2024-10,PNW,2,85.52
retail,BI100098,2024-10,NE,2,85.52
retail,BI100098,2024-10,SE,2,85.52
retail,BI100098,2024-10,MTN,2,85.52
vet_clinic,BI100098,2024-10,NE,1,42.76
vet_clinic,BI100098,2024-10,MA,1,42.76
vet_clinic,BI100098,2024-10,SE,1,42.76
vet_clinic,BI100098,2024-10,MW,1,42.76
vet_clinic,BI100098,2024-10,TX,1,42.76
vet_clinic,BI100098,2024-10,MTN,1,42.76
ecom_national,CW500042,2024-11,NE,2,85.52
ecom_national,CW500042,2024-11,MA,3,128.28
ecom_national,CW500042,2024-11,SE,1,42.76
ecom_national,CW500042,2024-11,MW,1,42.76
ecom_national,CW500042,2024-11,TX,1,42.76
ecom_national,CW500042,2024-11,MTN,1,42.76
ecom_national,CW500042,2024-11,PSW,2,85.52
ecom_national,CW500042,2024-11,PNW,2,85.52
retail,BI100098,2024-11,NE,2,85.52
retail,BI100098,2024-11,SE,2,85.52
retail,BI100098,2024-11,MW,1,42.76
retail,BI100098,2024-11,TX,1,42.76
retail,BI100098,2024-11,MTN,1,42.76
retail,BI100098,2024-11,PNW,1,42.76
vet_clinic,BI100098,2024-11,MA,1,42.76
vet_clinic,BI100098,2024-11,MW,1,42.76
vet_clinic,BI100098,2024-11,TX,1,42.76
vet_clinic,BI100098,2024-11,PSW,1,42.76
ecom_national,CW500042,2024-12,NE,1,42.76
ecom_national,CW500042,2024-12,MA,1,42.76
ecom_national,CW500042,2024-12,SE,1,42.76
ecom_national,CW500042,2024-12,TX,2,85.52
ecom_national,CW500042,2024-12,MTN,2,85.52
ecom_national,CW500042,2024-12,PSW,1,42.76
ecom_national,CW500042,2024-12,PNW,2,85.52
retail,BI100098,2024-12,MW,1,42.76
retail,BI100098,2024-12,TX,1,42.76
retail,BI100098,2024-12,MTN,1,42.76
retail,BI100098,2024-12,PSW,2,85.52
retail,BI100098,2024-12,PNW,1,42.76
vet_clinic,BI100098,2024-12,NE,1,42.76
vet_clinic,BI100098,2024-12,SE,1,42.76
vet_clinic,BI100098,2024-12,MW,1,42.76
vet_clinic,BI100098,2024-12,TX,1,42.76
vet_clinic,BI100098,2024-12,MTN,1,42.76
vet_clinic,BI100098,2024-12,PSW,1,42.76
vet_clinic,BI100098,2024-12,PNW,1,42.76
ecom_national,CW500042,2025-01,NE,3,128.28
ecom_national,CW500042,2025-01,MA,2,85.52
ecom_national,CW500042,2025-01,SE,2,85.52
ecom_national,CW500042,2025-01,MW,3,128.28
ecom_national,CW500042,2025-01,TX,3,128.28
ecom_national,CW500042,2025-01,MTN,2,85.52
ecom_national,CW500042,2025-01,PSW,1,42.76
ecom_national,CW500042,2025-01,PNW,1,42.76
retail,BI100098,2025-01,NE,1,42.76
retail,BI100098,2025-01,SE,2,85.52
retail,BI100098,2025-01,MW,1,42.76
retail,BI100098,2025-01,MTN,2,85.52
retail,BI100098,2025-01,PSW,1,42.76
retail,BI100098,2025-01,PNW,1,42.76
vet_clinic,BI100098,2025-01,NE,1,42.76
vet_clinic,BI100098,2025-01,SE,2,85.52
vet_clinic,BI100098,2025-01,MW,1,42.76
vet_clinic,BI100098,2025-01,MTN,1,42.76
vet_clinic,BI100098,2025-01,PSW,1,42.76
ecom_national,CW500042,2025-02,NE,3,128.28
ecom_national,CW500042,2025-02,MA,1,42.76
ecom_national,CW500042,2025-02,SE,1,42.76
ecom_national,CW500042,2025-02,MW,2,85.52
ecom_national,CW500042,2025-02,PSW,2,85.52
ecom_national,CW500042,2025-02,PNW,1,42.76
retail,BI100098,2025-02,NE,1,42.76
retail,BI100098,2025-02,SE,1,42.76
retail,BI100098,2025-02,MW,1,42.76
retail,BI100098,2025-02,MTN,2,85.52
retail,BI100098,2025-02,PSW,1,42.76
vet_clinic,BI100098,2025-02,MA,1,42.76
vet_clinic,BI100098,2025-02,SE,2,85.52
vet_clinic,BI100098,2025-02,MW,1,42.76
vet_clinic,BI100098,2025-02,TX,1,42.76
vet_clinic,BI100098,2025-02,PSW,1,42.76
ecom_national,CW500042,2025-03,NE,3,128.28
ecom_national,CW500042,2025-03,MA,1,42.76
ecom_national,CW500042,2025-03,SE,2,85.52
ecom_national,CW500042,2025-03,MW,3,128.28
ecom_national,CW500042,2025-03,MTN,3,128.28
ecom_national,CW500042,2025-03,PSW,4,171.04
ecom_national,CW500042,2025-03,PNW,3,128.28
retail,BI100098,2025-03,MA,1,42.76
retail,BI100098,2025-03,MW,2,85.52
retail,BI100098,2025-03,TX,1,42.76
retail,BI100098,2025-03,MTN,2,85.52
retail,BI100098,2025-03,PSW,2,85.52
vet_clinic,BI100098,2025-03,SE,1,42.76
vet_clinic,BI100098,2025-03,MW,1,42.76
vet_clinic,BI100098,2025-03,TX,1,42.76
vet_clinic,BI100098,2025-03,MTN,2,85.52
vet_clinic,BI100098,2025-03,PSW,1,42.76
vet_clinic,BI100098,2025-03,PNW,1,42.76
ecom_national,CW500042,2025-04,NE,2,85.52
ecom_national,CW500042,2025-04,SE,4,171.04
ecom_national,CW500042,2025-04,MW,4,171.04
ecom_national,CW500042,2025-04,TX,3,128.28
ecom_national,CW500042,2025-04,MTN,3,128.28
ecom_national,CW500042,2025-04,PSW,3,128.28
ecom_national,CW500042,2025-04,PNW,3,128.28
retail,BI100098,2025-04,MA,2,85.52
retail,BI100098,2025-04,MW,1,42.76
retail,BI100098,2025-04,TX,1,42.76
retail,BI100098,2025-04,MTN,3,128.28
retail,BI100098,2025-04,PSW,2,85.52
retail,BI100098,2025-04,PNW,1,42.76
vet_clinic,BI100098,2025-04,MA,2,85.52
vet_clinic,BI100098,2025-04,SE,1,42.76
vet_clinic,BI100098,2025-04,MW,1,42.76
vet_clinic,BI100098,2025-04,MTN,1,42.76
vet_clinic,BI100098,2025-04,PSW,1,42.76
ecom_national,CW500042,2025-05,MA,3,128.28
ecom_national,CW500042,2025-05,SE,3,128.28
ecom_national,CW500042,2025-05,MW,3,128.28
ecom_national,CW500042,2025-05,MTN,1,42.76
ecom_national,CW500042,2025-05,PSW,5,213.8
ecom_national,CW500042,2025-05,PNW,2,85.52
retail,BI100098,2025-05,NE,1,42.76
retail,BI100098,2025-05,MA,1,42.76
retail,BI100098,2025-05,SE,1,42.76
retail,BI100098,2025-05,MW,1,42.76
retail,BI100098,2025-05,TX,1,42.76
retail,BI100098,2025-05,MTN,1,42.76
retail,BI100098,2025-05,PSW,3,128.28
vet_clinic,BI100098,2025-05,NE,1,42.76
vet_clinic,BI100098,2025-05,MA,1,42.76
vet_clinic,BI100098,2025-05,SE,2,85.52
vet_clinic,BI100098,2025-05,MW,1,42.76
vet_clinic,BI100098,2025-05,TX,1,42.76
vet_clinic,BI100098,2025-05,MTN,1,42.76
vet_clinic,BI100098,2025-05,PNW,1,42.76
ecom_national,CW500042,2025-06,NE,2,85.52
ecom_national,CW500042,2025-06,MA,2,85.52
ecom_national,CW500042,2025-06,SE,5,213.8
ecom_national,CW500042,2025-06,MW,1,42.76
ecom_national,CW500042,2025-06,TX,1,42.76
ecom_national,CW500042,2025-06,MTN,4,171.04
ecom_national,CW500042,2025-06,PSW,4,171.04
ecom_national,CW500042,2025-06,PNW,2,85.52
retail,BI100098,2025-06,NE,1,42.76
retail,BI100098,2025-06,MA,1,42.76
retail,BI100098,2025-06,MW,1,42.76
retail,BI100098,2025-06,MTN,2,85.52
retail,BI100098,2025-06,PNW,2,85.52
vet_clinic,BI100098,2025-06,NE,2,85.52
vet_clinic,BI100098,2025-06,MA,1,42.76
vet_clinic,BI100098,2025-06,SE,1,42.76
vet_clinic,BI100098,2025-06,MW,1,42.76
vet_clinic,BI100098,2025-06,TX,2,85.52
vet_clinic,BI100098,2025-06,MTN,1,42.76
vet_clinic,BI100098,2025-06,PSW,1,42.76
ecom_national,CW500042,2025-07,NE,3,128.28
ecom_national,CW500042,2025-07,MA,3,128.28
ecom_national,CW500042,2025-07,SE,5,213.8
ecom_national,CW500042,2025-07,MW,1,42.76
ecom_national,CW500042,2025-07,TX,1,42.76
ecom_national,CW500042,2025-07,MTN,3,128.28
ecom_national,CW500042,2025-07,PSW,5,213.8
ecom_national,CW500042,2025-07,PNW,2,85.52
retail,BI100098,2025-07,MA,1,42.76
retail,BI100098,2025-07,SE,3,128.28
retail,BI100098,2025-07,TX,1,42.76
retail,BI100098,2025-07,MTN,1,42.76
retail,BI100098,2025-07,PNW,2,85.52
vet_clinic,BI100098,2025-07,NE,1,42.76
vet_clinic,BI100098,2025-07,MA,1,42.76
vet_clinic,BI100098,2025-07,SE,2,85.52
vet_clinic,BI100098,2025-07,MW,1,42.76
vet_clinic,BI100098,2025-07,PNW,1,42.76
ecom_national,CW500042,2025-08,MA,1,42.76
ecom_national,CW500042,2025-08,SE,2,85.52
ecom_national,CW500042,2025-08,MW,1,42.76
ecom_national,CW500042,2025-08,TX,3,128.28
ecom_national,CW500042,2025-08,MTN,1,42.76
ecom_national,CW500042,2025-08,PSW,4,171.04
retail,BI100098,2025-08,NE,2,85.52
retail,BI100098,2025-08,MA,1,42.76
retail,BI100098,2025-08,SE,1,42.76
retail,BI100098,2025-08,MW,1,42.76
retail,BI100098,2025-08,TX,2,85.52
retail,BI100098,2025-08,MTN,1,42.76
vet_clinic,BI100098,2025-08,NE,1,42.76
vet_clinic,BI100098,2025-08,MA,1,42.76
vet_clinic,BI100098,2025-08,MW,2,85.52
vet_clinic,BI100098,2025-08,TX,1,42.76
vet_clinic,BI100098,2025-08,MTN,2,85.52
ecom_national,CW500042,2025-09,SE,4,171.04
ecom_national,CW500042,2025-09,MW,1,42.76
ecom_national,CW500042,2025-09,TX,1,42.76
ecom_national,CW500042,2025-09,MTN,2,85.52
ecom_national,CW500042,2025-09,PSW,4,171.04
ecom_national,CW500042,2025-09,PNW,3,128.28
retail,BI100098,2025-09,NE,1,42.76
retail,BI100098,2025-09,SE,1,42.76
retail,BI100098,2025-09,MW,1,42.76
retail,BI100098,2025-09,MTN,2,85.52
retail,BI100098,2025-09,PSW,2,85.52
vet_clinic,BI100098,2025-09,NE,1,42.76
vet_clinic,BI100098,2025-09,MA,1,42.76
vet_clinic,BI100098,2025-09,SE,1,42.76
vet_clinic,BI100098,2025-09,MW,1,42.76
vet_clinic,BI100098,2025-09,TX,1,42.76
vet_clinic,BI100098,2025-09,MTN,2,85.52
vet_clinic,BI100098,2025-09,PNW,1,42.76
ecom_national,CW500042,2025-10,NE,2,85.52
ecom_national,CW500042,2025-10,SE,2,85.52
ecom_national,CW500042,2025-10,MW,1,42.76
ecom_national,CW500042,2025-10,TX,1,42.76
ecom_national,CW500042,2025-10,MTN,2,85.52
ecom_national,CW500042,2025-10,PSW,1,42.76
ecom_national,CW500042,2025-10,PNW,1,42.76
retail,BI100098,2025-10,SE,2,85.52
retail,BI100098,2025-10,MW,2,85.52
retail,BI100098,2025-10,TX,1,42.76
retail,BI100098,2025-10,MTN,1,42.76
retail,BI100098,2025-10,PSW,2,85.52
vet_clinic,BI100098,2025-10,NE,1,42.76
vet_clinic,BI100098,2025-10,SE,2,85.52
vet_clinic,BI100098,2025-10,MW,1,42.76
vet_clinic,BI100098,2025-10,TX,1,42.76
vet_clinic,BI100098,2025-10,MTN,2,85.52
vet_clinic,BI100098,2025-10,PSW,1,42.76
vet_clinic,BI100098,2025-10,PNW,1,42.76
ecom_national,CW500042,2025-11,NE,4,171.04
ecom_national,CW500042,2025-11,MA,2,85.52
ecom_national,CW500042,2025-11,SE,3,128.28
ecom_national,CW500042,2025-11,MW,2,85.52
ecom_national,CW500042,2025-11,TX,1,42.76
ecom_national,CW500042,2025-11,MTN,2,85.52
ecom_national,CW500042,2025-11,PSW,3,128.28
ecom_national,CW500042,2025-11,PNW,1,42.76
retail,BI100098,2025-11,NE,1,42.76
retail,BI100098,2025-11,SE,1,42.76
retail,BI100098,2025-11,MW,1,42.76
retail,BI100098,2025-11,MTN,2,85.52
retail,BI100098,2025-11,PSW,2,85.52
retail,BI100098,2025-11,PNW,1,42.76
vet_clinic,BI100098,2025-11,MTN,1,42.76
ecom_national,CW500042,2025-12,NE,1,42.76
ecom_national,CW500042,2025-12,MA,1,42.76
ecom_national,CW500042,2025-12,SE,3,128.28
ecom_national,CW500042,2025-12,MW,1,42.76
ecom_national,CW500042,2025-12,TX,2,85.52
ecom_national,CW500042,2025-12,MTN,2,85.52
ecom_national,CW500042,2025-12,PNW,1,42.76
retail,BI100098,2025-12,MA,1,42.76
retail,BI100098,2025-12,SE,2,85.52
retail,BI100098,2025-12,MW,1,42.76
retail,BI100098,2025-12,TX,1,42.76
retail,BI100098,2025-12,MTN,2,85.52
retail,BI100098,2025-12,PSW,2,85.52
retail,BI100098,2025-12,PNW,2,85.52
vet_clinic,BI100098,2025-12,MA,1,42.76
vet_clinic,BI100098,2025-12,SE,1,42.76
vet_clinic,BI100098,2025-12,MW,1,42.76
vet_clinic,BI100098,2025-12,TX,1,42.76
vet_clinic,BI100098,2025-12,MTN,1,42.76
vet_clinic,BI100098,2025-12,PSW,1,42.76
vet_clinic,BI100098,2025-12,PNW,1,42.76
ecom_national,CW500045,2024-01,NE,1,198.04
ecom_national,CW500045,2024-01,MA,1,198.04
ecom_national,CW500045,2024-01,SE,1,198.04
ecom_national,CW500045,2024-01,MW,3,594.12
ecom_national,CW500045,2024-01,MTN,3,594.12
ecom_national,CW500045,2024-01,PSW,2,396.08
ecom_national,CW500045,2024-01,PNW,2,396.08
retail,BI100105,2024-01,NE,1,198.04
retail,BI100105,2024-01,MA,1,198.04
retail,BI100105,2024-01,SE,2,396.08
retail,BI100105,2024-01,MW,2,396.08
retail,BI100105,2024-01,MTN,1,198.04
retail,BI100105,2024-01,PSW,1,198.04
retail,BI100105,2024-01,PNW,1,198.04
vet_clinic,BI100105,2024-01,MA,1,198.04
vet_clinic,BI100105,2024-01,SE,1,198.04
vet_clinic,BI100105,2024-01,MW,1,198.04
vet_clinic,BI100105,2024-01,TX,2,396.08
vet_clinic,BI100105,2024-01,MTN,1,198.04
ecom_national,CW500045,2024-02,NE,2,396.08
ecom_national,CW500045,2024-02,MA,2,396.08
ecom_national,CW500045,2024-02,SE,1,198.04
ecom_national,CW500045,2024-02,MW,1,198.04
ecom_national,CW500045,2024-02,TX,4,792.16
ecom_national,CW500045,2024-02,MTN,3,594.12
ecom_national,CW500045,2024-02,PSW,4,792.16
ecom_national,CW500045,2024-02,PNW,2,396.08
retail,BI100105,2024-02,NE,1,198.04
retail,BI100105,2024-02,SE,1,198.04
retail,BI100105,2024-02,MW,1,198.04
retail,BI100105,2024-02,TX,2,396.08
retail,BI100105,2024-02,MTN,2,396.08
retail,BI100105,2024-02,PSW,1,198.04
retail,BI100105,2024-02,PNW,1,198.04
vet_clinic,BI100105,2024-02,NE,1,198.04
vet_clinic,BI100105,2024-02,SE,1,198.04
vet_clinic,BI100105,2024-02,MW,1,198.04
vet_clinic,BI100105,2024-02,MTN,1,198.04
vet_clinic,BI100105,2024-02,PSW,1,198.04
vet_clinic,BI100105,2024-02,PNW,1,198.04
ecom_national,CW500045,2024-03,MA,2,396.08
ecom_national,CW500045,2024-03,SE,4,792.16
ecom_national,CW500045,2024-03,MW,3,594.12
ecom_national,CW500045,2024-03,TX,2,396.08
ecom_national,CW500045,2024-03,MTN,3,594.12
ecom_national,CW500045,2024-03,PSW,1,198.04
retail,BI100105,2024-03,NE,2,396.08
retail,BI100105,2024-03,MA,2,396.08
retail,BI100105,2024-03,SE,1,198.04
retail,BI100105,2024-03,MW,1,198.04
retail,BI100105,2024-03,TX,1,198.04
retail,BI100105,2024-03,MTN,1,198.04
retail,BI100105,2024-03,PSW,2,396.08
retail,BI100105,2024-03,PNW,1,198.04
vet_clinic,BI100105,2024-03,MA,1,198.04
vet_clinic,BI100105,2024-03,MW,1,198.04
vet_clinic,BI100105,2024-03,TX,1,198.04
vet_clinic,BI100105,2024-03,MTN,2,396.08
vet_clinic,BI100105,2024-03,PNW,1,198.04
ecom_national,CW500045,2024-04,NE,2,396.08
ecom_national,CW500045,2024-04,MA,1,198.04
ecom_national,CW500045,2024-04,SE,3,594.12
ecom_national,CW500045,2024-04,MW,2,396.08
ecom_national,CW500045,2024-04,TX,3,594.12
ecom_national,CW500045,2024-04,MTN,1,198.04
ecom_national,CW500045,2024-04,PSW,3,594.12
ecom_national,CW500045,2024-04,PNW,1,198.04
retail,BI100105,2024-04,MA,2,396.08
retail,BI100105,2024-04,SE,1,198.04
retail,BI100105,2024-04,MTN,3,594.12
retail,BI100105,2024-04,PSW,1,198.04
retail,BI100105,2024-04,PNW,2,396.08
vet_clinic,BI100105,2024-04,NE,1,198.04
vet_clinic,BI100105,2024-04,MA,1,198.04
vet_clinic,BI100105,2024-04,SE,2,396.08
vet_clinic,BI100105,2024-04,TX,2,396.08
vet_clinic,BI100105,2024-04,PSW,1,198.04
ecom_national,CW500045,2024-05,MA,1,198.04
ecom_national,CW500045,2024-05,SE,1,198.04
ecom_national,CW500045,2024-05,MW,3,594.12
ecom_national,CW500045,2024-05,TX,2,396.08
ecom_national,CW500045,2024-05,MTN,2,396.08
ecom_national,CW500045,2024-05,PSW,3,594.12
ecom_national,CW500045,2024-05,PNW,1,198.04
retail,BI100105,2024-05,MA,2,396.08
retail,BI100105,2024-05,SE,2,396.08
retail,BI100105,2024-05,MW,2,396.08
retail,BI100105,2024-05,TX,1,198.04
retail,BI100105,2024-05,MTN,2,396.08
retail,BI100105,2024-05,PSW,2,396.08
retail,BI100105,2024-05,PNW,2,396.08
vet_clinic,BI100105,2024-05,NE,1,198.04
vet_clinic,BI100105,2024-05,MA,1,198.04
vet_clinic,BI100105,2024-05,MW,2,396.08
vet_clinic,BI100105,2024-05,MTN,1,198.04
vet_clinic,BI100105,2024-05,PSW,1,198.04
vet_clinic,BI100105,2024-05,PNW,1,198.04
ecom_national,CW500045,2024-06,NE,4,792.16
ecom_national,CW500045,2024-06,MA,2,396.08
ecom_national,CW500045,2024-06,SE,2,396.08
ecom_national,CW500045,2024-06,MW,1,198.04
ecom_national,CW500045,2024-06,TX,4,792.16
ecom_national,CW500045,2024-06,MTN,3,594.12
ecom_national,CW500045,2024-06,PNW,1,198.04
retail,BI100105,2024-06,NE,1,198.04
retail,BI100105,2024-06,MA,1,198.04
retail,BI100105,2024-06,SE,1,198.04
retail,BI100105,2024-06,MW,2,396.08
retail,BI100105,2024-06,TX,3,594.12
retail,BI100105,2024-06,PSW,2,396.08
retail,BI100105,2024-06,PNW,2,396.08
vet_clinic,BI100105,2024-06,MA,1,198.04
vet_clinic,BI100105,2024-06,SE,2,396.08
vet_clinic,BI100105,2024-06,MW,1,198.04
vet_clinic,BI100105,2024-06,TX,1,198.04
vet_clinic,BI100105,2024-06,PSW,1,198.04
vet_clinic,BI100105,2024-06,PNW,1,198.04
ecom_national,CW500045,2024-07,NE,2,396.08
ecom_national,CW500045,2024-07,MA,1,198.04
ecom_national,CW500045,2024-07,SE,1,198.04
ecom_national,CW500045,2024-07,MW,1,198.04
ecom_national,CW500045,2024-07,TX,5,990.2
ecom_national,CW500045,2024-07,MTN,5,990.2
ecom_national,CW500045,2024-07,PSW,2,396.08
ecom_national,CW500045,2024-07,PNW,2,396.08
retail,BI100105,2024-07,MA,1,198.04
retail,BI100105,2024-07,MW,2,396.08
retail,BI100105,2024-07,TX,2,396.08
retail,BI100105,2024-07,MTN,3,594.12
retail,BI100105,2024-07,PSW,1,198.04
retail,BI100105,2024-07,PNW,1,198.04
vet_clinic,BI100105,2024-07,NE,1,198.04
vet_clinic,BI100105,2024-07,MW,1,198.04
vet_clinic,BI100105,2024-07,MTN,1,198.04
vet_clinic,BI100105,2024-07,PNW,1,198.04
ecom_national,CW500045,2024-08,NE,2,396.08
ecom_national,CW500045,2024-08,MA,2,396.08
ecom_national,CW500045,2024-08,SE,2,396.08
ecom_national,CW500045,2024-08,MW,3,594.12
ecom_national,CW500045,2024-08,TX,2,396.08
ecom_national,CW500045,2024-08,MTN,3,594.12
ecom_national,CW500045,2024-08,PSW,2,396.08
ecom_national,CW500045,2024-08,PNW,1,198.04
retail,BI100105,2024-08,NE,2,396.08
retail,BI100105,2024-08,MA,2,396.08
retail,BI100105,2024-08,SE,2,396.08
retail,BI100105,2024-08,TX,1,198.04
retail,BI100105,2024-08,MTN,2,396.08
retail,BI100105,2024-08,PSW,1,198.04
retail,BI100105,2024-08,PNW,2,396.08
vet_clinic,BI100105,2024-08,MA,1,198.04
vet_clinic,BI100105,2024-08,SE,2,396.08
vet_clinic,BI100105,2024-08,TX,2,396.08
vet_clinic,BI100105,2024-08,MTN,2,396.08
vet_clinic,BI100105,2024-08,PSW,1,198.04
vet_clinic,BI100105,2024-08,PNW,1,198.04
ecom_national,CW500045,2024-09,NE,2,396.08
ecom_national,CW500045,2024-09,MA,2,396.08
ecom_national,CW500045,2024-09,SE,2,396.08
ecom_national,CW500045,2024-09,MW,2,396.08
ecom_national,CW500045,2024-09,TX,4,792.16
ecom_national,CW500045,2024-09,PSW,4,792.16
ecom_national,CW500045,2024-09,PNW,3,594.12
retail,BI100105,2024-09,NE,2,396.08
retail,BI100105,2024-09,MA,1,198.04
retail,BI100105,2024-09,SE,3,594.12
retail,BI100105,2024-09,MW,1,198.04
retail,BI100105,2024-09,TX,1,198.04
retail,BI100105,2024-09,PSW,1,198.04
vet_clinic,BI100105,2024-09,MA,1,198.04
vet_clinic,BI100105,2024-09,SE,1,198.04
vet_clinic,BI100105,2024-09,PSW,1,198.04
ecom_national,CW500045,2024-10,MA,1,198.04
ecom_national,CW500045,2024-10,SE,3,594.12
ecom_national,CW500045,2024-10,MW,2,396.08
ecom_national,CW500045,2024-10,MTN,4,792.16
ecom_national,CW500045,2024-10,PSW,2,396.08
ecom_national,CW500045,2024-10,PNW,2,396.08
retail,BI100105,2024-10,NE,1,198.04
retail,BI100105,2024-10,MA,1,198.04
retail,BI100105,2024-10,SE,2,396.08
retail,BI100105,2024-10,TX,1,198.04
retail,BI100105,2024-10,MTN,2,396.08
retail,BI100105,2024-10,PSW,1,198.04
retail,BI100105,2024-10,PNW,1,198.04
vet_clinic,BI100105,2024-10,MA,1,198.04
vet_clinic,BI100105,2024-10,SE,1,198.04
vet_clinic,BI100105,2024-10,MW,1,198.04
vet_clinic,BI100105,2024-10,MTN,1,198.04
vet_clinic,BI100105,2024-10,PNW,1,198.04
ecom_national,CW500045,2024-11,NE,1,198.04
ecom_national,CW500045,2024-11,MA,2,396.08
ecom_national,CW500045,2024-11,SE,1,198.04
ecom_national,CW500045,2024-11,MW,3,594.12
ecom_national,CW500045,2024-11,MTN,4,792.16
ecom_national,CW500045,2024-11,PSW,3,594.12
ecom_national,CW500045,2024-11,PNW,2,396.08
retail,BI100105,2024-11,NE,1,198.04
retail,BI100105,2024-11,MA,1,198.04
retail,BI100105,2024-11,SE,2,396.08
retail,BI100105,2024-11,MW,1,198.04
retail,BI100105,2024-11,TX,1,198.04
retail,BI100105,2024-11,MTN,1,198.04
retail,BI100105,2024-11,PSW,2,396.08
retail,BI100105,2024-11,PNW,1,198.04
vet_clinic,BI100105,2024-11,NE,1,198.04
vet_clinic,BI100105,2024-11,SE,1,198.04
vet_clinic,BI100105,2024-11,MTN,2,396.08
vet_clinic,BI100105,2024-11,PSW,1,198.04
vet_clinic,BI100105,2024-11,PNW,1,198.04
ecom_national,CW500045,2024-12,NE,2,396.08
ecom_national,CW500045,2024-12,MA,1,198.04
ecom_national,CW500045,2024-12,SE,2,396.08
ecom_national,CW500045,2024-12,MW,1,198.04
ecom_national,CW500045,2024-12,TX,2,396.08
ecom_national,CW500045,2024-12,MTN,1,198.04
ecom_national,CW500045,2024-12,PSW,1,198.04
ecom_national,CW500045,2024-12,PNW,1,198.04
retail,BI100105,2024-12,MA,1,198.04
retail,BI100105,2024-12,SE,2,396.08
retail,BI100105,2024-12,MW,2,396.08
retail,BI100105,2024-12,MTN,2,396.08
retail,BI100105,2024-12,PSW,1,198.04
retail,BI100105,2024-12,PNW,1,198.04
vet_clinic,BI100105,2024-12,NE,1,198.04
vet_clinic,BI100105,2024-12,MA,1,198.04
vet_clinic,BI100105,2024-12,SE,1,198.04
vet_clinic,BI100105,2024-12,TX,1,198.04
vet_clinic,BI100105,2024-12,MTN,1,198.04
vet_clinic,BI100105,2024-12,PNW,1,198.04
ecom_national,CW500045,2025-01,NE,2,396.08
ecom_national,CW500045,2025-01,MA,2,396.08
ecom_national,CW500045,2025-01,SE,2,396.08
ecom_national,CW500045,2025-01,MW,1,198.04
ecom_national,CW500045,2025-01,TX,3,594.12
ecom_national,CW500045,2025-01,MTN,1,198.04
ecom_national,CW500045,2025-01,PNW,2,396.08
retail,BI100105,2025-01,MA,2,396.08
retail,BI100105,2025-01,SE,2,396.08
retail,BI100105,2025-01,TX,3,594.12
retail,BI100105,2025-01,MTN,1,198.04
retail,BI100105,2025-01,PSW,2,396.08
vet_clinic,BI100105,2025-01,SE,1,198.04
vet_clinic,BI100105,2025-01,MTN,1,198.04
vet_clinic,BI100105,2025-01,PSW,1,198.04
vet_clinic,BI100105,2025-01,PNW,1,198.04
ecom_national,CW500045,2025-02,NE,2,396.08
ecom_national,CW500045,2025-02,MA,3,594.12
ecom_national,CW500045,2025-02,SE,1,198.04
ecom_national,CW500045,2025-02,MW,4,792.16
ecom_national,CW500045,2025-02,TX,3,594.12
ecom_national,CW500045,2025-02,PSW,1,198.04
ecom_national,CW500045,2025-02,PNW,1,198.04
retail,BI100105,2025-02,MA,2,396.08
retail,BI100105,2025-02,SE,2,396.08
retail,BI100105,2025-02,MW,1,198.04
retail,BI100105,2025-02,TX,1,198.04
retail,BI100105,2025-02,MTN,2,396.08
retail,BI100105,2025-02,PSW,2,396.08
vet_clinic,BI100105,2025-02,MA,1,198.04
vet_clinic,BI100105,2025-02,SE,1,198.04
vet_clinic,BI100105,2025-02,TX,1,198.04
vet_clinic,BI100105,2025-02,MTN,1,198.04
vet_clinic,BI100105,2025-02,PSW,1,198.04
ecom_national,CW500045,2025-03,NE,2,396.08
ecom_national,CW500045,2025-03,MA,2,396.08
ecom_national,CW500045,2025-03,SE,4,792.16
ecom_national,CW500045,2025-03,MW,3,594.12
ecom_national,CW500045,2025-03,TX,2,396.08
ecom_national,CW500045,2025-03,MTN,2,396.08
ecom_national,CW500045,2025-03,PSW,3,594.12
ecom_national,CW500045,2025-03,PNW,1,198.04
retail,BI100105,2025-03,NE,1,198.04
retail,BI100105,2025-03,SE,2,396.08
retail,BI100105,2025-03,MW,1,198.04
retail,BI100105,2025-03,TX,2,396.08
retail,BI100105,2025-03,MTN,3,594.12
retail,BI100105,2025-03,PSW,3,594.12
retail,BI100105,2025-03,PNW,1,198.04
vet_clinic,BI100105,2025-03,NE,1,198.04
vet_clinic,BI100105,2025-03,SE,1,198.04
vet_clinic,BI100105,2025-03,TX,1,198.04
vet_clinic,BI100105,2025-03,MTN,1,198.04
vet_clinic,BI100105,2025-03,PSW,1,198.04
vet_clinic,BI100105,2025-03,PNW,1,198.04
ecom_national,CW500045,2025-04,NE,2,396.08
ecom_national,CW500045,2025-04,MA,2,396.08
ecom_national,CW500045,2025-04,SE,3,594.12
ecom_national,CW500045,2025-04,MW,2,396.08
ecom_national,CW500045,2025-04,TX,4,792.16
ecom_national,CW500045,2025-04,MTN,5,990.2
ecom_national,CW500045,2025-04,PSW,1,198.04
ecom_national,CW500045,2025-04,PNW,2,396.08
retail,BI100105,2025-04,NE,2,396.08
retail,BI100105,2025-04,MA,1,198.04
retail,BI100105,2025-04,MW,2,396.08
retail,BI100105,2025-04,TX,3,594.12
retail,BI100105,2025-04,MTN,1,198.04
retail,BI100105,2025-04,PSW,1,198.04
retail,BI100105,2025-04,PNW,2,396.08
vet_clinic,BI100105,2025-04,NE,1,198.04
vet_clinic,BI100105,2025-04,MA,1,198.04
vet_clinic,BI100105,2025-04,MW,1,198.04
vet_clinic,BI100105,2025-04,MTN,1,198.04
vet_clinic,BI100105,2025-04,PSW,1,198.04
vet_clinic,BI100105,2025-04,PNW,1,198.04
ecom_national,CW500045,2025-05,NE,1,198.04
ecom_national,CW500045,2025-05,MA,2,396.08
ecom_national,CW500045,2025-05,MW,3,594.12
ecom_national,CW500045,2025-05,TX,3,594.12
ecom_national,CW500045,2025-05,MTN,3,594.12
ecom_national,CW500045,2025-05,PSW,1,198.04
ecom_national,CW500045,2025-05,PNW,1,198.04
retail,BI100105,2025-05,NE,2,396.08
retail,BI100105,2025-05,MA,2,396.08
retail,BI100105,2025-05,SE,2,396.08
retail,BI100105,2025-05,MW,3,594.12
retail,BI100105,2025-05,TX,3,594.12
retail,BI100105,2025-05,PSW,3,594.12
retail,BI100105,2025-05,PNW,1,198.04
vet_clinic,BI100105,2025-05,MA,2,396.08
vet_clinic,BI100105,2025-05,MW,2,396.08
vet_clinic,BI100105,2025-05,MTN,2,396.08
vet_clinic,BI100105,2025-05,PNW,1,198.04
ecom_national,CW500045,2025-06,NE,4,792.16
ecom_national,CW500045,2025-06,MA,3,594.12
ecom_national,CW500045,2025-06,SE,4,792.16
ecom_national,CW500045,2025-06,MW,1,198.04
ecom_national,CW500045,2025-06,TX,1,198.04
ecom_national,CW500045,2025-06,MTN,2,396.08
ecom_national,CW500045,2025-06,PSW,4,792.16
ecom_national,CW500045,2025-06,PNW,1,198.04
retail,BI100105,2025-06,NE,1,198.04
retail,BI100105,2025-06,MA,1,198.04
retail,BI100105,2025-06,SE,1,198.04
retail,BI100105,2025-06,TX,1,198.04
retail,BI100105,2025-06,MTN,3,594.12
retail,BI100105,2025-06,PSW,1,198.04
retail,BI100105,2025-06,PNW,2,396.08
vet_clinic,BI100105,2025-06,MA,1,198.04
vet_clinic,BI100105,2025-06,MW,2,396.08
vet_clinic,BI100105,2025-06,TX,2,396.08
vet_clinic,BI100105,2025-06,MTN,2,396.08
vet_clinic,BI100105,2025-06,PSW,1,198.04
vet_clinic,BI100105,2025-06,PNW,1,198.04
ecom_national,CW500045,2025-07,NE,3,594.12
ecom_national,CW500045,2025-07,MA,2,396.08
ecom_national,CW500045,2025-07,SE,1,198.04
ecom_national,CW500045,2025-07,TX,2,396.08
ecom_national,CW500045,2025-07,MTN,4,792.16
ecom_national,CW500045,2025-07,PNW,1,198.04
retail,BI100105,2025-07,NE,2,396.08
retail,BI100105,2025-07,MA,2,396.08
retail,BI100105,2025-07,SE,3,594.12
retail,BI100105,2025-07,MW,2,396.08
retail,BI100105,2025-07,TX,1,198.04
retail,BI100105,2025-07,MTN,2,396.08
retail,BI100105,2025-07,PSW,1,198.04
retail,BI100105,2025-07,PNW,1,198.04
vet_clinic,BI100105,2025-07,MW,1,198.04
vet_clinic,BI100105,2025-07,TX,2,396.08
vet_clinic,BI100105,2025-07,MTN,1,198.04
vet_clinic,BI100105,2025-07,PSW,1,198.04
ecom_national,CW500045,2025-08,NE,1,198.04
ecom_national,CW500045,2025-08,MA,1,198.04
ecom_national,CW500045,2025-08,SE,3,594.12
ecom_national,CW500045,2025-08,TX,3,594.12
ecom_national,CW500045,2025-08,PSW,1,198.04
retail,BI100105,2025-08,NE,2,396.08
retail,BI100105,2025-08,MA,2,396.08
retail,BI100105,2025-08,SE,3,594.12
retail,BI100105,2025-08,MW,2,396.08
retail,BI100105,2025-08,TX,1,198.04
retail,BI100105,2025-08,PSW,2,396.08
vet_clinic,BI100105,2025-08,NE,1,198.04
vet_clinic,BI100105,2025-08,MA,1,198.04
vet_clinic,BI100105,2025-08,SE,1,198.04
vet_clinic,BI100105,2025-08,TX,1,198.04
vet_clinic,BI100105,2025-08,MTN,1,198.04
vet_clinic,BI100105,2025-08,PSW,1,198.04
vet_clinic,BI100105,2025-08,PNW,1,198.04
ecom_national,CW500045,2025-09,NE,1,198.04
ecom_national,CW500045,2025-09,MA,2,396.08
ecom_national,CW500045,2025-09,SE,1,198.04
ecom_national,CW500045,2025-09,TX,1,198.04
ecom_national,CW500045,2025-09,PSW,3,594.12
ecom_national,CW500045,2025-09,PNW,1,198.04
retail,BI100105,2025-09,NE,1,198.04
retail,BI100105,2025-09,MA,1,198.04
retail,BI100105,2025-09,SE,2,396.08
retail,BI100105,2025-09,MW,2,396.08
retail,BI100105,2025-09,MTN,1,198.04
retail,BI100105,2025-09,PNW,1,198.04
vet_clinic,BI100105,2025-09,NE,1,198.04
vet_clinic,BI100105,2025-09,MA,1,198.04
vet_clinic,BI100105,2025-09,MW,2,396.08
vet_clinic,BI100105,2025-09,MTN,2,396.08
vet_clinic,BI100105,2025-09,PSW,1,198.04
ecom_national,CW500045,2025-10,MA,2,396.08
ecom_national,CW500045,2025-10,MW,2,396.08
ecom_national,CW500045,2025-10,TX,3,594.12
ecom_national,CW500045,2025-10,MTN,4,792.16
ecom_national,CW500045,2025-10,PSW,1,198.04
ecom_national,CW500045,2025-10,PNW,1,198.04
retail,BI100105,2025-10,NE,2,396.08
retail,BI100105,2025-10,MA,1,198.04
retail,BI100105,2025-10,SE,3,594.12
retail,BI100105,2025-10,MW,1,198.04
retail,BI100105,2025-10,TX,1,198.04
retail,BI100105,2025-10,MTN,2,396.08
retail,BI100105,2025-10,PSW,2,396.08
retail,BI100105,2025-10,PNW,2,396.08
vet_clinic,BI100105,2025-10,SE,1,198.04
vet_clinic,BI100105,2025-10,MW,2,396.08
vet_clinic,BI100105,2025-10,TX,1,198.04
vet_clinic,BI100105,2025-10,MTN,2,396.08
vet_clinic,BI100105,2025-10,PNW,1,198.04
ecom_national,CW500045,2025-11,MA,1,198.04
ecom_national,CW500045,2025-11,MW,1,198.04
ecom_national,CW500045,2025-11,TX,1,198.04
ecom_national,CW500045,2025-11,PSW,2,396.08
ecom_national,CW500045,2025-11,PNW,1,198.04
retail,BI100105,2025-11,NE,1,198.04
retail,BI100105,2025-11,SE,1,198.04
retail,BI100105,2025-11,TX,1,198.04
retail,BI100105,2025-11,MTN,2,396.08
retail,BI100105,2025-11,PSW,2,396.08
retail,BI100105,2025-11,PNW,1,198.04
vet_clinic,BI100105,2025-11,MA,1,198.04
vet_clinic,BI100105,2025-11,SE,2,396.08
vet_clinic,BI100105,2025-11,MW,1,198.04
vet_clinic,BI100105,2025-11,MTN,1,198.04
vet_clinic,BI100105,2025-11,PSW,1,198.04
ecom_national,CW500045,2025-12,NE,2,396.08
ecom_national,CW500045,2025-12,MA,1,198.04
ecom_national,CW500045,2025-12,SE,3,594.12
ecom_national,CW500045,2025-12,MW,4,792.16
ecom_national,CW500045,2025-12,TX,3,594.12
ecom_national,CW500045,2025-12,MTN,4,792.16
ecom_national,CW500045,2025-12,PSW,1,198.04
ecom_national,CW500045,2025-12,PNW,3,594.12
retail,BI100105,2025-12,NE,1,198.04
retail,BI100105,2025-12,SE,2,396.08
retail,BI100105,2025-12,MW,1,198.04
retail,BI100105,2025-12,TX,1,198.04
retail,BI100105,2025-12,MTN,2,396.08
retail,BI100105,2025-12,PSW,1,198.04
retail,BI100105,2025-12,PNW,1,198.04
vet_clinic,BI100105,2025-12,SE,1,198.04
vet_clinic,BI100105,2025-12,MW,1,198.04
vet_clinic,BI100105,2025-12,TX,1,198.04
vet_clinic,BI100105,2025-12,MTN,1,198.04
vet_clinic,BI100105,2025-12,PSW,1,198.04
vet_clinic,BI100105,2025-12,PNW,1,198.04
ecom_national,CW500048,2024-01,NE,1,25.06
ecom_national,CW500048,2024-01,MA,2,50.12
ecom_national,CW500048,2024-01,MW,1,25.06
ecom_national,CW500048,2024-01,TX,2,50.12
ecom_national,CW500048,2024-01,MTN,1,25.06
retail,BI100112,2024-01,MA,1,25.06
retail,BI100112,2024-01,SE,1,25.06
retail,BI100112,2024-01,MTN,1,25.06
vet_clinic,BI100112,2024-01,PNW,1,25.06
ecom_national,CW500048,2024-02,MA,1,25.06
ecom_national,CW500048,2024-02,MW,1,25.06
ecom_national,CW500048,2024-02,TX,2,50.12
ecom_national,CW500048,2024-02,PSW,1,25.06
ecom_national,CW500048,2024-02,PNW,1,25.06
retail,BI100112,2024-02,NE,1,25.06
retail,BI100112,2024-02,TX,1,25.06
retail,BI100112,2024-02,MTN,1,25.06
retail,BI100112,2024-02,PNW,1,25.06
vet_clinic,BI100112,2024-02,MA,1,25.06
vet_clinic,BI100112,2024-02,TX,1,25.06
vet_clinic,BI100112,2024-02,PNW,1,25.06
ecom_national,CW500048,2024-03,NE,1,25.06
ecom_national,CW500048,2024-03,MA,1,25.06
ecom_national,CW500048,2024-03,SE,1,25.06
ecom_national,CW500048,2024-03,MW,2,50.12
ecom_national,CW500048,2024-03,TX,2,50.12
ecom_national,CW500048,2024-03,MTN,1,25.06
ecom_national,CW500048,2024-03,PNW,1,25.06
retail,BI100112,2024-03,SE,1,25.06
retail,BI100112,2024-03,MTN,1,25.06
retail,BI100112,2024-03,PSW,1,25.06
retail,BI100112,2024-03,PNW,1,25.06
vet_clinic,BI100112,2024-03,MA,1,25.06
vet_clinic,BI100112,2024-03,SE,1,25.06
vet_clinic,BI100112,2024-03,MW,1,25.06
vet_clinic,BI100112,2024-03,TX,1,25.06
vet_clinic,BI100112,2024-03,MTN,1,25.06
vet_clinic,BI100112,2024-03,PNW,1,25.06
ecom_national,CW500048,2024-04,NE,1,25.06
ecom_national,CW500048,2024-04,MA,2,50.12
ecom_national,CW500048,2024-04,SE,1,25.06
ecom_national,CW500048,2024-04,MW,1,25.06
ecom_national,CW500048,2024-04,TX,2,50.12
ecom_national,CW500048,2024-04,MTN,1,25.06
ecom_national,CW500048,2024-04,PSW,1,25.06
ecom_national,CW500048,2024-04,PNW,2,50.12
retail,BI100112,2024-04,NE,1,25.06
retail,BI100112,2024-04,MA,1,25.06
retail,BI100112,2024-04,SE,1,25.06
vet_clinic,BI100112,2024-04,SE,1,25.06
vet_clinic,BI100112,2024-04,MW,1,25.06
vet_clinic,BI100112,2024-04,MTN,1,25.06
vet_clinic,BI100112,2024-04,PSW,1,25.06
vet_clinic,BI100112,2024-04,PNW,1,25.06
ecom_national,CW500048,2024-05,NE,1,25.06
ecom_national,CW500048,2024-05,MA,2,50.12
ecom_national,CW500048,2024-05,SE,2,50.12
ecom_national,CW500048,2024-05,MW,1,25.06
ecom_national,CW500048,2024-05,TX,1,25.06
ecom_national,CW500048,2024-05,PSW,2,50.12
retail,BI100112,2024-05,NE,1,25.06
retail,BI100112,2024-05,MA,1,25.06
retail,BI100112,2024-05,SE,1,25.06
retail,BI100112,2024-05,TX,1,25.06
retail,BI100112,2024-05,PSW,1,25.06
retail,BI100112,2024-05,PNW,1,25.06
vet_clinic,BI100112,2024-05,NE,1,25.06
vet_clinic,BI100112,2024-05,MA,1,25.06
vet_clinic,BI100112,2024-05,MW,1,25.06
vet_clinic,BI100112,2024-05,PSW,1,25.06
vet_clinic,BI100112,2024-05,PNW,1,25.06
ecom_national,CW500048,2024-06,NE,1,25.06
ecom_national,CW500048,2024-06,MA,1,25.06
ecom_national,CW500048,2024-06,SE,2,50.12
ecom_national,CW500048,2024-06,MW,2,50.12
ecom_national,CW500048,2024-06,TX,1,25.06
ecom_national,CW500048,2024-06,MTN,2,50.12
ecom_national,CW500048,2024-06,PSW,1,25.06
ecom_national,CW500048,2024-06,PNW,1,25.06
retail,BI100112,2024-06,NE,1,25.06
retail,BI100112,2024-06,TX,1,25.06
retail,BI100112,2024-06,PSW,1,25.06
vet_clinic,BI100112,2024-06,NE,1,25.06
vet_clinic,BI100112,2024-06,MA,1,25.06
vet_clinic,BI100112,2024-06,TX,1,25.06
vet_clinic,BI100112,2024-06,MTN,1,25.06
vet_clinic,BI100112,2024-06,PSW,1,25.06
vet_clinic,BI100112,2024-06,PNW,1,25.06
ecom_national,CW500048,2024-07,NE,2,50.12
ecom_national,CW500048,2024-07,MA,1,25.06
ecom_national,CW500048,2024-07,SE,2,50.12
ecom_national,CW500048,2024-07,TX,3,75.18
ecom_national,CW500048,2024-07,MTN,2,50.12
ecom_national,CW500048,2024-07,PSW,2,50.12
retail,BI100112,2024-07,MA,1,25.06
retail,BI100112,2024-07,SE,1,25.06
retail,BI100112,2024-07,MW,1,25.06
retail,BI100112,2024-07,TX,2,50.12
retail,BI100112,2024-07,PSW,1,25.06
retail,BI100112,2024-07,PNW,1,25.06
vet_clinic,BI100112,2024-07,NE,1,25.06
vet_clinic,BI100112,2024-07,MA,1,25.06
vet_clinic,BI100112,2024-07,SE,1,25.06
vet_clinic,BI100112,2024-07,MW,1,25.06
vet_clinic,BI100112,2024-07,TX,1,25.06
vet_clinic,BI100112,2024-07,MTN,1,25.06
ecom_national,CW500048,2024-08,NE,1,25.06
ecom_national,CW500048,2024-08,SE,2,50.12
ecom_national,CW500048,2024-08,MW,2,50.12
ecom_national,CW500048,2024-08,PSW,1,25.06
ecom_national,CW500048,2024-08,PNW,2,50.12
retail,BI100112,2024-08,MA,1,25.06
retail,BI100112,2024-08,TX,1,25.06
retail,BI100112,2024-08,PSW,1,25.06
retail,BI100112,2024-08,PNW,1,25.06
vet_clinic,BI100112,2024-08,NE,1,25.06
vet_clinic,BI100112,2024-08,MA,1,25.06
vet_clinic,BI100112,2024-08,SE,1,25.06
vet_clinic,BI100112,2024-08,MW,1,25.06
vet_clinic,BI100112,2024-08,MTN,1,25.06
ecom_national,CW500048,2024-09,NE,1,25.06
ecom_national,CW500048,2024-09,SE,1,25.06
ecom_national,CW500048,2024-09,MW,1,25.06
ecom_national,CW500048,2024-09,TX,1,25.06
ecom_national,CW500048,2024-09,PNW,1,25.06
retail,BI100112,2024-09,NE,1,25.06
retail,BI100112,2024-09,MA,1,25.06
retail,BI100112,2024-09,MW,1,25.06
retail,BI100112,2024-09,TX,1,25.06
retail,BI100112,2024-09,MTN,1,25.06
retail,BI100112,2024-09,PSW,1,25.06
retail,BI100112,2024-09,PNW,1,25.06
vet_clinic,BI100112,2024-09,NE,1,25.06
vet_clinic,BI100112,2024-09,TX,1,25.06
ecom_national,CW500048,2024-10,SE,2,50.12
ecom_national,CW500048,2024-10,MW,1,25.06
ecom_national,CW500048,2024-10,TX,2,50.12
ecom_national,CW500048,2024-10,PSW,1,25.06
retail,BI100112,2024-10,NE,1,25.06
retail,BI100112,2024-10,MA,1,25.06
retail,BI100112,2024-10,SE,1,25.06
retail,BI100112,2024-10,MW,1,25.06
retail,BI100112,2024-10,MTN,1,25.06
retail,BI100112,2024-10,PSW,1,25.06
vet_clinic,BI100112,2024-10,SE,1,25.06
vet_clinic,BI100112,2024-10,MW,1,25.06
vet_clinic,BI100112,2024-10,TX,1,25.06
ecom_national,CW500048,2024-11,NE,1,25.06
ecom_national,CW500048,2024-11,MA,1,25.06
ecom_national,CW500048,2024-11,SE,1,25.06
ecom_national,CW500048,2024-11,MW,1,25.06
ecom_national,CW500048,2024-11,PSW,2,50.12
ecom_national,CW500048,2024-11,PNW,2,50.12
retail,BI100112,2024-11,MA,1,25.06
retail,BI100112,2024-11,SE,1,25.06
retail,BI100112,2024-11,TX,1,25.06
retail,BI100112,2024-11,PSW,1,25.06
retail,BI100112,2024-11,PNW,1,25.06
vet_clinic,BI100112,2024-11,PSW,1,25.06
vet_clinic,BI100112,2024-11,PNW,1,25.06
ecom_national,CW500048,2024-12,NE,1,25.06
ecom_national,CW500048,2024-12,MA,1,25.06
ecom_national,CW500048,2024-12,SE,2,50.12
ecom_national,CW500048,2024-12,MW,1,25.06
ecom_national,CW500048,2024-12,TX,2,50.12
ecom_national,CW500048,2024-12,MTN,1,25.06
ecom_national,CW500048,2024-12,PSW,1,25.06
retail,BI100112,2024-12,MA,1,25.06
retail,BI100112,2024-12,MW,1,25.06
retail,BI100112,2024-12,TX,1,25.06
retail,BI100112,2024-12,MTN,1,25.06
retail,BI100112,2024-12,PSW,1,25.06
vet_clinic,BI100112,2024-12,MW,1,25.06
vet_clinic,BI100112,2024-12,TX,1,25.06
vet_clinic,BI100112,2024-12,MTN,1,25.06
vet_clinic,BI100112,2024-12,PNW,1,25.06
ecom_national,CW500048,2025-01,NE,2,50.12
ecom_national,CW500048,2025-01,MA,1,25.06
ecom_national,CW500048,2025-01,SE,1,25.06
ecom_national,CW500048,2025-01,TX,1,25.06
ecom_national,CW500048,2025-01,MTN,2,50.12
ecom_national,CW500048,2025-01,PSW,1,25.06
ecom_national,CW500048,2025-01,PNW,1,25.06
retail,BI100112,2025-01,NE,1,25.06
retail,BI100112,2025-01,MA,1,25.06
retail,BI100112,2025-01,MW,1,25.06
retail,BI100112,2025-01,PNW,1,25.06
vet_clinic,BI100112,2025-01,SE,1,25.06
vet_clinic,BI100112,2025-01,MW,1,25.06
vet_clinic,BI100112,2025-01,PSW,1,25.06
ecom_national,CW500048,2025-02,MA,1,25.06
ecom_national,CW500048,2025-02,SE,1,25.06
ecom_national,CW500048,2025-02,TX,1,25.06
ecom_national,CW500048,2025-02,MTN,2,50.12
ecom_national,CW500048,2025-02,PNW,1,25.06
retail,BI100112,2025-02,MA,1,25.06
retail,BI100112,2025-02,SE,1,25.06
retail,BI100112,2025-02,TX,1,25.06
retail,BI100112,2025-02,MTN,1,25.06
retail,BI100112,2025-02,PSW,1,25.06
retail,BI100112,2025-02,PNW,1,25.06
vet_clinic,BI100112,2025-02,PNW,1,25.06
ecom_national,CW500048,2025-03,NE,1,25.06
ecom_national,CW500048,2025-03,SE,2,50.12
ecom_national,CW500048,2025-03,MW,2,50.12
ecom_national,CW500048,2025-03,TX,3,75.18
ecom_national,CW500048,2025-03,PSW,2,50.12
ecom_national,CW500048,2025-03,PNW,1,25.06
retail,BI100112,2025-03,NE,1,25.06
retail,BI100112,2025-03,PSW,1,25.06
retail,BI100112,2025-03,PNW,1,25.06
vet_clinic,BI100112,2025-03,SE,1,25.06
vet_clinic,BI100112,2025-03,MTN,1,25.06
ecom_national,CW500048,2025-04,MA,1,25.06
ecom_national,CW500048,2025-04,TX,2,50.12
ecom_national,CW500048,2025-04,MTN,1,25.06
ecom_national,CW500048,2025-04,PSW,1,25.06
retail,BI100112,2025-04,MA,1,25.06
retail,BI100112,2025-04,MW,1,25.06
retail,BI100112,2025-04,TX,1,25.06
retail,BI100112,2025-04,MTN,1,25.06
retail,BI100112,2025-04,PSW,1,25.06
retail,BI100112,2025-04,PNW,1,25.06
vet_clinic,BI100112,2025-04,MW,1,25.06
ecom_national,CW500048,2025-05,NE,2,50.12
ecom_national,CW500048,2025-05,MW,3,75.18
ecom_national,CW500048,2025-05,TX,1,25.06
ecom_national,CW500048,2025-05,MTN,1,25.06
retail,BI100112,2025-05,NE,1,25.06
retail,BI100112,2025-05,MA,1,25.06
retail,BI100112,2025-05,SE,1,25.06
retail,BI100112,2025-05,TX,1,25.06
retail,BI100112,2025-05,MTN,1,25.06
retail,BI100112,2025-05,PSW,1,25.06
retail,BI100112,2025-05,PNW,1,25.06
vet_clinic,BI100112,2025-05,SE,1,25.06
vet_clinic,BI100112,2025-05,MW,1,25.06
vet_clinic,BI100112,2025-05,TX,1,25.06
vet_clinic,BI100112,2025-05,MTN,1,25.06
ecom_national,CW500048,2025-06,NE,2,50.12
ecom_national,CW500048,2025-06,MA,2,50.12
ecom_national,CW500048,2025-06,SE,2,50.12
ecom_national,CW500048,2025-06,MW,3,75.18
ecom_national,CW500048,2025-06,TX,2,50.12
ecom_national,CW500048,2025-06,PNW,2,50.12
retail,BI100112,2025-06,NE,1,25.06
retail,BI100112,2025-06,MA,1,25.06
retail,BI100112,2025-06,MW,1,25.06
retail,BI100112,2025-06,TX,1,25.06
retail,BI100112,2025-06,MTN,1,25.06
retail,BI100112,2025-06,PNW,2,50.12
vet_clinic,BI100112,2025-06,SE,1,25.06
vet_clinic,BI100112,2025-06,MW,1,25.06
vet_clinic,BI100112,2025-06,TX,1,25.06
vet_clinic,BI100112,2025-06,MTN,1,25.06
vet_clinic,BI100112,2025-06,PSW,1,25.06
ecom_national,CW500048,2025-07,MA,1,25.06
ecom_national,CW500048,2025-07,MW,2,50.12
ecom_national,CW500048,2025-07,MTN,1,25.06
ecom_national,CW500048,2025-07,PSW,1,25.06
ecom_national,CW500048,2025-07,PNW,2,50.12
retail,BI100112,2025-07,SE,1,25.06
retail,BI100112,2025-07,MW,1,25.06
retail,BI100112,2025-07,TX,2,50.12
vet_clinic,BI100112,2025-07,MA,1,25.06
vet_clinic,BI100112,2025-07,SE,1,25.06
vet_clinic,BI100112,2025-07,MTN,1,25.06
vet_clinic,BI100112,2025-07,PSW,1,25.06
ecom_national,CW500048,2025-08,NE,1,25.06
ecom_national,CW500048,2025-08,MA,1,25.06
ecom_national,CW500048,2025-08,SE,1,25.06
ecom_national,CW500048,2025-08,MW,2,50.12
ecom_national,CW500048,2025-08,TX,2,50.12
ecom_national,CW500048,2025-08,PSW,1,25.06
retail,BI100112,2025-08,NE,1,25.06
retail,BI100112,2025-08,SE,1,25.06
retail,BI100112,2025-08,MW,1,25.06
retail,BI100112,2025-08,TX,1,25.06
retail,BI100112,2025-08,MTN,1,25.06
retail,BI100112,2025-08,PSW,1,25.06
vet_clinic,BI100112,2025-08,NE,1,25.06
vet_clinic,BI100112,2025-08,SE,1,25.06
vet_clinic,BI100112,2025-08,MW,1,25.06
vet_clinic,BI100112,2025-08,PNW,1,25.06
ecom_national,CW500048,2025-09,TX,1,25.06
ecom_national,CW500048,2025-09,MTN,1,25.06
ecom_national,CW500048,2025-09,PSW,1,25.06
retail,BI100112,2025-09,NE,1,25.06
retail,BI100112,2025-09,SE,1,25.06
retail,BI100112,2025-09,TX,1,25.06
retail,BI100112,2025-09,PNW,1,25.06
vet_clinic,BI100112,2025-09,SE,1,25.06
vet_clinic,BI100112,2025-09,MW,1,25.06
vet_clinic,BI100112,2025-09,PSW,1,25.06
ecom_national,CW500048,2025-10,MA,1,25.06
ecom_national,CW500048,2025-10,SE,1,25.06
ecom_national,CW500048,2025-10,MW,1,25.06
ecom_national,CW500048,2025-10,PNW,1,25.06
retail,BI100112,2025-10,MA,1,25.06
retail,BI100112,2025-10,SE,1,25.06
retail,BI100112,2025-10,TX,1,25.06
retail,BI100112,2025-10,PSW,1,25.06
retail,BI100112,2025-10,PNW,1,25.06
vet_clinic,BI100112,2025-10,NE,1,25.06
vet_clinic,BI100112,2025-10,MA,1,25.06
vet_clinic,BI100112,2025-10,SE,1,25.06
vet_clinic,BI100112,2025-10,TX,1,25.06
vet_clinic,BI100112,2025-10,MTN,1,25.06
ecom_national,CW500048,2025-11,NE,1,25.06
ecom_national,CW500048,2025-11,MA,1,25.06
ecom_national,CW500048,2025-11,SE,2,50.12
ecom_national,CW500048,2025-11,MW,1,25.06
ecom_national,CW500048,2025-11,TX,1,25.06
ecom_national,CW500048,2025-11,PNW,2,50.12
retail,BI100112,2025-11,MA,1,25.06
retail,BI100112,2025-11,MW,1,25.06
retail,BI100112,2025-11,TX,1,25.06
retail,BI100112,2025-11,MTN,1,25.06
retail,BI100112,2025-11,PSW,1,25.06
retail,BI100112,2025-11,PNW,1,25.06
vet_clinic,BI100112,2025-11,MA,1,25.06
vet_clinic,BI100112,2025-11,PNW,1,25.06
ecom_national,CW500048,2025-12,NE,1,25.06
ecom_national,CW500048,2025-12,SE,1,25.06
ecom_national,CW500048,2025-12,MW,1,25.06
ecom_national,CW500048,2025-12,TX,2,50.12
ecom_national,CW500048,2025-12,MTN,1,25.06
ecom_national,CW500048,2025-12,PSW,2,50.12
ecom_national,CW500048,2025-12,PNW,1,25.06
retail,BI100112,2025-12,MA,1,25.06
retail,BI100112,2025-12,TX,1,25.06
retail,BI100112,2025-12,MTN,1,25.06
retail,BI100112,2025-12,PSW,1,25.06
retail,BI100112,2025-12,PNW,1,25.06
vet_clinic,BI100112,2025-12,MA,1,25.06
vet_clinic,BI100112,2025-12,TX,1,25.06
vet_clinic,BI100112,2025-12,PNW,1,25.06
ecom_national,CW500051,2024-01,MA,2,190.14
ecom_national,CW500051,2024-01,SE,2,190.14
ecom_national,CW500051,2024-01,MW,2,190.14
ecom_national,CW500051,2024-01,TX,3,285.21
ecom_national,CW500051,2024-01,MTN,1,95.07
ecom_national,CW500051,2024-01,PSW,1,95.07
ecom_national,CW500051,2024-01,PNW,2,190.14
retail,BI100119,2024-01,NE,1,95.07
retail,BI100119,2024-01,MA,1,95.07
retail,BI100119,2024-01,TX,1,95.07
retail,BI100119,2024-01,MTN,1,95.07
retail,BI100119,2024-01,PSW,1,95.07
vet_clinic,BI100119,2024-01,NE,1,95.07
vet_clinic,BI100119,2024-01,MA,1,95.07
vet_clinic,BI100119,2024-01,MW,1,95.07
vet_clinic,BI100119,2024-01,PSW,1,95.07
vet_clinic,BI100119,2024-01,PNW,1,95.07
ecom_national,CW500051,2024-02,NE,2,190.14
ecom_national,CW500051,2024-02,MA,2,190.14
ecom_national,CW500051,2024-02,SE,2,190.14
ecom_national,CW500051,2024-02,MW,2,190.14
ecom_national,CW500051,2024-02,TX,2,190.14
ecom_national,CW500051,2024-02,MTN,1,95.07
ecom_national,CW500051,2024-02,PSW,1,95.07
retail,BI100119,2024-02,NE,2,190.14
retail,BI100119,2024-02,MA,1,95.07
retail,BI100119,2024-02,SE,1,95.07
retail,BI100119,2024-02,MW,1,95.07
retail,BI100119,2024-02,TX,1,95.07
retail,BI100119,2024-02,MTN,1,95.07
retail,BI100119,2024-02,PSW,1,95.07
retail,BI100119,2024-02,PNW,1,95.07
vet_clinic,BI100119,2024-02,NE,1,95.07
vet_clinic,BI100119,2024-02,MW,1,95.07
vet_clinic,BI100119,2024-02,PNW,1,95.07
ecom_national,CW500051,2024-03,NE,2,190.14
ecom_national,CW500051,2024-03,MA,1,95.07
ecom_national,CW500051,2024-03,SE,1,95.07
ecom_national,CW500051,2024-03,MW,2,190.14
ecom_national,CW500051,2024-03,TX,2,190.14
ecom_national,CW500051,2024-03,MTN,2,190.14
retail,BI100119,2024-03,SE,1,95.07
retail,BI100119,2024-03,MW,1,95.07
retail,BI100119,2024-03,TX,1,95.07
vet_clinic,BI100119,2024-03,MA,1,95.07
vet_clinic,BI100119,2024-03,SE,1,95.07
vet_clinic,BI100119,2024-03,MW,1,95.07
vet_clinic,BI100119,2024-03,TX,1,95.07
vet_clinic,BI100119,2024-03,MTN,1,95.07
vet_clinic,BI100119,2024-03,PSW,1,95.07
vet_clinic,BI100119,2024-03,PNW,1,95.07
ecom_national,CW500051,2024-04,NE,2,190.14
ecom_national,CW500051,2024-04,MA,1,95.07
ecom_national,CW500051,2024-04,SE,2,190.14
ecom_national,CW500051,2024-04,MW,1,95.07
ecom_national,CW500051,2024-04,MTN,2,190.14
ecom_national,CW500051,2024-04,PSW,2,190.14
ecom_national,CW500051,2024-04,PNW,2,190.14
retail,BI100119,2024-04,SE,2,190.14
retail,BI100119,2024-04,MW,2,190.14
retail,BI100119,2024-04,TX,1,95.07
retail,BI100119,2024-04,PSW,1,95.07
vet_clinic,BI100119,2024-04,NE,1,95.07
vet_clinic,BI100119,2024-04,MA,1,95.07
vet_clinic,BI100119,2024-04,SE,1,95.07
vet_clinic,BI100119,2024-04,MW,1,95.07
vet_clinic,BI100119,2024-04,TX,1,95.07
ecom_national,CW500051,2024-05,NE,1,95.07
ecom_national,CW500051,2024-05,MA,1,95.07
ecom_national,CW500051,2024-05,MW,3,285.21
ecom_national,CW500051,2024-05,TX,3,285.21
ecom_national,CW500051,2024-05,MTN,1,95.07
ecom_national,CW500051,2024-05,PSW,1,95.07
ecom_national,CW500051,2024-05,PNW,2,190.14
retail,BI100119,2024-05,NE,1,95.07
retail,BI100119,2024-05,MA,2,190.14
retail,BI100119,2024-05,SE,1,95.07
retail,BI100119,2024-05,MW,1,95.07
retail,BI100119,2024-05,TX,1,95.07
retail,BI100119,2024-05,MTN,2,190.14
vet_clinic,BI100119,2024-05,MA,1,95.07
vet_clinic,BI100119,2024-05,PNW,1,95.07
ecom_national,CW500051,2024-06,NE,1,95.07
ecom_national,CW500051,2024-06,MA,3,285.21
ecom_national,CW500051,2024-06,SE,1,95.07
ecom_national,CW500051,2024-06,MW,5,475.35
ecom_national,CW500051,2024-06,TX,3,285.21
ecom_national,CW500051,2024-06,MTN,1,95.07
ecom_national,CW500051,2024-06,PNW,3,285.21
retail,BI100119,2024-06,SE,1,95.07
retail,BI100119,2024-06,MW,2,190.14
retail,BI100119,2024-06,MTN,2,190.14
retail,BI100119,2024-06,PSW,1,95.07
retail,BI100119,2024-06,PNW,2,190.14
vet_clinic,BI100119,2024-06,NE,2,190.14
vet_clinic,BI100119,2024-06,MA,1,95.07
vet_clinic,BI100119,2024-06,MW,1,95.07
vet_clinic,BI100119,2024-06,TX,1,95.07
vet_clinic,BI100119,2024-06,MTN,1,95.07
ecom_national,CW500051,2024-07,NE,3,285.21
ecom_national,CW500051,2024-07,MA,2,190.14
ecom_national,CW500051,2024-07,SE,1,95.07
ecom_national,CW500051,2024-07,MW,3,285.21
ecom_national,CW500051,2024-07,TX,2,190.14
ecom_national,CW500051,2024-07,PSW,1,95.07
ecom_national,CW500051,2024-07,PNW,1,95.07
retail,BI100119,2024-07,NE,2,190.14
retail,BI100119,2024-07,MA,2,190.14
retail,BI100119,2024-07,MW,3,285.21
retail,BI100119,2024-07,TX,1,95.07
retail,BI100119,2024-07,MTN,1,95.07
retail,BI100119,2024-07,PSW,1,95.07
retail,BI100119,2024-07,PNW,2,190.14
vet_clinic,BI100119,2024-07,NE,1,95.07
vet_clinic,BI100119,2024-07,MA,1,95.07
vet_clinic,BI100119,2024-07,MW,2,190.14
vet_clinic,BI100119,2024-07,TX,1,95.07
vet_clinic,BI100119,2024-07,PNW,1,95.07
ecom_national,CW500051,2024-08,NE,2,190.14
ecom_national,CW500051,2024-08,MA,3,285.21
ecom_national,CW500051,2024-08,SE,3,285.21
ecom_national,CW500051,2024-08,MW,4,380.28
ecom_national,CW500051,2024-08,TX,3,285.21
ecom_national,CW500051,2024-08,MTN,2,190.14
ecom_national,CW500051,2024-08,PSW,2,190.14
ecom_national,CW500051,2024-08,PNW,2,190.14
retail,BI100119,2024-08,NE,1,95.07
retail,BI100119,2024-08,MA,2,190.14
retail,BI100119,2024-08,SE,1,95.07
retail,BI100119,2024-08,MW,2,190.14
retail,BI100119,2024-08,TX,1,95.07
retail,BI100119,2024-08,MTN,1,95.07
retail,BI100119,2024-08,PNW,1,95.07
vet_clinic,BI100119,2024-08,MA,1,95.07
vet_clinic,BI100119,2024-08,SE,1,95.07
vet_clinic,BI100119,2024-08,MTN,1,95.07
vet_clinic,BI100119,2024-08,PSW,1,95.07
ecom_national,CW500051,2024-09,NE,1,95.07
ecom_national,CW500051,2024-09,MA,1,95.07
ecom_national,CW500051,2024-09,SE,2,190.14
ecom_national,CW500051,2024-09,TX,2,190.14
ecom_national,CW500051,2024-09,MTN,1,95.07
ecom_national,CW500051,2024-09,PNW,1,95.07
retail,BI100119,2024-09,NE,1,95.07
retail,BI100119,2024-09,MA,1,95.07
retail,BI100119,2024-09,SE,1,95.07
retail,BI100119,2024-09,PSW,1,95.07
retail,BI100119,2024-09,PNW,1,95.07
vet_clinic,BI100119,2024-09,NE,1,95.07
vet_clinic,BI100119,2024-09,SE,1,95.07
vet_clinic,BI100119,2024-09,MW,1,95.07
vet_clinic,BI100119,2024-09,PNW,1,95.07
ecom_national,CW500051,2024-10,NE,3,285.21
ecom_national,CW500051,2024-10,MA,3,285.21
ecom_national,CW500051,2024-10,SE,2,190.14
ecom_national,CW500051,2024-10,MW,3,285.21
ecom_national,CW500051,2024-10,TX,3,285.21
ecom_national,CW500051,2024-10,MTN,1,95.07
ecom_national,CW500051,2024-10,PSW,2,190.14
retail,BI100119,2024-10,NE,1,95.07
retail,BI100119,2024-10,SE,1,95.07
retail,BI100119,2024-10,MW,2,190.14
retail,BI100119,2024-10,MTN,1,95.07
retail,BI100119,2024-10,PSW,1,95.07
retail,BI100119,2024-10,PNW,2,190.14
vet_clinic,BI100119,2024-10,NE,1,95.07
vet_clinic,BI100119,2024-10,MA,1,95.07
vet_clinic,BI100119,2024-10,SE,1,95.07
vet_clinic,BI100119,2024-10,TX,1,95.07
vet_clinic,BI100119,2024-10,MTN,1,95.07
ecom_national,CW500051,2024-11,NE,3,285.21
ecom_national,CW500051,2024-11,MA,1,95.07
ecom_national,CW500051,2024-11,SE,1,95.07
ecom_national,CW500051,2024-11,MW,3,285.21
ecom_national,CW500051,2024-11,TX,2,190.14
ecom_national,CW500051,2024-11,MTN,1,95.07
ecom_national,CW500051,2024-11,PSW,2,190.14
ecom_national,CW500051,2024-11,PNW,1,95.07
retail,BI100119,2024-11,NE,2,190.14
retail,BI100119,2024-11,SE,1,95.07
retail,BI100119,2024-11,TX,2,190.14
retail,BI100119,2024-11,MTN,1,95.07
retail,BI100119,2024-11,PSW,1,95.07
retail,BI100119,2024-11,PNW,1,95.07
vet_clinic,BI100119,2024-11,MA,1,95.07
vet_clinic,BI100119,2024-11,TX,1,95.07
vet_clinic,BI100119,2024-11,PNW,1,95.07
ecom_national,CW500051,2024-12,NE,2,190.14
ecom_national,CW500051,2024-12,MA,2,190.14
ecom_national,CW500051,2024-12,SE,2,190.14
ecom_national,CW500051,2024-12,MW,2,190.14
ecom_national,CW500051,2024-12,TX,1,95.07
ecom_national,CW500051,2024-12,MTN,2,190.14
ecom_national,CW500051,2024-12,PSW,1,95.07
ecom_national,CW500051,2024-12,PNW,2,190.14
retail,BI100119,2024-12,NE,1,95.07
retail,BI100119,2024-12,TX,1,95.07
retail,BI100119,2024-12,MTN,1,95.07
retail,BI100119,2024-12,PNW,1,95.07
vet_clinic,BI100119,2024-12,NE,1,95.07
vet_clinic,BI100119,2024-12,MA,1,95.07
vet_clinic,BI100119,2024-12,MW,1,95.07
vet_clinic,BI100119,2024-12,MTN,1,95.07
vet_clinic,BI100119,2024-12,PSW,1,95.07
ecom_national,CW500051,2025-01,NE,2,190.14
ecom_national,CW500051,2025-01,TX,2,190.14
ecom_national,CW500051,2025-01,MTN,2,190.14
ecom_national,CW500051,2025-01,PSW,2,190.14
ecom_national,CW500051,2025-01,PNW,1,95.07
retail,BI100119,2025-01,NE,1,95.07
retail,BI100119,2025-01,MA,1,95.07
retail,BI100119,2025-01,SE,1,95.07
retail,BI100119,2025-01,MW,1,95.07
retail,BI100119,2025-01,TX,2,190.14
retail,BI100119,2025-01,MTN,1,95.07
retail,BI100119,2025-01,PSW,1,95.07
retail,BI100119,2025-01,PNW,1,95.07
vet_clinic,BI100119,2025-01,NE,1,95.07
vet_clinic,BI100119,2025-01,MW,1,95.07
ecom_national,CW500051,2025-02,NE,1,95.07
ecom_national,CW500051,2025-02,TX,1,95.07
ecom_national,CW500051,2025-02,PNW,1,95.07
retail,BI100119,2025-02,NE,1,95.07
retail,BI100119,2025-02,MA,1,95.07
retail,BI100119,2025-02,MW,1,95.07
retail,BI100119,2025-02,PSW,1,95.07
vet_clinic,BI100119,2025-02,MW,1,95.07
vet_clinic,BI100119,2025-02,PSW,1,95.07
ecom_national,CW500051,2025-03,NE,1,95.07
ecom_national,CW500051,2025-03,MA,2,190.14
ecom_national,CW500051,2025-03,SE,1,95.07
ecom_national,CW500051,2025-03,MW,1,95.07
ecom_national,CW500051,2025-03,TX,1,95.07
ecom_national,CW500051,2025-03,MTN,2,190.14
ecom_national,CW500051,2025-03,PNW,2,190.14
retail,BI100119,2025-03,NE,1,95.07
retail,BI100119,2025-03,MA,1,95.07
retail,BI100119,2025-03,MW,1,95.07
retail,BI100119,2025-03,MTN,1,95.07
retail,BI100119,2025-03,PSW,1,95.07
retail,BI100119,2025-03,PNW,1,95.07
vet_clinic,BI100119,2025-03,MW,1,95.07
vet_clinic,BI100119,2025-03,TX,1,95.07
vet_clinic,BI100119,2025-03,MTN,1,95.07
ecom_national,CW500051,2025-04,NE,1,95.07
ecom_national,CW500051,2025-04,MA,1,95.07
ecom_national,CW500051,2025-04,SE,1,95.07
ecom_national,CW500051,2025-04,MW,2,190.14
ecom_national,CW500051,2025-04,PSW,1,95.07
ecom_national,CW500051,2025-04,PNW,1,95.07
retail,BI100119,2025-04,NE,1,95.07
retail,BI100119,2025-04,TX,1,95.07
retail,BI100119,2025-04,MTN,1,95.07
vet_clinic,BI100119,2025-04,NE,1,95.07
vet_clinic,BI100119,2025-04,MA,1,95.07
vet_clinic,BI100119,2025-04,MW,1,95.07
vet_clinic,BI100119,2025-04,TX,1,95.07
vet_clinic,BI100119,2025-04,MTN,1,95.07
vet_clinic,BI100119,2025-04,PNW,1,95.07
ecom_national,CW500051,2025-05,NE,3,285.21
ecom_national,CW500051,2025-05,SE,1,95.07
ecom_national,CW500051,2025-05,MW,2,190.14
ecom_national,CW500051,2025-05,TX,1,95.07
ecom_national,CW500051,2025-05,MTN,1,95.07
ecom_national,CW500051,2025-05,PSW,1,95.07
ecom_national,CW500051,2025-05,PNW,2,190.14
retail,BI100119,2025-05,NE,1,95.07
retail,BI100119,2025-05,MA,1,95.07
retail,BI100119,2025-05,SE,2,190.14
retail,BI100119,2025-05,MW,1,95.07
retail,BI100119,2025-05,MTN,2,190.14
retail,BI100119,2025-05,PSW,1,95.07
retail,BI100119,2025-05,PNW,1,95.07
vet_clinic,BI100119,2025-05,NE,1,95.07
vet_clinic,BI100119,2025-05,MA,1,95.07
vet_clinic,BI100119,2025-05,SE,1,95.07
vet_clinic,BI100119,2025-05,MW,1,95.07
vet_clinic,BI100119,2025-05,PSW,1,95.07
vet_clinic,BI100119,2025-05,PNW,1,95.07
ecom_national,CW500051,2025-06,NE,1,95.07
ecom_national,CW500051,2025-06,MA,2,190.14
ecom_national,CW500051,2025-06,SE,1,95.07
ecom_national,CW500051,2025-06,MW,3,285.21
ecom_national,CW500051,2025-06,TX,2,190.14
ecom_national,CW500051,2025-06,MTN,1,95.07
ecom_national,CW500051,2025-06,PSW,3,285.21
ecom_national,CW500051,2025-06,PNW,2,190.14
retail,BI100119,2025-06,MA,1,95.07
retail,BI100119,2025-06,SE,1,95.07
retail,BI100119,2025-06,TX,2,190.14
retail,BI100119,2025-06,MTN,1,95.07
vet_clinic,BI100119,2025-06,NE,2,190.14
vet_clinic,BI100119,2025-06,MA,1,95.07
vet_clinic,BI100119,2025-06,MW,1,95.07
vet_clinic,BI100119,2025-06,TX,1,95.07
vet_clinic,BI100119,2025-06,MTN,1,95.07
vet_clinic,BI100119,2025-06,PSW,1,95.07
ecom_national,CW500051,2025-07,NE,2,190.14
ecom_national,CW500051,2025-07,MA,1,95.07
ecom_national,CW500051,2025-07,SE,2,190.14
ecom_national,CW500051,2025-07,MW,3,285.21
ecom_national,CW500051,2025-07,MTN,3,285.21
ecom_national,CW500051,2025-07,PSW,1,95.07
ecom_national,CW500051,2025-07,PNW,1,95.07
retail,BI100119,2025-07,NE,1,95.07
retail,BI100119,2025-07,SE,1,95.07
retail,BI100119,2025-07,MW,1,95.07
retail,BI100119,2025-07,PSW,1,95.07
retail,BI100119,2025-07,PNW,1,95.07
vet_clinic,BI100119,2025-07,NE,2,190.14
vet_clinic,BI100119,2025-07,MA,1,95.07
vet_clinic,BI100119,2025-07,TX,1,95.07
vet_clinic,BI100119,2025-07,MTN,1,95.07
vet_clinic,BI100119,2025-07,PSW,1,95.07
vet_clinic,BI100119,2025-07,PNW,1,95.07
ecom_national,CW500051,2025-08,MA,3,285.21
ecom_national,CW500051,2025-08,MW,5,475.35
ecom_national,CW500051,2025-08,MTN,2,190.14
ecom_national,CW500051,2025-08,PSW,2,190.14
ecom_national,CW500051,2025-08,PNW,2,190.14
retail,BI100119,2025-08,NE,2,190.14
retail,BI100119,2025-08,MA,1,95.07
retail,BI100119,2025-08,MW,1,95.07
retail,BI100119,2025-08,TX,1,95.07
retail,BI100119,2025-08,MTN,1,95.07
retail,BI100119,2025-08,PSW,2,190.14
retail,BI100119,2025-08,PNW,2,190.14
vet_clinic,BI100119,2025-08,NE,1,95.07
vet_clinic,BI100119,2025-08,MW,2,190.14
vet_clinic,BI100119,2025-08,TX,1,95.07
vet_clinic,BI100119,2025-08,PSW,1,95.07
ecom_national,CW500051,2025-09,MA,3,285.21
ecom_national,CW500051,2025-09,SE,2,190.14
ecom_national,CW500051,2025-09,MW,4,380.28
ecom_national,CW500051,2025-09,MTN,1,95.07
ecom_national,CW500051,2025-09,PSW,1,95.07
ecom_national,CW500051,2025-09,PNW,2,190.14
retail,BI100119,2025-09,NE,1,95.07
retail,BI100119,2025-09,MA,1,95.07
retail,BI100119,2025-09,SE,1,95.07
retail,BI100119,2025-09,MW,2,190.14
retail,BI100119,2025-09,TX,1,95.07
retail,BI100119,2025-09,MTN,1,95.07
retail,BI100119,2025-09,PSW,1,95.07
vet_clinic,BI100119,2025-09,MA,1,95.07
vet_clinic,BI100119,2025-09,SE,1,95.07
vet_clinic,BI100119,2025-09,MW,1,95.07
vet_clinic,BI100119,2025-09,TX,1,95.07
vet_clinic,BI100119,2025-09,PNW,1,95.07
ecom_national,CW500051,2025-10,NE,3,285.21
ecom_national,CW500051,2025-10,MA,2,190.14
ecom_national,CW500051,2025-10,MW,1,95.07
ecom_national,CW500051,2025-10,TX,1,95.07
retail,BI100119,2025-10,NE,1,95.07
retail,BI100119,2025-10,SE,1,95.07
retail,BI100119,2025-10,MW,1,95.07
retail,BI100119,2025-10,TX,2,190.14
retail,BI100119,2025-10,MTN,1,95.07
retail,BI100119,2025-10,PSW,1,95.07
vet_clinic,BI100119,2025-10,NE,1,95.07
vet_clinic,BI100119,2025-10,MA,1,95.07
vet_clinic,BI100119,2025-10,MW,1,95.07
vet_clinic,BI100119,2025-10,TX,1,95.07
vet_clinic,BI100119,2025-10,MTN,1,95.07
vet_clinic,BI100119,2025-10,PNW,1,95.07
ecom_national,CW500051,2025-11,NE,1,95.07
ecom_national,CW500051,2025-11,MA,1,95.07
ecom_national,CW500051,2025-11,SE,1,95.07
ecom_national,CW500051,2025-11,TX,3,285.21
ecom_national,CW500051,2025-11,MTN,1,95.07
ecom_national,CW500051,2025-11,PSW,1,95.07
ecom_national,CW500051,2025-11,PNW,2,190.14
retail,BI100119,2025-11,MA,1,95.07
retail,BI100119,2025-11,MW,1,95.07
retail,BI100119,2025-11,PSW,1,95.07
retail,BI100119,2025-11,PNW,1,95.07
vet_clinic,BI100119,2025-11,NE,1,95.07
vet_clinic,BI100119,2025-11,MA,1,95.07
vet_clinic,BI100119,2025-11,MW,1,95.07
vet_clinic,BI100119,2025-11,MTN,1,95.07
ecom_national,CW500051,2025-12,NE,2,190.14
ecom_national,CW500051,2025-12,SE,1,95.07
ecom_national,CW500051,2025-12,MW,2,190.14
ecom_national,CW500051,2025-12,TX,2,190.14
ecom_national,CW500051,2025-12,MTN,3,285.21
ecom_national,CW500051,2025-12,PNW,2,190.14
retail,BI100119,2025-12,MA,1,95.07
retail,BI100119,2025-12,MW,1,95.07
retail,BI100119,2025-12,TX,1,95.07
retail,BI100119,2025-12,PNW,1,95.07
vet_clinic,BI100119,2025-12,NE,1,95.07
vet_clinic,BI100119,2025-12,MA,1,95.07
vet_clinic,BI100119,2025-12,SE,1,95.07
vet_clinic,BI100119,2025-12,TX,1,95.07
vet_clinic,BI100119,2025-12,MTN,1,95.07
vet_clinic,BI100119,2025-12,PNW,1,95.07
ecom_national,CW500054,2024-01,MA,2,371.0
ecom_national,CW500054,2024-01,SE,2,371.0
ecom_national,CW500054,2024-01,MW,1,185.5
ecom_national,CW500054,2024-01,TX,2,371.0
ecom_national,CW500054,2024-01,MTN,2,371.0
ecom_national,CW500054,2024-01,PSW,3,556.5
ecom_national,CW500054,2024-01,PNW,2,371.0
retail,BI100126,2024-01,NE,1,185.5
retail,BI100126,2024-01,MA,1,185.5
retail,BI100126,2024-01,SE,1,185.5
retail,BI100126,2024-01,TX,1,185.5
retail,BI100126,2024-01,MTN,2,371.0
retail,BI100126,2024-01,PSW,2,371.0
vet_clinic,BI100126,2024-01,NE,1,185.5
vet_clinic,BI100126,2024-01,MA,1,185.5
vet_clinic,BI100126,2024-01,SE,1,185.5
vet_clinic,BI100126,2024-01,MW,1,185.5
vet_clinic,BI100126,2024-01,TX,1,185.5
vet_clinic,BI100126,2024-01,PSW,1,185.5
ecom_national,CW500054,2024-02,NE,1,185.5
ecom_national,CW500054,2024-02,MA,3,556.5
ecom_national,CW500054,2024-02,SE,2,371.0
ecom_national,CW500054,2024-02,MW,3,556.5
ecom_national,CW500054,2024-02,TX,3,556.5
ecom_national,CW500054,2024-02,PSW,1,185.5
ecom_national,CW500054,2024-02,PNW,2,371.0
retail,BI100126,2024-02,MA,2,371.0
retail,BI100126,2024-02,MW,2,371.0
retail,BI100126,2024-02,PSW,1,185.5
vet_clinic,BI100126,2024-02,MA,1,185.5
vet_clinic,BI100126,2024-02,SE,1,185.5
vet_clinic,BI100126,2024-02,MTN,1,185.5
vet_clinic,BI100126,2024-02,PSW,1,185.5
vet_clinic,BI100126,2024-02,PNW,1,185.5
ecom_national,CW500054,2024-03,NE,2,371.0
ecom_national,CW500054,2024-03,MA,1,185.5
ecom_national,CW500054,2024-03,SE,3,556.5
ecom_national,CW500054,2024-03,MW,1,185.5
ecom_national,CW500054,2024-03,TX,2,371.0
ecom_national,CW500054,2024-03,MTN,1,185.5
ecom_national,CW500054,2024-03,PSW,3,556.5
ecom_national,CW500054,2024-03,PNW,3,556.5
retail,BI100126,2024-03,NE,2,371.0
retail,BI100126,2024-03,MA,2,371.0
retail,BI100126,2024-03,SE,2,371.0
retail,BI100126,2024-03,MW,1,185.5
retail,BI100126,2024-03,TX,1,185.5
retail,BI100126,2024-03,MTN,1,185.5
retail,BI100126,2024-03,PSW,1,185.5
retail,BI100126,2024-03,PNW,1,185.5
vet_clinic,BI100126,2024-03,NE,1,185.5
vet_clinic,BI100126,2024-03,MA,2,371.0
vet_clinic,BI100126,2024-03,MW,1,185.5
vet_clinic,BI100126,2024-03,TX,1,185.5
vet_clinic,BI100126,2024-03,MTN,1,185.5
ecom_national,CW500054,2024-04,NE,3,556.5
ecom_national,CW500054,2024-04,MA,3,556.5
ecom_national,CW500054,2024-04,SE,2,371.0
ecom_national,CW500054,2024-04,MW,1,185.5
ecom_national,CW500054,2024-04,TX,3,556.5
ecom_national,CW500054,2024-04,MTN,1,185.5
ecom_national,CW500054,2024-04,PSW,1,185.5
retail,BI100126,2024-04,NE,1,185.5
retail,BI100126,2024-04,TX,1,185.5
retail,BI100126,2024-04,MTN,1,185.5
retail,BI100126,2024-04,PNW,1,185.5
vet_clinic,BI100126,2024-04,MA,1,185.5
vet_clinic,BI100126,2024-04,SE,1,185.5
vet_clinic,BI100126,2024-04,MW,1,185.5
vet_clinic,BI100126,2024-04,TX,1,185.5
vet_clinic,BI100126,2024-04,MTN,1,185.5
vet_clinic,BI100126,2024-04,PSW,2,371.0
vet_clinic,BI100126,2024-04,PNW,1,185.5
ecom_national,CW500054,2024-05,NE,3,556.5
ecom_national,CW500054,2024-05,MA,4,742.0
ecom_national,CW500054,2024-05,SE,4,742.0
ecom_national,CW500054,2024-05,MW,2,371.0
ecom_national,CW500054,2024-05,TX,3,556.5
ecom_national,CW500054,2024-05,MTN,2,371.0
ecom_national,CW500054,2024-05,PSW,3,556.5
ecom_national,CW500054,2024-05,PNW,1,185.5
retail,BI100126,2024-05,NE,2,371.0
retail,BI100126,2024-05,MA,2,371.0
retail,BI100126,2024-05,SE,2,371.0
retail,BI100126,2024-05,MW,1,185.5
retail,BI100126,2024-05,TX,2,371.0
retail,BI100126,2024-05,MTN,2,371.0
retail,BI100126,2024-05,PSW,1,185.5
retail,BI100126,2024-05,PNW,2,371.0
vet_clinic,BI100126,2024-05,NE,1,185.5
vet_clinic,BI100126,2024-05,MA,1,185.5
vet_clinic,BI100126,2024-05,SE,1,185.5
vet_clinic,BI100126,2024-05,TX,1,185.5
vet_clinic,BI100126,2024-05,MTN,1,185.5
vet_clinic,BI100126,2024-05,PSW,1,185.5
vet_clinic,BI100126,2024-05,PNW,1,185.5
ecom_national,CW500054,2024-06,NE,2,371.0
ecom_national,CW500054,2024-06,MA,3,556.5
ecom_national,CW500054,2024-06,MW,2,371.0
ecom_national,CW500054,2024-06,TX,2,371.0
ecom_national,CW500054,2024-06,PSW,5,927.5
ecom_national,CW500054,2024-06,PNW,2,371.0
retail,BI100126,2024-06,NE,3,556.5
retail,BI100126,2024-06,MA,3,556.5
retail,BI100126,2024-06,MW,2,371.0
retail,BI100126,2024-06,MTN,1,185.5
retail,BI100126,2024-06,PNW,1,185.5
vet_clinic,BI100126,2024-06,MA,1,185.5
vet_clinic,BI100126,2024-06,SE,1,185.5
vet_clinic,BI100126,2024-06,MW,1,185.5
vet_clinic,BI100126,2024-06,TX,1,185.5
vet_clinic,BI100126,2024-06,MTN,2,371.0
vet_clinic,BI100126,2024-06,PSW,1,185.5
ecom_national,CW500054,2024-07,NE,2,371.0
ecom_national,CW500054,2024-07,MA,1,185.5
ecom_national,CW500054,2024-07,SE,2,371.0
ecom_national,CW500054,2024-07,MW,1,185.5
ecom_national,CW500054,2024-07,TX,1,185.5
ecom_national,CW500054,2024-07,MTN,2,371.0
ecom_national,CW500054,2024-07,PNW,1,185.5
retail,BI100126,2024-07,NE,1,185.5
retail,BI100126,2024-07,SE,1,185.5
retail,BI100126,2024-07,TX,1,185.5
retail,BI100126,2024-07,MTN,2,371.0
retail,BI100126,2024-07,PSW,2,371.0
retail,BI100126,2024-07,PNW,1,185.5
vet_clinic,BI100126,2024-07,MA,1,185.5
vet_clinic,BI100126,2024-07,SE,1,185.5
vet_clinic,BI100126,2024-07,MW,1,185.5
vet_clinic,BI100126,2024-07,PSW,1,185.5
ecom_national,CW500054,2024-08,NE,3,556.5
ecom_national,CW500054,2024-08,MA,4,742.0
ecom_national,CW500054,2024-08,SE,2,371.0
ecom_national,CW500054,2024-08,MW,2,371.0
ecom_national,CW500054,2024-08,TX,2,371.0
ecom_national,CW500054,2024-08,MTN,3,556.5
ecom_national,CW500054,2024-08,PSW,5,927.5
ecom_national,CW500054,2024-08,PNW,2,371.0
retail,BI100126,2024-08,NE,1,185.5
retail,BI100126,2024-08,MA,2,371.0
retail,BI100126,2024-08,MW,1,185.5
retail,BI100126,2024-08,TX,1,185.5
retail,BI100126,2024-08,PNW,2,371.0
vet_clinic,BI100126,2024-08,NE,1,185.5
vet_clinic,BI100126,2024-08,SE,1,185.5
vet_clinic,BI100126,2024-08,MW,1,185.5
vet_clinic,BI100126,2024-08,PSW,1,185.5
ecom_national,CW500054,2024-09,NE,1,185.5
ecom_national,CW500054,2024-09,MA,1,185.5
ecom_national,CW500054,2024-09,SE,3,556.5
ecom_national,CW500054,2024-09,MW,1,185.5
ecom_national,CW500054,2024-09,TX,2,371.0
ecom_national,CW500054,2024-09,MTN,3,556.5
ecom_national,CW500054,2024-09,PSW,2,371.0
ecom_national,CW500054,2024-09,PNW,3,556.5
retail,BI100126,2024-09,NE,2,371.0
retail,BI100126,2024-09,MW,1,185.5
retail,BI100126,2024-09,TX,1,185.5
retail,BI100126,2024-09,MTN,1,185.5
retail,BI100126,2024-09,PSW,2,371.0
retail,BI100126,2024-09,PNW,1,185.5
vet_clinic,BI100126,2024-09,MA,2,371.0
vet_clinic,BI100126,2024-09,MTN,1,185.5
vet_clinic,BI100126,2024-09,PSW,1,185.5
vet_clinic,BI100126,2024-09,PNW,1,185.5
ecom_national,CW500054,2024-10,NE,3,556.5
ecom_national,CW500054,2024-10,MA,2,371.0
ecom_national,CW500054,2024-10,SE,1,185.5
ecom_national,CW500054,2024-10,MW,2,371.0
ecom_national,CW500054,2024-10,MTN,1,185.5
ecom_national,CW500054,2024-10,PNW,2,371.0
retail,BI100126,2024-10,MA,1,185.5
retail,BI100126,2024-10,SE,1,185.5
retail,BI100126,2024-10,MW,2,371.0
retail,BI100126,2024-10,MTN,1,185.5
retail,BI100126,2024-10,PNW,2,371.0
vet_clinic,BI100126,2024-10,MA,1,185.5
vet_clinic,BI100126,2024-10,SE,1,185.5
vet_clinic,BI100126,2024-10,MW,1,185.5
vet_clinic,BI100126,2024-10,MTN,1,185.5
vet_clinic,BI100126,2024-10,PSW,1,185.5
vet_clinic,BI100126,2024-10,PNW,1,185.5
ecom_national,CW500054,2024-11,NE,2,371.0
ecom_national,CW500054,2024-11,MA,2,371.0
ecom_national,CW500054,2024-11,SE,1,185.5
ecom_national,CW500054,2024-11,MW,1,185.5
ecom_national,CW500054,2024-11,TX,1,185.5
ecom_national,CW500054,2024-11,MTN,3,556.5
ecom_national,CW500054,2024-11,PSW,3,556.5
ecom_national,CW500054,2024-11,PNW,2,371.0
retail,BI100126,2024-11,NE,1,185.5
retail,BI100126,2024-11,MA,1,185.5
retail,BI100126,2024-11,SE,1,185.5
retail,BI100126,2024-11,MW,2,371.0
retail,BI100126,2024-11,TX,1,185.5
retail,BI100126,2024-11,PSW,2,371.0
retail,BI100126,2024-11,PNW,1,185.5
vet_clinic,BI100126,2024-11,NE,1,185.5
vet_clinic,BI100126,2024-11,MA,1,185.5
vet_clinic,BI100126,2024-11,TX,1,185.5
vet_clinic,BI100126,2024-11,MTN,1,185.5
vet_clinic,BI100126,2024-11,PSW,1,185.5
ecom_national,CW500054,2024-12,NE,2,371.0
ecom_national,CW500054,2024-12,MA,1,185.5
ecom_national,CW500054,2024-12,SE,1,185.5
ecom_national,CW500054,2024-12,MW,2,371.0
ecom_national,CW500054,2024-12,TX,1,185.5
ecom_national,CW500054,2024-12,MTN,2,371.0
ecom_national,CW500054,2024-12,PSW,1,185.5
ecom_national,CW500054,2024-12,PNW,1,185.5
retail,BI100126,2024-12,NE,1,185.5
retail,BI100126,2024-12,MA,2,371.0
retail,BI100126,2024-12,TX,1,185.5
retail,BI100126,2024-12,MTN,1,185.5
retail,BI100126,2024-12,PNW,1,185.5
vet_clinic,BI100126,2024-12,NE,1,185.5
vet_clinic,BI100126,2024-12,MA,1,185.5
vet_clinic,BI100126,2024-12,SE,1,185.5
vet_clinic,BI100126,2024-12,MW,1,185.5
vet_clinic,BI100126,2024-12,MTN,1,185.5
vet_clinic,BI100126,2024-12,PSW,1,185.5
ecom_national,CW500054,2025-01,NE,2,371.0
ecom_national,CW500054,2025-01,MA,1,185.5
ecom_national,CW500054,2025-01,SE,1,185.5
ecom_national,CW500054,2025-01,MW,1,185.5
ecom_national,CW500054,2025-01,TX,1,185.5
ecom_national,CW500054,2025-01,PSW,1,185.5
ecom_national,CW500054,2025-01,PNW,3,556.5
retail,BI100126,2025-01,NE,1,185.5
retail,BI100126,2025-01,SE,2,371.0
retail,BI100126,2025-01,MW,1,185.5
retail,BI100126,2025-01,TX,1,185.5
retail,BI100126,2025-01,MTN,1,185.5
retail,BI100126,2025-01,PSW,1,185.5
retail,BI100126,2025-01,PNW,1,185.5
vet_clinic,BI100126,2025-01,MA,1,185.5
vet_clinic,BI100126,2025-01,SE,1,185.5
vet_clinic,BI100126,2025-01,TX,1,185.5
ecom_national,CW500054,2025-02,NE,3,556.5
ecom_national,CW500054,2025-02,MA,3,556.5
ecom_national,CW500054,2025-02,SE,3,556.5
ecom_national,CW500054,2025-02,MW,1,185.5
ecom_national,CW500054,2025-02,TX,3,556.5
ecom_national,CW500054,2025-02,MTN,2,371.0
ecom_national,CW500054,2025-02,PSW,5,927.5
ecom_national,CW500054,2025-02,PNW,2,371.0
retail,BI100126,2025-02,MA,3,556.5
retail,BI100126,2025-02,SE,1,185.5
retail,BI100126,2025-02,MW,2,371.0
retail,BI100126,2025-02,TX,1,185.5
vet_clinic,BI100126,2025-02,NE,2,371.0
vet_clinic,BI100126,2025-02,MA,1,185.5
vet_clinic,BI100126,2025-02,MW,1,185.5
vet_clinic,BI100126,2025-02,TX,1,185.5
vet_clinic,BI100126,2025-02,PSW,1,185.5
vet_clinic,BI100126,2025-02,PNW,1,185.5
ecom_national,CW500054,2025-03,NE,1,185.5
ecom_national,CW500054,2025-03,MA,4,742.0
ecom_national,CW500054,2025-03,SE,2,371.0
ecom_national,CW500054,2025-03,MW,4,742.0
ecom_national,CW500054,2025-03,TX,3,556.5
ecom_national,CW500054,2025-03,PNW,3,556.5
retail,BI100126,2025-03,NE,2,371.0
retail,BI100126,2025-03,MA,3,556.5
retail,BI100126,2025-03,SE,1,185.5
retail,BI100126,2025-03,MW,2,371.0
retail,BI100126,2025-03,TX,1,185.5
retail,BI100126,2025-03,MTN,2,371.0
retail,BI100126,2025-03,PSW,2,371.0
retail,BI100126,2025-03,PNW,3,556.5
vet_clinic,BI100126,2025-03,NE,2,371.0
vet_clinic,BI100126,2025-03,MA,2,371.0
vet_clinic,BI100126,2025-03,SE,1,185.5
vet_clinic,BI100126,2025-03,MW,1,185.5
vet_clinic,BI100126,2025-03,MTN,2,371.0
vet_clinic,BI100126,2025-03,PNW,2,371.0
ecom_national,CW500054,2025-04,MA,2,371.0
ecom_national,CW500054,2025-04,SE,2,371.0
ecom_national,CW500054,2025-04,MW,3,556.5
ecom_national,CW500054,2025-04,TX,2,371.0
ecom_national,CW500054,2025-04,MTN,2,371.0
ecom_national,CW500054,2025-04,PSW,1,185.5
ecom_national,CW500054,2025-04,PNW,4,742.0
retail,BI100126,2025-04,NE,4,742.0
retail,BI100126,2025-04,MA,2,371.0
retail,BI100126,2025-04,SE,2,371.0
retail,BI100126,2025-04,MW,3,556.5
retail,BI100126,2025-04,TX,1,185.5
retail,BI100126,2025-04,MTN,1,185.5
retail,BI100126,2025-04,PSW,1,185.5
retail,BI100126,2025-04,PNW,2,371.0
vet_clinic,BI100126,2025-04,NE,2,371.0
vet_clinic,BI100126,2025-04,MA,2,371.0
vet_clinic,BI100126,2025-04,MW,2,371.0
vet_clinic,BI100126,2025-04,MTN,1,185.5
vet_clinic,BI100126,2025-04,PSW,2,371.0
ecom_national,CW500054,2025-05,NE,2,371.0
ecom_national,CW500054,2025-05,MA,3,556.5
ecom_national,CW500054,2025-05,SE,4,742.0
ecom_national,CW500054,2025-05,MW,3,556.5
ecom_national,CW500054,2025-05,TX,2,371.0
ecom_national,CW500054,2025-05,MTN,3,556.5
ecom_national,CW500054,2025-05,PSW,5,927.5
ecom_national,CW500054,2025-05,PNW,3,556.5
retail,BI100126,2025-05,NE,1,185.5
retail,BI100126,2025-05,MA,1,185.5
retail,BI100126,2025-05,SE,1,185.5
retail,BI100126,2025-05,TX,1,185.5
retail,BI100126,2025-05,PSW,1,185.5
retail,BI100126,2025-05,PNW,1,185.5
vet_clinic,BI100126,2025-05,NE,1,185.5
vet_clinic,BI100126,2025-05,MA,1,185.5
vet_clinic,BI100126,2025-05,SE,1,185.5
vet_clinic,BI100126,2025-05,MW,1,185.5
vet_clinic,BI100126,2025-05,MTN,2,371.0
vet_clinic,BI100126,2025-05,PSW,1,185.5
ecom_national,CW500054,2025-06,NE,2,371.0
ecom_national,CW500054,2025-06,MA,1,185.5
ecom_national,CW500054,2025-06,SE,3,556.5
ecom_national,CW500054,2025-06,MW,1,185.5
ecom_national,CW500054,2025-06,TX,3,556.5
ecom_national,CW500054,2025-06,MTN,3,556.5
ecom_national,CW500054,2025-06,PSW,2,371.0
ecom_national,CW500054,2025-06,PNW,4,742.0
retail,BI100126,2025-06,NE,1,185.5
retail,BI100126,2025-06,MA,1,185.5
retail,BI100126,2025-06,SE,2,371.0
retail,BI100126,2025-06,MW,2,371.0
retail,BI100126,2025-06,TX,2,371.0
retail,BI100126,2025-06,MTN,1,185.5
vet_clinic,BI100126,2025-06,NE,1,185.5
vet_clinic,BI100126,2025-06,SE,1,185.5
vet_clinic,BI100126,2025-06,MW,1,185.5
vet_clinic,BI100126,2025-06,TX,1,185.5
vet_clinic,BI100126,2025-06,MTN,1,185.5
vet_clinic,BI100126,2025-06,PNW,1,185.5
ecom_national,CW500054,2025-07,NE,3,556.5
ecom_national,CW500054,2025-07,MA,2,371.0
ecom_national,CW500054,2025-07,SE,1,185.5
ecom_national,CW500054,2025-07,MW,2,371.0
ecom_national,CW500054,2025-07,TX,3,556.5
ecom_national,CW500054,2025-07,MTN,4,742.0
ecom_national,CW500054,2025-07,PSW,4,742.0
ecom_national,CW500054,2025-07,PNW,2,371.0
retail,BI100126,2025-07,NE,2,371.0
retail,BI100126,2025-07,MA,2,371.0
retail,BI100126,2025-07,SE,2,371.0
retail,BI100126,2025-07,MW,2,371.0
retail,BI100126,2025-07,TX,2,371.0
retail,BI100126,2025-07,PNW,2,371.0
vet_clinic,BI100126,2025-07,NE,1,185.5
vet_clinic,BI100126,2025-07,MW,1,185.5
vet_clinic,BI100126,2025-07,MTN,1,185.5
vet_clinic,BI100126,2025-07,PNW,1,185.5
ecom_national,CW500054,2025-08,NE,4,742.0
ecom_national,CW500054,2025-08,MA,2,371.0
ecom_national,CW500054,2025-08,MW,1,185.5
ecom_national,CW500054,2025-08,MTN,4,742.0
ecom_national,CW500054,2025-08,PSW,5,927.5
ecom_national,CW500054,2025-08,PNW,2,371.0
retail,BI100126,2025-08,MA,3,556.5
retail,BI100126,2025-08,SE,2,371.0
retail,BI100126,2025-08,MW,2,371.0
retail,BI100126,2025-08,MTN,2,371.0
retail,BI100126,2025-08,PSW,1,185.5
retail,BI100126,2025-08,PNW,2,371.0
vet_clinic,BI100126,2025-08,NE,2,371.0
vet_clinic,BI100126,2025-08,MA,2,371.0
vet_clinic,BI100126,2025-08,MW,1,185.5
vet_clinic,BI100126,2025-08,MTN,2,371.0
vet_clinic,BI100126,2025-08,PSW,1,185.5
vet_clinic,BI100126,2025-08,PNW,1,185.5
ecom_national,CW500054,2025-09,MA,2,371.0
ecom_national,CW500054,2025-09,SE,3,556.5
ecom_national,CW500054,2025-09,MW,2,371.0
ecom_national,CW500054,2025-09,TX,3,556.5
ecom_national,CW500054,2025-09,MTN,2,371.0
ecom_national,CW500054,2025-09,PSW,1,185.5
ecom_national,CW500054,2025-09,PNW,3,556.5
retail,BI100126,2025-09,NE,1,185.5
retail,BI100126,2025-09,MA,1,185.5
retail,BI100126,2025-09,TX,2,371.0
retail,BI100126,2025-09,MTN,2,371.0
retail,BI100126,2025-09,PSW,1,185.5
retail,BI100126,2025-09,PNW,1,185.5
vet_clinic,BI100126,2025-09,NE,1,185.5
vet_clinic,BI100126,2025-09,MA,2,371.0
vet_clinic,BI100126,2025-09,SE,1,185.5
vet_clinic,BI100126,2025-09,MW,1,185.5
vet_clinic,BI100126,2025-09,MTN,1,185.5
vet_clinic,BI100126,2025-09,PSW,1,185.5
vet_clinic,BI100126,2025-09,PNW,1,185.5
ecom_national,CW500054,2025-10,NE,1,185.5
ecom_national,CW500054,2025-10,MA,4,742.0
ecom_national,CW500054,2025-10,SE,1,185.5
ecom_national,CW500054,2025-10,MW,2,371.0
ecom_national,CW500054,2025-10,TX,3,556.5
ecom_national,CW500054,2025-10,MTN,3,556.5
ecom_national,CW500054,2025-10,PSW,3,556.5
ecom_national,CW500054,2025-10,PNW,1,185.5
retail,BI100126,2025-10,NE,1,185.5
retail,BI100126,2025-10,MA,2,371.0
retail,BI100126,2025-10,MW,1,185.5
retail,BI100126,2025-10,TX,1,185.5
retail,BI100126,2025-10,PSW,2,371.0
vet_clinic,BI100126,2025-10,MA,1,185.5
vet_clinic,BI100126,2025-10,SE,1,185.5
vet_clinic,BI100126,2025-10,TX,1,185.5
vet_clinic,BI100126,2025-10,MTN,1,185.5
vet_clinic,BI100126,2025-10,PSW,1,185.5
vet_clinic,BI100126,2025-10,PNW,1,185.5
ecom_national,CW500054,2025-11,NE,2,371.0
ecom_national,CW500054,2025-11,MA,2,371.0
ecom_national,CW500054,2025-11,SE,1,185.5
ecom_national,CW500054,2025-11,MW,2,371.0
ecom_national,CW500054,2025-11,TX,1,185.5
ecom_national,CW500054,2025-11,MTN,3,556.5
ecom_national,CW500054,2025-11,PNW,3,556.5
retail,BI100126,2025-11,MA,2,371.0
retail,BI100126,2025-11,SE,1,185.5
retail,BI100126,2025-11,MW,1,185.5
retail,BI100126,2025-11,TX,1,185.5
retail,BI100126,2025-11,MTN,2,371.0
retail,BI100126,2025-11,PSW,1,185.5
retail,BI100126,2025-11,PNW,1,185.5
vet_clinic,BI100126,2025-11,MA,1,185.5
vet_clinic,BI100126,2025-11,SE,1,185.5
vet_clinic,BI100126,2025-11,MW,1,185.5
vet_clinic,BI100126,2025-11,MTN,1,185.5
vet_clinic,BI100126,2025-11,PSW,1,185.5
ecom_national,CW500054,2025-12,NE,1,185.5
ecom_national,CW500054,2025-12,MA,2,371.0
ecom_national,CW500054,2025-12,SE,1,185.5
ecom_national,CW500054,2025-12,MW,3,556.5
ecom_national,CW500054,2025-12,TX,2,371.0
ecom_national,CW500054,2025-12,MTN,3,556.5
ecom_national,CW500054,2025-12,PSW,1,185.5
ecom_national,CW500054,2025-12,PNW,2,371.0
retail,BI100126,2025-12,MA,1,185.5
retail,BI100126,2025-12,MW,1,185.5
retail,BI100126,2025-12,MTN,2,371.0
retail,BI100126,2025-12,PSW,1,185.5
vet_clinic,BI100126,2025-12,TX,1,185.5
vet_clinic,BI100126,2025-12,MTN,1,185.5
vet_clinic,BI100126,2025-12,PSW,1,185.5
ecom_national,CW500057,2024-01,SE,1,76.34
ecom_national,CW500057,2024-01,TX,1,76.34
ecom_national,CW500057,2024-01,MTN,1,76.34
ecom_national,CW500057,2024-01,PSW,1,76.34
retail,BI100133,2024-01,NE,1,76.34
retail,BI100133,2024-01,SE,1,76.34
retail,BI100133,2024-01,TX,1,76.34
retail,BI100133,2024-01,PSW,1,76.34
vet_clinic,BI100133,2024-01,TX,1,76.34
ecom_national,CW500057,2024-02,MW,1,76.34
ecom_national,CW500057,2024-02,TX,1,76.34
ecom_national,CW500057,2024-02,PNW,1,76.34
retail,BI100133,2024-02,SE,1,76.34
retail,BI100133,2024-02,PNW,1,76.34
vet_clinic,BI100133,2024-02,NE,1,76.34
ecom_national,CW500057,2024-03,NE,1,76.34
ecom_national,CW500057,2024-03,MA,1,76.34
ecom_national,CW500057,2024-03,MTN,1,76.34
ecom_national,CW500057,2024-03,PNW,1,76.34
retail,BI100133,2024-03,NE,1,76.34
retail,BI100133,2024-03,MA,1,76.34
retail,BI100133,2024-03,SE,1,76.34
vet_clinic,BI100133,2024-03,NE,1,76.34
vet_clinic,BI100133,2024-03,TX,1,76.34
ecom_national,CW500057,2024-04,NE,2,152.68
ecom_national,CW500057,2024-04,MA,1,76.34
ecom_national,CW500057,2024-04,SE,2,152.68
ecom_national,CW500057,2024-04,MW,1,76.34
ecom_national,CW500057,2024-04,MTN,1,76.34
ecom_national,CW500057,2024-04,PSW,1,76.34
retail,BI100133,2024-04,NE,1,76.34
retail,BI100133,2024-04,SE,1,76.34
retail,BI100133,2024-04,TX,1,76.34
vet_clinic,BI100133,2024-04,NE,1,76.34
ecom_national,CW500057,2024-05,NE,2,152.68
ecom_national,CW500057,2024-05,MA,1,76.34
ecom_national,CW500057,2024-05,SE,1,76.34
ecom_national,CW500057,2024-05,MW,1,76.34
ecom_national,CW500057,2024-05,TX,1,76.34
ecom_national,CW500057,2024-05,MTN,1,76.34
ecom_national,CW500057,2024-05,PSW,1,76.34
ecom_national,CW500057,2024-05,PNW,1,76.34
retail,BI100133,2024-05,NE,1,76.34
retail,BI100133,2024-05,SE,1,76.34
retail,BI100133,2024-05,TX,1,76.34
retail,BI100133,2024-05,MTN,1,76.34
retail,BI100133,2024-05,PSW,1,76.34
retail,BI100133,2024-05,PNW,1,76.34
vet_clinic,BI100133,2024-05,SE,1,76.34
vet_clinic,BI100133,2024-05,MTN,1,76.34
ecom_national,CW500057,2024-06,MA,1,76.34
ecom_national,CW500057,2024-06,MTN,1,76.34
retail,BI100133,2024-06,SE,1,76.34
retail,BI100133,2024-06,PSW,1,76.34
retail,BI100133,2024-06,PNW,1,76.34
vet_clinic,BI100133,2024-06,TX,1,76.34
ecom_national,CW500057,2024-07,NE,2,152.68
ecom_national,CW500057,2024-07,MA,1,76.34
ecom_national,CW500057,2024-07,SE,1,76.34
ecom_national,CW500057,2024-07,MW,2,152.68
ecom_national,CW500057,2024-07,TX,1,76.34
ecom_national,CW500057,2024-07,MTN,1,76.34
ecom_national,CW500057,2024-07,PSW,1,76.34
ecom_national,CW500057,2024-07,PNW,1,76.34
retail,BI100133,2024-07,MA,1,76.34
retail,BI100133,2024-07,SE,1,76.34
retail,BI100133,2024-07,TX,1,76.34
vet_clinic,BI100133,2024-07,NE,1,76.34
vet_clinic,BI100133,2024-07,SE,1,76.34
vet_clinic,BI100133,2024-07,MTN,1,76.34
ecom_national,CW500057,2024-08,MA,1,76.34
ecom_national,CW500057,2024-08,SE,2,152.68
ecom_national,CW500057,2024-08,MW,1,76.34
ecom_national,CW500057,2024-08,TX,1,76.34
ecom_national,CW500057,2024-08,MTN,1,76.34
ecom_national,CW500057,2024-08,PSW,1,76.34
retail,BI100133,2024-08,SE,1,76.34
vet_clinic,BI100133,2024-08,SE,1,76.34
ecom_national,CW500057,2024-09,NE,1,76.34
ecom_national,CW500057,2024-09,MA,1,76.34
ecom_national,CW500057,2024-09,SE,1,76.34
ecom_national,CW500057,2024-09,MW,1,76.34
ecom_national,CW500057,2024-09,TX,1,76.34
ecom_national,CW500057,2024-09,MTN,1,76.34
ecom_national,CW500057,2024-09,PSW,1,76.34
retail,BI100133,2024-09,MW,1,76.34
retail,BI100133,2024-09,PSW,1,76.34
retail,BI100133,2024-09,PNW,1,76.34
vet_clinic,BI100133,2024-09,NE,1,76.34
vet_clinic,BI100133,2024-09,MW,1,76.34
ecom_national,CW500057,2024-10,NE,1,76.34
ecom_national,CW500057,2024-10,MA,1,76.34
ecom_national,CW500057,2024-10,SE,1,76.34
ecom_national,CW500057,2024-10,MW,1,76.34
ecom_national,CW500057,2024-10,MTN,1,76.34
retail,BI100133,2024-10,SE,1,76.34
retail,BI100133,2024-10,TX,1,76.34
retail,BI100133,2024-10,PSW,1,76.34
vet_clinic,BI100133,2024-10,NE,1,76.34
vet_clinic,BI100133,2024-10,SE,1,76.34
ecom_national,CW500057,2024-11,NE,1,76.34
ecom_national,CW500057,2024-11,MA,1,76.34
ecom_national,CW500057,2024-11,SE,1,76.34
ecom_national,CW500057,2024-11,TX,1,76.34
ecom_national,CW500057,2024-11,PNW,1,76.34
retail,BI100133,2024-11,SE,1,76.34
retail,BI100133,2024-11,TX,1,76.34
ecom_national,CW500057,2024-12,SE,1,76.34
ecom_national,CW500057,2024-12,TX,1,76.34
ecom_national,CW500057,2024-12,MTN,1,76.34
ecom_national,CW500057,2024-12,PSW,1,76.34
ecom_national,CW500057,2024-12,PNW,1,76.34
retail,BI100133,2024-12,NE,1,76.34
retail,BI100133,2024-12,MA,1,76.34
retail,BI100133,2024-12,PNW,1,76.34
ecom_national,CW500057,2025-01,NE,1,76.34
ecom_national,CW500057,2025-01,SE,2,152.68
ecom_national,CW500057,2025-01,MW,1,76.34
ecom_national,CW500057,2025-01,TX,1,76.34
ecom_national,CW500057,2025-01,PNW,1,76.34
retail,BI100133,2025-01,TX,1,76.34
retail,BI100133,2025-01,MTN,1,76.34
ecom_national,CW500057,2025-02,MA,1,76.34
ecom_national,CW500057,2025-02,SE,1,76.34
ecom_national,CW500057,2025-02,MW,1,76.34
ecom_national,CW500057,2025-02,TX,1,76.34
retail,BI100133,2025-02,NE,1,76.34
retail,BI100133,2025-02,MW,1,76.34
retail,BI100133,2025-02,MTN,1,76.34
retail,BI100133,2025-02,PNW,1,76.34
ecom_national,CW500057,2025-03,MA,1,76.34
ecom_national,CW500057,2025-03,SE,1,76.34
ecom_national,CW500057,2025-03,MW,1,76.34
ecom_national,CW500057,2025-03,TX,1,76.34
ecom_national,CW500057,2025-03,PSW,1,76.34
ecom_national,CW500057,2025-03,PNW,1,76.34
retail,BI100133,2025-03,NE,1,76.34
retail,BI100133,2025-03,MA,1,76.34
retail,BI100133,2025-03,MW,1,76.34
retail,BI100133,2025-03,MTN,1,76.34
retail,BI100133,2025-03,PNW,1,76.34
vet_clinic,BI100133,2025-03,NE,1,76.34
ecom_national,CW500057,2025-04,NE,1,76.34
ecom_national,CW500057,2025-04,MA,1,76.34
ecom_national,CW500057,2025-04,SE,2,152.68
ecom_national,CW500057,2025-04,PSW,1,76.34
retail,BI100133,2025-04,MA,1,76.34
retail,BI100133,2025-04,SE,1,76.34
vet_clinic,BI100133,2025-04,SE,1,76.34
vet_clinic,BI100133,2025-04,TX,1,76.34
ecom_national,CW500057,2025-05,NE,2,152.68
ecom_national,CW500057,2025-05,MA,2,152.68
ecom_national,CW500057,2025-05,SE,1,76.34
ecom_national,CW500057,2025-05,TX,1,76.34
ecom_national,CW500057,2025-05,MTN,1,76.34
ecom_national,CW500057,2025-05,PSW,1,76.34
ecom_national,CW500057,2025-05,PNW,1,76.34
retail,BI100133,2025-05,NE,1,76.34
retail,BI100133,2025-05,MA,1,76.34
retail,BI100133,2025-05,SE,1,76.34
retail,BI100133,2025-05,TX,1,76.34
retail,BI100133,2025-05,PNW,1,76.34
vet_clinic,BI100133,2025-05,NE,1,76.34
vet_clinic,BI100133,2025-05,TX,1,76.34
vet_clinic,BI100133,2025-05,PNW,1,76.34
ecom_national,CW500057,2025-06,SE,1,76.34
ecom_national,CW500057,2025-06,MW,1,76.34
ecom_national,CW500057,2025-06,TX,1,76.34
ecom_national,CW500057,2025-06,MTN,1,76.34
ecom_national,CW500057,2025-06,PSW,1,76.34
ecom_national,CW500057,2025-06,PNW,1,76.34
retail,BI100133,2025-06,SE,1,76.34
retail,BI100133,2025-06,TX,1,76.34
retail,BI100133,2025-06,MTN,1,76.34
vet_clinic,BI100133,2025-06,NE,1,76.34
vet_clinic,BI100133,2025-06,PNW,1,76.34
ecom_national,CW500057,2025-07,NE,2,152.68
ecom_national,CW500057,2025-07,SE,1,76.34
ecom_national,CW500057,2025-07,TX,1,76.34
ecom_national,CW500057,2025-07,MTN,1,76.34
ecom_national,CW500057,2025-07,PNW,1,76.34
retail,BI100133,2025-07,TX,1,76.34
vet_clinic,BI100133,2025-07,NE,1,76.34
vet_clinic,BI100133,2025-07,SE,1,76.34
vet_clinic,BI100133,2025-07,MTN,1,76.34
ecom_national,CW500057,2025-08,NE,2,152.68
ecom_national,CW500057,2025-08,SE,1,76.34
ecom_national,CW500057,2025-08,MW,1,76.34
ecom_national,CW500057,2025-08,TX,1,76.34
ecom_national,CW500057,2025-08,PSW,1,76.34
retail,BI100133,2025-08,SE,1,76.34
retail,BI100133,2025-08,TX,1,76.34
retail,BI100133,2025-08,PNW,1,76.34
vet_clinic,BI100133,2025-08,MA,1,76.34
vet_clinic,BI100133,2025-08,TX,1,76.34
ecom_national,CW500057,2025-09,NE,2,152.68
ecom_national,CW500057,2025-09,MA,1,76.34
ecom_national,CW500057,2025-09,MW,1,76.34
ecom_national,CW500057,2025-09,TX,1,76.34
ecom_national,CW500057,2025-09,MTN,1,76.34
ecom_national,CW500057,2025-09,PSW,1,76.34
retail,BI100133,2025-09,NE,1,76.34
retail,BI100133,2025-09,MA,1,76.34
retail,BI100133,2025-09,MW,1,76.34
retail,BI100133,2025-09,TX,1,76.34
vet_clinic,BI100133,2025-09,NE,1,76.34
vet_clinic,BI100133,2025-09,MA,1,76.34
vet_clinic,BI100133,2025-09,MW,1,76.34
vet_clinic,BI100133,2025-09,TX,1,76.34
ecom_national,CW500057,2025-10,NE,1,76.34
ecom_national,CW500057,2025-10,MA,1,76.34
ecom_national,CW500057,2025-10,SE,1,76.34
ecom_national,CW500057,2025-10,MW,1,76.34
ecom_national,CW500057,2025-10,MTN,1,76.34
ecom_national,CW500057,2025-10,PNW,1,76.34
retail,BI100133,2025-10,MW,1,76.34
retail,BI100133,2025-10,PNW,1,76.34
vet_clinic,BI100133,2025-10,SE,1,76.34
vet_clinic,BI100133,2025-10,MW,1,76.34
ecom_national,CW500057,2025-11,NE,2,152.68
ecom_national,CW500057,2025-11,MA,1,76.34
ecom_national,CW500057,2025-11,SE,1,76.34
ecom_national,CW500057,2025-11,MW,1,76.34
ecom_national,CW500057,2025-11,MTN,1,76.34
ecom_national,CW500057,2025-11,PNW,1,76.34
vet_clinic,BI100133,2025-11,NE,1,76.34
vet_clinic,BI100133,2025-11,SE,1,76.34
ecom_national,CW500057,2025-12,MA,1,76.34
ecom_national,CW500057,2025-12,SE,1,76.34
ecom_national,CW500057,2025-12,TX,1,76.34
ecom_national,CW500057,2025-12,MTN,1,76.34
ecom_national,CW500057,2025-12,PNW,1,76.34
retail,BI100133,2025-12,SE,1,76.34
retail,BI100133,2025-12,TX,1,76.34
vet_clinic,BI100133,2025-12,SE,1,76.34
ecom_national,CW500060,2024-01,NE,2,80.12
ecom_national,CW500060,2024-01,MA,1,40.06
ecom_national,CW500060,2024-01,SE,1,40.06
ecom_national,CW500060,2024-01,MW,1,40.06
ecom_national,CW500060,2024-01,TX,2,80.12
ecom_national,CW500060,2024-01,MTN,5,200.3
ecom_national,CW500060,2024-01,PNW,5,200.3
retail,BI100140,2024-01,NE,2,80.12
retail,BI100140,2024-01,MA,2,80.12
retail,BI100140,2024-01,SE,1,40.06
retail,BI100140,2024-01,MW,1,40.06
retail,BI100140,2024-01,TX,2,80.12
retail,BI100140,2024-01,MTN,1,40.06
retail,BI100140,2024-01,PSW,1,40.06
retail,BI100140,2024-01,PNW,3,120.18
vet_clinic,BI100140,2024-01,NE,1,40.06
vet_clinic,BI100140,2024-01,MA,1,40.06
vet_clinic,BI100140,2024-01,MW,1,40.06
ecom_national,CW500060,2024-02,NE,3,120.18
ecom_national,CW500060,2024-02,MA,1,40.06
ecom_national,CW500060,2024-02,SE,2,80.12
ecom_national,CW500060,2024-02,MW,2,80.12
ecom_national,CW500060,2024-02,TX,2,80.12
ecom_national,CW500060,2024-02,MTN,3,120.18
ecom_national,CW500060,2024-02,PSW,2,80.12
ecom_national,CW500060,2024-02,PNW,4,160.24
retail,BI100140,2024-02,MA,2,80.12
retail,BI100140,2024-02,SE,2,80.12
retail,BI100140,2024-02,MW,2,80.12
retail,BI100140,2024-02,TX,2,80.12
retail,BI100140,2024-02,MTN,1,40.06
retail,BI100140,2024-02,PSW,1,40.06
retail,BI100140,2024-02,PNW,3,120.18
vet_clinic,BI100140,2024-02,NE,1,40.06
vet_clinic,BI100140,2024-02,MA,1,40.06
vet_clinic,BI100140,2024-02,SE,1,40.06
vet_clinic,BI100140,2024-02,MW,2,80.12
vet_clinic,BI100140,2024-02,TX,2,80.12
vet_clinic,BI100140,2024-02,MTN,1,40.06
vet_clinic,BI100140,2024-02,PNW,1,40.06
ecom_national,CW500060,2024-03,NE,5,200.3
ecom_national,CW500060,2024-03,MA,1,40.06
ecom_national,CW500060,2024-03,MW,3,120.18
ecom_national,CW500060,2024-03,MTN,3,120.18
ecom_national,CW500060,2024-03,PSW,3,120.18
ecom_national,CW500060,2024-03,PNW,4,160.24
retail,BI100140,2024-03,NE,4,160.24
retail,BI100140,2024-03,MA,1,40.06
retail,BI100140,2024-03,SE,1,40.06
retail,BI100140,2024-03,TX,1,40.06
retail,BI100140,2024-03,MTN,2,80.12
retail,BI100140,2024-03,PSW,2,80.12
retail,BI100140,2024-03,PNW,1,40.06
vet_clinic,BI100140,2024-03,NE,1,40.06
vet_clinic,BI100140,2024-03,SE,2,80.12
vet_clinic,BI100140,2024-03,MW,1,40.06
vet_clinic,BI100140,2024-03,TX,2,80.12
vet_clinic,BI100140,2024-03,MTN,1,40.06
vet_clinic,BI100140,2024-03,PSW,1,40.06
vet_clinic,BI100140,2024-03,PNW,1,40.06
ecom_national,CW500060,2024-04,NE,4,160.24
ecom_national,CW500060,2024-04,MA,4,160.24
ecom_national,CW500060,2024-04,MW,5,200.3
ecom_national,CW500060,2024-04,TX,3,120.18
ecom_national,CW500060,2024-04,MTN,2,80.12
ecom_national,CW500060,2024-04,PSW,1,40.06
ecom_national,CW500060,2024-04,PNW,3,120.18
retail,BI100140,2024-04,NE,3,120.18
retail,BI100140,2024-04,MA,2,80.12
retail,BI100140,2024-04,MW,1,40.06
retail,BI100140,2024-04,TX,4,160.24
retail,BI100140,2024-04,MTN,3,120.18
retail,BI100140,2024-04,PSW,1,40.06
vet_clinic,BI100140,2024-04,NE,2,80.12
vet_clinic,BI100140,2024-04,MA,1,40.06
vet_clinic,BI100140,2024-04,SE,2,80.12
vet_clinic,BI100140,2024-04,MW,1,40.06
vet_clinic,BI100140,2024-04,TX,1,40.06
vet_clinic,BI100140,2024-04,MTN,1,40.06
vet_clinic,BI100140,2024-04,PSW,2,80.12
ecom_national,CW500060,2024-05,NE,3,120.18
ecom_national,CW500060,2024-05,MA,3,120.18
ecom_national,CW500060,2024-05,SE,1,40.06
ecom_national,CW500060,2024-05,MW,1,40.06
ecom_national,CW500060,2024-05,TX,6,240.36
ecom_national,CW500060,2024-05,MTN,5,200.3
ecom_national,CW500060,2024-05,PSW,1,40.06
ecom_national,CW500060,2024-05,PNW,1,40.06
retail,BI100140,2024-05,NE,3,120.18
retail,BI100140,2024-05,SE,4,160.24
retail,BI100140,2024-05,MW,1,40.06
retail,BI100140,2024-05,TX,4,160.24
retail,BI100140,2024-05,MTN,1,40.06
retail,BI100140,2024-05,PSW,1,40.06
retail,BI100140,2024-05,PNW,3,120.18
vet_clinic,BI100140,2024-05,MA,2,80.12
vet_clinic,BI100140,2024-05,SE,1,40.06
vet_clinic,BI100140,2024-05,MW,1,40.06
vet_clinic,BI100140,2024-05,TX,3,120.18
vet_clinic,BI100140,2024-05,MTN,2,80.12
vet_clinic,BI100140,2024-05,PNW,2,80.12
ecom_national,CW500060,2024-06,NE,6,240.36
ecom_national,CW500060,2024-06,MA,4,160.24
ecom_national,CW500060,2024-06,MW,4,160.24
ecom_national,CW500060,2024-06,TX,2,80.12
ecom_national,CW500060,2024-06,MTN,2,80.12
ecom_national,CW500060,2024-06,PSW,2,80.12
retail,BI100140,2024-06,NE,4,160.24
retail,BI100140,2024-06,MA,3,120.18
retail,BI100140,2024-06,SE,1,40.06
retail,BI100140,2024-06,MW,4,160.24
retail,BI100140,2024-06,TX,1,40.06
retail,BI100140,2024-06,MTN,3,120.18
retail,BI100140,2024-06,PSW,2,80.12
retail,BI100140,2024-06,PNW,1,40.06
vet_clinic,BI100140,2024-06,NE,2,80.12
vet_clinic,BI100140,2024-06,MA,1,40.06
vet_clinic,BI100140,2024-06,SE,1,40.06
vet_clinic,BI100140,2024-06,MTN,2,80.12
vet_clinic,BI100140,2024-06,PSW,1,40.06
vet_clinic,BI100140,2024-06,PNW,1,40.06
ecom_national,CW500060,2024-07,NE,4,160.24
ecom_national,CW500060,2024-07,MA,3,120.18
ecom_national,CW500060,2024-07,SE,3,120.18
ecom_national,CW500060,2024-07,MW,3,120.18
ecom_national,CW500060,2024-07,PSW,2,80.12
ecom_national,CW500060,2024-07,PNW,3,120.18
retail,BI100140,2024-07,NE,3,120.18
retail,BI100140,2024-07,MA,1,40.06
retail,BI100140,2024-07,MW,3,120.18
retail,BI100140,2024-07,TX,3,120.18
retail,BI100140,2024-07,PSW,1,40.06
retail,BI100140,2024-07,PNW,2,80.12
vet_clinic,BI100140,2024-07,NE,1,40.06
vet_clinic,BI100140,2024-07,MA,1,40.06
vet_clinic,BI100140,2024-07,TX,2,80.12
vet_clinic,BI100140,2024-07,PSW,1,40.06
vet_clinic,BI100140,2024-07,PNW,1,40.06
ecom_national,CW500060,2024-08,NE,3,120.18
ecom_national,CW500060,2024-08,MA,4,160.24
ecom_national,CW500060,2024-08,MW,2,80.12
ecom_national,CW500060,2024-08,TX,4,160.24
ecom_national,CW500060,2024-08,MTN,4,160.24
ecom_national,CW500060,2024-08,PSW,3,120.18
ecom_national,CW500060,2024-08,PNW,3,120.18
retail,BI100140,2024-08,NE,1,40.06
retail,BI100140,2024-08,MA,1,40.06
retail,BI100140,2024-08,SE,3,120.18
retail,BI100140,2024-08,MW,3,120.18
retail,BI100140,2024-08,TX,1,40.06
retail,BI100140,2024-08,MTN,4,160.24
retail,BI100140,2024-08,PSW,1,40.06
retail,BI100140,2024-08,PNW,3,120.18
vet_clinic,BI100140,2024-08,MA,1,40.06
vet_clinic,BI100140,2024-08,MW,1,40.06
vet_clinic,BI100140,2024-08,TX,3,120.18
vet_clinic,BI100140,2024-08,MTN,1,40.06
vet_clinic,BI100140,2024-08,PNW,2,80.12
ecom_national,CW500060,2024-09,NE,2,80.12
ecom_national,CW500060,2024-09,MA,3,120.18
ecom_national,CW500060,2024-09,SE,4,160.24
ecom_national,CW500060,2024-09,TX,6,240.36
ecom_national,CW500060,2024-09,MTN,2,80.12
ecom_national,CW500060,2024-09,PSW,4,160.24
ecom_national,CW500060,2024-09,PNW,2,80.12
retail,BI100140,2024-09,NE,1,40.06
retail,BI100140,2024-09,MA,1,40.06
retail,BI100140,2024-09,SE,3,120.18
retail,BI100140,2024-09,TX,2,80.12
retail,BI100140,2024-09,PSW,1,40.06
retail,BI100140,2024-09,PNW,1,40.06
vet_clinic,BI100140,2024-09,NE,1,40.06
vet_clinic,BI100140,2024-09,MA,1,40.06
vet_clinic,BI100140,2024-09,SE,1,40.06
vet_clinic,BI100140,2024-09,TX,1,40.06
vet_clinic,BI100140,2024-09,PSW,1,40.06
vet_clinic,BI100140,2024-09,PNW,1,40.06
ecom_national,CW500060,2024-10,NE,5,200.3
ecom_national,CW500060,2024-10,MA,2,80.12
ecom_national,CW500060,2024-10,SE,1,40.06
ecom_national,CW500060,2024-10,MW,4,160.24
ecom_national,CW500060,2024-10,TX,1,40.06
ecom_national,CW500060,2024-10,MTN,4,160.24
ecom_national,CW500060,2024-10,PSW,3,120.18
retail,BI100140,2024-10,NE,2,80.12
retail,BI100140,2024-10,MA,1,40.06
retail,BI100140,2024-10,SE,1,40.06
retail,BI100140,2024-10,MW,3,120.18
retail,BI100140,2024-10,TX,1,40.06
retail,BI100140,2024-10,MTN,1,40.06
retail,BI100140,2024-10,PSW,1,40.06
retail,BI100140,2024-10,PNW,1,40.06
vet_clinic,BI100140,2024-10,NE,1,40.06
vet_clinic,BI100140,2024-10,MA,1,40.06
vet_clinic,BI100140,2024-10,SE,2,80.12
vet_clinic,BI100140,2024-10,TX,2,80.12
vet_clinic,BI100140,2024-10,PSW,1,40.06
vet_clinic,BI100140,2024-10,PNW,1,40.06
ecom_national,CW500060,2024-11,NE,2,80.12
ecom_national,CW500060,2024-11,MW,5,200.3
ecom_national,CW500060,2024-11,TX,5,200.3
ecom_national,CW500060,2024-11,MTN,3,120.18
ecom_national,CW500060,2024-11,PSW,1,40.06
ecom_national,CW500060,2024-11,PNW,2,80.12
retail,BI100140,2024-11,MA,2,80.12
retail,BI100140,2024-11,SE,1,40.06
retail,BI100140,2024-11,TX,3,120.18
retail,BI100140,2024-11,PSW,1,40.06
retail,BI100140,2024-11,PNW,3,120.18
vet_clinic,BI100140,2024-11,MW,1,40.06
vet_clinic,BI100140,2024-11,TX,2,80.12
vet_clinic,BI100140,2024-11,MTN,1,40.06
vet_clinic,BI100140,2024-11,PSW,1,40.06
ecom_national,CW500060,2024-12,NE,2,80.12
ecom_national,CW500060,2024-12,SE,2,80.12
ecom_national,CW500060,2024-12,MW,2,80.12
ecom_national,CW500060,2024-12,TX,1,40.06
ecom_national,CW500060,2024-12,MTN,2,80.12
ecom_national,CW500060,2024-12,PSW,3,120.18
ecom_national,CW500060,2024-12,PNW,1,40.06
retail,BI100140,2024-12,NE,2,80.12
retail,BI100140,2024-12,SE,1,40.06
retail,BI100140,2024-12,MW,1,40.06
retail,BI100140,2024-12,TX,3,120.18
retail,BI100140,2024-12,MTN,1,40.06
retail,BI100140,2024-12,PSW,2,80.12
retail,BI100140,2024-12,PNW,1,40.06
vet_clinic,BI100140,2024-12,MA,1,40.06
vet_clinic,BI100140,2024-12,SE,2,80.12
vet_clinic,BI100140,2024-12,MW,1,40.06
vet_clinic,BI100140,2024-12,PSW,1,40.06
ecom_national,CW500060,2025-01,NE,2,80.12
ecom_national,CW500060,2025-01,MA,4,160.24
ecom_national,CW500060,2025-01,SE,2,80.12
ecom_national,CW500060,2025-01,MW,3,120.18
ecom_national,CW500060,2025-01,TX,4,160.24
ecom_national,CW500060,2025-01,MTN,6,240.36
ecom_national,CW500060,2025-01,PSW,4,160.24
ecom_national,CW500060,2025-01,PNW,3,120.18
retail,BI100140,2025-01,NE,3,120.18
retail,BI100140,2025-01,MA,1,40.06
retail,BI100140,2025-01,SE,2,80.12
retail,BI100140,2025-01,MW,1,40.06
retail,BI100140,2025-01,TX,1,40.06
retail,BI100140,2025-01,PSW,2,80.12
retail,BI100140,2025-01,PNW,1,40.06
vet_clinic,BI100140,2025-01,NE,1,40.06
vet_clinic,BI100140,2025-01,MA,1,40.06
vet_clinic,BI100140,2025-01,MW,2,80.12
vet_clinic,BI100140,2025-01,TX,1,40.06
vet_clinic,BI100140,2025-01,MTN,1,40.06
vet_clinic,BI100140,2025-01,PSW,1,40.06
vet_clinic,BI100140,2025-01,PNW,2,80.12
ecom_national,CW500060,2025-02,NE,2,80.12
ecom_national,CW500060,2025-02,MA,2,80.12
ecom_national,CW500060,2025-02,SE,2,80.12
ecom_national,CW500060,2025-02,MW,6,240.36
ecom_national,CW500060,2025-02,TX,1,40.06
ecom_national,CW500060,2025-02,MTN,3,120.18
ecom_national,CW500060,2025-02,PSW,2,80.12
ecom_national,CW500060,2025-02,PNW,2,80.12
retail,BI100140,2025-02,NE,3,120.18
retail,BI100140,2025-02,MA,2,80.12
retail,BI100140,2025-02,SE,3,120.18
retail,BI100140,2025-02,TX,3,120.18
retail,BI100140,2025-02,MTN,1,40.06
retail,BI100140,2025-02,PSW,1,40.06
retail,BI100140,2025-02,PNW,3,120.18
vet_clinic,BI100140,2025-02,NE,1,40.06
vet_clinic,BI100140,2025-02,SE,1,40.06
vet_clinic,BI100140,2025-02,MTN,2,80.12
vet_clinic,BI100140,2025-02,PSW,1,40.06
ecom_national,CW500060,2025-03,NE,3,120.18
ecom_national,CW500060,2025-03,MA,1,40.06
ecom_national,CW500060,2025-03,SE,1,40.06
ecom_national,CW500060,2025-03,MW,1,40.06
ecom_national,CW500060,2025-03,TX,5,200.3
ecom_national,CW500060,2025-03,MTN,2,80.12
ecom_national,CW500060,2025-03,PSW,2,80.12
ecom_national,CW500060,2025-03,PNW,4,160.24
retail,BI100140,2025-03,NE,1,40.06
retail,BI100140,2025-03,MA,2,80.12
retail,BI100140,2025-03,MW,2,80.12
retail,BI100140,2025-03,TX,2,80.12
retail,BI100140,2025-03,MTN,3,120.18
retail,BI100140,2025-03,PSW,1,40.06
retail,BI100140,2025-03,PNW,4,160.24
vet_clinic,BI100140,2025-03,NE,2,80.12
vet_clinic,BI100140,2025-03,MA,1,40.06
vet_clinic,BI100140,2025-03,MW,1,40.06
vet_clinic,BI100140,2025-03,TX,2,80.12
vet_clinic,BI100140,2025-03,MTN,1,40.06
vet_clinic,BI100140,2025-03,PSW,1,40.06
vet_clinic,BI100140,2025-03,PNW,1,40.06
ecom_national,CW500060,2025-04,NE,5,200.3
ecom_national,CW500060,2025-04,MA,4,160.24
ecom_national,CW500060,2025-04,SE,1,40.06
ecom_national,CW500060,2025-04,MW,2,80.12
ecom_national,CW500060,2025-04,TX,5,200.3
ecom_national,CW500060,2025-04,MTN,5,200.3
ecom_national,CW500060,2025-04,PSW,4,160.24
ecom_national,CW500060,2025-04,PNW,6,240.36
retail,BI100140,2025-04,NE,4,160.24
retail,BI100140,2025-04,MA,1,40.06
retail,BI100140,2025-04,SE,2,80.12
retail,BI100140,2025-04,MW,1,40.06
retail,BI100140,2025-04,TX,2,80.12
retail,BI100140,2025-04,MTN,2,80.12
retail,BI100140,2025-04,PSW,2,80.12
retail,BI100140,2025-04,PNW,2,80.12
vet_clinic,BI100140,2025-04,MW,1,40.06
vet_clinic,BI100140,2025-04,TX,2,80.12
vet_clinic,BI100140,2025-04,MTN,2,80.12
vet_clinic,BI100140,2025-04,PSW,2,80.12
vet_clinic,BI100140,2025-04,PNW,2,80.12
ecom_national,CW500060,2025-05,NE,4,160.24
ecom_national,CW500060,2025-05,MA,1,40.06
ecom_national,CW500060,2025-05,SE,3,120.18
ecom_national,CW500060,2025-05,TX,1,40.06
ecom_national,CW500060,2025-05,MTN,2,80.12
ecom_national,CW500060,2025-05,PSW,1,40.06
ecom_national,CW500060,2025-05,PNW,5,200.3
retail,BI100140,2025-05,NE,4,160.24
retail,BI100140,2025-05,MA,1,40.06
retail,BI100140,2025-05,SE,3,120.18
retail,BI100140,2025-05,MW,2,80.12
retail,BI100140,2025-05,TX,3,120.18
retail,BI100140,2025-05,MTN,4,160.24
retail,BI100140,2025-05,PSW,2,80.12
vet_clinic,BI100140,2025-05,NE,1,40.06
vet_clinic,BI100140,2025-05,MA,2,80.12
vet_clinic,BI100140,2025-05,SE,2,80.12
vet_clinic,BI100140,2025-05,MW,2,80.12
vet_clinic,BI100140,2025-05,TX,2,80.12
vet_clinic,BI100140,2025-05,MTN,2,80.12
vet_clinic,BI100140,2025-05,PSW,1,40.06
vet_clinic,BI100140,2025-05,PNW,2,80.12
ecom_national,CW500060,2025-06,NE,6,240.36
ecom_national,CW500060,2025-06,MA,5,200.3
ecom_national,CW500060,2025-06,SE,5,200.3
ecom_national,CW500060,2025-06,TX,6,240.36
ecom_national,CW500060,2025-06,PSW,3,120.18
ecom_national,CW500060,2025-06,PNW,5,200.3
retail,BI100140,2025-06,NE,2,80.12
retail,BI100140,2025-06,MA,1,40.06
retail,BI100140,2025-06,SE,2,80.12
retail,BI100140,2025-06,MW,3,120.18
retail,BI100140,2025-06,TX,4,160.24
retail,BI100140,2025-06,MTN,5,200.3
retail,BI100140,2025-06,PSW,2,80.12
retail,BI100140,2025-06,PNW,2,80.12
vet_clinic,BI100140,2025-06,NE,2,80.12
vet_clinic,BI100140,2025-06,SE,1,40.06
vet_clinic,BI100140,2025-06,MTN,1,40.06
vet_clinic,BI100140,2025-06,PNW,2,80.12
ecom_national,CW500060,2025-07,NE,3,120.18
ecom_national,CW500060,2025-07,MA,4,160.24
ecom_national,CW500060,2025-07,SE,6,240.36
ecom_national,CW500060,2025-07,MW,1,40.06
ecom_national,CW500060,2025-07,TX,2,80.12
ecom_national,CW500060,2025-07,MTN,3,120.18
ecom_national,CW500060,2025-07,PSW,5,200.3
ecom_national,CW500060,2025-07,PNW,5,200.3
retail,BI100140,2025-07,NE,2,80.12
retail,BI100140,2025-07,MA,2,80.12
retail,BI100140,2025-07,MW,2,80.12
retail,BI100140,2025-07,TX,1,40.06
retail,BI100140,2025-07,MTN,2,80.12
retail,BI100140,2025-07,PSW,3,120.18
retail,BI100140,2025-07,PNW,2,80.12
vet_clinic,BI100140,2025-07,NE,1,40.06
vet_clinic,BI100140,2025-07,SE,1,40.06
vet_clinic,BI100140,2025-07,MW,3,120.18
vet_clinic,BI100140,2025-07,TX,2,80.12
vet_clinic,BI100140,2025-07,MTN,1,40.06
vet_clinic,BI100140,2025-07,PSW,1,40.06
ecom_national,CW500060,2025-08,NE,2,80.12
ecom_national,CW500060,2025-08,MA,4,160.24
ecom_national,CW500060,2025-08,SE,2,80.12
ecom_national,CW500060,2025-08,MW,2,80.12
ecom_national,CW500060,2025-08,MTN,4,160.24
ecom_national,CW500060,2025-08,PSW,1,40.06
ecom_national,CW500060,2025-08,PNW,2,80.12
retail,BI100140,2025-08,NE,1,40.06
retail,BI100140,2025-08,MA,2,80.12
retail,BI100140,2025-08,SE,2,80.12
retail,BI100140,2025-08,MW,1,40.06
retail,BI100140,2025-08,TX,2,80.12
retail,BI100140,2025-08,MTN,3,120.18
retail,BI100140,2025-08,PSW,1,40.06
vet_clinic,BI100140,2025-08,NE,2,80.12
vet_clinic,BI100140,2025-08,MA,1,40.06
vet_clinic,BI100140,2025-08,SE,1,40.06
vet_clinic,BI100140,2025-08,MW,2,80.12
vet_clinic,BI100140,2025-08,TX,2,80.12
vet_clinic,BI100140,2025-08,PSW,1,40.06
vet_clinic,BI100140,2025-08,PNW,2,80.12
ecom_national,CW500060,2025-09,NE,1,40.06
ecom_national,CW500060,2025-09,MA,2,80.12
ecom_national,CW500060,2025-09,SE,6,240.36
ecom_national,CW500060,2025-09,MW,5,200.3
ecom_national,CW500060,2025-09,TX,4,160.24
ecom_national,CW500060,2025-09,MTN,7,280.42
ecom_national,CW500060,2025-09,PSW,2,80.12
ecom_national,CW500060,2025-09,PNW,5,200.3
retail,BI100140,2025-09,NE,1,40.06
retail,BI100140,2025-09,TX,2,80.12
retail,BI100140,2025-09,PSW,2,80.12
retail,BI100140,2025-09,PNW,3,120.18
vet_clinic,BI100140,2025-09,NE,2,80.12
vet_clinic,BI100140,2025-09,MA,1,40.06
vet_clinic,BI100140,2025-09,SE,3,120.18
vet_clinic,BI100140,2025-09,PSW,2,80.12
vet_clinic,BI100140,2025-09,PNW,2,80.12
ecom_national,CW500060,2025-10,NE,2,80.12
ecom_national,CW500060,2025-10,MA,1,40.06
ecom_national,CW500060,2025-10,SE,3,120.18
ecom_national,CW500060,2025-10,MW,6,240.36
ecom_national,CW500060,2025-10,MTN,6,240.36
ecom_national,CW500060,2025-10,PSW,1,40.06
retail,BI100140,2025-10,MA,1,40.06
retail,BI100140,2025-10,SE,2,80.12
retail,BI100140,2025-10,MW,3,120.18
retail,BI100140,2025-10,TX,3,120.18
retail,BI100140,2025-10,MTN,3,120.18
retail,BI100140,2025-10,PSW,1,40.06
vet_clinic,BI100140,2025-10,NE,2,80.12
vet_clinic,BI100140,2025-10,MA,1,40.06
vet_clinic,BI100140,2025-10,SE,2,80.12
vet_clinic,BI100140,2025-10,TX,2,80.12
vet_clinic,BI100140,2025-10,MTN,2,80.12
ecom_national,CW500060,2025-11,NE,1,40.06
ecom_national,CW500060,2025-11,MA,3,120.18
ecom_national,CW500060,2025-11,SE,2,80.12
ecom_national,CW500060,2025-11,TX,4,160.24
ecom_national,CW500060,2025-11,MTN,5,200.3
ecom_national,CW500060,2025-11,PSW,2,80.12
retail,BI100140,2025-11,NE,1,40.06
retail,BI100140,2025-11,SE,1,40.06
retail,BI100140,2025-11,MW,2,80.12
retail,BI100140,2025-11,TX,3,120.18
retail,BI100140,2025-11,MTN,1,40.06
retail,BI100140,2025-11,PNW,2,80.12
vet_clinic,BI100140,2025-11,NE,2,80.12
vet_clinic,BI100140,2025-11,MA,2,80.12
vet_clinic,BI100140,2025-11,SE,2,80.12
vet_clinic,BI100140,2025-11,MW,1,40.06
vet_clinic,BI100140,2025-11,TX,1,40.06
vet_clinic,BI100140,2025-11,PNW,1,40.06
ecom_national,CW500060,2025-12,NE,4,160.24
ecom_national,CW500060,2025-12,MA,1,40.06
ecom_national,CW500060,2025-12,SE,5,200.3
ecom_national,CW500060,2025-12,MW,4,160.24
ecom_national,CW500060,2025-12,TX,5,200.3
ecom_national,CW500060,2025-12,MTN,3,120.18
ecom_national,CW500060,2025-12,PSW,2,80.12
ecom_national,CW500060,2025-12,PNW,2,80.12
retail,BI100140,2025-12,NE,3,120.18
retail,BI100140,2025-12,MA,1,40.06
retail,BI100140,2025-12,SE,3,120.18
retail,BI100140,2025-12,MW,3,120.18
retail,BI100140,2025-12,TX,1,40.06
retail,BI100140,2025-12,MTN,2,80.12
retail,BI100140,2025-12,PNW,1,40.06
vet_clinic,BI100140,2025-12,NE,1,40.06
vet_clinic,BI100140,2025-12,MA,1,40.06
vet_clinic,BI100140,2025-12,MW,2,80.12
vet_clinic,BI100140,2025-12,MTN,2,80.12
vet_clinic,BI100140,2025-12,PNW,1,40.06
ecom_national,CW500063,2024-01,SE,1,133.0
ecom_national,CW500063,2024-01,MW,1,133.0
ecom_national,CW500063,2024-01,TX,1,133.0
ecom_national,CW500063,2024-02,MA,1,133.0
ecom_national,CW500063,2024-02,SE,1,133.0
ecom_national,CW500063,2024-02,MW,1,133.0
retail,BI100147,2024-02,TX,1,133.0
ecom_national,CW500063,2024-03,MW,1,133.0
ecom_national,CW500063,2024-04,NE,1,133.0
ecom_national,CW500063,2024-04,SE,1,133.0
ecom_national,CW500063,2024-04,TX,1,133.0
ecom_national,CW500063,2024-04,MTN,1,133.0
ecom_national,CW500063,2024-05,MW,1,133.0
retail,BI100147,2024-05,SE,1,133.0
ecom_national,CW500063,2024-06,NE,1,133.0
ecom_national,CW500063,2024-06,TX,1,133.0
ecom_national,CW500063,2024-06,PSW,1,133.0
ecom_national,CW500063,2024-06,PNW,1,133.0
retail,BI100147,2024-06,NE,1,133.0
retail,BI100147,2024-06,SE,1,133.0
retail,BI100147,2024-06,TX,1,133.0
retail,BI100147,2024-06,MTN,1,133.0
ecom_national,CW500063,2024-07,MTN,1,133.0
ecom_national,CW500063,2024-07,PNW,1,133.0
retail,BI100147,2024-07,SE,1,133.0
retail,BI100147,2024-07,TX,1,133.0
retail,BI100147,2024-07,PNW,1,133.0
ecom_national,CW500063,2024-08,MA,1,133.0
ecom_national,CW500063,2024-08,SE,1,133.0
ecom_national,CW500063,2024-08,MW,1,133.0
ecom_national,CW500063,2024-08,MTN,1,133.0
retail,BI100147,2024-08,MTN,1,133.0
ecom_national,CW500063,2024-09,NE,1,133.0
ecom_national,CW500063,2024-09,MA,1,133.0
ecom_national,CW500063,2024-09,TX,1,133.0
ecom_national,CW500063,2024-09,PNW,1,133.0
ecom_national,CW500063,2024-10,MA,1,133.0
ecom_national,CW500063,2024-10,MW,1,133.0
ecom_national,CW500063,2024-10,MTN,1,133.0
ecom_national,CW500063,2024-11,NE,1,133.0
ecom_national,CW500063,2024-11,MW,1,133.0
retail,BI100147,2024-11,MW,1,133.0
ecom_national,CW500063,2024-12,SE,1,133.0
ecom_national,CW500063,2024-12,MW,1,133.0
ecom_national,CW500063,2024-12,TX,1,133.0
ecom_national,CW500063,2024-12,MTN,1,133.0
ecom_national,CW500063,2025-01,SE,1,133.0
ecom_national,CW500063,2025-01,MW,1,133.0
ecom_national,CW500063,2025-01,PNW,1,133.0
ecom_national,CW500063,2025-02,NE,1,133.0
ecom_national,CW500063,2025-02,SE,1,133.0
ecom_national,CW500063,2025-02,TX,1,133.0
ecom_national,CW500063,2025-02,PNW,1,133.0
ecom_national,CW500063,2025-03,MA,1,133.0
ecom_national,CW500063,2025-03,SE,1,133.0
ecom_national,CW500063,2025-03,TX,1,133.0
ecom_national,CW500063,2025-03,PNW,1,133.0
retail,BI100147,2025-03,TX,1,133.0
ecom_national,CW500063,2025-04,NE,1,133.0
ecom_national,CW500063,2025-04,MA,1,133.0
ecom_national,CW500063,2025-04,SE,1,133.0
retail,BI100147,2025-04,SE,1,133.0
retail,BI100147,2025-04,MW,1,133.0
retail,BI100147,2025-04,MTN,1,133.0
ecom_national,CW500063,2025-05,NE,1,133.0
ecom_national,CW500063,2025-05,PSW,1,133.0
ecom_national,CW500063,2025-05,PNW,1,133.0
retail,BI100147,2025-05,SE,1,133.0
retail,BI100147,2025-05,TX,1,133.0
retail,BI100147,2025-05,PNW,1,133.0
ecom_national,CW500063,2025-06,NE,1,133.0
ecom_national,CW500063,2025-06,SE,1,133.0
ecom_national,CW500063,2025-06,MW,1,133.0
ecom_national,CW500063,2025-06,PNW,1,133.0
retail,BI100147,2025-06,NE,1,133.0
retail,BI100147,2025-06,MW,1,133.0
retail,BI100147,2025-06,TX,1,133.0
retail,BI100147,2025-06,MTN,1,133.0
retail,BI100147,2025-06,PNW,1,133.0
ecom_national,CW500063,2025-07,NE,1,133.0
ecom_national,CW500063,2025-07,MTN,1,133.0
retail,BI100147,2025-07,SE,1,133.0
retail,BI100147,2025-07,TX,1,133.0
retail,BI100147,2025-07,PNW,1,133.0
ecom_national,CW500063,2025-08,SE,1,133.0
ecom_national,CW500063,2025-08,MW,1,133.0
ecom_national,CW500063,2025-08,TX,1,133.0
ecom_national,CW500063,2025-08,MTN,1,133.0
ecom_national,CW500063,2025-08,PSW,1,133.0
ecom_national,CW500063,2025-08,PNW,1,133.0
retail,BI100147,2025-08,MW,1,133.0
ecom_national,CW500063,2025-09,MA,1,133.0
ecom_national,CW500063,2025-09,MW,1,133.0
ecom_national,CW500063,2025-09,TX,1,133.0
ecom_national,CW500063,2025-09,MTN,1,133.0
ecom_national,CW500063,2025-09,PNW,1,133.0
retail,BI100147,2025-09,TX,1,133.0
retail,BI100147,2025-09,PNW,1,133.0
ecom_national,CW500063,2025-10,SE,1,133.0
ecom_national,CW500063,2025-10,MW,1,133.0
ecom_national,CW500063,2025-10,MTN,1,133.0
retail,BI100147,2025-10,PNW,1,133.0
ecom_national,CW500063,2025-11,SE,1,133.0
ecom_national,CW500063,2025-12,SE,1,133.0
ecom_national,CW500063,2025-12,TX,1,133.0
ecom_national,CW500066,2024-01,NE,1,119.7
ecom_national,CW500066,2024-01,MA,1,119.7
ecom_national,CW500066,2024-01,SE,2,239.4
ecom_national,CW500066,2024-01,TX,2,239.4
ecom_national,CW500066,2024-01,PSW,1,119.7
retail,BI100154,2024-01,NE,1,119.7
retail,BI100154,2024-01,SE,1,119.7
retail,BI100154,2024-01,PSW,1,119.7
retail,BI100154,2024-01,PNW,1,119.7
ecom_national,CW500066,2024-02,NE,2,239.4
ecom_national,CW500066,2024-02,MA,1,119.7
ecom_national,CW500066,2024-02,SE,2,239.4
ecom_national,CW500066,2024-02,MW,2,239.4
ecom_national,CW500066,2024-02,TX,2,239.4
ecom_national,CW500066,2024-02,MTN,2,239.4
ecom_national,CW500066,2024-02,PSW,1,119.7
ecom_national,CW500066,2024-02,PNW,1,119.7
retail,BI100154,2024-02,NE,1,119.7
retail,BI100154,2024-02,MA,1,119.7
vet_clinic,BI100154,2024-02,NE,1,119.7
vet_clinic,BI100154,2024-02,MW,1,119.7
vet_clinic,BI100154,2024-02,MTN,1,119.7
vet_clinic,BI100154,2024-02,PSW,1,119.7
ecom_national,CW500066,2024-03,SE,1,119.7
ecom_national,CW500066,2024-03,MW,1,119.7
ecom_national,CW500066,2024-03,TX,2,239.4
ecom_national,CW500066,2024-03,MTN,1,119.7
ecom_national,CW500066,2024-03,PNW,1,119.7
retail,BI100154,2024-03,NE,1,119.7
retail,BI100154,2024-03,MA,1,119.7
retail,BI100154,2024-03,SE,1,119.7
retail,BI100154,2024-03,TX,1,119.7
retail,BI100154,2024-03,MTN,1,119.7
retail,BI100154,2024-03,PSW,1,119.7
retail,BI100154,2024-03,PNW,1,119.7
vet_clinic,BI100154,2024-03,MA,1,119.7
vet_clinic,BI100154,2024-03,TX,1,119.7
vet_clinic,BI100154,2024-03,PSW,1,119.7
vet_clinic,BI100154,2024-03,PNW,1,119.7
ecom_national,CW500066,2024-04,MA,1,119.7
ecom_national,CW500066,2024-04,MW,1,119.7
ecom_national,CW500066,2024-04,TX,1,119.7
ecom_national,CW500066,2024-04,MTN,1,119.7
ecom_national,CW500066,2024-04,PNW,1,119.7
retail,BI100154,2024-04,NE,1,119.7
retail,BI100154,2024-04,MW,1,119.7
retail,BI100154,2024-04,TX,1,119.7
retail,BI100154,2024-04,MTN,1,119.7
retail,BI100154,2024-04,PSW,1,119.7
retail,BI100154,2024-04,PNW,1,119.7
vet_clinic,BI100154,2024-04,NE,1,119.7
vet_clinic,BI100154,2024-04,SE,1,119.7
vet_clinic,BI100154,2024-04,TX,1,119.7
vet_clinic,BI100154,2024-04,PNW,1,119.7
ecom_national,CW500066,2024-05,NE,1,119.7
ecom_national,CW500066,2024-05,MA,1,119.7
ecom_national,CW500066,2024-05,SE,2,239.4
ecom_national,CW500066,2024-05,MW,1,119.7
ecom_national,CW500066,2024-05,TX,1,119.7
ecom_national,CW500066,2024-05,MTN,2,239.4
ecom_national,CW500066,2024-05,PSW,2,239.4
ecom_national,CW500066,2024-05,PNW,1,119.7
retail,BI100154,2024-05,SE,1,119.7
retail,BI100154,2024-05,TX,1,119.7
vet_clinic,BI100154,2024-05,SE,1,119.7
vet_clinic,BI100154,2024-05,MW,1,119.7
vet_clinic,BI100154,2024-05,TX,1,119.7
ecom_national,CW500066,2024-06,NE,1,119.7
ecom_national,CW500066,2024-06,MA,2,239.4
ecom_national,CW500066,2024-06,SE,1,119.7
ecom_national,CW500066,2024-06,MW,3,359.1
ecom_national,CW500066,2024-06,MTN,2,239.4
ecom_national,CW500066,2024-06,PSW,1,119.7
retail,BI100154,2024-06,MA,1,119.7
retail,BI100154,2024-06,SE,1,119.7
retail,BI100154,2024-06,TX,1,119.7
retail,BI100154,2024-06,MTN,1,119.7
retail,BI100154,2024-06,PNW,1,119.7
vet_clinic,BI100154,2024-06,SE,1,119.7
vet_clinic,BI100154,2024-06,TX,1,119.7
vet_clinic,BI100154,2024-06,PSW,1,119.7
vet_clinic,BI100154,2024-06,PNW,1,119.7
ecom_national,CW500066,2024-07,NE,1,119.7
ecom_national,CW500066,2024-07,MA,2,239.4
ecom_national,CW500066,2024-07,SE,2,239.4
ecom_national,CW500066,2024-07,TX,2,239.4
ecom_national,CW500066,2024-07,MTN,1,119.7
ecom_national,CW500066,2024-07,PSW,1,119.7
ecom_national,CW500066,2024-07,PNW,1,119.7
retail,BI100154,2024-07,NE,1,119.7
retail,BI100154,2024-07,MW,1,119.7
retail,BI100154,2024-07,MTN,1,119.7
retail,BI100154,2024-07,PSW,1,119.7
retail,BI100154,2024-07,PNW,1,119.7
vet_clinic,BI100154,2024-07,NE,1,119.7
vet_clinic,BI100154,2024-07,MA,1,119.7
vet_clinic,BI100154,2024-07,SE,1,119.7
vet_clinic,BI100154,2024-07,MW,1,119.7
vet_clinic,BI100154,2024-07,MTN,1,119.7
vet_clinic,BI100154,2024-07,PNW,1,119.7
ecom_national,CW500066,2024-08,NE,1,119.7
ecom_national,CW500066,2024-08,SE,1,119.7
ecom_national,CW500066,2024-08,MTN,1,119.7
ecom_national,CW500066,2024-08,PSW,1,119.7
retail,BI100154,2024-08,TX,2,239.4
retail,BI100154,2024-08,MTN,1,119.7
retail,BI100154,2024-08,PNW,1,119.7
vet_clinic,BI100154,2024-08,MA,1,119.7
vet_clinic,BI100154,2024-08,SE,1,119.7
vet_clinic,BI100154,2024-08,MW,1,119.7
vet_clinic,BI100154,2024-08,PSW,1,119.7
ecom_national,CW500066,2024-09,NE,1,119.7
ecom_national,CW500066,2024-09,MA,1,119.7
ecom_national,CW500066,2024-09,SE,1,119.7
ecom_national,CW500066,2024-09,MW,1,119.7
ecom_national,CW500066,2024-09,TX,1,119.7
ecom_national,CW500066,2024-09,PNW,2,239.4
retail,BI100154,2024-09,NE,1,119.7
retail,BI100154,2024-09,TX,1,119.7
retail,BI100154,2024-09,MTN,1,119.7
retail,BI100154,2024-09,PNW,1,119.7
vet_clinic,BI100154,2024-09,NE,1,119.7
vet_clinic,BI100154,2024-09,MW,1,119.7
vet_clinic,BI100154,2024-09,PSW,1,119.7
ecom_national,CW500066,2024-10,NE,1,119.7
ecom_national,CW500066,2024-10,MA,1,119.7
ecom_national,CW500066,2024-10,SE,1,119.7
ecom_national,CW500066,2024-10,MW,1,119.7
ecom_national,CW500066,2024-10,TX,1,119.7
ecom_national,CW500066,2024-10,MTN,1,119.7
ecom_national,CW500066,2024-10,PSW,2,239.4
ecom_national,CW500066,2024-10,PNW,2,239.4
retail,BI100154,2024-10,NE,1,119.7
retail,BI100154,2024-10,MA,1,119.7
retail,BI100154,2024-10,SE,1,119.7
retail,BI100154,2024-10,MTN,1,119.7
vet_clinic,BI100154,2024-10,SE,1,119.7
vet_clinic,BI100154,2024-10,PSW,1,119.7
ecom_national,CW500066,2024-11,NE,1,119.7
ecom_national,CW500066,2024-11,MA,2,239.4
ecom_national,CW500066,2024-11,SE,1,119.7
ecom_national,CW500066,2024-11,MW,1,119.7
ecom_national,CW500066,2024-11,TX,2,239.4
ecom_national,CW500066,2024-11,PSW,1,119.7
ecom_national,CW500066,2024-11,PNW,2,239.4
retail,BI100154,2024-11,NE,1,119.7
retail,BI100154,2024-11,SE,1,119.7
retail,BI100154,2024-11,TX,1,119.7
retail,BI100154,2024-11,MTN,1,119.7
vet_clinic,BI100154,2024-11,MTN,1,119.7
vet_clinic,BI100154,2024-11,PSW,1,119.7
ecom_national,CW500066,2024-12,NE,1,119.7
ecom_national,CW500066,2024-12,MA,1,119.7
ecom_national,CW500066,2024-12,SE,1,119.7
ecom_national,CW500066,2024-12,MW,1,119.7
ecom_national,CW500066,2024-12,TX,2,239.4
ecom_national,CW500066,2024-12,MTN,1,119.7
ecom_national,CW500066,2024-12,PSW,1,119.7
retail,BI100154,2024-12,NE,1,119.7
retail,BI100154,2024-12,MA,1,119.7
retail,BI100154,2024-12,SE,1,119.7
retail,BI100154,2024-12,TX,1,119.7
retail,BI100154,2024-12,MTN,1,119.7
vet_clinic,BI100154,2024-12,TX,1,119.7
ecom_national,CW500066,2025-01,NE,1,119.7
ecom_national,CW500066,2025-01,MA,2,239.4
ecom_national,CW500066,2025-01,SE,1,119.7
ecom_national,CW500066,2025-01,MW,2,239.4
ecom_national,CW500066,2025-01,TX,1,119.7
ecom_national,CW500066,2025-01,MTN,1,119.7
ecom_national,CW500066,2025-01,PSW,1,119.7
ecom_national,CW500066,2025-01,PNW,2,239.4
retail,BI100154,2025-01,SE,1,119.7
retail,BI100154,2025-01,PSW,1,119.7
retail,BI100154,2025-01,PNW,1,119.7
vet_clinic,BI100154,2025-01,MA,1,119.7
vet_clinic,BI100154,2025-01,SE,1,119.7
vet_clinic,BI100154,2025-01,MW,1,119.7
vet_clinic,BI100154,2025-01,TX,1,119.7
ecom_national,CW500066,2025-02,MA,1,119.7
ecom_national,CW500066,2025-02,MW,1,119.7
ecom_national,CW500066,2025-02,TX,2,239.4
ecom_national,CW500066,2025-02,PSW,1,119.7
ecom_national,CW500066,2025-02,PNW,1,119.7
retail,BI100154,2025-02,SE,1,119.7
retail,BI100154,2025-02,MW,1,119.7
retail,BI100154,2025-02,PNW,1,119.7
vet_clinic,BI100154,2025-02,MW,1,119.7
vet_clinic,BI100154,2025-02,TX,1,119.7
ecom_national,CW500066,2025-03,NE,1,119.7
ecom_national,CW500066,2025-03,MA,1,119.7
ecom_national,CW500066,2025-03,MW,1,119.7
ecom_national,CW500066,2025-03,MTN,1,119.7
ecom_national,CW500066,2025-03,PNW,1,119.7
retail,BI100154,2025-03,NE,1,119.7
retail,BI100154,2025-03,MW,1,119.7
retail,BI100154,2025-03,TX,1,119.7
retail,BI100154,2025-03,MTN,1,119.7
retail,BI100154,2025-03,PSW,1,119.7
vet_clinic,BI100154,2025-03,NE,1,119.7
vet_clinic,BI100154,2025-03,MA,1,119.7
vet_clinic,BI100154,2025-03,SE,1,119.7
vet_clinic,BI100154,2025-03,MW,1,119.7
vet_clinic,BI100154,2025-03,PSW,1,119.7
vet_clinic,BI100154,2025-03,PNW,1,119.7
ecom_national,CW500066,2025-04,NE,1,119.7
ecom_national,CW500066,2025-04,MA,2,239.4
ecom_national,CW500066,2025-04,MW,3,359.1
ecom_national,CW500066,2025-04,TX,1,119.7
ecom_national,CW500066,2025-04,MTN,2,239.4
ecom_national,CW500066,2025-04,PSW,1,119.7
ecom_national,CW500066,2025-04,PNW,1,119.7
retail,BI100154,2025-04,NE,1,119.7
retail,BI100154,2025-04,MA,1,119.7
retail,BI100154,2025-04,SE,1,119.7
retail,BI100154,2025-04,MW,1,119.7
retail,BI100154,2025-04,TX,2,239.4
retail,BI100154,2025-04,MTN,1,119.7
retail,BI100154,2025-04,PNW,1,119.7
vet_clinic,BI100154,2025-04,NE,1,119.7
vet_clinic,BI100154,2025-04,MA,1,119.7
vet_clinic,BI100154,2025-04,MW,1,119.7
vet_clinic,BI100154,2025-04,TX,1,119.7
vet_clinic,BI100154,2025-04,MTN,1,119.7
ecom_national,CW500066,2025-05,MA,2,239.4
ecom_national,CW500066,2025-05,SE,1,119.7
ecom_national,CW500066,2025-05,MW,3,359.1
ecom_national,CW500066,2025-05,TX,1,119.7
ecom_national,CW500066,2025-05,MTN,2,239.4
ecom_national,CW500066,2025-05,PNW,2,239.4
retail,BI100154,2025-05,NE,1,119.7
retail,BI100154,2025-05,MA,1,119.7
retail,BI100154,2025-05,SE,1,119.7
retail,BI100154,2025-05,MW,1,119.7
retail,BI100154,2025-05,TX,1,119.7
retail,BI100154,2025-05,MTN,1,119.7
vet_clinic,BI100154,2025-05,SE,1,119.7
vet_clinic,BI100154,2025-05,MTN,1,119.7
vet_clinic,BI100154,2025-05,PSW,1,119.7
vet_clinic,BI100154,2025-05,PNW,1,119.7
ecom_national,CW500066,2025-06,NE,2,239.4
ecom_national,CW500066,2025-06,MA,1,119.7
ecom_national,CW500066,2025-06,SE,1,119.7
ecom_national,CW500066,2025-06,MW,3,359.1
ecom_national,CW500066,2025-06,TX,3,359.1
ecom_national,CW500066,2025-06,MTN,2,239.4
ecom_national,CW500066,2025-06,PSW,2,239.4
ecom_national,CW500066,2025-06,PNW,3,359.1
retail,BI100154,2025-06,SE,2,239.4
retail,BI100154,2025-06,MW,1,119.7
retail,BI100154,2025-06,TX,2,239.4
retail,BI100154,2025-06,MTN,1,119.7
retail,BI100154,2025-06,PSW,1,119.7
retail,BI100154,2025-06,PNW,1,119.7
vet_clinic,BI100154,2025-06,MW,1,119.7
vet_clinic,BI100154,2025-06,MTN,1,119.7
vet_clinic,BI100154,2025-06,PSW,1,119.7
ecom_national,CW500066,2025-07,NE,1,119.7
ecom_national,CW500066,2025-07,MA,1,119.7
ecom_national,CW500066,2025-07,SE,1,119.7
ecom_national,CW500066,2025-07,MW,1,119.7
ecom_national,CW500066,2025-07,TX,2,239.4
ecom_national,CW500066,2025-07,PSW,2,239.4
ecom_national,CW500066,2025-07,PNW,1,119.7
retail,BI100154,2025-07,NE,1,119.7
retail,BI100154,2025-07,SE,1,119.7
retail,BI100154,2025-07,TX,1,119.7
retail,BI100154,2025-07,MTN,1,119.7
vet_clinic,BI100154,2025-07,SE,1,119.7
vet_clinic,BI100154,2025-07,MW,1,119.7
vet_clinic,BI100154,2025-07,TX,1,119.7
ecom_national,CW500066,2025-08,MA,1,119.7
ecom_national,CW500066,2025-08,MW,1,119.7
ecom_national,CW500066,2025-08,TX,3,359.1
ecom_national,CW500066,2025-08,MTN,2,239.4
ecom_national,CW500066,2025-08,PNW,1,119.7
retail,BI100154,2025-08,MA,1,119.7
retail,BI100154,2025-08,MW,1,119.7
retail,BI100154,2025-08,TX,1,119.7
retail,BI100154,2025-08,MTN,1,119.7
retail,BI100154,2025-08,PSW,1,119.7
retail,BI100154,2025-08,PNW,1,119.7
vet_clinic,BI100154,2025-08,NE,1,119.7
vet_clinic,BI100154,2025-08,MA,1,119.7
vet_clinic,BI100154,2025-08,MW,1,119.7
vet_clinic,BI100154,2025-08,MTN,1,119.7
vet_clinic,BI100154,2025-08,PNW,1,119.7
ecom_national,CW500066,2025-09,NE,1,119.7
ecom_national,CW500066,2025-09,MA,2,239.4
ecom_national,CW500066,2025-09,SE,1,119.7
ecom_national,CW500066,2025-09,MW,1,119.7
ecom_national,CW500066,2025-09,PNW,1,119.7
retail,BI100154,2025-09,NE,1,119.7
retail,BI100154,2025-09,MA,1,119.7
retail,BI100154,2025-09,MW,1,119.7
retail,BI100154,2025-09,MTN,1,119.7
vet_clinic,BI100154,2025-09,NE,1,119.7
vet_clinic,BI100154,2025-09,MA,1,119.7
vet_clinic,BI100154,2025-09,MW,1,119.7
ecom_national,CW500066,2025-10,SE,1,119.7
ecom_national,CW500066,2025-10,TX,1,119.7
ecom_national,CW500066,2025-10,MTN,1,119.7
ecom_national,CW500066,2025-10,PSW,1,119.7
retail,BI100154,2025-10,MA,1,119.7
retail,BI100154,2025-10,SE,1,119.7
retail,BI100154,2025-10,TX,1,119.7
retail,BI100154,2025-10,PSW,1,119.7
retail,BI100154,2025-10,PNW,1,119.7
vet_clinic,BI100154,2025-10,SE,1,119.7
vet_clinic,BI100154,2025-10,MTN,1,119.7
vet_clinic,BI100154,2025-10,PNW,1,119.7
ecom_national,CW500066,2025-11,MA,1,119.7
ecom_national,CW500066,2025-11,MW,1,119.7
ecom_national,CW500066,2025-11,TX,2,239.4
ecom_national,CW500066,2025-11,MTN,2,239.4
ecom_national,CW500066,2025-11,PSW,2,239.4
ecom_national,CW500066,2025-11,PNW,1,119.7
retail,BI100154,2025-11,NE,1,119.7
retail,BI100154,2025-11,MA,1,119.7
retail,BI100154,2025-11,TX,1,119.7
retail,BI100154,2025-11,MTN,1,119.7
retail,BI100154,2025-11,PNW,1,119.7
vet_clinic,BI100154,2025-11,NE,1,119.7
vet_clinic,BI100154,2025-11,SE,1,119.7
vet_clinic,BI100154,2025-11,MTN,1,119.7
vet_clinic,BI100154,2025-11,PSW,1,119.7
ecom_national,CW500066,2025-12,NE,1,119.7
ecom_national,CW500066,2025-12,MA,1,119.7
ecom_national,CW500066,2025-12,PSW,1,119.7
ecom_national,CW500066,2025-12,PNW,1,119.7
retail,BI100154,2025-12,SE,1,119.7
retail,BI100154,2025-12,MTN,1,119.7
retail,BI100154,2025-12,PSW,1,119.7
retail,BI100154,2025-12,PNW,1,119.7
vet_clinic,BI100154,2025-12,MA,1,119.7
vet_clinic,BI100154,2025-12,MW,1,119.7
vet_clinic,BI100154,2025-12,TX,1,119.7
ecom_national,CW500069,2024-01,NE,1,167.14
ecom_national,CW500069,2024-01,MA,1,167.14
ecom_national,CW500069,2024-01,SE,1,167.14
ecom_national,CW500069,2024-01,MW,1,167.14
ecom_national,CW500069,2024-01,MTN,2,334.28
ecom_national,CW500069,2024-01,PSW,2,334.28
ecom_national,CW500069,2024-01,PNW,1,167.14
retail,BI100161,2024-01,NE,1,167.14
retail,BI100161,2024-01,MA,2,334.28
retail,BI100161,2024-01,TX,1,167.14
retail,BI100161,2024-01,MTN,1,167.14
retail,BI100161,2024-01,PSW,1,167.14
retail,BI100161,2024-01,PNW,1,167.14
vet_clinic,BI100161,2024-01,MW,1,167.14
vet_clinic,BI100161,2024-01,MTN,1,167.14
vet_clinic,BI100161,2024-01,PSW,1,167.14
vet_clinic,BI100161,2024-01,PNW,1,167.14
ecom_national,CW500069,2024-02,MA,1,167.14
ecom_national,CW500069,2024-02,SE,3,501.42
ecom_national,CW500069,2024-02,MW,1,167.14
ecom_national,CW500069,2024-02,TX,1,167.14
ecom_national,CW500069,2024-02,PSW,2,334.28
ecom_national,CW500069,2024-02,PNW,2,334.28
retail,BI100161,2024-02,NE,1,167.14
retail,BI100161,2024-02,MA,1,167.14
retail,BI100161,2024-02,MW,2,334.28
retail,BI100161,2024-02,TX,1,167.14
retail,BI100161,2024-02,PNW,1,167.14
vet_clinic,BI100161,2024-02,NE,1,167.14
vet_clinic,BI100161,2024-02,MA,1,167.14
vet_clinic,BI100161,2024-02,TX,1,167.14
vet_clinic,BI100161,2024-02,MTN,1,167.14
vet_clinic,BI100161,2024-02,PSW,1,167.14
vet_clinic,BI100161,2024-02,PNW,1,167.14
ecom_national,CW500069,2024-03,NE,2,334.28
ecom_national,CW500069,2024-03,MA,2,334.28
ecom_national,CW500069,2024-03,SE,2,334.28
ecom_national,CW500069,2024-03,MW,2,334.28
ecom_national,CW500069,2024-03,TX,2,334.28
ecom_national,CW500069,2024-03,MTN,1,167.14
ecom_national,CW500069,2024-03,PSW,3,501.42
ecom_national,CW500069,2024-03,PNW,3,501.42
retail,BI100161,2024-03,NE,2,334.28
retail,BI100161,2024-03,SE,2,334.28
retail,BI100161,2024-03,MW,1,167.14
retail,BI100161,2024-03,TX,1,167.14
retail,BI100161,2024-03,MTN,1,167.14
retail,BI100161,2024-03,PSW,1,167.14
retail,BI100161,2024-03,PNW,1,167.14
vet_clinic,BI100161,2024-03,NE,1,167.14
vet_clinic,BI100161,2024-03,SE,1,167.14
vet_clinic,BI100161,2024-03,MW,1,167.14
vet_clinic,BI100161,2024-03,TX,1,167.14
vet_clinic,BI100161,2024-03,PSW,1,167.14
vet_clinic,BI100161,2024-03,PNW,1,167.14
ecom_national,CW500069,2024-04,NE,2,334.28
ecom_national,CW500069,2024-04,MW,2,334.28
ecom_national,CW500069,2024-04,TX,1,167.14
ecom_national,CW500069,2024-04,MTN,2,334.28
ecom_national,CW500069,2024-04,PNW,1,167.14
retail,BI100161,2024-04,NE,1,167.14
retail,BI100161,2024-04,MA,1,167.14
retail,BI100161,2024-04,MW,2,334.28
retail,BI100161,2024-04,TX,1,167.14
retail,BI100161,2024-04,PSW,1,167.14
retail,BI100161,2024-04,PNW,1,167.14
vet_clinic,BI100161,2024-04,NE,1,167.14
vet_clinic,BI100161,2024-04,SE,1,167.14
vet_clinic,BI100161,2024-04,PSW,1,167.14
vet_clinic,BI100161,2024-04,PNW,1,167.14
ecom_national,CW500069,2024-05,NE,2,334.28
ecom_national,CW500069,2024-05,SE,1,167.14
ecom_national,CW500069,2024-05,MW,1,167.14
ecom_national,CW500069,2024-05,TX,2,334.28
ecom_national,CW500069,2024-05,MTN,1,167.14
ecom_national,CW500069,2024-05,PSW,3,501.42
ecom_national,CW500069,2024-05,PNW,3,501.42
retail,BI100161,2024-05,NE,1,167.14
retail,BI100161,2024-05,MA,1,167.14
retail,BI100161,2024-05,SE,1,167.14
retail,BI100161,2024-05,MW,3,501.42
retail,BI100161,2024-05,TX,2,334.28
retail,BI100161,2024-05,PNW,2,334.28
vet_clinic,BI100161,2024-05,NE,1,167.14
vet_clinic,BI100161,2024-05,MTN,1,167.14
vet_clinic,BI100161,2024-05,PSW,1,167.14
vet_clinic,BI100161,2024-05,PNW,1,167.14
ecom_national,CW500069,2024-06,NE,2,334.28
ecom_national,CW500069,2024-06,MA,2,334.28
ecom_national,CW500069,2024-06,SE,2,334.28
ecom_national,CW500069,2024-06,MW,3,501.42
ecom_national,CW500069,2024-06,MTN,2,334.28
ecom_national,CW500069,2024-06,PSW,3,501.42
ecom_national,CW500069,2024-06,PNW,3,501.42
retail,BI100161,2024-06,MA,2,334.28
retail,BI100161,2024-06,MW,2,334.28
retail,BI100161,2024-06,TX,2,334.28
retail,BI100161,2024-06,MTN,2,334.28
retail,BI100161,2024-06,PSW,2,334.28
retail,BI100161,2024-06,PNW,1,167.14
vet_clinic,BI100161,2024-06,NE,2,334.28
vet_clinic,BI100161,2024-06,MW,2,334.28
vet_clinic,BI100161,2024-06,TX,1,167.14
vet_clinic,BI100161,2024-06,PNW,1,167.14
ecom_national,CW500069,2024-07,NE,1,167.14
ecom_national,CW500069,2024-07,MA,4,668.56
ecom_national,CW500069,2024-07,SE,1,167.14
ecom_national,CW500069,2024-07,MW,5,835.7
ecom_national,CW500069,2024-07,MTN,1,167.14
ecom_national,CW500069,2024-07,PSW,1,167.14
ecom_national,CW500069,2024-07,PNW,2,334.28
retail,BI100161,2024-07,NE,1,167.14
retail,BI100161,2024-07,MA,1,167.14
retail,BI100161,2024-07,SE,1,167.14
retail,BI100161,2024-07,MW,1,167.14
retail,BI100161,2024-07,TX,2,334.28
retail,BI100161,2024-07,MTN,2,334.28
retail,BI100161,2024-07,PSW,2,334.28
retail,BI100161,2024-07,PNW,1,167.14
vet_clinic,BI100161,2024-07,NE,1,167.14
vet_clinic,BI100161,2024-07,SE,1,167.14
vet_clinic,BI100161,2024-07,MW,1,167.14
vet_clinic,BI100161,2024-07,MTN,1,167.14
ecom_national,CW500069,2024-08,NE,3,501.42
ecom_national,CW500069,2024-08,MA,2,334.28
ecom_national,CW500069,2024-08,SE,1,167.14
ecom_national,CW500069,2024-08,MW,4,668.56
ecom_national,CW500069,2024-08,TX,1,167.14
ecom_national,CW500069,2024-08,MTN,1,167.14
ecom_national,CW500069,2024-08,PSW,2,334.28
ecom_national,CW500069,2024-08,PNW,3,501.42
retail,BI100161,2024-08,MA,1,167.14
retail,BI100161,2024-08,MW,3,501.42
retail,BI100161,2024-08,TX,1,167.14
retail,BI100161,2024-08,MTN,2,334.28
retail,BI100161,2024-08,PSW,2,334.28
retail,BI100161,2024-08,PNW,1,167.14
vet_clinic,BI100161,2024-08,NE,1,167.14
vet_clinic,BI100161,2024-08,MA,1,167.14
vet_clinic,BI100161,2024-08,SE,1,167.14
vet_clinic,BI100161,2024-08,MW,1,167.14
vet_clinic,BI100161,2024-08,MTN,1,167.14
vet_clinic,BI100161,2024-08,PNW,1,167.14
ecom_national,CW500069,2024-09,NE,2,334.28
ecom_national,CW500069,2024-09,MA,3,501.42
ecom_national,CW500069,2024-09,SE,2,334.28
ecom_national,CW500069,2024-09,MW,3,501.42
ecom_national,CW500069,2024-09,TX,1,167.14
ecom_national,CW500069,2024-09,MTN,3,501.42
ecom_national,CW500069,2024-09,PSW,3,501.42
ecom_national,CW500069,2024-09,PNW,1,167.14
retail,BI100161,2024-09,NE,1,167.14
retail,BI100161,2024-09,MA,1,167.14
retail,BI100161,2024-09,MW,1,167.14
retail,BI100161,2024-09,MTN,1,167.14
retail,BI100161,2024-09,PSW,1,167.14
retail,BI100161,2024-09,PNW,1,167.14
vet_clinic,BI100161,2024-09,NE,1,167.14
vet_clinic,BI100161,2024-09,MA,1,167.14
vet_clinic,BI100161,2024-09,SE,1,167.14
vet_clinic,BI100161,2024-09,MW,1,167.14
vet_clinic,BI100161,2024-09,PNW,1,167.14
ecom_national,CW500069,2024-10,NE,3,501.42
ecom_national,CW500069,2024-10,MA,1,167.14
ecom_national,CW500069,2024-10,MW,2,334.28
ecom_national,CW500069,2024-10,TX,2,334.28
ecom_national,CW500069,2024-10,PSW,2,334.28
ecom_national,CW500069,2024-10,PNW,1,167.14
retail,BI100161,2024-10,MA,2,334.28
retail,BI100161,2024-10,SE,1,167.14
retail,BI100161,2024-10,MW,2,334.28
retail,BI100161,2024-10,TX,1,167.14
retail,BI100161,2024-10,MTN,1,167.14
retail,BI100161,2024-10,PSW,1,167.14
retail,BI100161,2024-10,PNW,1,167.14
vet_clinic,BI100161,2024-10,MA,1,167.14
vet_clinic,BI100161,2024-10,SE,1,167.14
vet_clinic,BI100161,2024-10,MW,1,167.14
vet_clinic,BI100161,2024-10,TX,1,167.14
vet_clinic,BI100161,2024-10,PSW,1,167.14
ecom_national,CW500069,2024-11,NE,2,334.28
ecom_national,CW500069,2024-11,MA,2,334.28
ecom_national,CW500069,2024-11,MW,1,167.14
ecom_national,CW500069,2024-11,MTN,2,334.28
ecom_national,CW500069,2024-11,PSW,2,334.28
retail,BI100161,2024-11,MA,1,167.14
retail,BI100161,2024-11,SE,1,167.14
retail,BI100161,2024-11,MW,1,167.14
retail,BI100161,2024-11,MTN,1,167.14
retail,BI100161,2024-11,PSW,2,334.28
vet_clinic,BI100161,2024-11,MA,1,167.14
vet_clinic,BI100161,2024-11,SE,1,167.14
vet_clinic,BI100161,2024-11,MW,1,167.14
vet_clinic,BI100161,2024-11,TX,1,167.14
vet_clinic,BI100161,2024-11,PSW,1,167.14
vet_clinic,BI100161,2024-11,PNW,1,167.14
ecom_national,CW500069,2024-12,NE,1,167.14
ecom_national,CW500069,2024-12,MA,1,167.14
ecom_national,CW500069,2024-12,SE,2,334.28
ecom_national,CW500069,2024-12,MW,3,501.42
ecom_national,CW500069,2024-12,MTN,2,334.28
ecom_national,CW500069,2024-12,PNW,1,167.14
retail,BI100161,2024-12,NE,1,167.14
retail,BI100161,2024-12,MW,1,167.14
retail,BI100161,2024-12,TX,1,167.14
retail,BI100161,2024-12,PSW,1,167.14
retail,BI100161,2024-12,PNW,2,334.28
vet_clinic,BI100161,2024-12,MA,1,167.14
vet_clinic,BI100161,2024-12,SE,1,167.14
vet_clinic,BI100161,2024-12,MW,1,167.14
vet_clinic,BI100161,2024-12,TX,1,167.14
ecom_national,CW500069,2025-01,NE,1,167.14
ecom_national,CW500069,2025-01,MA,2,334.28
ecom_national,CW500069,2025-01,SE,2,334.28
ecom_national,CW500069,2025-01,MW,1,167.14
ecom_national,CW500069,2025-01,TX,1,167.14
ecom_national,CW500069,2025-01,MTN,1,167.14
ecom_national,CW500069,2025-01,PSW,3,501.42
ecom_national,CW500069,2025-01,PNW,2,334.28
retail,BI100161,2025-01,NE,1,167.14
retail,BI100161,2025-01,SE,1,167.14
retail,BI100161,2025-01,TX,1,167.14
retail,BI100161,2025-01,MTN,1,167.14
retail,BI100161,2025-01,PSW,1,167.14
vet_clinic,BI100161,2025-01,MA,1,167.14
vet_clinic,BI100161,2025-01,MW,1,167.14
vet_clinic,BI100161,2025-01,TX,1,167.14
vet_clinic,BI100161,2025-01,MTN,1,167.14
vet_clinic,BI100161,2025-01,PSW,1,167.14
ecom_national,CW500069,2025-02,SE,3,501.42
ecom_national,CW500069,2025-02,TX,2,334.28
ecom_national,CW500069,2025-02,MTN,2,334.28
ecom_national,CW500069,2025-02,PSW,4,668.56
ecom_national,CW500069,2025-02,PNW,2,334.28
retail,BI100161,2025-02,MA,1,167.14
retail,BI100161,2025-02,SE,2,334.28
retail,BI100161,2025-02,TX,1,167.14
retail,BI100161,2025-02,MTN,1,167.14
retail,BI100161,2025-02,PSW,1,167.14
vet_clinic,BI100161,2025-02,NE,1,167.14
vet_clinic,BI100161,2025-02,MW,1,167.14
vet_clinic,BI100161,2025-02,PNW,1,167.14
ecom_national,CW500069,2025-03,NE,1,167.14
ecom_national,CW500069,2025-03,MA,1,167.14
ecom_national,CW500069,2025-03,SE,1,167.14
ecom_national,CW500069,2025-03,MW,2,334.28
ecom_national,CW500069,2025-03,MTN,2,334.28
ecom_national,CW500069,2025-03,PSW,3,501.42
ecom_national,CW500069,2025-03,PNW,2,334.28
retail,BI100161,2025-03,MA,2,334.28
retail,BI100161,2025-03,SE,1,167.14
retail,BI100161,2025-03,MW,3,501.42
retail,BI100161,2025-03,MTN,1,167.14
retail,BI100161,2025-03,PSW,2,334.28
vet_clinic,BI100161,2025-03,NE,1,167.14
vet_clinic,BI100161,2025-03,SE,1,167.14
vet_clinic,BI100161,2025-03,MW,1,167.14
vet_clinic,BI100161,2025-03,TX,1,167.14
vet_clinic,BI100161,2025-03,MTN,1,167.14
vet_clinic,BI100161,2025-03,PSW,1,167.14
vet_clinic,BI100161,2025-03,PNW,1,167.14
ecom_national,CW500069,2025-04,NE,1,167.14
ecom_national,CW500069,2025-04,MA,3,501.42
ecom_national,CW500069,2025-04,TX,1,167.14
ecom_national,CW500069,2025-04,MTN,3,501.42
ecom_national,CW500069,2025-04,PSW,3,501.42
ecom_national,CW500069,2025-04,PNW,2,334.28
retail,BI100161,2025-04,MA,1,167.14
retail,BI100161,2025-04,SE,2,334.28
retail,BI100161,2025-04,MW,1,167.14
retail,BI100161,2025-04,TX,1,167.14
retail,BI100161,2025-04,MTN,2,334.28
retail,BI100161,2025-04,PSW,1,167.14
retail,BI100161,2025-04,PNW,2,334.28
vet_clinic,BI100161,2025-04,NE,1,167.14
vet_clinic,BI100161,2025-04,MA,1,167.14
vet_clinic,BI100161,2025-04,SE,1,167.14
vet_clinic,BI100161,2025-04,TX,1,167.14
vet_clinic,BI100161,2025-04,MTN,1,167.14
vet_clinic,BI100161,2025-04,PNW,1,167.14
ecom_national,CW500069,2025-05,MA,1,167.14
ecom_national,CW500069,2025-05,SE,2,334.28
ecom_national,CW500069,2025-05,MW,3,501.42
ecom_national,CW500069,2025-05,TX,2,334.28
ecom_national,CW500069,2025-05,MTN,2,334.28
ecom_national,CW500069,2025-05,PSW,2,334.28
ecom_national,CW500069,2025-05,PNW,1,167.14
retail,BI100161,2025-05,MA,2,334.28
retail,BI100161,2025-05,SE,1,167.14
retail,BI100161,2025-05,TX,1,167.14
retail,BI100161,2025-05,MTN,1,167.14
retail,BI100161,2025-05,PSW,2,334.28
retail,BI100161,2025-05,PNW,1,167.14
vet_clinic,BI100161,2025-05,NE,1,167.14
vet_clinic,BI100161,2025-05,MA,1,167.14
vet_clinic,BI100161,2025-05,SE,1,167.14
vet_clinic,BI100161,2025-05,TX,1,167.14
vet_clinic,BI100161,2025-05,MTN,1,167.14
vet_clinic,BI100161,2025-05,PSW,2,334.28
ecom_national,CW500069,2025-06,NE,1,167.14
ecom_national,CW500069,2025-06,MA,2,334.28
ecom_national,CW500069,2025-06,SE,4,668.56
ecom_national,CW500069,2025-06,TX,3,501.42
ecom_national,CW500069,2025-06,PSW,1,167.14
retail,BI100161,2025-06,NE,2,334.28
retail,BI100161,2025-06,MA,3,501.42
retail,BI100161,2025-06,SE,2,334.28
retail,BI100161,2025-06,MW,1,167.14
retail,BI100161,2025-06,MTN,1,167.14
retail,BI100161,2025-06,PSW,2,334.28
vet_clinic,BI100161,2025-06,NE,1,167.14
vet_clinic,BI100161,2025-06,MA,1,167.14
vet_clinic,BI100161,2025-06,SE,1,167.14
vet_clinic,BI100161,2025-06,MW,1,167.14
vet_clinic,BI100161,2025-06,TX,1,167.14
vet_clinic,BI100161,2025-06,MTN,1,167.14
vet_clinic,BI100161,2025-06,PSW,1,167.14
vet_clinic,BI100161,2025-06,PNW,1,167.14
ecom_national,CW500069,2025-07,NE,3,501.42
ecom_national,CW500069,2025-07,MA,1,167.14
ecom_national,CW500069,2025-07,SE,3,501.42
ecom_national,CW500069,2025-07,MW,1,167.14
ecom_national,CW500069,2025-07,TX,1,167.14
ecom_national,CW500069,2025-07,MTN,1,167.14
ecom_national,CW500069,2025-07,PSW,4,668.56
ecom_national,CW500069,2025-07,PNW,3,501.42
retail,BI100161,2025-07,SE,1,167.14
retail,BI100161,2025-07,MW,1,167.14
retail,BI100161,2025-07,TX,1,167.14
retail,BI100161,2025-07,MTN,1,167.14
retail,BI100161,2025-07,PSW,2,334.28
retail,BI100161,2025-07,PNW,1,167.14
vet_clinic,BI100161,2025-07,NE,2,334.28
vet_clinic,BI100161,2025-07,MA,1,167.14
vet_clinic,BI100161,2025-07,SE,2,334.28
vet_clinic,BI100161,2025-07,MW,1,167.14
vet_clinic,BI100161,2025-07,TX,1,167.14
vet_clinic,BI100161,2025-07,MTN,1,167.14
vet_clinic,BI100161,2025-07,PSW,1,167.14
ecom_national,CW500069,2025-08,NE,1,167.14
ecom_national,CW500069,2025-08,SE,1,167.14
ecom_national,CW500069,2025-08,MW,2,334.28
ecom_national,CW500069,2025-08,MTN,2,334.28
ecom_national,CW500069,2025-08,PSW,4,668.56
retail,BI100161,2025-08,NE,1,167.14
retail,BI100161,2025-08,MA,2,334.28
retail,BI100161,2025-08,TX,1,167.14
retail,BI100161,2025-08,MTN,1,167.14
retail,BI100161,2025-08,PSW,2,334.28
retail,BI100161,2025-08,PNW,1,167.14
vet_clinic,BI100161,2025-08,NE,1,167.14
vet_clinic,BI100161,2025-08,MA,2,334.28
vet_clinic,BI100161,2025-08,MW,1,167.14
ecom_national,CW500069,2025-09,NE,3,501.42
ecom_national,CW500069,2025-09,MA,3,501.42
ecom_national,CW500069,2025-09,SE,1,167.14
ecom_national,CW500069,2025-09,MW,1,167.14
ecom_national,CW500069,2025-09,TX,2,334.28
ecom_national,CW500069,2025-09,MTN,2,334.28
ecom_national,CW500069,2025-09,PSW,1,167.14
ecom_national,CW500069,2025-09,PNW,3,501.42
retail,BI100161,2025-09,MW,3,501.42
retail,BI100161,2025-09,TX,1,167.14
retail,BI100161,2025-09,MTN,2,334.28
retail,BI100161,2025-09,PSW,1,167.14
retail,BI100161,2025-09,PNW,2,334.28
vet_clinic,BI100161,2025-09,NE,1,167.14
vet_clinic,BI100161,2025-09,MA,1,167.14
vet_clinic,BI100161,2025-09,SE,1,167.14
vet_clinic,BI100161,2025-09,TX,1,167.14
vet_clinic,BI100161,2025-09,MTN,1,167.14
vet_clinic,BI100161,2025-09,PNW,1,167.14
ecom_national,CW500069,2025-10,NE,3,501.42
ecom_national,CW500069,2025-10,MA,4,668.56
ecom_national,CW500069,2025-10,SE,2,334.28
ecom_national,CW500069,2025-10,MW,3,501.42
ecom_national,CW500069,2025-10,PSW,1,167.14
ecom_national,CW500069,2025-10,PNW,2,334.28
retail,BI100161,2025-10,NE,1,167.14
retail,BI100161,2025-10,MA,2,334.28
retail,BI100161,2025-10,TX,1,167.14
retail,BI100161,2025-10,PSW,1,167.14
retail,BI100161,2025-10,PNW,2,334.28
vet_clinic,BI100161,2025-10,MA,1,167.14
vet_clinic,BI100161,2025-10,SE,1,167.14
vet_clinic,BI100161,2025-10,MW,1,167.14
vet_clinic,BI100161,2025-10,PSW,1,167.14
vet_clinic,BI100161,2025-10,PNW,1,167.14
ecom_national,CW500069,2025-11,NE,1,167.14
ecom_national,CW500069,2025-11,MA,3,501.42
ecom_national,CW500069,2025-11,SE,1,167.14
ecom_national,CW500069,2025-11,MW,3,501.42
ecom_national,CW500069,2025-11,TX,2,334.28
ecom_national,CW500069,2025-11,MTN,2,334.28
ecom_national,CW500069,2025-11,PSW,3,501.42
retail,BI100161,2025-11,NE,1,167.14
retail,BI100161,2025-11,MA,1,167.14
retail,BI100161,2025-11,SE,1,167.14
retail,BI100161,2025-11,MW,2,334.28
retail,BI100161,2025-11,TX,1,167.14
retail,BI100161,2025-11,MTN,1,167.14
retail,BI100161,2025-11,PSW,1,167.14
vet_clinic,BI100161,2025-11,NE,1,167.14
vet_clinic,BI100161,2025-11,MA,1,167.14
vet_clinic,BI100161,2025-11,SE,1,167.14
vet_clinic,BI100161,2025-11,MW,1,167.14
vet_clinic,BI100161,2025-11,TX,1,167.14
vet_clinic,BI100161,2025-11,PNW,1,167.14
ecom_national,CW500069,2025-12,NE,1,167.14
ecom_national,CW500069,2025-12,MA,1,167.14
ecom_national,CW500069,2025-12,SE,1,167.14
ecom_national,CW500069,2025-12,MW,1,167.14
ecom_national,CW500069,2025-12,TX,2,334.28
ecom_national,CW500069,2025-12,MTN,2,334.28
ecom_national,CW500069,2025-12,PSW,3,501.42
ecom_national,CW500069,2025-12,PNW,2,334.28
retail,BI100161,2025-12,NE,1,167.14
retail,BI100161,2025-12,MA,1,167.14
retail,BI100161,2025-12,SE,1,167.14
retail,BI100161,2025-12,MW,2,334.28
retail,BI100161,2025-12,MTN,1,167.14
retail,BI100161,2025-12,PSW,1,167.14
vet_clinic,BI100161,2025-12,NE,1,167.14
vet_clinic,BI100161,2025-12,MA,1,167.14
vet_clinic,BI100161,2025-12,MW,1,167.14
vet_clinic,BI100161,2025-12,TX,1,167.14
vet_clinic,BI100161,2025-12,MTN,1,167.14
vet_clinic,BI100161,2025-12,PSW,1,167.14
ecom_national,CW500072,2024-01,MA,1,117.93
ecom_national,CW500072,2024-01,SE,1,117.93
ecom_national,CW500072,2024-01,TX,1,117.93
ecom_national,CW500072,2024-01,PSW,1,117.93
ecom_national,CW500072,2024-01,PNW,1,117.93
retail,BI100168,2024-01,MA,1,117.93
retail,BI100168,2024-01,MW,1,117.93
ecom_national,CW500072,2024-02,MA,1,117.93
ecom_national,CW500072,2024-02,SE,1,117.93
ecom_national,CW500072,2024-02,MW,1,117.93
ecom_national,CW500072,2024-02,MTN,1,117.93
ecom_national,CW500072,2024-02,PNW,1,117.93
retail,BI100168,2024-02,NE,1,117.93
retail,BI100168,2024-02,MTN,1,117.93
retail,BI100168,2024-02,PSW,1,117.93
retail,BI100168,2024-02,PNW,1,117.93
ecom_national,CW500072,2024-03,NE,1,117.93
ecom_national,CW500072,2024-03,MW,1,117.93
ecom_national,CW500072,2024-03,TX,1,117.93
retail,BI100168,2024-03,NE,1,117.93
retail,BI100168,2024-03,MA,1,117.93
retail,BI100168,2024-03,TX,1,117.93
retail,BI100168,2024-03,PNW,1,117.93
vet_clinic,BI100168,2024-03,MW,1,117.93
ecom_national,CW500072,2024-04,MA,1,117.93
ecom_national,CW500072,2024-04,MW,1,117.93
ecom_national,CW500072,2024-04,MTN,1,117.93
ecom_national,CW500072,2024-04,PSW,1,117.93
retail,BI100168,2024-04,MA,1,117.93
retail,BI100168,2024-04,SE,1,117.93
retail,BI100168,2024-04,MW,1,117.93
retail,BI100168,2024-04,TX,1,117.93
retail,BI100168,2024-04,MTN,1,117.93
retail,BI100168,2024-04,PSW,1,117.93
vet_clinic,BI100168,2024-04,NE,1,117.93
vet_clinic,BI100168,2024-04,MW,1,117.93
vet_clinic,BI100168,2024-04,MTN,1,117.93
vet_clinic,BI100168,2024-04,PSW,1,117.93
ecom_national,CW500072,2024-05,NE,1,117.93
ecom_national,CW500072,2024-05,SE,1,117.93
ecom_national,CW500072,2024-05,TX,1,117.93
ecom_national,CW500072,2024-05,MTN,1,117.93
retail,BI100168,2024-05,MA,1,117.93
retail,BI100168,2024-05,MW,1,117.93
retail,BI100168,2024-05,PNW,1,117.93
vet_clinic,BI100168,2024-05,NE,1,117.93
vet_clinic,BI100168,2024-05,MW,1,117.93
vet_clinic,BI100168,2024-05,TX,1,117.93
ecom_national,CW500072,2024-06,NE,2,235.86
ecom_national,CW500072,2024-06,MW,1,117.93
ecom_national,CW500072,2024-06,TX,1,117.93
ecom_national,CW500072,2024-06,MTN,1,117.93
ecom_national,CW500072,2024-06,PSW,1,117.93
ecom_national,CW500072,2024-06,PNW,1,117.93
retail,BI100168,2024-06,NE,1,117.93
retail,BI100168,2024-06,TX,1,117.93
retail,BI100168,2024-06,MTN,1,117.93
vet_clinic,BI100168,2024-06,SE,1,117.93
vet_clinic,BI100168,2024-06,MW,1,117.93
vet_clinic,BI100168,2024-06,PSW,1,117.93
vet_clinic,BI100168,2024-06,PNW,1,117.93
ecom_national,CW500072,2024-07,NE,2,235.86
ecom_national,CW500072,2024-07,SE,1,117.93
ecom_national,CW500072,2024-07,TX,1,117.93
ecom_national,CW500072,2024-07,MTN,1,117.93
ecom_national,CW500072,2024-07,PSW,1,117.93
ecom_national,CW500072,2024-07,PNW,1,117.93
retail,BI100168,2024-07,NE,1,117.93
retail,BI100168,2024-07,MA,1,117.93
retail,BI100168,2024-07,TX,1,117.93
retail,BI100168,2024-07,MTN,1,117.93
retail,BI100168,2024-07,PSW,1,117.93
ecom_national,CW500072,2024-08,NE,2,235.86
ecom_national,CW500072,2024-08,MA,1,117.93
ecom_national,CW500072,2024-08,MW,1,117.93
ecom_national,CW500072,2024-08,TX,1,117.93
ecom_national,CW500072,2024-08,MTN,1,117.93
ecom_national,CW500072,2024-08,PSW,1,117.93
ecom_national,CW500072,2024-08,PNW,2,235.86
retail,BI100168,2024-08,MA,1,117.93
retail,BI100168,2024-08,MW,1,117.93
retail,BI100168,2024-08,MTN,1,117.93
retail,BI100168,2024-08,PNW,1,117.93
vet_clinic,BI100168,2024-08,MA,1,117.93
vet_clinic,BI100168,2024-08,TX,1,117.93
vet_clinic,BI100168,2024-08,PSW,1,117.93
ecom_national,CW500072,2024-09,NE,1,117.93
ecom_national,CW500072,2024-09,MA,1,117.93
ecom_national,CW500072,2024-09,SE,1,117.93
ecom_national,CW500072,2024-09,TX,1,117.93
ecom_national,CW500072,2024-09,MTN,1,117.93
ecom_national,CW500072,2024-09,PSW,1,117.93
retail,BI100168,2024-09,NE,1,117.93
retail,BI100168,2024-09,MA,1,117.93
retail,BI100168,2024-09,SE,1,117.93
retail,BI100168,2024-09,PNW,1,117.93
vet_clinic,BI100168,2024-09,MW,1,117.93
vet_clinic,BI100168,2024-09,MTN,1,117.93
ecom_national,CW500072,2024-10,MA,1,117.93
ecom_national,CW500072,2024-10,SE,1,117.93
ecom_national,CW500072,2024-10,MW,2,235.86
ecom_national,CW500072,2024-10,TX,1,117.93
ecom_national,CW500072,2024-10,MTN,1,117.93
ecom_national,CW500072,2024-10,PNW,1,117.93
retail,BI100168,2024-10,NE,1,117.93
retail,BI100168,2024-10,MA,1,117.93
retail,BI100168,2024-10,SE,1,117.93
retail,BI100168,2024-10,TX,1,117.93
vet_clinic,BI100168,2024-10,MTN,1,117.93
ecom_national,CW500072,2024-11,MA,1,117.93
ecom_national,CW500072,2024-11,TX,1,117.93
ecom_national,CW500072,2024-11,MTN,1,117.93
ecom_national,CW500072,2024-11,PSW,1,117.93
retail,BI100168,2024-11,NE,1,117.93
retail,BI100168,2024-11,SE,1,117.93
retail,BI100168,2024-11,PSW,1,117.93
ecom_national,CW500072,2024-12,NE,1,117.93
ecom_national,CW500072,2024-12,MTN,1,117.93
ecom_national,CW500072,2024-12,PSW,1,117.93
retail,BI100168,2024-12,MW,1,117.93
vet_clinic,BI100168,2024-12,TX,1,117.93
vet_clinic,BI100168,2024-12,PNW,1,117.93
ecom_national,CW500072,2025-01,MA,1,117.93
ecom_national,CW500072,2025-01,SE,1,117.93
ecom_national,CW500072,2025-01,MW,1,117.93
ecom_national,CW500072,2025-01,TX,2,235.86
ecom_national,CW500072,2025-01,MTN,1,117.93
ecom_national,CW500072,2025-01,PNW,1,117.93
vet_clinic,BI100168,2025-01,SE,1,117.93
vet_clinic,BI100168,2025-01,TX,1,117.93
ecom_national,CW500072,2025-02,MA,1,117.93
ecom_national,CW500072,2025-02,SE,1,117.93
ecom_national,CW500072,2025-02,MW,1,117.93
ecom_national,CW500072,2025-02,MTN,1,117.93
ecom_national,CW500072,2025-02,PSW,1,117.93
retail,BI100168,2025-02,MA,1,117.93
retail,BI100168,2025-02,PSW,1,117.93
retail,BI100168,2025-02,PNW,1,117.93
vet_clinic,BI100168,2025-02,MW,1,117.93
ecom_national,CW500072,2025-03,MA,1,117.93
ecom_national,CW500072,2025-03,TX,1,117.93
retail,BI100168,2025-03,TX,1,117.93
retail,BI100168,2025-03,PNW,1,117.93
vet_clinic,BI100168,2025-03,MA,1,117.93
vet_clinic,BI100168,2025-03,SE,1,117.93
vet_clinic,BI100168,2025-03,MW,1,117.93
vet_clinic,BI100168,2025-03,TX,1,117.93
ecom_national,CW500072,2025-04,NE,1,117.93
ecom_national,CW500072,2025-04,MTN,1,117.93
ecom_national,CW500072,2025-04,PSW,1,117.93
ecom_national,CW500072,2025-04,PNW,1,117.93
retail,BI100168,2025-04,NE,1,117.93
retail,BI100168,2025-04,MA,1,117.93
retail,BI100168,2025-04,SE,1,117.93
retail,BI100168,2025-04,MW,1,117.93
retail,BI100168,2025-04,MTN,1,117.93
retail,BI100168,2025-04,PSW,1,117.93
retail,BI100168,2025-04,PNW,1,117.93
vet_clinic,BI100168,2025-04,NE,1,117.93
vet_clinic,BI100168,2025-04,MA,1,117.93
vet_clinic,BI100168,2025-04,MW,1,117.93
vet_clinic,BI100168,2025-04,MTN,1,117.93
vet_clinic,BI100168,2025-04,PSW,1,117.93
ecom_national,CW500072,2025-05,NE,1,117.93
ecom_national,CW500072,2025-05,MA,1,117.93
ecom_national,CW500072,2025-05,SE,2,235.86
ecom_national,CW500072,2025-05,MW,1,117.93
ecom_national,CW500072,2025-05,PSW,1,117.93
ecom_national,CW500072,2025-05,PNW,1,117.93
retail,BI100168,2025-05,NE,1,117.93
retail,BI100168,2025-05,SE,1,117.93
retail,BI100168,2025-05,MW,1,117.93
vet_clinic,BI100168,2025-05,MA,1,117.93
vet_clinic,BI100168,2025-05,MTN,1,117.93
vet_clinic,BI100168,2025-05,PNW,1,117.93
ecom_national,CW500072,2025-06,MA,1,117.93
ecom_national,CW500072,2025-06,SE,1,117.93
ecom_national,CW500072,2025-06,MW,1,117.93
ecom_national,CW500072,2025-06,TX,2,235.86
ecom_national,CW500072,2025-06,MTN,1,117.93
ecom_national,CW500072,2025-06,PNW,2,235.86
retail,BI100168,2025-06,NE,1,117.93
retail,BI100168,2025-06,MA,1,117.93
retail,BI100168,2025-06,SE,1,117.93
retail,BI100168,2025-06,MW,1,117.93
retail,BI100168,2025-06,MTN,1,117.93
retail,BI100168,2025-06,PSW,1,117.93
vet_clinic,BI100168,2025-06,MW,1,117.93
vet_clinic,BI100168,2025-06,PSW,1,117.93
ecom_national,CW500072,2025-07,NE,1,117.93
ecom_national,CW500072,2025-07,MA,2,235.86
ecom_national,CW500072,2025-07,SE,1,117.93
ecom_national,CW500072,2025-07,MW,1,117.93
ecom_national,CW500072,2025-07,TX,1,117.93
ecom_national,CW500072,2025-07,MTN,1,117.93
ecom_national,CW500072,2025-07,PSW,2,235.86
ecom_national,CW500072,2025-07,PNW,2,235.86
retail,BI100168,2025-07,MW,1,117.93
retail,BI100168,2025-07,TX,1,117.93
retail,BI100168,2025-07,MTN,1,117.93
retail,BI100168,2025-07,PNW,1,117.93
vet_clinic,BI100168,2025-07,MTN,1,117.93
ecom_national,CW500072,2025-08,NE,1,117.93
ecom_national,CW500072,2025-08,MA,1,117.93
ecom_national,CW500072,2025-08,TX,1,117.93
ecom_national,CW500072,2025-08,MTN,1,117.93
ecom_national,CW500072,2025-08,PSW,2,235.86
ecom_national,CW500072,2025-08,PNW,1,117.93
retail,BI100168,2025-08,SE,1,117.93
retail,BI100168,2025-08,MW,1,117.93
retail,BI100168,2025-08,PSW,1,117.93
vet_clinic,BI100168,2025-08,NE,1,117.93
vet_clinic,BI100168,2025-08,TX,1,117.93
vet_clinic,BI100168,2025-08,MTN,1,117.93
vet_clinic,BI100168,2025-08,PNW,1,117.93
ecom_national,CW500072,2025-09,NE,1,117.93
ecom_national,CW500072,2025-09,MA,1,117.93
ecom_national,CW500072,2025-09,TX,1,117.93
ecom_national,CW500072,2025-09,MTN,2,235.86
retail,BI100168,2025-09,NE,1,117.93
retail,BI100168,2025-09,MA,1,117.93
retail,BI100168,2025-09,MW,1,117.93
retail,BI100168,2025-09,TX,1,117.93
retail,BI100168,2025-09,MTN,1,117.93
retail,BI100168,2025-09,PNW,1,117.93
vet_clinic,BI100168,2025-09,NE,1,117.93
vet_clinic,BI100168,2025-09,MA,1,117.93
vet_clinic,BI100168,2025-09,SE,1,117.93
ecom_national,CW500072,2025-10,NE,1,117.93
ecom_national,CW500072,2025-10,SE,1,117.93
ecom_national,CW500072,2025-10,MTN,1,117.93
ecom_national,CW500072,2025-10,PSW,1,117.93
retail,BI100168,2025-10,MW,1,117.93
retail,BI100168,2025-10,TX,1,117.93
retail,BI100168,2025-10,MTN,1,117.93
retail,BI100168,2025-10,PNW,1,117.93
vet_clinic,BI100168,2025-10,TX,1,117.93
vet_clinic,BI100168,2025-10,MTN,1,117.93
ecom_national,CW500072,2025-11,MA,1,117.93
ecom_national,CW500072,2025-11,SE,1,117.93
ecom_national,CW500072,2025-11,TX,1,117.93
ecom_national,CW500072,2025-11,MTN,1,117.93
ecom_national,CW500072,2025-11,PSW,1,117.93
ecom_national,CW500072,2025-11,PNW,1,117.93
retail,BI100168,2025-11,MW,1,117.93
retail,BI100168,2025-11,TX,1,117.93
retail,BI100168,2025-11,MTN,1,117.93
retail,BI100168,2025-11,PSW,1,117.93
vet_clinic,BI100168,2025-11,TX,1,117.93
vet_clinic,BI100168,2025-11,MTN,1,117.93
ecom_national,CW500072,2025-12,NE,1,117.93
ecom_national,CW500072,2025-12,TX,1,117.93
ecom_national,CW500072,2025-12,MTN,1,117.93
ecom_national,CW500072,2025-12,PSW,1,117.93
retail,BI100168,2025-12,SE,1,117.93
retail,BI100168,2025-12,MW,1,117.93
retail,BI100168,2025-12,MTN,1,117.93
retail,BI100168,2025-12,PSW,1,117.93
vet_clinic,BI100168,2025-12,NE,1,117.93
vet_clinic,BI100168,2025-12,MTN,1,117.93
ecom_national,CW500075,2024-01,NE,1,134.92
ecom_national,CW500075,2024-01,MA,1,134.92
ecom_national,CW500075,2024-01,MW,2,269.84
ecom_national,CW500075,2024-01,TX,2,269.84
ecom_national,CW500075,2024-01,MTN,1,134.92
ecom_national,CW500075,2024-01,PSW,2,269.84
ecom_national,CW500075,2024-01,PNW,1,134.92
retail,BI100175,2024-01,NE,1,134.92
retail,BI100175,2024-01,MA,2,269.84
retail,BI100175,2024-01,SE,1,134.92
retail,BI100175,2024-01,MW,1,134.92
retail,BI100175,2024-01,TX,2,269.84
retail,BI100175,2024-01,PNW,2,269.84
vet_clinic,BI100175,2024-01,SE,1,134.92
vet_clinic,BI100175,2024-01,TX,1,134.92
vet_clinic,BI100175,2024-01,MTN,1,134.92
vet_clinic,BI100175,2024-01,PNW,1,134.92
ecom_national,CW500075,2024-02,MA,2,269.84
ecom_national,CW500075,2024-02,SE,2,269.84
ecom_national,CW500075,2024-02,MW,1,134.92
ecom_national,CW500075,2024-02,TX,3,404.76
ecom_national,CW500075,2024-02,MTN,1,134.92
ecom_national,CW500075,2024-02,PSW,2,269.84
retail,BI100175,2024-02,MA,2,269.84
retail,BI100175,2024-02,SE,1,134.92
retail,BI100175,2024-02,TX,1,134.92
retail,BI100175,2024-02,MTN,1,134.92
retail,BI100175,2024-02,PSW,1,134.92
retail,BI100175,2024-02,PNW,1,134.92
vet_clinic,BI100175,2024-02,MA,1,134.92
vet_clinic,BI100175,2024-02,MW,1,134.92
vet_clinic,BI100175,2024-02,TX,1,134.92
vet_clinic,BI100175,2024-02,PSW,1,134.92
vet_clinic,BI100175,2024-02,PNW,1,134.92
ecom_national,CW500075,2024-03,MA,3,404.76
ecom_national,CW500075,2024-03,SE,3,404.76
ecom_national,CW500075,2024-03,TX,2,269.84
ecom_national,CW500075,2024-03,MTN,3,404.76
ecom_national,CW500075,2024-03,PNW,2,269.84
retail,BI100175,2024-03,NE,1,134.92
retail,BI100175,2024-03,MA,1,134.92
retail,BI100175,2024-03,MW,1,134.92
retail,BI100175,2024-03,TX,2,269.84
retail,BI100175,2024-03,MTN,1,134.92
retail,BI100175,2024-03,PSW,1,134.92
retail,BI100175,2024-03,PNW,1,134.92
vet_clinic,BI100175,2024-03,NE,1,134.92
vet_clinic,BI100175,2024-03,MA,1,134.92
vet_clinic,BI100175,2024-03,SE,1,134.92
vet_clinic,BI100175,2024-03,MW,1,134.92
vet_clinic,BI100175,2024-03,TX,1,134.92
vet_clinic,BI100175,2024-03,MTN,1,134.92
vet_clinic,BI100175,2024-03,PSW,1,134.92
vet_clinic,BI100175,2024-03,PNW,1,134.92
ecom_national,CW500075,2024-04,NE,2,269.84
ecom_national,CW500075,2024-04,MA,3,404.76
ecom_national,CW500075,2024-04,SE,1,134.92
ecom_national,CW500075,2024-04,TX,1,134.92
ecom_national,CW500075,2024-04,PSW,2,269.84
ecom_national,CW500075,2024-04,PNW,2,269.84
retail,BI100175,2024-04,NE,1,134.92
retail,BI100175,2024-04,SE,1,134.92
retail,BI100175,2024-04,TX,1,134.92
retail,BI100175,2024-04,MTN,1,134.92
retail,BI100175,2024-04,PSW,2,269.84
retail,BI100175,2024-04,PNW,1,134.92
vet_clinic,BI100175,2024-04,NE,1,134.92
vet_clinic,BI100175,2024-04,MA,1,134.92
vet_clinic,BI100175,2024-04,SE,1,134.92
vet_clinic,BI100175,2024-04,MTN,1,134.92
vet_clinic,BI100175,2024-04,PSW,1,134.92
vet_clinic,BI100175,2024-04,PNW,1,134.92
ecom_national,CW500075,2024-05,MA,1,134.92
ecom_national,CW500075,2024-05,SE,3,404.76
ecom_national,CW500075,2024-05,TX,2,269.84
ecom_national,CW500075,2024-05,PSW,3,404.76
retail,BI100175,2024-05,MA,2,269.84
retail,BI100175,2024-05,SE,2,269.84
retail,BI100175,2024-05,TX,2,269.84
retail,BI100175,2024-05,PNW,2,269.84
vet_clinic,BI100175,2024-05,MA,1,134.92
vet_clinic,BI100175,2024-05,SE,1,134.92
vet_clinic,BI100175,2024-05,MTN,1,134.92
vet_clinic,BI100175,2024-05,PSW,1,134.92
vet_clinic,BI100175,2024-05,PNW,1,134.92
ecom_national,CW500075,2024-06,NE,1,134.92
ecom_national,CW500075,2024-06,MA,2,269.84
ecom_national,CW500075,2024-06,SE,2,269.84
ecom_national,CW500075,2024-06,MW,2,269.84
ecom_national,CW500075,2024-06,TX,2,269.84
ecom_national,CW500075,2024-06,MTN,1,134.92
ecom_national,CW500075,2024-06,PSW,3,404.76
ecom_national,CW500075,2024-06,PNW,3,404.76
retail,BI100175,2024-06,NE,1,134.92
retail,BI100175,2024-06,MA,2,269.84
retail,BI100175,2024-06,SE,1,134.92
retail,BI100175,2024-06,MW,1,134.92
retail,BI100175,2024-06,TX,2,269.84
retail,BI100175,2024-06,MTN,1,134.92
retail,BI100175,2024-06,PSW,1,134.92
vet_clinic,BI100175,2024-06,NE,1,134.92
vet_clinic,BI100175,2024-06,MA,1,134.92
vet_clinic,BI100175,2024-06,TX,1,134.92
vet_clinic,BI100175,2024-06,MTN,1,134.92
vet_clinic,BI100175,2024-06,PSW,1,134.92
vet_clinic,BI100175,2024-06,PNW,1,134.92
ecom_national,CW500075,2024-07,NE,2,269.84
ecom_national,CW500075,2024-07,MA,2,269.84
ecom_national,CW500075,2024-07,SE,1,134.92
ecom_national,CW500075,2024-07,MW,2,269.84
ecom_national,CW500075,2024-07,TX,1,134.92
ecom_national,CW500075,2024-07,MTN,2,269.84
ecom_national,CW500075,2024-07,PSW,2,269.84
ecom_national,CW500075,2024-07,PNW,3,404.76
retail,BI100175,2024-07,MA,1,134.92
retail,BI100175,2024-07,SE,1,134.92
retail,BI100175,2024-07,MW,1,134.92
retail,BI100175,2024-07,TX,2,269.84
retail,BI100175,2024-07,PSW,1,134.92
retail,BI100175,2024-07,PNW,1,134.92
vet_clinic,BI100175,2024-07,NE,1,134.92
vet_clinic,BI100175,2024-07,MA,1,134.92
vet_clinic,BI100175,2024-07,MW,1,134.92
vet_clinic,BI100175,2024-07,MTN,1,134.92
vet_clinic,BI100175,2024-07,PNW,1,134.92
ecom_national,CW500075,2024-08,NE,2,269.84
ecom_national,CW500075,2024-08,MA,1,134.92
ecom_national,CW500075,2024-08,SE,2,269.84
ecom_national,CW500075,2024-08,MW,1,134.92
ecom_national,CW500075,2024-08,TX,3,404.76
ecom_national,CW500075,2024-08,MTN,2,269.84
ecom_national,CW500075,2024-08,PNW,1,134.92
retail,BI100175,2024-08,NE,1,134.92
retail,BI100175,2024-08,SE,2,269.84
retail,BI100175,2024-08,MW,1,134.92
retail,BI100175,2024-08,TX,1,134.92
retail,BI100175,2024-08,PSW,2,269.84
retail,BI100175,2024-08,PNW,1,134.92
vet_clinic,BI100175,2024-08,NE,1,134.92
vet_clinic,BI100175,2024-08,SE,1,134.92
vet_clinic,BI100175,2024-08,TX,1,134.92
vet_clinic,BI100175,2024-08,MTN,1,134.92
vet_clinic,BI100175,2024-08,PSW,1,134.92
vet_clinic,BI100175,2024-08,PNW,1,134.92
ecom_national,CW500075,2024-09,NE,2,269.84
ecom_national,CW500075,2024-09,MA,2,269.84
ecom_national,CW500075,2024-09,SE,3,404.76
ecom_national,CW500075,2024-09,MW,1,134.92
ecom_national,CW500075,2024-09,TX,3,404.76
ecom_national,CW500075,2024-09,MTN,1,134.92
ecom_national,CW500075,2024-09,PNW,2,269.84
retail,BI100175,2024-09,NE,1,134.92
retail,BI100175,2024-09,MA,2,269.84
retail,BI100175,2024-09,MW,1,134.92
retail,BI100175,2024-09,PSW,2,269.84
retail,BI100175,2024-09,PNW,2,269.84
vet_clinic,BI100175,2024-09,MW,1,134.92
vet_clinic,BI100175,2024-09,TX,1,134.92
vet_clinic,BI100175,2024-09,PNW,1,134.92
ecom_national,CW500075,2024-10,NE,2,269.84
ecom_national,CW500075,2024-10,MA,2,269.84
ecom_national,CW500075,2024-10,SE,1,134.92
ecom_national,CW500075,2024-10,TX,2,269.84
ecom_national,CW500075,2024-10,PSW,2,269.84
ecom_national,CW500075,2024-10,PNW,1,134.92
retail,BI100175,2024-10,NE,1,134.92
retail,BI100175,2024-10,MA,2,269.84
retail,BI100175,2024-10,SE,1,134.92
retail,BI100175,2024-10,PSW,1,134.92
vet_clinic,BI100175,2024-10,MA,1,134.92
vet_clinic,BI100175,2024-10,SE,1,134.92
vet_clinic,BI100175,2024-10,TX,1,134.92
vet_clinic,BI100175,2024-10,MTN,1,134.92
vet_clinic,BI100175,2024-10,PSW,1,134.92
vet_clinic,BI100175,2024-10,PNW,1,134.92
ecom_national,CW500075,2024-11,MA,3,404.76
ecom_national,CW500075,2024-11,SE,1,134.92
ecom_national,CW500075,2024-11,MW,2,269.84
ecom_national,CW500075,2024-11,TX,2,269.84
ecom_national,CW500075,2024-11,MTN,1,134.92
ecom_national,CW500075,2024-11,PSW,2,269.84
ecom_national,CW500075,2024-11,PNW,1,134.92
retail,BI100175,2024-11,NE,2,269.84
retail,BI100175,2024-11,MA,2,269.84
retail,BI100175,2024-11,SE,2,269.84
retail,BI100175,2024-11,MTN,2,269.84
retail,BI100175,2024-11,PSW,1,134.92
vet_clinic,BI100175,2024-11,NE,1,134.92
vet_clinic,BI100175,2024-11,MA,1,134.92
vet_clinic,BI100175,2024-11,TX,1,134.92
ecom_national,CW500075,2024-12,NE,3,404.76
ecom_national,CW500075,2024-12,MA,2,269.84
ecom_national,CW500075,2024-12,SE,2,269.84
ecom_national,CW500075,2024-12,MW,2,269.84
ecom_national,CW500075,2024-12,TX,2,269.84
ecom_national,CW500075,2024-12,MTN,2,269.84
ecom_national,CW500075,2024-12,PSW,3,404.76
ecom_national,CW500075,2024-12,PNW,1,134.92
retail,BI100175,2024-12,NE,1,134.92
retail,BI100175,2024-12,MA,2,269.84
retail,BI100175,2024-12,SE,1,134.92
retail,BI100175,2024-12,MW,1,134.92
retail,BI100175,2024-12,TX,1,134.92
retail,BI100175,2024-12,MTN,1,134.92
retail,BI100175,2024-12,PSW,1,134.92
vet_clinic,BI100175,2024-12,NE,1,134.92
vet_clinic,BI100175,2024-12,MW,1,134.92
vet_clinic,BI100175,2024-12,TX,1,134.92
vet_clinic,BI100175,2024-12,MTN,1,134.92
vet_clinic,BI100175,2024-12,PSW,1,134.92
vet_clinic,BI100175,2024-12,PNW,1,134.92
ecom_national,CW500075,2025-01,MA,3,404.76
ecom_national,CW500075,2025-01,SE,3,404.76
ecom_national,CW500075,2025-01,MW,1,134.92
ecom_national,CW500075,2025-01,TX,2,269.84
ecom_national,CW500075,2025-01,PSW,2,269.84
ecom_national,CW500075,2025-01,PNW,2,269.84
retail,BI100175,2025-01,MA,1,134.92
retail,BI100175,2025-01,SE,1,134.92
retail,BI100175,2025-01,TX,1,134.92
retail,BI100175,2025-01,MTN,1,134.92
retail,BI100175,2025-01,PSW,2,269.84
retail,BI100175,2025-01,PNW,1,134.92
vet_clinic,BI100175,2025-01,MA,1,134.92
vet_clinic,BI100175,2025-01,SE,1,134.92
vet_clinic,BI100175,2025-01,MW,1,134.92
vet_clinic,BI100175,2025-01,MTN,1,134.92
vet_clinic,BI100175,2025-01,PNW,1,134.92
ecom_national,CW500075,2025-02,NE,2,269.84
ecom_national,CW500075,2025-02,MA,4,539.68
ecom_national,CW500075,2025-02,MW,2,269.84
ecom_national,CW500075,2025-02,MTN,1,134.92
ecom_national,CW500075,2025-02,PSW,3,404.76
ecom_national,CW500075,2025-02,PNW,3,404.76
retail,BI100175,2025-02,NE,1,134.92
retail,BI100175,2025-02,MA,2,269.84
retail,BI100175,2025-02,SE,1,134.92
retail,BI100175,2025-02,MW,1,134.92
retail,BI100175,2025-02,TX,1,134.92
retail,BI100175,2025-02,MTN,2,269.84
retail,BI100175,2025-02,PSW,1,134.92
retail,BI100175,2025-02,PNW,1,134.92
vet_clinic,BI100175,2025-02,MW,1,134.92
ecom_national,CW500075,2025-03,NE,1,134.92
ecom_national,CW500075,2025-03,MA,2,269.84
ecom_national,CW500075,2025-03,SE,3,404.76
ecom_national,CW500075,2025-03,MW,2,269.84
ecom_national,CW500075,2025-03,MTN,1,134.92
ecom_national,CW500075,2025-03,PSW,3,404.76
ecom_national,CW500075,2025-03,PNW,2,269.84
retail,BI100175,2025-03,SE,2,269.84
retail,BI100175,2025-03,TX,2,269.84
retail,BI100175,2025-03,MTN,1,134.92
retail,BI100175,2025-03,PSW,1,134.92
vet_clinic,BI100175,2025-03,MA,1,134.92
vet_clinic,BI100175,2025-03,SE,1,134.92
vet_clinic,BI100175,2025-03,MW,1,134.92
vet_clinic,BI100175,2025-03,MTN,1,134.92
vet_clinic,BI100175,2025-03,PSW,1,134.92
vet_clinic,BI100175,2025-03,PNW,1,134.92
ecom_national,CW500075,2025-04,NE,1,134.92
ecom_national,CW500075,2025-04,MA,2,269.84
ecom_national,CW500075,2025-04,SE,3,404.76
ecom_national,CW500075,2025-04,MW,3,404.76
ecom_national,CW500075,2025-04,TX,3,404.76
ecom_national,CW500075,2025-04,PNW,3,404.76
retail,BI100175,2025-04,NE,1,134.92
retail,BI100175,2025-04,MA,1,134.92
retail,BI100175,2025-04,TX,1,134.92
retail,BI100175,2025-04,MTN,1,134.92
retail,BI100175,2025-04,PSW,1,134.92
retail,BI100175,2025-04,PNW,2,269.84
vet_clinic,BI100175,2025-04,MA,1,134.92
vet_clinic,BI100175,2025-04,SE,1,134.92
vet_clinic,BI100175,2025-04,TX,1,134.92
vet_clinic,BI100175,2025-04,PSW,1,134.92
ecom_national,CW500075,2025-05,NE,21,2833.32
ecom_national,CW500075,2025-05,MA,31,4182.52
ecom_national,CW500075,2025-05,SE,28,3777.76
ecom_national,CW500075,2025-05,MW,19,2563.48
ecom_national,CW500075,2025-05,TX,32,4317.44
ecom_national,CW500075,2025-05,MTN,26,3507.92
ecom_national,CW500075,2025-05,PSW,25,3373.0
ecom_national,CW500075,2025-05,PNW,24,3238.08
retail,BI100175,2025-05,MA,1,134.92
retail,BI100175,2025-05,TX,2,269.84
retail,BI100175,2025-05,MTN,1,134.92
retail,BI100175,2025-05,PSW,1,134.92
retail,BI100175,2025-05,PNW,1,134.92
vet_clinic,BI100175,2025-05,MA,1,134.92
vet_clinic,BI100175,2025-05,MW,1,134.92
vet_clinic,BI100175,2025-05,TX,1,134.92
vet_clinic,BI100175,2025-05,MTN,1,134.92
vet_clinic,BI100175,2025-05,PSW,1,134.92
ecom_national,CW500075,2025-06,NE,21,2833.32
ecom_national,CW500075,2025-06,MA,30,4047.6
ecom_national,CW500075,2025-06,SE,28,3777.76
ecom_national,CW500075,2025-06,MW,21,2833.32
ecom_national,CW500075,2025-06,TX,27,3642.84
ecom_national,CW500075,2025-06,MTN,22,2968.24
ecom_national,CW500075,2025-06,PSW,26,3507.92
ecom_national,CW500075,2025-06,PNW,27,3642.84
retail,BI100175,2025-06,NE,1,134.92
retail,BI100175,2025-06,SE,2,269.84
retail,BI100175,2025-06,MW,1,134.92
retail,BI100175,2025-06,TX,2,269.84
retail,BI100175,2025-06,MTN,1,134.92
retail,BI100175,2025-06,PSW,1,134.92
retail,BI100175,2025-06,PNW,1,134.92
vet_clinic,BI100175,2025-06,NE,1,134.92
vet_clinic,BI100175,2025-06,SE,1,134.92
vet_clinic,BI100175,2025-06,MW,1,134.92
vet_clinic,BI100175,2025-06,MTN,1,134.92
vet_clinic,BI100175,2025-06,PNW,1,134.92
ecom_national,CW500075,2025-07,NE,2,269.84
ecom_national,CW500075,2025-07,MA,2,269.84
ecom_national,CW500075,2025-07,SE,1,134.92
ecom_national,CW500075,2025-07,MW,2,269.84
ecom_national,CW500075,2025-07,TX,3,404.76
ecom_national,CW500075,2025-07,PSW,3,404.76
ecom_national,CW500075,2025-07,PNW,2,269.84
retail,BI100175,2025-07,NE,1,134.92
retail,BI100175,2025-07,MA,1,134.92
retail,BI100175,2025-07,SE,1,134.92
retail,BI100175,2025-07,MW,1,134.92
retail,BI100175,2025-07,PNW,1,134.92
vet_clinic,BI100175,2025-07,NE,1,134.92
vet_clinic,BI100175,2025-07,MA,1,134.92
vet_clinic,BI100175,2025-07,SE,1,134.92
vet_clinic,BI100175,2025-07,TX,1,134.92
vet_clinic,BI100175,2025-07,PSW,1,134.92
vet_clinic,BI100175,2025-07,PNW,1,134.92
ecom_national,CW500075,2025-08,MA,2,269.84
ecom_national,CW500075,2025-08,SE,3,404.76
ecom_national,CW500075,2025-08,TX,3,404.76
ecom_national,CW500075,2025-08,MTN,2,269.84
ecom_national,CW500075,2025-08,PSW,1,134.92
retail,BI100175,2025-08,NE,1,134.92
retail,BI100175,2025-08,MA,2,269.84
retail,BI100175,2025-08,SE,2,269.84
retail,BI100175,2025-08,TX,1,134.92
retail,BI100175,2025-08,MTN,1,134.92
retail,BI100175,2025-08,PSW,1,134.92
retail,BI100175,2025-08,PNW,1,134.92
vet_clinic,BI100175,2025-08,NE,1,134.92
vet_clinic,BI100175,2025-08,MW,1,134.92
vet_clinic,BI100175,2025-08,MTN,1,134.92
vet_clinic,BI100175,2025-08,PSW,1,134.92
vet_clinic,BI100175,2025-08,PNW,1,134.92
ecom_national,CW500075,2025-09,NE,3,404.76
ecom_national,CW500075,2025-09,MA,2,269.84
ecom_national,CW500075,2025-09,MW,2,269.84
ecom_national,CW500075,2025-09,TX,1,134.92
ecom_national,CW500075,2025-09,MTN,2,269.84
ecom_national,CW500075,2025-09,PSW,2,269.84
ecom_national,CW500075,2025-09,PNW,1,134.92
retail,BI100175,2025-09,NE,2,269.84
retail,BI100175,2025-09,SE,2,269.84
retail,BI100175,2025-09,MW,1,134.92
retail,BI100175,2025-09,TX,2,269.84
retail,BI100175,2025-09,MTN,2,269.84
retail,BI100175,2025-09,PSW,2,269.84
retail,BI100175,2025-09,PNW,1,134.92
vet_clinic,BI100175,2025-09,NE,1,134.92
vet_clinic,BI100175,2025-09,MA,1,134.92
vet_clinic,BI100175,2025-09,SE,1,134.92
vet_clinic,BI100175,2025-09,TX,1,134.92
vet_clinic,BI100175,2025-09,MTN,1,134.92
vet_clinic,BI100175,2025-09,PSW,1,134.92
vet_clinic,BI100175,2025-09,PNW,1,134.92
ecom_national,CW500075,2025-10,NE,2,269.84
ecom_national,CW500075,2025-10,MA,1,134.92
ecom_national,CW500075,2025-10,TX,2,269.84
ecom_national,CW500075,2025-10,MTN,1,134.92
ecom_national,CW500075,2025-10,PSW,3,404.76
ecom_national,CW500075,2025-10,PNW,2,269.84
retail,BI100175,2025-10,NE,1,134.92
retail,BI100175,2025-10,MA,2,269.84
retail,BI100175,2025-10,MW,2,269.84
retail,BI100175,2025-10,TX,2,269.84
retail,BI100175,2025-10,MTN,2,269.84
retail,BI100175,2025-10,PSW,2,269.84
retail,BI100175,2025-10,PNW,1,134.92
vet_clinic,BI100175,2025-10,NE,1,134.92
vet_clinic,BI100175,2025-10,MA,1,134.92
vet_clinic,BI100175,2025-10,SE,1,134.92
vet_clinic,BI100175,2025-10,MTN,1,134.92
vet_clinic,BI100175,2025-10,PNW,1,134.92
ecom_national,CW500075,2025-11,NE,3,404.76
ecom_national,CW500075,2025-11,MA,4,539.68
ecom_national,CW500075,2025-11,SE,1,134.92
ecom_national,CW500075,2025-11,MW,2,269.84
ecom_national,CW500075,2025-11,PSW,1,134.92
ecom_national,CW500075,2025-11,PNW,1,134.92
retail,BI100175,2025-11,MA,1,134.92
retail,BI100175,2025-11,SE,1,134.92
retail,BI100175,2025-11,MW,1,134.92
retail,BI100175,2025-11,TX,1,134.92
retail,BI100175,2025-11,MTN,1,134.92
retail,BI100175,2025-11,PSW,2,269.84
retail,BI100175,2025-11,PNW,1,134.92
vet_clinic,BI100175,2025-11,MA,1,134.92
vet_clinic,BI100175,2025-11,TX,1,134.92
vet_clinic,BI100175,2025-11,MTN,1,134.92
vet_clinic,BI100175,2025-11,PSW,1,134.92
vet_clinic,BI100175,2025-11,PNW,1,134.92
ecom_national,CW500075,2025-12,NE,1,134.92
ecom_national,CW500075,2025-12,MA,1,134.92
ecom_national,CW500075,2025-12,MW,1,134.92
ecom_national,CW500075,2025-12,TX,1,134.92
ecom_national,CW500075,2025-12,MTN,2,269.84
ecom_national,CW500075,2025-12,PSW,2,269.84
ecom_national,CW500075,2025-12,PNW,2,269.84
retail,BI100175,2025-12,MA,2,269.84
retail,BI100175,2025-12,SE,1,134.92
retail,BI100175,2025-12,MW,1,134.92
retail,BI100175,2025-12,MTN,2,269.84
retail,BI100175,2025-12,PSW,2,269.84
retail,BI100175,2025-12,PNW,1,134.92
vet_clinic,BI100175,2025-12,NE,1,134.92
vet_clinic,BI100175,2025-12,MA,1,134.92
vet_clinic,BI100175,2025-12,SE,1,134.92
vet_clinic,BI100175,2025-12,MW,1,134.92
vet_clinic,BI100175,2025-12,PNW,1,134.92
ecom_national,CW500078,2024-01,NE,1,103.04
ecom_national,CW500078,2024-01,MA,2,206.08
ecom_national,CW500078,2024-01,SE,3,309.12
ecom_national,CW500078,2024-01,MW,2,206.08
ecom_national,CW500078,2024-01,TX,2,206.08
ecom_national,CW500078,2024-01,MTN,2,206.08
ecom_national,CW500078,2024-01,PSW,3,309.12
ecom_national,CW500078,2024-01,PNW,2,206.08
retail,BI100182,2024-01,MA,3,309.12
retail,BI100182,2024-01,SE,2,206.08
retail,BI100182,2024-01,MW,1,103.04
retail,BI100182,2024-01,TX,1,103.04
retail,BI100182,2024-01,PSW,2,206.08
retail,BI100182,2024-01,PNW,2,206.08
vet_clinic,BI100182,2024-01,NE,1,103.04
vet_clinic,BI100182,2024-01,MA,1,103.04
vet_clinic,BI100182,2024-01,MW,1,103.04
vet_clinic,BI100182,2024-01,TX,1,103.04
vet_clinic,BI100182,2024-01,MTN,1,103.04
vet_clinic,BI100182,2024-01,PSW,2,206.08
ecom_national,CW500078,2024-02,NE,2,206.08
ecom_national,CW500078,2024-02,MA,3,309.12
ecom_national,CW500078,2024-02,SE,3,309.12
ecom_national,CW500078,2024-02,MW,1,103.04
ecom_national,CW500078,2024-02,TX,2,206.08
ecom_national,CW500078,2024-02,MTN,4,412.16
ecom_national,CW500078,2024-02,PSW,4,412.16
ecom_national,CW500078,2024-02,PNW,2,206.08
retail,BI100182,2024-02,NE,2,206.08
retail,BI100182,2024-02,MA,1,103.04
retail,BI100182,2024-02,SE,1,103.04
retail,BI100182,2024-02,MW,2,206.08
retail,BI100182,2024-02,TX,2,206.08
retail,BI100182,2024-02,MTN,1,103.04
retail,BI100182,2024-02,PSW,1,103.04
retail,BI100182,2024-02,PNW,1,103.04
vet_clinic,BI100182,2024-02,NE,1,103.04
vet_clinic,BI100182,2024-02,MA,1,103.04
vet_clinic,BI100182,2024-02,SE,1,103.04
vet_clinic,BI100182,2024-02,MW,1,103.04
vet_clinic,BI100182,2024-02,TX,1,103.04
vet_clinic,BI100182,2024-02,PNW,1,103.04
ecom_national,CW500078,2024-03,NE,1,103.04
ecom_national,CW500078,2024-03,MA,3,309.12
ecom_national,CW500078,2024-03,SE,2,206.08
ecom_national,CW500078,2024-03,TX,4,412.16
ecom_national,CW500078,2024-03,MTN,3,309.12
ecom_national,CW500078,2024-03,PSW,1,103.04
ecom_national,CW500078,2024-03,PNW,2,206.08
retail,BI100182,2024-03,SE,2,206.08
retail,BI100182,2024-03,MW,1,103.04
retail,BI100182,2024-03,TX,1,103.04
retail,BI100182,2024-03,PSW,2,206.08
retail,BI100182,2024-03,PNW,1,103.04
vet_clinic,BI100182,2024-03,MA,1,103.04
vet_clinic,BI100182,2024-03,SE,1,103.04
vet_clinic,BI100182,2024-03,TX,1,103.04
vet_clinic,BI100182,2024-03,MTN,1,103.04
vet_clinic,BI100182,2024-03,PSW,1,103.04
vet_clinic,BI100182,2024-03,PNW,1,103.04
ecom_national,CW500078,2024-04,MA,1,103.04
ecom_national,CW500078,2024-04,SE,3,309.12
ecom_national,CW500078,2024-04,MW,1,103.04
ecom_national,CW500078,2024-04,TX,3,309.12
ecom_national,CW500078,2024-04,MTN,2,206.08
ecom_national,CW500078,2024-04,PSW,3,309.12
ecom_national,CW500078,2024-04,PNW,3,309.12
retail,BI100182,2024-04,NE,2,206.08
retail,BI100182,2024-04,MA,1,103.04
retail,BI100182,2024-04,SE,1,103.04
retail,BI100182,2024-04,MW,1,103.04
retail,BI100182,2024-04,MTN,2,206.08
retail,BI100182,2024-04,PSW,2,206.08
retail,BI100182,2024-04,PNW,2,206.08
vet_clinic,BI100182,2024-04,NE,1,103.04
vet_clinic,BI100182,2024-04,MW,1,103.04
vet_clinic,BI100182,2024-04,TX,1,103.04
vet_clinic,BI100182,2024-04,PSW,1,103.04
vet_clinic,BI100182,2024-04,PNW,1,103.04
ecom_national,CW500078,2024-05,NE,1,103.04
ecom_national,CW500078,2024-05,MA,3,309.12
ecom_national,CW500078,2024-05,SE,1,103.04
ecom_national,CW500078,2024-05,MW,1,103.04
ecom_national,CW500078,2024-05,TX,1,103.04
ecom_national,CW500078,2024-05,MTN,1,103.04
ecom_national,CW500078,2024-05,PSW,3,309.12
retail,BI100182,2024-05,NE,1,103.04
retail,BI100182,2024-05,MA,1,103.04
retail,BI100182,2024-05,SE,1,103.04
retail,BI100182,2024-05,MW,2,206.08
retail,BI100182,2024-05,TX,2,206.08
retail,BI100182,2024-05,MTN,2,206.08
retail,BI100182,2024-05,PNW,1,103.04
vet_clinic,BI100182,2024-05,NE,1,103.04
vet_clinic,BI100182,2024-05,MA,1,103.04
vet_clinic,BI100182,2024-05,SE,1,103.04
vet_clinic,BI100182,2024-05,MW,1,103.04
vet_clinic,BI100182,2024-05,TX,1,103.04
vet_clinic,BI100182,2024-05,PSW,1,103.04
vet_clinic,BI100182,2024-05,PNW,1,103.04
ecom_national,CW500078,2024-06,NE,3,309.12
ecom_national,CW500078,2024-06,MA,3,309.12
ecom_national,CW500078,2024-06,SE,2,206.08
ecom_national,CW500078,2024-06,MW,1,103.04
ecom_national,CW500078,2024-06,TX,1,103.04
ecom_national,CW500078,2024-06,MTN,3,309.12
ecom_national,CW500078,2024-06,PSW,2,206.08
ecom_national,CW500078,2024-06,PNW,3,309.12
retail,BI100182,2024-06,NE,2,206.08
retail,BI100182,2024-06,MA,2,206.08
retail,BI100182,2024-06,SE,1,103.04
retail,BI100182,2024-06,MW,1,103.04
retail,BI100182,2024-06,TX,2,206.08
retail,BI100182,2024-06,MTN,1,103.04
retail,BI100182,2024-06,PSW,1,103.04
retail,BI100182,2024-06,PNW,2,206.08
vet_clinic,BI100182,2024-06,MA,1,103.04
vet_clinic,BI100182,2024-06,MW,1,103.04
vet_clinic,BI100182,2024-06,TX,1,103.04
vet_clinic,BI100182,2024-06,MTN,1,103.04
vet_clinic,BI100182,2024-06,PSW,2,206.08
vet_clinic,BI100182,2024-06,PNW,1,103.04
ecom_national,CW500078,2024-07,NE,2,206.08
ecom_national,CW500078,2024-07,MA,4,412.16
ecom_national,CW500078,2024-07,MW,1,103.04
ecom_national,CW500078,2024-07,TX,3,309.12
ecom_national,CW500078,2024-07,MTN,2,206.08
ecom_national,CW500078,2024-07,PSW,1,103.04
ecom_national,CW500078,2024-07,PNW,4,412.16
retail,BI100182,2024-07,NE,2,206.08
retail,BI100182,2024-07,SE,1,103.04
retail,BI100182,2024-07,TX,1,103.04
retail,BI100182,2024-07,MTN,1,103.04
retail,BI100182,2024-07,PNW,2,206.08
vet_clinic,BI100182,2024-07,NE,1,103.04
vet_clinic,BI100182,2024-07,MA,2,206.08
vet_clinic,BI100182,2024-07,SE,1,103.04
vet_clinic,BI100182,2024-07,MW,1,103.04
vet_clinic,BI100182,2024-07,MTN,1,103.04
vet_clinic,BI100182,2024-07,PSW,2,206.08
vet_clinic,BI100182,2024-07,PNW,1,103.04
ecom_national,CW500078,2024-08,NE,2,206.08
ecom_national,CW500078,2024-08,MA,4,412.16
ecom_national,CW500078,2024-08,SE,1,103.04
ecom_national,CW500078,2024-08,MW,2,206.08
ecom_national,CW500078,2024-08,TX,2,206.08
ecom_national,CW500078,2024-08,MTN,2,206.08
ecom_national,CW500078,2024-08,PSW,1,103.04
ecom_national,CW500078,2024-08,PNW,3,309.12
retail,BI100182,2024-08,NE,1,103.04
retail,BI100182,2024-08,SE,1,103.04
retail,BI100182,2024-08,PSW,2,206.08
retail,BI100182,2024-08,PNW,1,103.04
vet_clinic,BI100182,2024-08,MA,2,206.08
vet_clinic,BI100182,2024-08,SE,1,103.04
vet_clinic,BI100182,2024-08,MW,1,103.04
vet_clinic,BI100182,2024-08,TX,1,103.04
vet_clinic,BI100182,2024-08,MTN,1,103.04
vet_clinic,BI100182,2024-08,PSW,1,103.04
vet_clinic,BI100182,2024-08,PNW,1,103.04
ecom_national,CW500078,2024-09,NE,3,309.12
ecom_national,CW500078,2024-09,MA,3,309.12
ecom_national,CW500078,2024-09,SE,3,309.12
ecom_national,CW500078,2024-09,MW,1,103.04
ecom_national,CW500078,2024-09,TX,2,206.08
ecom_national,CW500078,2024-09,MTN,3,309.12
ecom_national,CW500078,2024-09,PSW,4,412.16
ecom_national,CW500078,2024-09,PNW,2,206.08
retail,BI100182,2024-09,NE,2,206.08
retail,BI100182,2024-09,MA,2,206.08
retail,BI100182,2024-09,SE,2,206.08
retail,BI100182,2024-09,MW,1,103.04
retail,BI100182,2024-09,TX,2,206.08
retail,BI100182,2024-09,PSW,1,103.04
retail,BI100182,2024-09,PNW,1,103.04
vet_clinic,BI100182,2024-09,MA,2,206.08
vet_clinic,BI100182,2024-09,SE,1,103.04
vet_clinic,BI100182,2024-09,MTN,1,103.04
vet_clinic,BI100182,2024-09,PNW,1,103.04
ecom_national,CW500078,2024-10,NE,4,412.16
ecom_national,CW500078,2024-10,MA,2,206.08
ecom_national,CW500078,2024-10,SE,2,206.08
ecom_national,CW500078,2024-10,TX,3,309.12
ecom_national,CW500078,2024-10,MTN,2,206.08
ecom_national,CW500078,2024-10,PSW,4,412.16
ecom_national,CW500078,2024-10,PNW,3,309.12
retail,BI100182,2024-10,NE,2,206.08
retail,BI100182,2024-10,SE,2,206.08
retail,BI100182,2024-10,MW,1,103.04
retail,BI100182,2024-10,TX,1,103.04
retail,BI100182,2024-10,PSW,1,103.04
vet_clinic,BI100182,2024-10,MA,1,103.04
vet_clinic,BI100182,2024-10,MW,1,103.04
vet_clinic,BI100182,2024-10,TX,1,103.04
vet_clinic,BI100182,2024-10,PSW,1,103.04
ecom_national,CW500078,2024-11,NE,3,309.12
ecom_national,CW500078,2024-11,MA,2,206.08
ecom_national,CW500078,2024-11,SE,3,309.12
ecom_national,CW500078,2024-11,MW,2,206.08
ecom_national,CW500078,2024-11,TX,3,309.12
ecom_national,CW500078,2024-11,MTN,1,103.04
ecom_national,CW500078,2024-11,PSW,2,206.08
ecom_national,CW500078,2024-11,PNW,3,309.12
retail,BI100182,2024-11,NE,1,103.04
retail,BI100182,2024-11,TX,1,103.04
retail,BI100182,2024-11,MTN,2,206.08
retail,BI100182,2024-11,PSW,2,206.08
retail,BI100182,2024-11,PNW,1,103.04
vet_clinic,BI100182,2024-11,MA,1,103.04
vet_clinic,BI100182,2024-11,SE,1,103.04
vet_clinic,BI100182,2024-11,MW,1,103.04
vet_clinic,BI100182,2024-11,TX,1,103.04
vet_clinic,BI100182,2024-11,MTN,1,103.04
vet_clinic,BI100182,2024-11,PSW,2,206.08
vet_clinic,BI100182,2024-11,PNW,1,103.04
ecom_national,CW500078,2024-12,MA,1,103.04
ecom_national,CW500078,2024-12,SE,3,309.12
ecom_national,CW500078,2024-12,MW,4,412.16
ecom_national,CW500078,2024-12,MTN,1,103.04
ecom_national,CW500078,2024-12,PNW,2,206.08
retail,BI100182,2024-12,NE,2,206.08
retail,BI100182,2024-12,MA,1,103.04
retail,BI100182,2024-12,SE,2,206.08
retail,BI100182,2024-12,MW,1,103.04
retail,BI100182,2024-12,TX,2,206.08
retail,BI100182,2024-12,MTN,2,206.08
retail,BI100182,2024-12,PSW,1,103.04
retail,BI100182,2024-12,PNW,2,206.08
vet_clinic,BI100182,2024-12,NE,1,103.04
vet_clinic,BI100182,2024-12,MA,1,103.04
vet_clinic,BI100182,2024-12,SE,1,103.04
vet_clinic,BI100182,2024-12,MW,1,103.04
vet_clinic,BI100182,2024-12,MTN,2,206.08
vet_clinic,BI100182,2024-12,PSW,1,103.04
vet_clinic,BI100182,2024-12,PNW,1,103.04
ecom_national,CW500078,2025-01,NE,4,412.16
ecom_national,CW500078,2025-01,MA,2,206.08
ecom_national,CW500078,2025-01,SE,2,206.08
ecom_national,CW500078,2025-01,MW,3,309.12
ecom_national,CW500078,2025-01,TX,1,103.04
ecom_national,CW500078,2025-01,MTN,1,103.04
ecom_national,CW500078,2025-01,PSW,1,103.04
ecom_national,CW500078,2025-01,PNW,2,206.08
retail,BI100182,2025-01,NE,1,103.04
retail,BI100182,2025-01,MA,2,206.08
retail,BI100182,2025-01,SE,2,206.08
retail,BI100182,2025-01,MW,1,103.04
retail,BI100182,2025-01,MTN,1,103.04
retail,BI100182,2025-01,PNW,1,103.04
vet_clinic,BI100182,2025-01,NE,1,103.04
vet_clinic,BI100182,2025-01,MA,1,103.04
vet_clinic,BI100182,2025-01,SE,1,103.04
vet_clinic,BI100182,2025-01,MW,1,103.04
vet_clinic,BI100182,2025-01,TX,1,103.04
vet_clinic,BI100182,2025-01,PSW,1,103.04
vet_clinic,BI100182,2025-01,PNW,1,103.04
ecom_national,CW500078,2025-02,NE,2,206.08
ecom_national,CW500078,2025-02,MA,4,412.16
ecom_national,CW500078,2025-02,SE,1,103.04
ecom_national,CW500078,2025-02,TX,4,412.16
ecom_national,CW500078,2025-02,MTN,3,309.12
ecom_national,CW500078,2025-02,PSW,4,412.16
ecom_national,CW500078,2025-02,PNW,3,309.12
retail,BI100182,2025-02,MA,2,206.08
retail,BI100182,2025-02,SE,1,103.04
retail,BI100182,2025-02,MW,1,103.04
retail,BI100182,2025-02,TX,2,206.08
retail,BI100182,2025-02,MTN,1,103.04
retail,BI100182,2025-02,PSW,1,103.04
retail,BI100182,2025-02,PNW,1,103.04
vet_clinic,BI100182,2025-02,NE,1,103.04
vet_clinic,BI100182,2025-02,MA,1,103.04
vet_clinic,BI100182,2025-02,SE,1,103.04
vet_clinic,BI100182,2025-02,MW,1,103.04
vet_clinic,BI100182,2025-02,TX,1,103.04
vet_clinic,BI100182,2025-02,PSW,2,206.08
vet_clinic,BI100182,2025-02,PNW,1,103.04
ecom_national,CW500078,2025-03,NE,2,206.08
ecom_national,CW500078,2025-03,MA,2,206.08
ecom_national,CW500078,2025-03,MW,3,309.12
ecom_national,CW500078,2025-03,TX,2,206.08
ecom_national,CW500078,2025-03,PSW,3,309.12
retail,BI100182,2025-03,MA,3,309.12
retail,BI100182,2025-03,SE,1,103.04
retail,BI100182,2025-03,MW,2,206.08
retail,BI100182,2025-03,TX,1,103.04
retail,BI100182,2025-03,MTN,2,206.08
retail,BI100182,2025-03,PSW,1,103.04
retail,BI100182,2025-03,PNW,2,206.08
vet_clinic,BI100182,2025-03,NE,1,103.04
vet_clinic,BI100182,2025-03,MA,1,103.04
vet_clinic,BI100182,2025-03,SE,1,103.04
vet_clinic,BI100182,2025-03,MW,1,103.04
vet_clinic,BI100182,2025-03,TX,1,103.04
vet_clinic,BI100182,2025-03,MTN,1,103.04
vet_clinic,BI100182,2025-03,PSW,1,103.04
ecom_national,CW500078,2025-04,NE,1,103.04
ecom_national,CW500078,2025-04,MA,5,515.2
ecom_national,CW500078,2025-04,SE,3,309.12
ecom_national,CW500078,2025-04,MW,3,309.12
ecom_national,CW500078,2025-04,TX,4,412.16
ecom_national,CW500078,2025-04,MTN,1,103.04
ecom_national,CW500078,2025-04,PSW,2,206.08
ecom_national,CW500078,2025-04,PNW,1,103.04
retail,BI100182,2025-04,NE,2,206.08
retail,BI100182,2025-04,MA,1,103.04
retail,BI100182,2025-04,SE,2,206.08
retail,BI100182,2025-04,MW,1,103.04
retail,BI100182,2025-04,MTN,2,206.08
retail,BI100182,2025-04,PSW,2,206.08
retail,BI100182,2025-04,PNW,2,206.08
vet_clinic,BI100182,2025-04,NE,1,103.04
vet_clinic,BI100182,2025-04,SE,1,103.04
vet_clinic,BI100182,2025-04,TX,1,103.04
vet_clinic,BI100182,2025-04,MTN,1,103.04
vet_clinic,BI100182,2025-04,PNW,1,103.04
ecom_national,CW500078,2025-05,NE,30,3091.2
ecom_national,CW500078,2025-05,MA,38,3915.52
ecom_national,CW500078,2025-05,SE,29,2988.16
ecom_national,CW500078,2025-05,MW,29,2988.16
ecom_national,CW500078,2025-05,TX,31,3194.24
ecom_national,CW500078,2025-05,MTN,34,3503.36
ecom_national,CW500078,2025-05,PSW,37,3812.48
ecom_national,CW500078,2025-05,PNW,29,2988.16
retail,BI100182,2025-05,NE,1,103.04
retail,BI100182,2025-05,MA,3,309.12
retail,BI100182,2025-05,SE,1,103.04
retail,BI100182,2025-05,MW,2,206.08
retail,BI100182,2025-05,TX,2,206.08
retail,BI100182,2025-05,PSW,1,103.04
vet_clinic,BI100182,2025-05,MA,1,103.04
vet_clinic,BI100182,2025-05,SE,1,103.04
vet_clinic,BI100182,2025-05,MW,1,103.04
vet_clinic,BI100182,2025-05,TX,1,103.04
vet_clinic,BI100182,2025-05,MTN,2,206.08
vet_clinic,BI100182,2025-05,PNW,1,103.04
ecom_national,CW500078,2025-06,NE,34,3503.36
ecom_national,CW500078,2025-06,MA,38,3915.52
ecom_national,CW500078,2025-06,SE,33,3400.32
ecom_national,CW500078,2025-06,MW,26,2679.04
ecom_national,CW500078,2025-06,TX,29,2988.16
ecom_national,CW500078,2025-06,MTN,30,3091.2
ecom_national,CW500078,2025-06,PSW,38,3915.52
ecom_national,CW500078,2025-06,PNW,32,3297.28
retail,BI100182,2025-06,NE,2,206.08
retail,BI100182,2025-06,MA,3,309.12
retail,BI100182,2025-06,MW,1,103.04
retail,BI100182,2025-06,TX,2,206.08
retail,BI100182,2025-06,MTN,2,206.08
retail,BI100182,2025-06,PSW,2,206.08
retail,BI100182,2025-06,PNW,1,103.04
vet_clinic,BI100182,2025-06,NE,1,103.04
vet_clinic,BI100182,2025-06,MA,1,103.04
vet_clinic,BI100182,2025-06,MW,1,103.04
vet_clinic,BI100182,2025-06,TX,1,103.04
vet_clinic,BI100182,2025-06,PSW,1,103.04
ecom_national,CW500078,2025-07,NE,3,309.12
ecom_national,CW500078,2025-07,MA,1,103.04
ecom_national,CW500078,2025-07,SE,2,206.08
ecom_national,CW500078,2025-07,MW,1,103.04
ecom_national,CW500078,2025-07,TX,1,103.04
ecom_national,CW500078,2025-07,MTN,3,309.12
ecom_national,CW500078,2025-07,PSW,1,103.04
ecom_national,CW500078,2025-07,PNW,3,309.12
retail,BI100182,2025-07,NE,2,206.08
retail,BI100182,2025-07,MA,2,206.08
retail,BI100182,2025-07,SE,1,103.04
retail,BI100182,2025-07,TX,1,103.04
retail,BI100182,2025-07,PSW,1,103.04
retail,BI100182,2025-07,PNW,1,103.04
vet_clinic,BI100182,2025-07,NE,1,103.04
vet_clinic,BI100182,2025-07,MA,2,206.08
vet_clinic,BI100182,2025-07,MW,1,103.04
vet_clinic,BI100182,2025-07,TX,2,206.08
vet_clinic,BI100182,2025-07,MTN,1,103.04
vet_clinic,BI100182,2025-07,PNW,1,103.04
ecom_national,CW500078,2025-08,NE,3,309.12
ecom_national,CW500078,2025-08,MA,3,309.12
ecom_national,CW500078,2025-08,SE,3,309.12
ecom_national,CW500078,2025-08,TX,3,309.12
ecom_national,CW500078,2025-08,MTN,1,103.04
ecom_national,CW500078,2025-08,PSW,1,103.04
ecom_national,CW500078,2025-08,PNW,1,103.04
retail,BI100182,2025-08,MA,2,206.08
retail,BI100182,2025-08,SE,2,206.08
retail,BI100182,2025-08,MW,1,103.04
retail,BI100182,2025-08,MTN,1,103.04
retail,BI100182,2025-08,PSW,2,206.08
retail,BI100182,2025-08,PNW,1,103.04
vet_clinic,BI100182,2025-08,NE,1,103.04
vet_clinic,BI100182,2025-08,MA,2,206.08
vet_clinic,BI100182,2025-08,SE,1,103.04
vet_clinic,BI100182,2025-08,MW,1,103.04
vet_clinic,BI100182,2025-08,TX,1,103.04
vet_clinic,BI100182,2025-08,PNW,1,103.04
ecom_national,CW500078,2025-09,NE,2,206.08
ecom_national,CW500078,2025-09,MA,1,103.04
ecom_national,CW500078,2025-09,SE,2,206.08
ecom_national,CW500078,2025-09,MW,1,103.04
ecom_national,CW500078,2025-09,TX,3,309.12
ecom_national,CW500078,2025-09,MTN,1,103.04
ecom_national,CW500078,2025-09,PSW,3,309.12
ecom_national,CW500078,2025-09,PNW,3,309.12
retail,BI100182,2025-09,MA,1,103.04
retail,BI100182,2025-09,SE,1,103.04
retail,BI100182,2025-09,TX,1,103.04
retail,BI100182,2025-09,MTN,1,103.04
retail,BI100182,2025-09,PNW,2,206.08
vet_clinic,BI100182,2025-09,NE,1,103.04
vet_clinic,BI100182,2025-09,SE,1,103.04
vet_clinic,BI100182,2025-09,MW,1,103.04
vet_clinic,BI100182,2025-09,TX,1,103.04
vet_clinic,BI100182,2025-09,MTN,2,206.08
vet_clinic,BI100182,2025-09,PSW,1,103.04
ecom_national,CW500078,2025-10,NE,3,309.12
ecom_national,CW500078,2025-10,MA,4,412.16
ecom_national,CW500078,2025-10,SE,1,103.04
ecom_national,CW500078,2025-10,TX,3,309.12
ecom_national,CW500078,2025-10,MTN,4,412.16
ecom_national,CW500078,2025-10,PSW,2,206.08
ecom_national,CW500078,2025-10,PNW,2,206.08
retail,BI100182,2025-10,MA,2,206.08
retail,BI100182,2025-10,SE,2,206.08
retail,BI100182,2025-10,TX,2,206.08
retail,BI100182,2025-10,PSW,2,206.08
vet_clinic,BI100182,2025-10,NE,1,103.04
vet_clinic,BI100182,2025-10,MA,1,103.04
vet_clinic,BI100182,2025-10,TX,1,103.04
vet_clinic,BI100182,2025-10,PSW,1,103.04
ecom_national,CW500078,2025-11,NE,4,412.16
ecom_national,CW500078,2025-11,MA,1,103.04
ecom_national,CW500078,2025-11,SE,2,206.08
ecom_national,CW500078,2025-11,MW,2,206.08
ecom_national,CW500078,2025-11,TX,4,412.16
ecom_national,CW500078,2025-11,MTN,3,309.12
ecom_national,CW500078,2025-11,PSW,2,206.08
ecom_national,CW500078,2025-11,PNW,1,103.04
retail,BI100182,2025-11,NE,2,206.08
retail,BI100182,2025-11,SE,2,206.08
retail,BI100182,2025-11,TX,1,103.04
retail,BI100182,2025-11,MTN,2,206.08
retail,BI100182,2025-11,PSW,1,103.04
vet_clinic,BI100182,2025-11,NE,1,103.04
vet_clinic,BI100182,2025-11,MW,1,103.04
vet_clinic,BI100182,2025-11,TX,2,206.08
vet_clinic,BI100182,2025-11,PSW,1,103.04
vet_clinic,BI100182,2025-11,PNW,1,103.04
ecom_national,CW500078,2025-12,NE,1,103.04
ecom_national,CW500078,2025-12,MA,4,412.16
ecom_national,CW500078,2025-12,SE,4,412.16
ecom_national,CW500078,2025-12,MW,3,309.12
ecom_national,CW500078,2025-12,TX,1,103.04
ecom_national,CW500078,2025-12,MTN,1,103.04
ecom_national,CW500078,2025-12,PSW,1,103.04
ecom_national,CW500078,2025-12,PNW,1,103.04
retail,BI100182,2025-12,MA,3,309.12
retail,BI100182,2025-12,SE,1,103.04
retail,BI100182,2025-12,MW,1,103.04
retail,BI100182,2025-12,TX,2,206.08
retail,BI100182,2025-12,MTN,2,206.08
vet_clinic,BI100182,2025-12,NE,1,103.04
vet_clinic,BI100182,2025-12,MA,1,103.04
vet_clinic,BI100182,2025-12,SE,1,103.04
vet_clinic,BI100182,2025-12,MW,1,103.04
vet_clinic,BI100182,2025-12,TX,1,103.04
vet_clinic,BI100182,2025-12,PNW,1,103.04
ecom_national,CW500081,2024-01,NE,1,208.94
ecom_national,CW500081,2024-01,TX,1,208.94
ecom_national,CW500081,2024-01,MTN,1,208.94
ecom_national,CW500081,2024-01,PSW,1,208.94
retail,BI100189,2024-01,MA,1,208.94
ecom_national,CW500081,2024-02,NE,1,208.94
ecom_national,CW500081,2024-02,MTN,1,208.94
ecom_national,CW500081,2024-02,PSW,1,208.94
ecom_national,CW500081,2024-02,PNW,1,208.94
retail,BI100189,2024-02,TX,1,208.94
retail,BI100189,2024-03,SE,1,208.94
ecom_national,CW500081,2024-05,NE,1,208.94
ecom_national,CW500081,2024-05,MA,1,208.94
ecom_national,CW500081,2024-05,MTN,1,208.94
ecom_national,CW500081,2024-05,PSW,1,208.94
ecom_national,CW500081,2024-06,NE,1,208.94
ecom_national,CW500081,2024-06,MA,1,208.94
ecom_national,CW500081,2024-06,SE,1,208.94
ecom_national,CW500081,2024-06,TX,1,208.94
ecom_national,CW500081,2024-06,MTN,1,208.94
retail,BI100189,2024-06,MA,1,208.94
retail,BI100189,2024-06,MTN,1,208.94
ecom_national,CW500081,2024-07,MA,1,208.94
ecom_national,CW500081,2024-07,TX,1,208.94
ecom_national,CW500081,2024-07,MTN,1,208.94
ecom_national,CW500081,2024-08,NE,1,208.94
ecom_national,CW500081,2024-08,MA,1,208.94
ecom_national,CW500081,2024-08,MW,1,208.94
ecom_national,CW500081,2024-08,TX,1,208.94
ecom_national,CW500081,2024-08,MTN,1,208.94
retail,BI100189,2024-08,NE,1,208.94
ecom_national,CW500081,2024-09,MA,1,208.94
ecom_national,CW500081,2024-09,SE,1,208.94
ecom_national,CW500081,2024-09,MTN,1,208.94
ecom_national,CW500081,2024-09,PNW,1,208.94
retail,BI100189,2024-09,NE,1,208.94
ecom_national,CW500081,2024-10,MA,1,208.94
ecom_national,CW500081,2024-10,MW,1,208.94
ecom_national,CW500081,2024-10,MTN,1,208.94
ecom_national,CW500081,2024-10,PSW,1,208.94
ecom_national,CW500081,2024-10,PNW,1,208.94
retail,BI100189,2024-10,MTN,1,208.94
retail,BI100189,2024-10,PNW,1,208.94
ecom_national,CW500081,2024-11,MA,1,208.94
ecom_national,CW500081,2024-11,MW,1,208.94
ecom_national,CW500081,2024-11,TX,1,208.94
ecom_national,CW500081,2024-11,PNW,1,208.94
retail,BI100189,2024-11,SE,1,208.94
ecom_national,CW500081,2024-12,NE,1,208.94
ecom_national,CW500081,2024-12,MA,1,208.94
ecom_national,CW500081,2024-12,TX,1,208.94
ecom_national,CW500081,2024-12,MTN,1,208.94
vet_clinic,BI100189,2024-12,NE,1,208.94
ecom_national,CW500081,2025-01,NE,1,208.94
ecom_national,CW500081,2025-01,SE,1,208.94
ecom_national,CW500081,2025-01,MW,1,208.94
ecom_national,CW500081,2025-01,TX,1,208.94
ecom_national,CW500081,2025-01,MTN,1,208.94
ecom_national,CW500081,2025-01,PSW,1,208.94
ecom_national,CW500081,2025-01,PNW,1,208.94
retail,BI100189,2025-01,NE,1,208.94
retail,BI100189,2025-01,PNW,1,208.94
ecom_national,CW500081,2025-02,NE,1,208.94
ecom_national,CW500081,2025-02,MA,1,208.94
ecom_national,CW500081,2025-02,SE,1,208.94
ecom_national,CW500081,2025-02,TX,1,208.94
ecom_national,CW500081,2025-02,MTN,1,208.94
retail,BI100189,2025-02,TX,1,208.94
retail,BI100189,2025-02,PNW,1,208.94
ecom_national,CW500081,2025-03,MA,1,208.94
ecom_national,CW500081,2025-03,SE,1,208.94
ecom_national,CW500081,2025-03,TX,1,208.94
ecom_national,CW500081,2025-03,MTN,1,208.94
ecom_national,CW500081,2025-03,PSW,1,208.94
retail,BI100189,2025-03,MW,1,208.94
ecom_national,CW500081,2025-04,NE,1,208.94
ecom_national,CW500081,2025-04,MA,1,208.94
ecom_national,CW500081,2025-04,SE,1,208.94
ecom_national,CW500081,2025-04,TX,1,208.94
ecom_national,CW500081,2025-04,MTN,1,208.94
ecom_national,CW500081,2025-04,PSW,1,208.94
ecom_national,CW500081,2025-04,PNW,1,208.94
retail,BI100189,2025-04,NE,1,208.94
ecom_national,CW500081,2025-05,NE,1,208.94
ecom_national,CW500081,2025-05,MA,1,208.94
ecom_national,CW500081,2025-05,SE,1,208.94
ecom_national,CW500081,2025-05,TX,1,208.94
ecom_national,CW500081,2025-05,MTN,1,208.94
ecom_national,CW500081,2025-05,PSW,1,208.94
retail,BI100189,2025-05,MW,1,208.94
retail,BI100189,2025-05,PNW,1,208.94
ecom_national,CW500081,2025-06,NE,1,208.94
ecom_national,CW500081,2025-06,MA,1,208.94
ecom_national,CW500081,2025-06,SE,1,208.94
ecom_national,CW500081,2025-06,MW,1,208.94
ecom_national,CW500081,2025-06,TX,1,208.94
ecom_national,CW500081,2025-06,PNW,1,208.94
retail,BI100189,2025-06,MA,1,208.94
retail,BI100189,2025-06,TX,1,208.94
ecom_national,CW500081,2025-07,MW,1,208.94
ecom_national,CW500081,2025-07,TX,1,208.94
ecom_national,CW500081,2025-07,MTN,1,208.94
ecom_national,CW500081,2025-07,PSW,1,208.94
retail,BI100189,2025-07,TX,1,208.94
vet_clinic,BI100189,2025-07,NE,1,208.94
ecom_national,CW500081,2025-08,MTN,1,208.94
retail,BI100189,2025-08,MA,1,208.94
retail,BI100189,2025-08,TX,1,208.94
ecom_national,CW500081,2025-09,SE,1,208.94
ecom_national,CW500081,2025-09,MW,1,208.94
retail,BI100189,2025-09,MW,1,208.94
ecom_national,CW500081,2025-10,MA,1,208.94
ecom_national,CW500081,2025-10,SE,1,208.94
ecom_national,CW500081,2025-10,TX,1,208.94
ecom_national,CW500081,2025-10,PNW,1,208.94
ecom_national,CW500081,2025-11,SE,1,208.94
ecom_national,CW500081,2025-11,TX,1,208.94
ecom_national,CW500081,2025-12,NE,1,208.94
ecom_national,CW500081,2025-12,MA,1,208.94
ecom_national,CW500081,2025-12,SE,1,208.94
ecom_national,CW500081,2025-12,MTN,1,208.94
ecom_national,CW500081,2025-12,PNW,1,208.94
retail,BI100189,2025-12,MW,1,208.94
ecom_national,CW500084,2024-01,NE,5,863.25
ecom_national,CW500084,2024-01,SE,1,172.65
ecom_national,CW500084,2024-01,MW,1,172.65
ecom_national,CW500084,2024-01,TX,5,863.25
ecom_national,CW500084,2024-01,MTN,5,863.25
ecom_national,CW500084,2024-01,PSW,3,517.95
ecom_national,CW500084,2024-01,PNW,1,172.65
retail,BI100196,2024-01,NE,1,172.65
retail,BI100196,2024-01,MA,3,517.95
retail,BI100196,2024-01,MW,2,345.3
retail,BI100196,2024-01,TX,2,345.3
retail,BI100196,2024-01,MTN,1,172.65
retail,BI100196,2024-01,PSW,3,517.95
vet_clinic,BI100196,2024-01,NE,2,345.3
vet_clinic,BI100196,2024-01,MA,1,172.65
vet_clinic,BI100196,2024-01,SE,1,172.65
vet_clinic,BI100196,2024-01,MW,2,345.3
vet_clinic,BI100196,2024-01,TX,2,345.3
vet_clinic,BI100196,2024-01,MTN,1,172.65
vet_clinic,BI100196,2024-01,PNW,2,345.3
ecom_national,CW500084,2024-02,NE,3,517.95
ecom_national,CW500084,2024-02,MA,3,517.95
ecom_national,CW500084,2024-02,SE,2,345.3
ecom_national,CW500084,2024-02,MW,2,345.3
ecom_national,CW500084,2024-02,TX,3,517.95
ecom_national,CW500084,2024-02,MTN,5,863.25
ecom_national,CW500084,2024-02,PSW,3,517.95
ecom_national,CW500084,2024-02,PNW,3,517.95
retail,BI100196,2024-02,MA,2,345.3
retail,BI100196,2024-02,MW,1,172.65
retail,BI100196,2024-02,MTN,2,345.3
retail,BI100196,2024-02,PSW,1,172.65
retail,BI100196,2024-02,PNW,2,345.3
vet_clinic,BI100196,2024-02,NE,1,172.65
vet_clinic,BI100196,2024-02,SE,2,345.3
vet_clinic,BI100196,2024-02,MTN,2,345.3
vet_clinic,BI100196,2024-02,PSW,2,345.3
vet_clinic,BI100196,2024-02,PNW,1,172.65
ecom_national,CW500084,2024-03,NE,4,690.6
ecom_national,CW500084,2024-03,MA,4,690.6
ecom_national,CW500084,2024-03,SE,4,690.6
ecom_national,CW500084,2024-03,MW,4,690.6
ecom_national,CW500084,2024-03,TX,4,690.6
ecom_national,CW500084,2024-03,MTN,3,517.95
ecom_national,CW500084,2024-03,PSW,1,172.65
ecom_national,CW500084,2024-03,PNW,1,172.65
retail,BI100196,2024-03,MA,1,172.65
retail,BI100196,2024-03,SE,1,172.65
retail,BI100196,2024-03,MW,1,172.65
retail,BI100196,2024-03,TX,3,517.95
retail,BI100196,2024-03,MTN,2,345.3
retail,BI100196,2024-03,PSW,2,345.3
retail,BI100196,2024-03,PNW,2,345.3
vet_clinic,BI100196,2024-03,NE,1,172.65
vet_clinic,BI100196,2024-03,MA,1,172.65
vet_clinic,BI100196,2024-03,MW,1,172.65
vet_clinic,BI100196,2024-03,TX,2,345.3
vet_clinic,BI100196,2024-03,MTN,2,345.3
vet_clinic,BI100196,2024-03,PSW,1,172.65
vet_clinic,BI100196,2024-03,PNW,1,172.65
ecom_national,CW500084,2024-04,NE,5,863.25
ecom_national,CW500084,2024-04,MA,5,863.25
ecom_national,CW500084,2024-04,SE,2,345.3
ecom_national,CW500084,2024-04,MW,4,690.6
ecom_national,CW500084,2024-04,TX,4,690.6
ecom_national,CW500084,2024-04,MTN,2,345.3
ecom_national,CW500084,2024-04,PSW,4,690.6
ecom_national,CW500084,2024-04,PNW,6,1035.9
retail,BI100196,2024-04,NE,3,517.95
retail,BI100196,2024-04,MA,1,172.65
retail,BI100196,2024-04,SE,3,517.95
retail,BI100196,2024-04,TX,2,345.3
retail,BI100196,2024-04,MTN,3,517.95
retail,BI100196,2024-04,PSW,3,517.95
retail,BI100196,2024-04,PNW,1,172.65
vet_clinic,BI100196,2024-04,NE,1,172.65
vet_clinic,BI100196,2024-04,MA,2,345.3
vet_clinic,BI100196,2024-04,SE,1,172.65
vet_clinic,BI100196,2024-04,MW,1,172.65
vet_clinic,BI100196,2024-04,TX,2,345.3
vet_clinic,BI100196,2024-04,MTN,1,172.65
vet_clinic,BI100196,2024-04,PSW,1,172.65
vet_clinic,BI100196,2024-04,PNW,2,345.3
ecom_national,CW500084,2024-05,NE,1,172.65
ecom_national,CW500084,2024-05,MA,1,172.65
ecom_national,CW500084,2024-05,SE,3,517.95
ecom_national,CW500084,2024-05,MW,2,345.3
ecom_national,CW500084,2024-05,TX,3,517.95
ecom_national,CW500084,2024-05,MTN,3,517.95
ecom_national,CW500084,2024-05,PSW,1,172.65
ecom_national,CW500084,2024-05,PNW,4,690.6
retail,BI100196,2024-05,NE,2,345.3
retail,BI100196,2024-05,SE,3,517.95
retail,BI100196,2024-05,MW,3,517.95
retail,BI100196,2024-05,PSW,4,690.6
retail,BI100196,2024-05,PNW,1,172.65
vet_clinic,BI100196,2024-05,NE,2,345.3
vet_clinic,BI100196,2024-05,MA,1,172.65
vet_clinic,BI100196,2024-05,SE,1,172.65
vet_clinic,BI100196,2024-05,MW,1,172.65
vet_clinic,BI100196,2024-05,TX,2,345.3
vet_clinic,BI100196,2024-05,MTN,2,345.3
vet_clinic,BI100196,2024-05,PNW,2,345.3
ecom_national,CW500084,2024-06,NE,2,345.3
ecom_national,CW500084,2024-06,MA,3,517.95
ecom_national,CW500084,2024-06,SE,3,517.95
ecom_national,CW500084,2024-06,MW,2,345.3
ecom_national,CW500084,2024-06,TX,2,345.3
ecom_national,CW500084,2024-06,MTN,4,690.6
ecom_national,CW500084,2024-06,PSW,6,1035.9
ecom_national,CW500084,2024-06,PNW,6,1035.9
retail,BI100196,2024-06,NE,1,172.65
retail,BI100196,2024-06,SE,2,345.3
retail,BI100196,2024-06,MW,2,345.3
retail,BI100196,2024-06,TX,2,345.3
retail,BI100196,2024-06,MTN,2,345.3
retail,BI100196,2024-06,PSW,1,172.65
retail,BI100196,2024-06,PNW,1,172.65
vet_clinic,BI100196,2024-06,NE,1,172.65
vet_clinic,BI100196,2024-06,MA,2,345.3
vet_clinic,BI100196,2024-06,MW,2,345.3
vet_clinic,BI100196,2024-06,TX,2,345.3
vet_clinic,BI100196,2024-06,MTN,1,172.65
vet_clinic,BI100196,2024-06,PSW,1,172.65
vet_clinic,BI100196,2024-06,PNW,1,172.65
ecom_national,CW500084,2024-07,NE,1,172.65
ecom_national,CW500084,2024-07,MA,2,345.3
ecom_national,CW500084,2024-07,SE,3,517.95
ecom_national,CW500084,2024-07,MW,5,863.25
ecom_national,CW500084,2024-07,TX,4,690.6
ecom_national,CW500084,2024-07,MTN,6,1035.9
ecom_national,CW500084,2024-07,PSW,1,172.65
ecom_national,CW500084,2024-07,PNW,6,1035.9
retail,BI100196,2024-07,MA,1,172.65
retail,BI100196,2024-07,SE,1,172.65
retail,BI100196,2024-07,MW,2,345.3
retail,BI100196,2024-07,TX,3,517.95
retail,BI100196,2024-07,MTN,2,345.3
retail,BI100196,2024-07,PSW,4,690.6
retail,BI100196,2024-07,PNW,3,517.95
vet_clinic,BI100196,2024-07,NE,1,172.65
vet_clinic,BI100196,2024-07,MA,1,172.65
vet_clinic,BI100196,2024-07,MW,2,345.3
vet_clinic,BI100196,2024-07,PSW,2,345.3
vet_clinic,BI100196,2024-07,PNW,1,172.65
ecom_national,CW500084,2024-08,NE,2,345.3
ecom_national,CW500084,2024-08,MA,3,517.95
ecom_national,CW500084,2024-08,SE,2,345.3
ecom_national,CW500084,2024-08,MW,3,517.95
ecom_national,CW500084,2024-08,TX,4,690.6
ecom_national,CW500084,2024-08,MTN,3,517.95
ecom_national,CW500084,2024-08,PSW,3,517.95
ecom_national,CW500084,2024-08,PNW,2,345.3
retail,BI100196,2024-08,MA,2,345.3
retail,BI100196,2024-08,SE,2,345.3
retail,BI100196,2024-08,MW,1,172.65
retail,BI100196,2024-08,TX,1,172.65
retail,BI100196,2024-08,MTN,3,517.95
retail,BI100196,2024-08,PSW,1,172.65
retail,BI100196,2024-08,PNW,2,345.3
vet_clinic,BI100196,2024-08,NE,2,345.3
vet_clinic,BI100196,2024-08,MA,1,172.65
vet_clinic,BI100196,2024-08,MW,1,172.65
vet_clinic,BI100196,2024-08,TX,2,345.3
vet_clinic,BI100196,2024-08,MTN,3,517.95
vet_clinic,BI100196,2024-08,PSW,1,172.65
vet_clinic,BI100196,2024-08,PNW,2,345.3
ecom_national,CW500084,2024-09,NE,2,345.3
ecom_national,CW500084,2024-09,SE,4,690.6
ecom_national,CW500084,2024-09,MW,5,863.25
ecom_national,CW500084,2024-09,MTN,3,517.95
ecom_national,CW500084,2024-09,PSW,2,345.3
ecom_national,CW500084,2024-09,PNW,2,345.3
retail,BI100196,2024-09,NE,1,172.65
retail,BI100196,2024-09,MA,2,345.3
retail,BI100196,2024-09,SE,2,345.3
retail,BI100196,2024-09,MW,1,172.65
retail,BI100196,2024-09,TX,2,345.3
retail,BI100196,2024-09,MTN,3,517.95
retail,BI100196,2024-09,PSW,2,345.3
vet_clinic,BI100196,2024-09,NE,1,172.65
vet_clinic,BI100196,2024-09,TX,2,345.3
vet_clinic,BI100196,2024-09,MTN,1,172.65
vet_clinic,BI100196,2024-09,PSW,1,172.65
ecom_national,CW500084,2024-10,NE,1,172.65
ecom_national,CW500084,2024-10,MA,2,345.3
ecom_national,CW500084,2024-10,SE,3,517.95
ecom_national,CW500084,2024-10,MW,4,690.6
ecom_national,CW500084,2024-10,MTN,3,517.95
ecom_national,CW500084,2024-10,PSW,5,863.25
ecom_national,CW500084,2024-10,PNW,4,690.6
retail,BI100196,2024-10,NE,3,517.95
retail,BI100196,2024-10,MA,1,172.65
retail,BI100196,2024-10,SE,1,172.65
retail,BI100196,2024-10,TX,2,345.3
retail,BI100196,2024-10,MTN,1,172.65
vet_clinic,BI100196,2024-10,NE,1,172.65
vet_clinic,BI100196,2024-10,SE,1,172.65
vet_clinic,BI100196,2024-10,TX,1,172.65
vet_clinic,BI100196,2024-10,MTN,1,172.65
vet_clinic,BI100196,2024-10,PSW,1,172.65
vet_clinic,BI100196,2024-10,PNW,2,345.3
ecom_national,CW500084,2024-11,NE,4,690.6
ecom_national,CW500084,2024-11,MA,3,517.95
ecom_national,CW500084,2024-11,SE,4,690.6
ecom_national,CW500084,2024-11,MW,2,345.3
ecom_national,CW500084,2024-11,TX,4,690.6
ecom_national,CW500084,2024-11,MTN,3,517.95
ecom_national,CW500084,2024-11,PSW,3,517.95
ecom_national,CW500084,2024-11,PNW,1,172.65
retail,BI100196,2024-11,NE,2,345.3
retail,BI100196,2024-11,MA,2,345.3
retail,BI100196,2024-11,SE,3,517.95
retail,BI100196,2024-11,MW,1,172.65
retail,BI100196,2024-11,TX,2,345.3
retail,BI100196,2024-11,MTN,1,172.65
retail,BI100196,2024-11,PSW,3,517.95
retail,BI100196,2024-11,PNW,4,690.6
vet_clinic,BI100196,2024-11,MA,1,172.65
vet_clinic,BI100196,2024-11,SE,1,172.65
vet_clinic,BI100196,2024-11,MW,2,345.3
vet_clinic,BI100196,2024-11,TX,1,172.65
vet_clinic,BI100196,2024-11,PNW,2,345.3
ecom_national,CW500084,2024-12,NE,3,517.95
ecom_national,CW500084,2024-12,MA,4,690.6
ecom_national,CW500084,2024-12,SE,6,1035.9
ecom_national,CW500084,2024-12,MW,5,863.25
ecom_national,CW500084,2024-12,TX,4,690.6
ecom_national,CW500084,2024-12,MTN,1,172.65
ecom_national,CW500084,2024-12,PSW,5,863.25
ecom_national,CW500084,2024-12,PNW,6,1035.9
retail,BI100196,2024-12,NE,2,345.3
retail,BI100196,2024-12,MA,2,345.3
retail,BI100196,2024-12,SE,1,172.65
retail,BI100196,2024-12,MW,3,517.95
retail,BI100196,2024-12,MTN,1,172.65
retail,BI100196,2024-12,PSW,3,517.95
retail,BI100196,2024-12,PNW,3,517.95
vet_clinic,BI100196,2024-12,NE,2,345.3
vet_clinic,BI100196,2024-12,MA,1,172.65
vet_clinic,BI100196,2024-12,MW,2,345.3
vet_clinic,BI100196,2024-12,TX,1,172.65
vet_clinic,BI100196,2024-12,MTN,1,172.65
vet_clinic,BI100196,2024-12,PSW,2,345.3
vet_clinic,BI100196,2024-12,PNW,1,172.65
ecom_national,CW500084,2025-01,NE,3,517.95
ecom_national,CW500084,2025-01,MA,5,863.25
ecom_national,CW500084,2025-01,SE,3,517.95
ecom_national,CW500084,2025-01,MW,3,517.95
ecom_national,CW500084,2025-01,TX,1,172.65
ecom_national,CW500084,2025-01,MTN,2,345.3
ecom_national,CW500084,2025-01,PSW,5,863.25
ecom_national,CW500084,2025-01,PNW,1,172.65
retail,BI100196,2025-01,NE,3,517.95
retail,BI100196,2025-01,MA,1,172.65
retail,BI100196,2025-01,SE,3,517.95
retail,BI100196,2025-01,MW,1,172.65
retail,BI100196,2025-01,TX,3,517.95
retail,BI100196,2025-01,MTN,1,172.65
vet_clinic,BI100196,2025-01,NE,2,345.3
vet_clinic,BI100196,2025-01,SE,1,172.65
vet_clinic,BI100196,2025-01,MW,2,345.3
vet_clinic,BI100196,2025-01,PSW,2,345.3
vet_clinic,BI100196,2025-01,PNW,2,345.3
ecom_national,CW500084,2025-02,NE,4,690.6
ecom_national,CW500084,2025-02,MA,5,863.25
ecom_national,CW500084,2025-02,SE,4,690.6
ecom_national,CW500084,2025-02,MW,4,690.6
ecom_national,CW500084,2025-02,TX,4,690.6
ecom_national,CW500084,2025-02,PSW,1,172.65
ecom_national,CW500084,2025-02,PNW,2,345.3
retail,BI100196,2025-02,NE,1,172.65
retail,BI100196,2025-02,MA,1,172.65
retail,BI100196,2025-02,SE,1,172.65
retail,BI100196,2025-02,MW,3,517.95
retail,BI100196,2025-02,TX,1,172.65
retail,BI100196,2025-02,MTN,2,345.3
retail,BI100196,2025-02,PSW,1,172.65
retail,BI100196,2025-02,PNW,1,172.65
vet_clinic,BI100196,2025-02,MA,1,172.65
vet_clinic,BI100196,2025-02,MTN,2,345.3
vet_clinic,BI100196,2025-02,PSW,1,172.65
vet_clinic,BI100196,2025-02,PNW,1,172.65
ecom_national,CW500084,2025-03,NE,4,690.6
ecom_national,CW500084,2025-03,MA,1,172.65
ecom_national,CW500084,2025-03,SE,1,172.65
ecom_national,CW500084,2025-03,MW,5,863.25
ecom_national,CW500084,2025-03,TX,1,172.65
ecom_national,CW500084,2025-03,MTN,4,690.6
ecom_national,CW500084,2025-03,PSW,4,690.6
ecom_national,CW500084,2025-03,PNW,3,517.95
retail,BI100196,2025-03,NE,3,517.95
retail,BI100196,2025-03,SE,2,345.3
retail,BI100196,2025-03,MW,3,517.95
retail,BI100196,2025-03,TX,2,345.3
retail,BI100196,2025-03,MTN,3,517.95
retail,BI100196,2025-03,PNW,1,172.65
vet_clinic,BI100196,2025-03,MA,1,172.65
vet_clinic,BI100196,2025-03,SE,2,345.3
vet_clinic,BI100196,2025-03,MW,2,345.3
vet_clinic,BI100196,2025-03,TX,3,517.95
vet_clinic,BI100196,2025-03,MTN,1,172.65
vet_clinic,BI100196,2025-03,PSW,2,345.3
vet_clinic,BI100196,2025-03,PNW,2,345.3
ecom_national,CW500084,2025-04,NE,5,863.25
ecom_national,CW500084,2025-04,MA,5,863.25
ecom_national,CW500084,2025-04,SE,2,345.3
ecom_national,CW500084,2025-04,MW,4,690.6
ecom_national,CW500084,2025-04,TX,5,863.25
ecom_national,CW500084,2025-04,MTN,2,345.3
ecom_national,CW500084,2025-04,PSW,3,517.95
ecom_national,CW500084,2025-04,PNW,2,345.3
retail,BI100196,2025-04,NE,1,172.65
retail,BI100196,2025-04,MA,3,517.95
retail,BI100196,2025-04,MW,2,345.3
retail,BI100196,2025-04,TX,1,172.65
retail,BI100196,2025-04,MTN,1,172.65
retail,BI100196,2025-04,PSW,1,172.65
retail,BI100196,2025-04,PNW,1,172.65
vet_clinic,BI100196,2025-04,NE,1,172.65
vet_clinic,BI100196,2025-04,MA,1,172.65
vet_clinic,BI100196,2025-04,MW,1,172.65
vet_clinic,BI100196,2025-04,TX,2,345.3
vet_clinic,BI100196,2025-04,MTN,1,172.65
vet_clinic,BI100196,2025-04,PSW,1,172.65
vet_clinic,BI100196,2025-04,PNW,2,345.3
ecom_national,CW500084,2025-05,NE,4,690.6
ecom_national,CW500084,2025-05,MA,2,345.3
ecom_national,CW500084,2025-05,SE,4,690.6
ecom_national,CW500084,2025-05,MW,2,345.3
ecom_national,CW500084,2025-05,TX,3,517.95
ecom_national,CW500084,2025-05,MTN,4,690.6
ecom_national,CW500084,2025-05,PSW,2,345.3
ecom_national,CW500084,2025-05,PNW,2,345.3
retail,BI100196,2025-05,NE,1,172.65
retail,BI100196,2025-05,MA,1,172.65
retail,BI100196,2025-05,MW,3,517.95
retail,BI100196,2025-05,TX,1,172.65
retail,BI100196,2025-05,MTN,1,172.65
retail,BI100196,2025-05,PSW,2,345.3
retail,BI100196,2025-05,PNW,2,345.3
vet_clinic,BI100196,2025-05,NE,1,172.65
vet_clinic,BI100196,2025-05,MA,2,345.3
vet_clinic,BI100196,2025-05,SE,2,345.3
vet_clinic,BI100196,2025-05,MW,1,172.65
vet_clinic,BI100196,2025-05,TX,2,345.3
vet_clinic,BI100196,2025-05,MTN,1,172.65
vet_clinic,BI100196,2025-05,PSW,1,172.65
vet_clinic,BI100196,2025-05,PNW,1,172.65
ecom_national,CW500084,2025-06,NE,2,345.3
ecom_national,CW500084,2025-06,MA,4,690.6
ecom_national,CW500084,2025-06,MW,5,863.25
ecom_national,CW500084,2025-06,TX,5,863.25
ecom_national,CW500084,2025-06,MTN,2,345.3
ecom_national,CW500084,2025-06,PSW,4,690.6
ecom_national,CW500084,2025-06,PNW,6,1035.9
retail,BI100196,2025-06,NE,2,345.3
retail,BI100196,2025-06,MA,2,345.3
retail,BI100196,2025-06,TX,3,517.95
retail,BI100196,2025-06,MTN,1,172.65
retail,BI100196,2025-06,PSW,4,690.6
retail,BI100196,2025-06,PNW,2,345.3
vet_clinic,BI100196,2025-06,NE,2,345.3
vet_clinic,BI100196,2025-06,MA,1,172.65
vet_clinic,BI100196,2025-06,SE,2,345.3
vet_clinic,BI100196,2025-06,TX,2,345.3
vet_clinic,BI100196,2025-06,MTN,1,172.65
vet_clinic,BI100196,2025-06,PSW,2,345.3
vet_clinic,BI100196,2025-06,PNW,2,345.3
ecom_national,CW500084,2025-07,NE,1,172.65
ecom_national,CW500084,2025-07,MA,4,690.6
ecom_national,CW500084,2025-07,SE,6,1035.9
ecom_national,CW500084,2025-07,TX,2,345.3
ecom_national,CW500084,2025-07,MTN,1,172.65
ecom_national,CW500084,2025-07,PSW,2,345.3
ecom_national,CW500084,2025-07,PNW,3,517.95
retail,BI100196,2025-07,NE,2,345.3
retail,BI100196,2025-07,MA,3,517.95
retail,BI100196,2025-07,SE,3,517.95
retail,BI100196,2025-07,MW,1,172.65
retail,BI100196,2025-07,TX,2,345.3
retail,BI100196,2025-07,PSW,1,172.65
retail,BI100196,2025-07,PNW,3,517.95
vet_clinic,BI100196,2025-07,NE,1,172.65
vet_clinic,BI100196,2025-07,MA,2,345.3
vet_clinic,BI100196,2025-07,SE,1,172.65
vet_clinic,BI100196,2025-07,MW,1,172.65
vet_clinic,BI100196,2025-07,TX,1,172.65
vet_clinic,BI100196,2025-07,MTN,2,345.3
vet_clinic,BI100196,2025-07,PSW,2,345.3
ecom_national,CW500084,2025-08,NE,5,863.25
ecom_national,CW500084,2025-08,MA,2,345.3
ecom_national,CW500084,2025-08,SE,3,517.95
ecom_national,CW500084,2025-08,MW,2,345.3
ecom_national,CW500084,2025-08,MTN,6,1035.9
ecom_national,CW500084,2025-08,PSW,2,345.3
ecom_national,CW500084,2025-08,PNW,4,690.6
retail,BI100196,2025-08,NE,1,172.65
retail,BI100196,2025-08,MA,1,172.65
retail,BI100196,2025-08,SE,2,345.3
retail,BI100196,2025-08,MW,2,345.3
retail,BI100196,2025-08,TX,2,345.3
retail,BI100196,2025-08,MTN,1,172.65
retail,BI100196,2025-08,PSW,3,517.95
retail,BI100196,2025-08,PNW,3,517.95
vet_clinic,BI100196,2025-08,NE,1,172.65
vet_clinic,BI100196,2025-08,MA,1,172.65
vet_clinic,BI100196,2025-08,SE,3,517.95
vet_clinic,BI100196,2025-08,MW,2,345.3
vet_clinic,BI100196,2025-08,TX,1,172.65
vet_clinic,BI100196,2025-08,MTN,2,345.3
ecom_national,CW500084,2025-09,NE,1,172.65
ecom_national,CW500084,2025-09,MA,3,517.95
ecom_national,CW500084,2025-09,SE,5,863.25
ecom_national,CW500084,2025-09,MW,1,172.65
ecom_national,CW500084,2025-09,TX,2,345.3
ecom_national,CW500084,2025-09,MTN,5,863.25
ecom_national,CW500084,2025-09,PSW,2,345.3
ecom_national,CW500084,2025-09,PNW,2,345.3
retail,BI100196,2025-09,NE,1,172.65
retail,BI100196,2025-09,SE,2,345.3
retail,BI100196,2025-09,MW,2,345.3
retail,BI100196,2025-09,TX,1,172.65
retail,BI100196,2025-09,MTN,4,690.6
retail,BI100196,2025-09,PSW,4,690.6
retail,BI100196,2025-09,PNW,3,517.95
vet_clinic,BI100196,2025-09,NE,2,345.3
vet_clinic,BI100196,2025-09,MA,2,345.3
vet_clinic,BI100196,2025-09,TX,2,345.3
vet_clinic,BI100196,2025-09,MTN,1,172.65
vet_clinic,BI100196,2025-09,PSW,2,345.3
vet_clinic,BI100196,2025-09,PNW,2,345.3
ecom_national,CW500084,2025-10,NE,6,1035.9
ecom_national,CW500084,2025-10,MA,5,863.25
ecom_national,CW500084,2025-10,SE,4,690.6
ecom_national,CW500084,2025-10,MW,5,863.25
ecom_national,CW500084,2025-10,TX,5,863.25
ecom_national,CW500084,2025-10,MTN,4,690.6
ecom_national,CW500084,2025-10,PSW,5,863.25
ecom_national,CW500084,2025-10,PNW,4,690.6
retail,BI100196,2025-10,NE,3,517.95
retail,BI100196,2025-10,MA,1,172.65
retail,BI100196,2025-10,SE,3,517.95
retail,BI100196,2025-10,MW,2,345.3
retail,BI100196,2025-10,TX,2,345.3
retail,BI100196,2025-10,MTN,3,517.95
retail,BI100196,2025-10,PSW,1,172.65
retail,BI100196,2025-10,PNW,2,345.3
vet_clinic,BI100196,2025-10,NE,2,345.3
vet_clinic,BI100196,2025-10,MA,2,345.3
vet_clinic,BI100196,2025-10,TX,2,345.3
vet_clinic,BI100196,2025-10,MTN,1,172.65
vet_clinic,BI100196,2025-10,PSW,1,172.65
vet_clinic,BI100196,2025-10,PNW,2,345.3
ecom_national,CW500084,2025-11,NE,2,345.3
ecom_national,CW500084,2025-11,MA,3,517.95
ecom_national,CW500084,2025-11,SE,6,1035.9
ecom_national,CW500084,2025-11,MW,4,690.6
ecom_national,CW500084,2025-11,TX,5,863.25
ecom_national,CW500084,2025-11,MTN,2,345.3
ecom_national,CW500084,2025-11,PSW,5,863.25
ecom_national,CW500084,2025-11,PNW,7,1208.55
retail,BI100196,2025-11,NE,2,345.3
retail,BI100196,2025-11,MA,3,517.95
retail,BI100196,2025-11,MW,3,517.95
retail,BI100196,2025-11,TX,2,345.3
retail,BI100196,2025-11,MTN,1,172.65
retail,BI100196,2025-11,PSW,3,517.95
retail,BI100196,2025-11,PNW,2,345.3
vet_clinic,BI100196,2025-11,NE,2,345.3
vet_clinic,BI100196,2025-11,SE,1,172.65
vet_clinic,BI100196,2025-11,MW,1,172.65
vet_clinic,BI100196,2025-11,TX,3,517.95
vet_clinic,BI100196,2025-11,MTN,2,345.3
vet_clinic,BI100196,2025-11,PSW,2,345.3
vet_clinic,BI100196,2025-11,PNW,1,172.65
ecom_national,CW500084,2025-12,NE,4,690.6
ecom_national,CW500084,2025-12,MA,4,690.6
ecom_national,CW500084,2025-12,SE,4,690.6
ecom_national,CW500084,2025-12,MW,3,517.95
ecom_national,CW500084,2025-12,TX,5,863.25
ecom_national,CW500084,2025-12,PSW,3,517.95
ecom_national,CW500084,2025-12,PNW,1,172.65
retail,BI100196,2025-12,NE,3,517.95
retail,BI100196,2025-12,MA,2,345.3
retail,BI100196,2025-12,SE,4,690.6
retail,BI100196,2025-12,MW,1,172.65
retail,BI100196,2025-12,TX,2,345.3
retail,BI100196,2025-12,MTN,4,690.6
retail,BI100196,2025-12,PSW,2,345.3
vet_clinic,BI100196,2025-12,NE,1,172.65
vet_clinic,BI100196,2025-12,MA,1,172.65
vet_clinic,BI100196,2025-12,SE,2,345.3
vet_clinic,BI100196,2025-12,MW,1,172.65
vet_clinic,BI100196,2025-12,TX,1,172.65
vet_clinic,BI100196,2025-12,MTN,1,172.65
vet_clinic,BI100196,2025-12,PNW,2,345.3
ecom_national,CW500087,2024-01,NE,2,229.74
ecom_national,CW500087,2024-01,MA,1,114.87
ecom_national,CW500087,2024-01,SE,2,229.74
ecom_national,CW500087,2024-01,MW,3,344.61
ecom_national,CW500087,2024-01,MTN,1,114.87
ecom_national,CW500087,2024-01,PSW,1,114.87
ecom_national,CW500087,2024-01,PNW,1,114.87
retail,BI100203,2024-01,MA,1,114.87
retail,BI100203,2024-01,SE,2,229.74
retail,BI100203,2024-01,MW,1,114.87
retail,BI100203,2024-01,TX,2,229.74
retail,BI100203,2024-01,MTN,1,114.87
retail,BI100203,2024-01,PSW,2,229.74
retail,BI100203,2024-01,PNW,2,229.74
vet_clinic,BI100203,2024-01,SE,2,229.74
vet_clinic,BI100203,2024-01,MW,1,114.87
vet_clinic,BI100203,2024-01,MTN,1,114.87
vet_clinic,BI100203,2024-01,PSW,1,114.87
vet_clinic,BI100203,2024-01,PNW,1,114.87
ecom_national,CW500087,2024-02,NE,3,344.61
ecom_national,CW500087,2024-02,MA,3,344.61
ecom_national,CW500087,2024-02,SE,4,459.48
ecom_national,CW500087,2024-02,MW,1,114.87
ecom_national,CW500087,2024-02,TX,3,344.61
ecom_national,CW500087,2024-02,MTN,1,114.87
ecom_national,CW500087,2024-02,PSW,3,344.61
ecom_national,CW500087,2024-02,PNW,3,344.61
retail,BI100203,2024-02,NE,1,114.87
retail,BI100203,2024-02,MA,2,229.74
retail,BI100203,2024-02,SE,1,114.87
retail,BI100203,2024-02,MW,3,344.61
retail,BI100203,2024-02,MTN,1,114.87
retail,BI100203,2024-02,PSW,2,229.74
retail,BI100203,2024-02,PNW,2,229.74
vet_clinic,BI100203,2024-02,NE,1,114.87
vet_clinic,BI100203,2024-02,MA,1,114.87
vet_clinic,BI100203,2024-02,SE,1,114.87
vet_clinic,BI100203,2024-02,MW,2,229.74
vet_clinic,BI100203,2024-02,TX,1,114.87
vet_clinic,BI100203,2024-02,MTN,1,114.87
vet_clinic,BI100203,2024-02,PNW,1,114.87
ecom_national,CW500087,2024-03,NE,2,229.74
ecom_national,CW500087,2024-03,MA,5,574.35
ecom_national,CW500087,2024-03,SE,2,229.74
ecom_national,CW500087,2024-03,MW,3,344.61
ecom_national,CW500087,2024-03,TX,1,114.87
ecom_national,CW500087,2024-03,MTN,2,229.74
ecom_national,CW500087,2024-03,PSW,1,114.87
ecom_national,CW500087,2024-03,PNW,3,344.61
retail,BI100203,2024-03,MA,1,114.87
retail,BI100203,2024-03,SE,2,229.74
retail,BI100203,2024-03,TX,2,229.74
retail,BI100203,2024-03,PSW,1,114.87
retail,BI100203,2024-03,PNW,1,114.87
vet_clinic,BI100203,2024-03,NE,1,114.87
vet_clinic,BI100203,2024-03,MA,1,114.87
vet_clinic,BI100203,2024-03,SE,2,229.74
vet_clinic,BI100203,2024-03,MW,1,114.87
vet_clinic,BI100203,2024-03,TX,1,114.87
vet_clinic,BI100203,2024-03,MTN,1,114.87
vet_clinic,BI100203,2024-03,PSW,1,114.87
vet_clinic,BI100203,2024-03,PNW,1,114.87
ecom_national,CW500087,2024-04,NE,3,344.61
ecom_national,CW500087,2024-04,MA,2,229.74
ecom_national,CW500087,2024-04,SE,1,114.87
ecom_national,CW500087,2024-04,MW,1,114.87
ecom_national,CW500087,2024-04,TX,3,344.61
ecom_national,CW500087,2024-04,MTN,2,229.74
ecom_national,CW500087,2024-04,PSW,2,229.74
ecom_national,CW500087,2024-04,PNW,2,229.74
retail,BI100203,2024-04,NE,1,114.87
retail,BI100203,2024-04,MW,1,114.87
retail,BI100203,2024-04,TX,2,229.74
retail,BI100203,2024-04,PSW,2,229.74
retail,BI100203,2024-04,PNW,1,114.87
vet_clinic,BI100203,2024-04,NE,1,114.87
vet_clinic,BI100203,2024-04,MA,2,229.74
vet_clinic,BI100203,2024-04,SE,1,114.87
vet_clinic,BI100203,2024-04,MW,1,114.87
vet_clinic,BI100203,2024-04,TX,1,114.87
vet_clinic,BI100203,2024-04,MTN,1,114.87
vet_clinic,BI100203,2024-04,PSW,2,229.74
vet_clinic,BI100203,2024-04,PNW,1,114.87
ecom_national,CW500087,2024-05,NE,1,114.87
ecom_national,CW500087,2024-05,MA,3,344.61
ecom_national,CW500087,2024-05,MW,5,574.35
ecom_national,CW500087,2024-05,TX,2,229.74
ecom_national,CW500087,2024-05,MTN,2,229.74
retail,BI100203,2024-05,NE,1,114.87
retail,BI100203,2024-05,MA,2,229.74
retail,BI100203,2024-05,SE,1,114.87
retail,BI100203,2024-05,MW,2,229.74
retail,BI100203,2024-05,TX,1,114.87
retail,BI100203,2024-05,PSW,3,344.61
retail,BI100203,2024-05,PNW,2,229.74
vet_clinic,BI100203,2024-05,NE,1,114.87
vet_clinic,BI100203,2024-05,MA,1,114.87
vet_clinic,BI100203,2024-05,SE,2,229.74
vet_clinic,BI100203,2024-05,MW,1,114.87
vet_clinic,BI100203,2024-05,TX,1,114.87
vet_clinic,BI100203,2024-05,MTN,1,114.87
vet_clinic,BI100203,2024-05,PNW,1,114.87
ecom_national,CW500087,2024-06,NE,4,459.48
ecom_national,CW500087,2024-06,MA,2,229.74
ecom_national,CW500087,2024-06,SE,4,459.48
ecom_national,CW500087,2024-06,MW,5,574.35
ecom_national,CW500087,2024-06,TX,2,229.74
ecom_national,CW500087,2024-06,PSW,4,459.48
ecom_national,CW500087,2024-06,PNW,1,114.87
retail,BI100203,2024-06,NE,2,229.74
retail,BI100203,2024-06,MA,3,344.61
retail,BI100203,2024-06,SE,2,229.74
retail,BI100203,2024-06,MW,2,229.74
retail,BI100203,2024-06,TX,2,229.74
retail,BI100203,2024-06,MTN,2,229.74
vet_clinic,BI100203,2024-06,NE,1,114.87
vet_clinic,BI100203,2024-06,MA,1,114.87
vet_clinic,BI100203,2024-06,SE,1,114.87
vet_clinic,BI100203,2024-06,PSW,1,114.87
vet_clinic,BI100203,2024-06,PNW,1,114.87
ecom_national,CW500087,2024-07,NE,3,344.61
ecom_national,CW500087,2024-07,MA,1,114.87
ecom_national,CW500087,2024-07,MW,2,229.74
ecom_national,CW500087,2024-07,MTN,1,114.87
ecom_national,CW500087,2024-07,PSW,5,574.35
ecom_national,CW500087,2024-07,PNW,1,114.87
retail,BI100203,2024-07,MA,1,114.87
retail,BI100203,2024-07,SE,2,229.74
retail,BI100203,2024-07,MW,2,229.74
retail,BI100203,2024-07,MTN,2,229.74
vet_clinic,BI100203,2024-07,NE,1,114.87
vet_clinic,BI100203,2024-07,MA,1,114.87
vet_clinic,BI100203,2024-07,SE,1,114.87
vet_clinic,BI100203,2024-07,MW,2,229.74
vet_clinic,BI100203,2024-07,TX,1,114.87
vet_clinic,BI100203,2024-07,PSW,2,229.74
vet_clinic,BI100203,2024-07,PNW,1,114.87
ecom_national,CW500087,2024-08,NE,2,229.74
ecom_national,CW500087,2024-08,MA,5,574.35
ecom_national,CW500087,2024-08,SE,1,114.87
ecom_national,CW500087,2024-08,MW,3,344.61
ecom_national,CW500087,2024-08,TX,3,344.61
ecom_national,CW500087,2024-08,MTN,3,344.61
ecom_national,CW500087,2024-08,PSW,3,344.61
ecom_national,CW500087,2024-08,PNW,1,114.87
retail,BI100203,2024-08,NE,1,114.87
retail,BI100203,2024-08,MA,2,229.74
retail,BI100203,2024-08,SE,1,114.87
retail,BI100203,2024-08,MW,2,229.74
retail,BI100203,2024-08,TX,2,229.74
retail,BI100203,2024-08,PSW,3,344.61
retail,BI100203,2024-08,PNW,1,114.87
vet_clinic,BI100203,2024-08,NE,1,114.87
vet_clinic,BI100203,2024-08,TX,1,114.87
vet_clinic,BI100203,2024-08,MTN,1,114.87
vet_clinic,BI100203,2024-08,PSW,1,114.87
vet_clinic,BI100203,2024-08,PNW,1,114.87
ecom_national,CW500087,2024-09,NE,2,229.74
ecom_national,CW500087,2024-09,MA,5,574.35
ecom_national,CW500087,2024-09,SE,4,459.48
ecom_national,CW500087,2024-09,MW,3,344.61
ecom_national,CW500087,2024-09,TX,2,229.74
ecom_national,CW500087,2024-09,MTN,4,459.48
ecom_national,CW500087,2024-09,PSW,3,344.61
ecom_national,CW500087,2024-09,PNW,2,229.74
retail,BI100203,2024-09,NE,1,114.87
retail,BI100203,2024-09,MA,3,344.61
retail,BI100203,2024-09,SE,2,229.74
retail,BI100203,2024-09,MW,1,114.87
retail,BI100203,2024-09,TX,1,114.87
retail,BI100203,2024-09,PSW,1,114.87
retail,BI100203,2024-09,PNW,1,114.87
vet_clinic,BI100203,2024-09,NE,1,114.87
vet_clinic,BI100203,2024-09,MA,1,114.87
vet_clinic,BI100203,2024-09,SE,2,229.74
vet_clinic,BI100203,2024-09,TX,1,114.87
vet_clinic,BI100203,2024-09,MTN,1,114.87
vet_clinic,BI100203,2024-09,PSW,2,229.74
vet_clinic,BI100203,2024-09,PNW,1,114.87
ecom_national,CW500087,2024-10,NE,3,344.61
ecom_national,CW500087,2024-10,MA,5,574.35
ecom_national,CW500087,2024-10,SE,4,459.48
ecom_national,CW500087,2024-10,TX,3,344.61
ecom_national,CW500087,2024-10,PSW,4,459.48
ecom_national,CW500087,2024-10,PNW,2,229.74
retail,BI100203,2024-10,MA,1,114.87
retail,BI100203,2024-10,SE,1,114.87
retail,BI100203,2024-10,MW,3,344.61
retail,BI100203,2024-10,MTN,1,114.87
retail,BI100203,2024-10,PSW,2,229.74
retail,BI100203,2024-10,PNW,2,229.74
vet_clinic,BI100203,2024-10,NE,1,114.87
vet_clinic,BI100203,2024-10,MA,2,229.74
vet_clinic,BI100203,2024-10,SE,1,114.87
vet_clinic,BI100203,2024-10,PSW,1,114.87
vet_clinic,BI100203,2024-10,PNW,1,114.87
ecom_national,CW500087,2024-11,NE,1,114.87
ecom_national,CW500087,2024-11,MA,1,114.87
ecom_national,CW500087,2024-11,SE,2,229.74
ecom_national,CW500087,2024-11,MW,2,229.74
ecom_national,CW500087,2024-11,TX,2,229.74
ecom_national,CW500087,2024-11,MTN,3,344.61
ecom_national,CW500087,2024-11,PSW,4,459.48
ecom_national,CW500087,2024-11,PNW,2,229.74
retail,BI100203,2024-11,NE,1,114.87
retail,BI100203,2024-11,MA,1,114.87
retail,BI100203,2024-11,SE,3,344.61
retail,BI100203,2024-11,MW,1,114.87
retail,BI100203,2024-11,MTN,2,229.74
retail,BI100203,2024-11,PSW,1,114.87
retail,BI100203,2024-11,PNW,1,114.87
vet_clinic,BI100203,2024-11,MA,1,114.87
vet_clinic,BI100203,2024-11,SE,1,114.87
vet_clinic,BI100203,2024-11,MTN,1,114.87
vet_clinic,BI100203,2024-11,PNW,1,114.87
ecom_national,CW500087,2024-12,NE,4,459.48
ecom_national,CW500087,2024-12,MA,3,344.61
ecom_national,CW500087,2024-12,SE,3,344.61
ecom_national,CW500087,2024-12,MW,3,344.61
ecom_national,CW500087,2024-12,TX,1,114.87
ecom_national,CW500087,2024-12,MTN,2,229.74
ecom_national,CW500087,2024-12,PSW,4,459.48
ecom_national,CW500087,2024-12,PNW,2,229.74
retail,BI100203,2024-12,NE,2,229.74
retail,BI100203,2024-12,MA,2,229.74
retail,BI100203,2024-12,SE,1,114.87
retail,BI100203,2024-12,PSW,2,229.74
retail,BI100203,2024-12,PNW,2,229.74
vet_clinic,BI100203,2024-12,NE,1,114.87
vet_clinic,BI100203,2024-12,MA,2,229.74
vet_clinic,BI100203,2024-12,SE,2,229.74
vet_clinic,BI100203,2024-12,MW,2,229.74
vet_clinic,BI100203,2024-12,TX,1,114.87
vet_clinic,BI100203,2024-12,PNW,1,114.87
ecom_national,CW500087,2025-01,NE,2,229.74
ecom_national,CW500087,2025-01,MA,2,229.74
ecom_national,CW500087,2025-01,SE,2,229.74
ecom_national,CW500087,2025-01,MW,3,344.61
ecom_national,CW500087,2025-01,TX,1,114.87
ecom_national,CW500087,2025-01,MTN,4,459.48
ecom_national,CW500087,2025-01,PSW,2,229.74
ecom_national,CW500087,2025-01,PNW,1,114.87
retail,BI100203,2025-01,NE,2,229.74
retail,BI100203,2025-01,MA,1,114.87
retail,BI100203,2025-01,SE,1,114.87
retail,BI100203,2025-01,MW,3,344.61
retail,BI100203,2025-01,TX,1,114.87
retail,BI100203,2025-01,MTN,1,114.87
retail,BI100203,2025-01,PSW,2,229.74
retail,BI100203,2025-01,PNW,1,114.87
vet_clinic,BI100203,2025-01,NE,1,114.87
vet_clinic,BI100203,2025-01,MA,1,114.87
vet_clinic,BI100203,2025-01,SE,1,114.87
vet_clinic,BI100203,2025-01,TX,1,114.87
vet_clinic,BI100203,2025-01,PSW,2,229.74
vet_clinic,BI100203,2025-01,PNW,1,114.87
ecom_national,CW500087,2025-02,NE,1,114.87
ecom_national,CW500087,2025-02,MA,5,574.35
ecom_national,CW500087,2025-02,SE,1,114.87
ecom_national,CW500087,2025-02,MW,3,344.61
ecom_national,CW500087,2025-02,TX,1,114.87
ecom_national,CW500087,2025-02,MTN,2,229.74
ecom_national,CW500087,2025-02,PSW,4,459.48
ecom_national,CW500087,2025-02,PNW,3,344.61
retail,BI100203,2025-02,MA,3,344.61
retail,BI100203,2025-02,SE,1,114.87
retail,BI100203,2025-02,MW,2,229.74
retail,BI100203,2025-02,MTN,1,114.87
retail,BI100203,2025-02,PSW,2,229.74
retail,BI100203,2025-02,PNW,1,114.87
vet_clinic,BI100203,2025-02,NE,1,114.87
vet_clinic,BI100203,2025-02,MA,2,229.74
vet_clinic,BI100203,2025-02,SE,1,114.87
vet_clinic,BI100203,2025-02,TX,1,114.87
vet_clinic,BI100203,2025-02,MTN,1,114.87
vet_clinic,BI100203,2025-02,PNW,1,114.87
ecom_national,CW500087,2025-03,NE,1,114.87
ecom_national,CW500087,2025-03,MA,1,114.87
ecom_national,CW500087,2025-03,SE,4,459.48
ecom_national,CW500087,2025-03,MW,1,114.87
ecom_national,CW500087,2025-03,TX,3,344.61
ecom_national,CW500087,2025-03,MTN,3,344.61
ecom_national,CW500087,2025-03,PSW,5,574.35
ecom_national,CW500087,2025-03,PNW,2,229.74
retail,BI100203,2025-03,NE,1,114.87
retail,BI100203,2025-03,MA,3,344.61
retail,BI100203,2025-03,SE,1,114.87
retail,BI100203,2025-03,MW,1,114.87
retail,BI100203,2025-03,TX,1,114.87
retail,BI100203,2025-03,MTN,2,229.74
retail,BI100203,2025-03,PSW,2,229.74
retail,BI100203,2025-03,PNW,2,229.74
vet_clinic,BI100203,2025-03,NE,1,114.87
vet_clinic,BI100203,2025-03,MA,1,114.87
vet_clinic,BI100203,2025-03,SE,2,229.74
vet_clinic,BI100203,2025-03,TX,1,114.87
vet_clinic,BI100203,2025-03,MTN,1,114.87
vet_clinic,BI100203,2025-03,PSW,2,229.74
vet_clinic,BI100203,2025-03,PNW,1,114.87
ecom_national,CW500087,2025-04,NE,4,459.48
ecom_national,CW500087,2025-04,MA,1,114.87
ecom_national,CW500087,2025-04,SE,2,229.74
ecom_national,CW500087,2025-04,MW,3,344.61
ecom_national,CW500087,2025-04,TX,1,114.87
ecom_national,CW500087,2025-04,PSW,3,344.61
retail,BI100203,2025-04,NE,1,114.87
retail,BI100203,2025-04,MA,2,229.74
retail,BI100203,2025-04,SE,3,344.61
retail,BI100203,2025-04,MW,3,344.61
retail,BI100203,2025-04,MTN,2,229.74
retail,BI100203,2025-04,PSW,2,229.74
retail,BI100203,2025-04,PNW,1,114.87
vet_clinic,BI100203,2025-04,NE,1,114.87
vet_clinic,BI100203,2025-04,MA,1,114.87
vet_clinic,BI100203,2025-04,MW,2,229.74
vet_clinic,BI100203,2025-04,MTN,1,114.87
vet_clinic,BI100203,2025-04,PNW,1,114.87
ecom_national,CW500087,2025-05,NE,4,459.48
ecom_national,CW500087,2025-05,MA,1,114.87
ecom_national,CW500087,2025-05,SE,3,344.61
ecom_national,CW500087,2025-05,MW,4,459.48
ecom_national,CW500087,2025-05,TX,3,344.61
ecom_national,CW500087,2025-05,MTN,4,459.48
ecom_national,CW500087,2025-05,PSW,3,344.61
ecom_national,CW500087,2025-05,PNW,1,114.87
retail,BI100203,2025-05,NE,2,229.74
retail,BI100203,2025-05,MA,2,229.74
retail,BI100203,2025-05,SE,1,114.87
retail,BI100203,2025-05,MW,1,114.87
retail,BI100203,2025-05,TX,1,114.87
retail,BI100203,2025-05,PNW,1,114.87
vet_clinic,BI100203,2025-05,NE,1,114.87
vet_clinic,BI100203,2025-05,MA,1,114.87
vet_clinic,BI100203,2025-05,MW,1,114.87
vet_clinic,BI100203,2025-05,TX,1,114.87
vet_clinic,BI100203,2025-05,MTN,1,114.87
ecom_national,CW500087,2025-06,NE,3,344.61
ecom_national,CW500087,2025-06,MA,6,689.22
ecom_national,CW500087,2025-06,SE,2,229.74
ecom_national,CW500087,2025-06,MW,2,229.74
ecom_national,CW500087,2025-06,TX,3,344.61
ecom_national,CW500087,2025-06,PSW,3,344.61
ecom_national,CW500087,2025-06,PNW,2,229.74
retail,BI100203,2025-06,MA,1,114.87
retail,BI100203,2025-06,SE,3,344.61
retail,BI100203,2025-06,MW,2,229.74
retail,BI100203,2025-06,TX,1,114.87
retail,BI100203,2025-06,MTN,2,229.74
retail,BI100203,2025-06,PSW,1,114.87
retail,BI100203,2025-06,PNW,1,114.87
vet_clinic,BI100203,2025-06,MA,2,229.74
vet_clinic,BI100203,2025-06,SE,1,114.87
vet_clinic,BI100203,2025-06,MW,1,114.87
vet_clinic,BI100203,2025-06,TX,1,114.87
vet_clinic,BI100203,2025-06,MTN,1,114.87
vet_clinic,BI100203,2025-06,PSW,1,114.87
ecom_national,CW500087,2025-07,NE,1,114.87
ecom_national,CW500087,2025-07,MA,3,344.61
ecom_national,CW500087,2025-07,SE,2,229.74
ecom_national,CW500087,2025-07,MW,3,344.61
ecom_national,CW500087,2025-07,TX,4,459.48
ecom_national,CW500087,2025-07,MTN,4,459.48
ecom_national,CW500087,2025-07,PSW,3,344.61
retail,BI100203,2025-07,MA,2,229.74
retail,BI100203,2025-07,SE,2,229.74
retail,BI100203,2025-07,MW,2,229.74
retail,BI100203,2025-07,TX,1,114.87
retail,BI100203,2025-07,MTN,1,114.87
retail,BI100203,2025-07,PSW,3,344.61
retail,BI100203,2025-07,PNW,1,114.87
vet_clinic,BI100203,2025-07,NE,1,114.87
vet_clinic,BI100203,2025-07,MA,1,114.87
vet_clinic,BI100203,2025-07,MW,1,114.87
vet_clinic,BI100203,2025-07,PSW,1,114.87
ecom_national,CW500087,2025-08,NE,4,459.48
ecom_national,CW500087,2025-08,MA,5,574.35
ecom_national,CW500087,2025-08,SE,3,344.61
ecom_national,CW500087,2025-08,MW,3,344.61
ecom_national,CW500087,2025-08,TX,4,459.48
ecom_national,CW500087,2025-08,MTN,3,344.61
ecom_national,CW500087,2025-08,PSW,5,574.35
ecom_national,CW500087,2025-08,PNW,1,114.87
retail,BI100203,2025-08,NE,1,114.87
retail,BI100203,2025-08,SE,3,344.61
retail,BI100203,2025-08,MW,2,229.74
retail,BI100203,2025-08,TX,1,114.87
retail,BI100203,2025-08,MTN,1,114.87
retail,BI100203,2025-08,PSW,1,114.87
retail,BI100203,2025-08,PNW,1,114.87
vet_clinic,BI100203,2025-08,NE,1,114.87
vet_clinic,BI100203,2025-08,MA,1,114.87
vet_clinic,BI100203,2025-08,SE,2,229.74
vet_clinic,BI100203,2025-08,MW,1,114.87
vet_clinic,BI100203,2025-08,TX,1,114.87
vet_clinic,BI100203,2025-08,MTN,1,114.87
vet_clinic,BI100203,2025-08,PSW,2,229.74
vet_clinic,BI100203,2025-08,PNW,1,114.87
ecom_national,CW500087,2025-09,NE,2,229.74
ecom_national,CW500087,2025-09,MA,2,229.74
ecom_national,CW500087,2025-09,SE,4,459.48
ecom_national,CW500087,2025-09,MW,4,459.48
ecom_national,CW500087,2025-09,TX,1,114.87
ecom_national,CW500087,2025-09,MTN,3,344.61
ecom_national,CW500087,2025-09,PSW,2,229.74
ecom_national,CW500087,2025-09,PNW,1,114.87
retail,BI100203,2025-09,NE,2,229.74
retail,BI100203,2025-09,MA,3,344.61
retail,BI100203,2025-09,MW,1,114.87
retail,BI100203,2025-09,TX,2,229.74
retail,BI100203,2025-09,MTN,1,114.87
retail,BI100203,2025-09,PSW,3,344.61
retail,BI100203,2025-09,PNW,1,114.87
vet_clinic,BI100203,2025-09,NE,2,229.74
vet_clinic,BI100203,2025-09,MA,2,229.74
vet_clinic,BI100203,2025-09,SE,1,114.87
vet_clinic,BI100203,2025-09,MW,1,114.87
vet_clinic,BI100203,2025-09,TX,1,114.87
vet_clinic,BI100203,2025-09,PSW,1,114.87
ecom_national,CW500087,2025-10,NE,4,459.48
ecom_national,CW500087,2025-10,MA,3,344.61
ecom_national,CW500087,2025-10,SE,2,229.74
ecom_national,CW500087,2025-10,MW,1,114.87
ecom_national,CW500087,2025-10,TX,1,114.87
ecom_national,CW500087,2025-10,MTN,2,229.74
ecom_national,CW500087,2025-10,PSW,5,574.35
ecom_national,CW500087,2025-10,PNW,1,114.87
retail,BI100203,2025-10,NE,2,229.74
retail,BI100203,2025-10,MA,1,114.87
retail,BI100203,2025-10,SE,1,114.87
retail,BI100203,2025-10,MW,1,114.87
retail,BI100203,2025-10,TX,2,229.74
retail,BI100203,2025-10,MTN,2,229.74
retail,BI100203,2025-10,PSW,2,229.74
retail,BI100203,2025-10,PNW,1,114.87
vet_clinic,BI100203,2025-10,NE,1,114.87
vet_clinic,BI100203,2025-10,MA,2,229.74
vet_clinic,BI100203,2025-10,SE,2,229.74
vet_clinic,BI100203,2025-10,MW,1,114.87
vet_clinic,BI100203,2025-10,MTN,1,114.87
vet_clinic,BI100203,2025-10,PNW,1,114.87
ecom_national,CW500087,2025-11,NE,3,344.61
ecom_national,CW500087,2025-11,MA,4,459.48
ecom_national,CW500087,2025-11,SE,3,344.61
ecom_national,CW500087,2025-11,MW,5,574.35
ecom_national,CW500087,2025-11,TX,4,459.48
ecom_national,CW500087,2025-11,PSW,1,114.87
ecom_national,CW500087,2025-11,PNW,3,344.61
retail,BI100203,2025-11,NE,1,114.87
retail,BI100203,2025-11,MA,1,114.87
retail,BI100203,2025-11,SE,3,344.61
retail,BI100203,2025-11,MW,1,114.87
retail,BI100203,2025-11,MTN,1,114.87
retail,BI100203,2025-11,PSW,3,344.61
retail,BI100203,2025-11,PNW,1,114.87
vet_clinic,BI100203,2025-11,MA,2,229.74
vet_clinic,BI100203,2025-11,SE,1,114.87
vet_clinic,BI100203,2025-11,MW,1,114.87
vet_clinic,BI100203,2025-11,TX,1,114.87
vet_clinic,BI100203,2025-11,MTN,1,114.87
vet_clinic,BI100203,2025-11,PSW,1,114.87
vet_clinic,BI100203,2025-11,PNW,1,114.87
ecom_national,CW500087,2025-12,NE,1,114.87
ecom_national,CW500087,2025-12,SE,4,459.48
ecom_national,CW500087,2025-12,MW,5,574.35
ecom_national,CW500087,2025-12,TX,2,229.74
ecom_national,CW500087,2025-12,PNW,4,459.48
retail,BI100203,2025-12,NE,1,114.87
retail,BI100203,2025-12,MA,1,114.87
retail,BI100203,2025-12,MW,2,229.74
retail,BI100203,2025-12,TX,2,229.74
retail,BI100203,2025-12,MTN,1,114.87
retail,BI100203,2025-12,PSW,2,229.74
vet_clinic,BI100203,2025-12,NE,1,114.87
vet_clinic,BI100203,2025-12,MA,2,229.74
vet_clinic,BI100203,2025-12,SE,1,114.87
vet_clinic,BI100203,2025-12,MW,1,114.87
vet_clinic,BI100203,2025-12,TX,1,114.87
vet_clinic,BI100203,2025-12,MTN,1,114.87
vet_clinic,BI100203,2025-12,PSW,1,114.87
ecom_national,CW500090,2024-01,NE,1,162.61
ecom_national,CW500090,2024-01,MW,1,162.61
ecom_national,CW500090,2024-01,TX,1,162.61
ecom_national,CW500090,2024-01,MTN,1,162.61
ecom_national,CW500090,2024-01,PSW,1,162.61
ecom_national,CW500090,2024-01,PNW,1,162.61
retail,BI100210,2024-01,MA,1,162.61
retail,BI100210,2024-01,MW,1,162.61
retail,BI100210,2024-01,MTN,1,162.61
ecom_national,CW500090,2024-02,NE,1,162.61
ecom_national,CW500090,2024-02,MW,1,162.61
ecom_national,CW500090,2024-02,MTN,1,162.61
retail,BI100210,2024-02,PSW,1,162.61
retail,BI100210,2024-02,PNW,1,162.61
ecom_national,CW500090,2024-03,MA,1,162.61
ecom_national,CW500090,2024-03,SE,1,162.61
ecom_national,CW500090,2024-03,MW,1,162.61
ecom_national,CW500090,2024-03,TX,1,162.61
ecom_national,CW500090,2024-03,PSW,1,162.61
retail,BI100210,2024-03,PNW,1,162.61
ecom_national,CW500090,2024-04,NE,1,162.61
ecom_national,CW500090,2024-04,MA,1,162.61
ecom_national,CW500090,2024-04,SE,1,162.61
ecom_national,CW500090,2024-04,TX,1,162.61
ecom_national,CW500090,2024-04,PNW,1,162.61
retail,BI100210,2024-04,NE,1,162.61
ecom_national,CW500090,2024-05,SE,1,162.61
ecom_national,CW500090,2024-05,MW,1,162.61
ecom_national,CW500090,2024-05,TX,1,162.61
ecom_national,CW500090,2024-05,PNW,1,162.61
retail,BI100210,2024-05,TX,1,162.61
retail,BI100210,2024-05,PSW,1,162.61
retail,BI100210,2024-05,PNW,1,162.61
ecom_national,CW500090,2024-06,NE,1,162.61
ecom_national,CW500090,2024-06,MA,1,162.61
ecom_national,CW500090,2024-06,SE,1,162.61
ecom_national,CW500090,2024-06,MW,1,162.61
ecom_national,CW500090,2024-06,TX,1,162.61
ecom_national,CW500090,2024-06,MTN,2,325.22
ecom_national,CW500090,2024-06,PSW,1,162.61
retail,BI100210,2024-06,NE,1,162.61
retail,BI100210,2024-06,TX,1,162.61
retail,BI100210,2024-06,PSW,1,162.61
retail,BI100210,2024-06,PNW,1,162.61
vet_clinic,BI100210,2024-06,MW,1,162.61
vet_clinic,BI100210,2024-06,MTN,1,162.61
ecom_national,CW500090,2024-07,NE,1,162.61
ecom_national,CW500090,2024-07,SE,1,162.61
ecom_national,CW500090,2024-07,MW,1,162.61
ecom_national,CW500090,2024-07,TX,1,162.61
ecom_national,CW500090,2024-07,MTN,1,162.61
ecom_national,CW500090,2024-07,PSW,1,162.61
ecom_national,CW500090,2024-07,PNW,1,162.61
retail,BI100210,2024-07,TX,1,162.61
ecom_national,CW500090,2024-08,NE,1,162.61
ecom_national,CW500090,2024-08,SE,1,162.61
ecom_national,CW500090,2024-08,TX,1,162.61
ecom_national,CW500090,2024-08,MTN,1,162.61
ecom_national,CW500090,2024-08,PSW,1,162.61
ecom_national,CW500090,2024-08,PNW,1,162.61
retail,BI100210,2024-08,MA,1,162.61
retail,BI100210,2024-08,SE,1,162.61
retail,BI100210,2024-08,MTN,1,162.61
ecom_national,CW500090,2024-09,NE,1,162.61
ecom_national,CW500090,2024-09,SE,1,162.61
ecom_national,CW500090,2024-09,MTN,1,162.61
ecom_national,CW500090,2024-09,PNW,1,162.61
ecom_national,CW500090,2024-10,NE,1,162.61
ecom_national,CW500090,2024-10,MA,1,162.61
ecom_national,CW500090,2024-10,SE,1,162.61
ecom_national,CW500090,2024-10,MW,1,162.61
ecom_national,CW500090,2024-10,TX,1,162.61
ecom_national,CW500090,2024-10,PSW,1,162.61
ecom_national,CW500090,2024-10,PNW,1,162.61
retail,BI100210,2024-10,SE,1,162.61
retail,BI100210,2024-10,TX,1,162.61
vet_clinic,BI100210,2024-10,MW,1,162.61
vet_clinic,BI100210,2024-10,TX,1,162.61
ecom_national,CW500090,2024-11,MA,1,162.61
ecom_national,CW500090,2024-11,SE,1,162.61
ecom_national,CW500090,2024-11,TX,1,162.61
ecom_national,CW500090,2024-11,MTN,1,162.61
ecom_national,CW500090,2024-11,PNW,1,162.61
retail,BI100210,2024-11,SE,1,162.61
retail,BI100210,2024-11,TX,1,162.61
retail,BI100210,2024-11,MTN,1,162.61
retail,BI100210,2024-11,PSW,1,162.61
ecom_national,CW500090,2024-12,NE,1,162.61
ecom_national,CW500090,2024-12,MW,1,162.61
ecom_national,CW500090,2024-12,TX,1,162.61
ecom_national,CW500090,2024-12,MTN,1,162.61
ecom_national,CW500090,2024-12,PSW,1,162.61
ecom_national,CW500090,2024-12,PNW,1,162.61
retail,BI100210,2024-12,SE,1,162.61
retail,BI100210,2024-12,MW,1,162.61
retail,BI100210,2024-12,TX,1,162.61
retail,BI100210,2024-12,PNW,1,162.61
vet_clinic,BI100210,2024-12,MW,1,162.61
ecom_national,CW500090,2025-01,MA,1,162.61
ecom_national,CW500090,2025-01,MTN,1,162.61
ecom_national,CW500090,2025-01,PSW,1,162.61
retail,BI100210,2025-01,MW,1,162.61
retail,BI100210,2025-01,TX,1,162.61
retail,BI100210,2025-01,PNW,1,162.61
ecom_national,CW500090,2025-02,NE,1,162.61
ecom_national,CW500090,2025-02,SE,1,162.61
ecom_national,CW500090,2025-02,TX,1,162.61
ecom_national,CW500090,2025-02,PSW,1,162.61
retail,BI100210,2025-02,SE,1,162.61
retail,BI100210,2025-02,MW,1,162.61
retail,BI100210,2025-02,TX,1,162.61
retail,BI100210,2025-02,PNW,1,162.61
ecom_national,CW500090,2025-03,NE,1,162.61
ecom_national,CW500090,2025-03,TX,1,162.61
ecom_national,CW500090,2025-03,MTN,1,162.61
ecom_national,CW500090,2025-03,PSW,1,162.61
ecom_national,CW500090,2025-03,PNW,1,162.61
retail,BI100210,2025-03,MA,1,162.61
vet_clinic,BI100210,2025-03,MW,1,162.61
ecom_national,CW500090,2025-04,NE,1,162.61
ecom_national,CW500090,2025-04,TX,1,162.61
ecom_national,CW500090,2025-04,MTN,1,162.61
ecom_national,CW500090,2025-04,PSW,1,162.61
ecom_national,CW500090,2025-04,PNW,1,162.61
retail,BI100210,2025-04,PSW,1,162.61
vet_clinic,BI100210,2025-04,TX,1,162.61
ecom_national,CW500090,2025-05,MW,1,162.61
ecom_national,CW500090,2025-05,TX,1,162.61
ecom_national,CW500090,2025-05,MTN,1,162.61
ecom_national,CW500090,2025-05,PSW,1,162.61
ecom_national,CW500090,2025-05,PNW,1,162.61
retail,BI100210,2025-05,NE,1,162.61
retail,BI100210,2025-05,TX,1,162.61
retail,BI100210,2025-05,MTN,1,162.61
retail,BI100210,2025-05,PSW,1,162.61
vet_clinic,BI100210,2025-05,MTN,1,162.61
ecom_national,CW500090,2025-06,NE,1,162.61
ecom_national,CW500090,2025-06,MA,1,162.61
ecom_national,CW500090,2025-06,MW,1,162.61
ecom_national,CW500090,2025-06,PNW,1,162.61
retail,BI100210,2025-06,TX,1,162.61
retail,BI100210,2025-06,PNW,1,162.61
ecom_national,CW500090,2025-07,NE,1,162.61
ecom_national,CW500090,2025-07,MA,1,162.61
ecom_national,CW500090,2025-07,SE,1,162.61
ecom_national,CW500090,2025-07,MW,1,162.61
ecom_national,CW500090,2025-07,TX,1,162.61
ecom_national,CW500090,2025-07,MTN,1,162.61
ecom_national,CW500090,2025-07,PSW,1,162.61
ecom_national,CW500090,2025-07,PNW,1,162.61
retail,BI100210,2025-07,NE,1,162.61
retail,BI100210,2025-07,SE,1,162.61
retail,BI100210,2025-07,MW,1,162.61
retail,BI100210,2025-07,TX,1,162.61
retail,BI100210,2025-07,PNW,1,162.61
ecom_national,CW500090,2025-08,MA,1,162.61
ecom_national,CW500090,2025-08,SE,1,162.61
ecom_national,CW500090,2025-08,MW,1,162.61
ecom_national,CW500090,2025-08,PSW,1,162.61
ecom_national,CW500090,2025-08,PNW,1,162.61
retail,BI100210,2025-08,MTN,1,162.61
ecom_national,CW500090,2025-09,NE,1,162.61
ecom_national,CW500090,2025-09,MA,1,162.61
ecom_national,CW500090,2025-09,SE,1,162.61
ecom_national,CW500090,2025-09,MW,1,162.61
ecom_national,CW500090,2025-09,MTN,1,162.61
ecom_national,CW500090,2025-09,PSW,1,162.61
ecom_national,CW500090,2025-09,PNW,1,162.61
retail,BI100210,2025-09,MW,1,162.61
retail,BI100210,2025-09,TX,1,162.61
retail,BI100210,2025-09,PSW,1,162.61
vet_clinic,BI100210,2025-09,TX,1,162.61
ecom_national,CW500090,2025-10,MA,1,162.61
ecom_national,CW500090,2025-10,MW,1,162.61
ecom_national,CW500090,2025-10,TX,1,162.61
ecom_national,CW500090,2025-10,MTN,2,325.22
ecom_national,CW500090,2025-10,PSW,1,162.61
ecom_national,CW500090,2025-10,PNW,1,162.61
retail,BI100210,2025-10,MW,1,162.61
retail,BI100210,2025-10,PSW,1,162.61
ecom_national,CW500090,2025-11,NE,1,162.61
ecom_national,CW500090,2025-11,TX,1,162.61
ecom_national,CW500090,2025-11,PSW,1,162.61
ecom_national,CW500090,2025-11,PNW,1,162.61
retail,BI100210,2025-11,MA,1,162.61
retail,BI100210,2025-11,TX,1,162.61
retail,BI100210,2025-11,PNW,1,162.61
ecom_national,CW500090,2025-12,NE,1,162.61
ecom_national,CW500090,2025-12,MA,1,162.61
ecom_national,CW500090,2025-12,MW,1,162.61
ecom_national,CW500090,2025-12,TX,1,162.61
ecom_national,CW500090,2025-12,MTN,1,162.61
ecom_national,CW500090,2025-12,PNW,1,162.61
retail,BI100210,2025-12,PNW,1,162.61
ecom_national,CW500093,2024-01,SE,1,19.1
ecom_national,CW500093,2024-01,TX,1,19.1
ecom_national,CW500093,2024-02,MA,1,19.1
ecom_national,CW500093,2024-02,TX,1,19.1
ecom_national,CW500093,2024-03,PSW,1,19.1
ecom_national,CW500093,2024-03,PNW,1,19.1
ecom_national,CW500093,2024-04,MA,1,19.1
ecom_national,CW500093,2024-04,MW,1,19.1
retail,BI100217,2024-04,PSW,1,19.1
ecom_national,CW500093,2024-05,SE,1,19.1
ecom_national,CW500093,2024-06,MW,1,19.1
ecom_national,CW500093,2024-07,TX,1,19.1
ecom_national,CW500093,2024-07,PSW,1,19.1
ecom_national,CW500093,2024-07,PNW,1,19.1
retail,BI100217,2024-07,MW,1,19.1
ecom_national,CW500093,2024-08,SE,1,19.1
ecom_national,CW500093,2024-08,TX,1,19.1
ecom_national,CW500093,2024-09,NE,1,19.1
ecom_national,CW500093,2024-09,SE,1,19.1
ecom_national,CW500093,2024-09,MW,1,19.1
retail,BI100217,2024-09,MA,1,19.1
ecom_national,CW500093,2024-10,SE,1,19.1
ecom_national,CW500093,2024-10,MW,1,19.1
ecom_national,CW500093,2024-10,MTN,1,19.1
ecom_national,CW500093,2024-10,PSW,1,19.1
ecom_national,CW500093,2024-11,PNW,1,19.1
ecom_national,CW500093,2024-12,MW,1,19.1
ecom_national,CW500093,2024-12,MTN,1,19.1
ecom_national,CW500093,2024-12,PNW,1,19.1
ecom_national,CW500093,2025-01,MA,1,19.1
retail,BI100217,2025-01,PSW,1,19.1
ecom_national,CW500093,2025-02,NE,1,19.1
ecom_national,CW500093,2025-02,PSW,1,19.1
ecom_national,CW500093,2025-03,MA,1,19.1
ecom_national,CW500093,2025-03,TX,1,19.1
ecom_national,CW500093,2025-03,PSW,1,19.1
ecom_national,CW500093,2025-04,MA,1,19.1
ecom_national,CW500093,2025-04,MW,1,19.1
ecom_national,CW500093,2025-04,MTN,1,19.1
ecom_national,CW500093,2025-04,PNW,1,19.1
retail,BI100217,2025-04,PSW,1,19.1
ecom_national,CW500093,2025-05,MA,1,19.1
ecom_national,CW500093,2025-05,SE,1,19.1
ecom_national,CW500093,2025-05,PNW,1,19.1
retail,BI100217,2025-05,MA,1,19.1
ecom_national,CW500093,2025-06,MW,1,19.1
ecom_national,CW500093,2025-06,TX,1,19.1
ecom_national,CW500093,2025-06,PNW,1,19.1
retail,BI100217,2025-06,MA,1,19.1
ecom_national,CW500093,2025-07,TX,1,19.1
ecom_national,CW500093,2025-07,MTN,1,19.1
ecom_national,CW500093,2025-08,MA,1,19.1
ecom_national,CW500093,2025-08,SE,1,19.1
ecom_national,CW500093,2025-08,MW,1,19.1
ecom_national,CW500093,2025-08,TX,1,19.1
retail,BI100217,2025-08,MW,1,19.1
ecom_national,CW500093,2025-09,MA,1,19.1
ecom_national,CW500093,2025-10,MA,1,19.1
ecom_national,CW500093,2025-10,MW,1,19.1
ecom_national,CW500093,2025-10,PNW,1,19.1
retail,BI100217,2025-10,MA,1,19.1
ecom_national,CW500093,2025-11,SE,1,19.1
ecom_national,CW500093,2025-11,MW,1,19.1
ecom_national,CW500093,2025-12,MA,1,19.1
ecom_national,CW500093,2025-12,MW,1,19.1
ecom_national,CW500093,2025-12,MTN,1,19.1
retail,BI100217,2025-12,PSW,1,19.1
ecom_national,CW500096,2024-01,NE,1,207.87
ecom_national,CW500096,2024-01,MA,1,207.87
ecom_national,CW500096,2024-01,SE,1,207.87
ecom_national,CW500096,2024-01,MW,1,207.87
ecom_national,CW500096,2024-01,PSW,1,207.87
ecom_national,CW500096,2024-01,PNW,1,207.87
ecom_national,CW500096,2024-02,MW,1,207.87
ecom_national,CW500096,2024-02,PNW,1,207.87
retail,BI100224,2024-02,PNW,1,207.87
ecom_national,CW500096,2024-03,NE,1,207.87
ecom_national,CW500096,2024-03,MA,1,207.87
ecom_national,CW500096,2024-03,SE,1,207.87
ecom_national,CW500096,2024-03,MW,1,207.87
ecom_national,CW500096,2024-03,MTN,1,207.87
ecom_national,CW500096,2024-03,PSW,1,207.87
ecom_national,CW500096,2024-04,SE,1,207.87
ecom_national,CW500096,2024-04,MW,1,207.87
ecom_national,CW500096,2024-04,PSW,1,207.87
ecom_national,CW500096,2024-04,PNW,1,207.87
ecom_national,CW500096,2024-05,SE,1,207.87
retail,BI100224,2024-05,SE,1,207.87
ecom_national,CW500096,2024-06,MA,1,207.87
ecom_national,CW500096,2024-06,SE,1,207.87
ecom_national,CW500096,2024-06,MW,1,207.87
ecom_national,CW500096,2024-06,TX,1,207.87
ecom_national,CW500096,2024-06,MTN,1,207.87
retail,BI100224,2024-06,NE,1,207.87
retail,BI100224,2024-06,MW,1,207.87
ecom_national,CW500096,2024-07,NE,1,207.87
ecom_national,CW500096,2024-07,MA,1,207.87
ecom_national,CW500096,2024-07,SE,1,207.87
ecom_national,CW500096,2024-07,TX,1,207.87
ecom_national,CW500096,2024-07,PNW,1,207.87
ecom_national,CW500096,2024-08,NE,1,207.87
ecom_national,CW500096,2024-08,SE,1,207.87
retail,BI100224,2024-08,SE,1,207.87
retail,BI100224,2024-08,MW,1,207.87
ecom_national,CW500096,2024-09,NE,1,207.87
ecom_national,CW500096,2024-09,SE,1,207.87
ecom_national,CW500096,2024-09,MTN,1,207.87
ecom_national,CW500096,2024-09,PSW,1,207.87
ecom_national,CW500096,2024-09,PNW,1,207.87
ecom_national,CW500096,2024-10,MA,1,207.87
ecom_national,CW500096,2024-10,SE,1,207.87
ecom_national,CW500096,2024-10,MW,1,207.87
ecom_national,CW500096,2024-10,MTN,1,207.87
ecom_national,CW500096,2024-10,PNW,1,207.87
retail,BI100224,2024-10,NE,1,207.87
retail,BI100224,2024-10,SE,1,207.87
retail,BI100224,2024-10,PNW,1,207.87
ecom_national,CW500096,2024-11,SE,1,207.87
ecom_national,CW500096,2024-11,MW,1,207.87
ecom_national,CW500096,2024-11,TX,1,207.87
ecom_national,CW500096,2024-11,PNW,1,207.87
retail,BI100224,2024-11,NE,1,207.87
ecom_national,CW500096,2024-12,NE,1,207.87
ecom_national,CW500096,2024-12,SE,1,207.87
ecom_national,CW500096,2024-12,MW,1,207.87
ecom_national,CW500096,2025-01,NE,1,207.87
ecom_national,CW500096,2025-01,SE,1,207.87
ecom_national,CW500096,2025-01,MW,1,207.87
ecom_national,CW500096,2025-01,TX,1,207.87
ecom_national,CW500096,2025-01,PSW,1,207.87
retail,BI100224,2025-01,SE,1,207.87
retail,BI100224,2025-01,MW,1,207.87
ecom_national,CW500096,2025-02,MA,1,207.87
ecom_national,CW500096,2025-02,SE,1,207.87
ecom_national,CW500096,2025-02,TX,1,207.87
ecom_national,CW500096,2025-02,PNW,1,207.87
retail,BI100224,2025-02,TX,1,207.87
ecom_national,CW500096,2025-03,NE,1,207.87
ecom_national,CW500096,2025-03,MW,1,207.87
ecom_national,CW500096,2025-03,TX,1,207.87
ecom_national,CW500096,2025-03,MTN,1,207.87
ecom_national,CW500096,2025-04,SE,1,207.87
ecom_national,CW500096,2025-04,MW,1,207.87
ecom_national,CW500096,2025-04,MTN,1,207.87
ecom_national,CW500096,2025-05,SE,1,207.87
ecom_national,CW500096,2025-05,MW,1,207.87
ecom_national,CW500096,2025-05,TX,1,207.87
retail,BI100224,2025-05,SE,1,207.87
ecom_national,CW500096,2025-06,NE,1,207.87
ecom_national,CW500096,2025-06,MA,1,207.87
ecom_national,CW500096,2025-06,SE,1,207.87
ecom_national,CW500096,2025-06,PNW,1,207.87
retail,BI100224,2025-06,SE,1,207.87
retail,BI100224,2025-06,MW,1,207.87
ecom_national,CW500096,2025-07,NE,1,207.87
ecom_national,CW500096,2025-07,SE,1,207.87
retail,BI100224,2025-07,SE,1,207.87
retail,BI100224,2025-07,TX,1,207.87
ecom_national,CW500096,2025-08,NE,1,207.87
ecom_national,CW500096,2025-08,TX,1,207.87
ecom_national,CW500096,2025-08,PSW,1,207.87
retail,BI100224,2025-08,PNW,1,207.87
ecom_national,CW500096,2025-09,NE,1,207.87
ecom_national,CW500096,2025-09,SE,1,207.87
ecom_national,CW500096,2025-09,MW,1,207.87
ecom_national,CW500096,2025-09,TX,1,207.87
ecom_national,CW500096,2025-09,PNW,1,207.87
retail,BI100224,2025-09,SE,1,207.87
retail,BI100224,2025-09,TX,1,207.87
ecom_national,CW500096,2025-10,NE,1,207.87
ecom_national,CW500096,2025-10,MW,1,207.87
ecom_national,CW500096,2025-10,TX,1,207.87
ecom_national,CW500096,2025-10,MTN,1,207.87
ecom_national,CW500096,2025-10,PSW,1,207.87
retail,BI100224,2025-10,MTN,1,207.87
retail,BI100224,2025-10,PNW,1,207.87
ecom_national,CW500096,2025-11,NE,1,207.87
ecom_national,CW500096,2025-11,SE,1,207.87
ecom_national,CW500096,2025-11,MW,1,207.87
ecom_national,CW500096,2025-11,TX,1,207.87
ecom_national,CW500096,2025-11,PSW,1,207.87
ecom_national,CW500096,2025-11,PNW,1,207.87
retail,BI100224,2025-11,TX,1,207.87
ecom_national,CW500096,2025-12,NE,1,207.87
ecom_national,CW500096,2025-12,MW,1,207.87
ecom_national,CW500096,2025-12,PSW,1,207.87
retail,BI100224,2025-12,SE,1,207.87
retail,BI100224,2025-12,MW,1,207.87
