CHEWY_PRODUCT_PART_NUMBER,report_month,ship_region,units_sold,ext_sales_amt,unit_price
CW500003,2024-01,NE,49,1134.84,23.16
CW500003,2024-01,MA,43,995.88,23.16
CW500003,2024-01,SE,66,1528.56,23.16
CW500003,2024-01,MW,44,1019.04,23.16
CW500003,2024-01,TX,59,1366.44,23.16
CW500003,2024-01,MTN,66,1528.56,23.16
CW500003,2024-01,PSW,56,1296.96,23.16
CW500003,2024-01,PNW,60,1389.6,23.16
CW500003,2024-02,NE,54,1250.64,23.16
CW500003,2024-02,MA,46,1065.36,23.16
CW500003,2024-02,SE,66,1528.56,23.16
CW500003,2024-02,MW,49,1134.84,23.16
CW500003,2024-02,TX,68,1574.88,23.16
CW500003,2024-02,MTN,70,1621.2,23.16
CW500003,2024-02,PSW,59,1366.44,23.16
CW500003,2024-02,PNW,61,1412.76,23.16
CW500003,2024-03,NE,56,1296.96,23.16
CW500003,2024-03,MA,61,1412.76,23.16
CW500003,2024-03,SE,86,1991.76,23.16
CW500003,2024-03,MW,54,1250.64,23.16
CW500003,2024-03,TX,71,1644.36,23.16
CW500003,2024-03,MTN,83,1922.28,23.16
CW500003,2024-03,PSW,66,1528.56,23.16
CW500003,2024-03,PNW,74,1713.84,23.16
CW500003,2024-04,NE,67,1551.72,23.16
CW500003,2024-04,MA,61,1412.76,23.16
CW500003,2024-04,SE,96,2223.36,23.16
CW500003,2024-04,MW,63,1459.08,23.16
CW500003,2024-04,TX,89,2061.24,23.16
CW500003,2024-04,MTN,99,2292.84,23.16
CW500003,2024-04,PSW,83,1922.28,23.16
CW500003,2024-04,PNW,81,1875.96,23.16
CW500003,2024-05,NE,72,1667.52,23.16
CW500003,2024-05,MA,72,1667.52,23.16
CW500003,2024-05,SE,97,2246.52,23.16
CW500003,2024-05,MW,68,1574.88,23.16
CW500003,2024-05,TX,98,2269.68,23.16
CW500003,2024-05,MTN,95,2200.2,23.16
CW500003,2024-05,PSW,85,1968.6,23.16
CW500003,2024-05,PNW,97,2246.52,23.16
CW500003,2024-06,NE,77,1783.32,23.16
CW500003,2024-06,MA,68,1574.88,23.16
CW500003,2024-06,SE,97,2246.52,23.16
CW500003,2024-06,MW,75,1737.0,23.16
CW500003,2024-06,TX,99,2292.84,23.16
CW500003,2024-06,MTN,100,2316.0,23.16
CW500003,2024-06,PSW,88,2038.08,23.16
CW500003,2024-06,PNW,101,2339.16,23.16
CW500003,2024-07,NE,79,1829.64,23.16
CW500003,2024-07,MA,72,1667.52,23.16
CW500003,2024-07,SE,100,2316.0,23.16
CW500003,2024-07,MW,76,1760.16,23.16
CW500003,2024-07,TX,91,2107.56,23.16
CW500003,2024-07,MTN,100,2316.0,23.16
CW500003,2024-07,PSW,89,2061.24,23.16
CW500003,2024-07,PNW,98,2269.68,23.16
CW500003,2024-08,NE,65,1505.4,23.16
CW500003,2024-08,MA,69,1598.04,23.16
CW500003,2024-08,SE,101,2339.16,23.16
CW500003,2024-08,MW,66,1528.56,23.16
CW500003,2024-08,TX,83,1922.28,23.16
CW500003,2024-08,MTN,99,2292.84,23.16
CW500003,2024-08,PSW,88,2038.08,23.16
CW500003,2024-08,PNW,90,2084.4,23.16
CW500003,2024-09,NE,60,1389.6,23.16
CW500003,2024-09,MA,62,1435.92,23.16
CW500003,2024-09,SE,81,1875.96,23.16
CW500003,2024-09,MW,62,1435.92,23.16
CW500003,2024-09,TX,77,1783.32,23.16
CW500003,2024-09,MTN,84,1945.44,23.16
CW500003,2024-09,PSW,71,1644.36,23.16
CW500003,2024-09,PNW,74,1713.84,23.16
CW500003,2024-10,NE,53,1227.48,23.16
CW500003,2024-10,MA,52,1204.32,23.16
CW500003,2024-10,SE,75,1737.0,23.16
CW500003,2024-10,MW,56,1296.96,23.16
CW500003,2024-10,TX,69,1598.04,23.16
CW500003,2024-10,MTN,79,1829.64,23.16
CW500003,2024-10,PSW,67,1551.72,23.16
CW500003,2024-10,PNW,66,1528.56,23.16
CW500003,2024-11,NE,51,1181.16,23.16
CW500003,2024-11,MA,48,1111.68,23.16
CW500003,2024-11,SE,62,1435.92,23.16
CW500003,2024-11,MW,48,1111.68,23.16
CW500003,2024-11,TX,58,1343.28,23.16
CW500003,2024-11,MTN,65,1505.4,23.16
CW500003,2024-11,PSW,57,1320.12,23.16
CW500003,2024-11,PNW,63,1459.08,23.16
CW500003,2024-12,NE,49,1134.84,23.16
CW500003,2024-12,MA,43,995.88,23.16
CW500003,2024-12,SE,68,1574.88,23.16
CW500003,2024-12,MW,45,1042.2,23.16
CW500003,2024-12,TX,58,1343.28,23.16
CW500003,2024-12,MTN,63,1459.08,23.16
CW500003,2024-12,PSW,57,1320.12,23.16
CW500003,2024-12,PNW,59,1366.44,23.16
CW500003,2025-01,NE,53,1227.48,23.16
CW500003,2025-01,MA,49,1134.84,23.16
CW500003,2025-01,SE,65,1505.4,23.16
CW500003,2025-01,MW,50,1158.0,23.16
CW500003,2025-01,TX,45,1229.85,27.33
CW500003,2025-01,MTN,73,1690.68,23.16
CW500003,2025-01,PSW,63,1459.08,23.16
CW500003,2025-01,PNW,61,1412.76,23.16
CW500003,2025-02,NE,54,1250.64,23.16
CW500003,2025-02,MA,52,1204.32,23.16
CW500003,2025-02,SE,73,1690.68,23.16
CW500003,2025-02,MW,57,1320.12,23.16
CW500003,2025-02,TX,50,1366.5,27.33
CW500003,2025-02,MTN,82,1899.12,23.16
CW500003,2025-02,PSW,67,1551.72,23.16
CW500003,2025-02,PNW,73,1690.68,23.16
CW500003,2025-03,NE,68,1574.88,23.16
CW500003,2025-03,MA,66,1528.56,23.16
CW500003,2025-03,SE,82,1899.12,23.16
CW500003,2025-03,MW,65,1505.4,23.16
CW500003,2025-03,TX,79,1829.64,23.16
CW500003,2025-03,MTN,90,2084.4,23.16
CW500003,2025-03,PSW,77,1783.32,23.16
CW500003,2025-03,PNW,85,1968.6,23.16
CW500003,2025-04,NE,75,1737.0,23.16
CW500003,2025-04,MA,65,1505.4,23.16
CW500003,2025-04,SE,103,2385.48,23.16
CW500003,2025-04,MW,69,1598.04,23.16
CW500003,2025-04,TX,92,2130.72,23.16
CW500003,2025-04,MTN,106,2454.96,23.16
CW500003,2025-04,PSW,87,2014.92,23.16
CW500003,2025-04,PNW,84,1945.44,23.16
CW500003,2025-05,NE,74,1713.84,23.16
CW500003,2025-05,MA,73,1690.68,23.16
CW500003,2025-05,SE,107,2478.12,23.16
CW500003,2025-05,MW,80,1852.8,23.16
CW500003,2025-05,TX,105,2431.8,23.16
CW500003,2025-05,MTN,108,2501.28,23.16
CW500003,2025-05,PSW,90,2084.4,23.16
CW500003,2025-05,PNW,94,2177.04,23.16
CW500003,2025-06,NE,87,2014.92,23.16
CW500003,2025-06,MA,79,1829.64,23.16
CW500003,2025-06,SE,112,2593.92,23.16
CW500003,2025-06,MW,79,1829.64,23.16
CW500003,2025-06,TX,110,2547.6,23.16
CW500003,2025-06,MTN,119,2756.04,23.16
CW500003,2025-06,PSW,103,2385.48,23.16
CW500003,2025-06,PNW,98,2269.68,23.16
CW500003,2025-07,NE,75,1737.0,23.16
CW500003,2025-07,MA,81,1875.96,23.16
CW500003,2025-07,SE,115,2663.4,23.16
CW500003,2025-07,MW,75,1737.0,23.16
CW500003,2025-07,TX,101,2339.16,23.16
CW500003,2025-07,MTN,105,2431.8,23.16
CW500003,2025-07,PSW,100,2316.0,23.16
CW500003,2025-07,PNW,103,2385.48,23.16
CW500003,2025-08,NE,74,1713.84,23.16
CW500003,2025-08,MA,72,1667.52,23.16
CW500003,2025-08,SE,99,2292.84,23.16
CW500003,2025-08,MW,74,1713.84,23.16
CW500003,2025-08,TX,100,2316.0,23.16
CW500003,2025-08,MTN,104,2408.64,23.16
CW500003,2025-08,PSW,92,2130.72,23.16
CW500003,2025-08,PNW,89,2061.24,23.16
CW500003,2025-09,NE,66,1528.56,23.16
CW500003,2025-09,MA,66,1528.56,23.16
CW500003,2025-09,SE,83,1922.28,23.16
CW500003,2025-09,MW,60,1389.6,23.16
CW500003,2025-09,TX,78,1806.48,23.16
CW500003,2025-09,MTN,90,2084.4,23.16
CW500003,2025-09,PSW,80,1852.8,23.16
CW500003,2025-09,PNW,86,1991.76,23.16
CW500003,2025-10,NE,57,1320.12,23.16
CW500003,2025-10,MA,57,1320.12,23.16
CW500003,2025-10,SE,83,1922.28,23.16
CW500003,2025-10,MW,58,1343.28,23.16
CW500003,2025-10,TX,74,1713.84,23.16
CW500003,2025-10,MTN,85,1968.6,23.16
CW500003,2025-10,PSW,71,1644.36,23.16
CW500003,2025-10,PNW,69,1598.04,23.16
CW500003,2025-11,NE,51,1181.16,23.16
CW500003,2025-11,MA,52,1204.32,23.16
CW500003,2025-11,SE,77,1783.32,23.16
CW500003,2025-11,MW,51,1181.16,23.16
CW500003,2025-11,TX,71,1644.36,23.16
CW500003,2025-11,MTN,69,1598.04,23.16
CW500003,2025-11,PSW,61,1412.76,23.16
CW500003,2025-11,PNW,68,1574.88,23.16
CW500003,2025-12,NE,54,1250.64,23.16
CW500003,2025-12,MA,47,1088.52,23.16
CW500003,2025-12,SE,65,1505.4,23.16
CW500003,2025-12,MW,47,1088.52,23.16
CW500003,2025-12,TX,64,1482.24,23.16
CW500003,2025-12,MTN,74,1713.84,23.16
CW500003,2025-12,PSW,56,1296.96,23.16
CW500003,2025-12,PNW,60,1389.6,23.16
CW500006,2024-01,NE,138,7044.9,51.05
CW500006,2024-01,MA,167,8525.35,51.05
CW500006,2024-01,SE,104,5309.2,51.05
CW500006,2024-01,MW,105,5360.25,51.05
CW500006,2024-01,TX,110,5615.5,51.05
CW500006,2024-01,MTN,117,5972.85,51.05
CW500006,2024-01,PSW,156,7963.8,51.05
CW500006,2024-01,PNW,127,6483.35,51.05
CW500006,2024-02,NE,178,9086.9,51.05
CW500006,2024-02,MA,177,9035.85,51.05
CW500006,2024-02,SE,129,6585.45,51.05
CW500006,2024-02,MW,108,5513.4,51.05
CW500006,2024-02,TX,116,5921.8,51.05
CW500006,2024-02,MTN,125,6381.25,51.05
CW500006,2024-02,PSW,156,7963.8,51.05
CW500006,2024-02,PNW,151,7708.55,51.05
CW500006,2024-03,NE,198,10107.9,51.05
CW500006,2024-03,MA,218,11128.9,51.05
CW500006,2024-03,SE,136,6942.8,51.05
CW500006,2024-03,MW,133,6789.65,51.05
CW500006,2024-03,TX,140,7147.0,51.05
CW500006,2024-03,MTN,157,8014.85,51.05
CW500006,2024-03,PSW,191,9750.55,51.05
CW500006,2024-03,PNW,156,7963.8,51.05
CW500006,2024-04,NE,224,11435.2,51.05
CW500006,2024-04,MA,228,11639.4,51.05
CW500006,2024-04,SE,159,8116.95,51.05
CW500006,2024-04,MW,144,7351.2,51.05
CW500006,2024-04,TX,162,8270.1,51.05
CW500006,2024-04,MTN,163,8321.15,51.05
CW500006,2024-04,PSW,236,12047.8,51.05
CW500006,2024-04,PNW,200,10210.0,51.05
CW500006,2024-05,NE,228,11639.4,51.05
CW500006,2024-05,MA,268,13681.4,51.05
CW500006,2024-05,SE,170,8678.5,51.05
CW500006,2024-05,MW,166,8474.3,51.05
CW500006,2024-05,TX,186,9495.3,51.05
CW500006,2024-05,MTN,188,9597.4,51.05
CW500006,2024-05,PSW,258,13170.9,51.05
CW500006,2024-05,PNW,200,10210.0,51.05
CW500006,2024-06,NE,260,13273.0,51.05
CW500006,2024-06,MA,263,13426.15,51.05
CW500006,2024-06,SE,166,8474.3,51.05
CW500006,2024-06,MW,159,8116.95,51.05
CW500006,2024-06,TX,178,9086.9,51.05
CW500006,2024-06,MTN,207,10567.35,51.05
CW500006,2024-06,PSW,242,12354.1,51.05
CW500006,2024-06,PNW,198,10107.9,51.05
CW500006,2024-07,NE,224,11435.2,51.05
CW500006,2024-07,MA,268,13681.4,51.05
CW500006,2024-07,SE,166,8474.3,51.05
CW500006,2024-07,MW,150,7657.5,51.05
CW500006,2024-07,TX,170,8678.5,51.05
CW500006,2024-07,MTN,197,10056.85,51.05
CW500006,2024-07,PSW,243,12405.15,51.05
CW500006,2024-07,PNW,221,11282.05,51.05
CW500006,2024-08,NE,228,11639.4,51.05
CW500006,2024-08,MA,252,12864.6,51.05
CW500006,2024-08,SE,169,8627.45,51.05
CW500006,2024-08,MW,152,7759.6,51.05
CW500006,2024-08,TX,173,8831.65,51.05
CW500006,2024-08,MTN,175,8933.75,51.05
CW500006,2024-08,PSW,244,12456.2,51.05
CW500006,2024-08,PNW,202,10312.1,51.05
CW500006,2024-09,NE,188,9597.4,51.05
CW500006,2024-09,MA,205,10465.25,51.05
CW500006,2024-09,SE,145,7402.25,51.05
CW500006,2024-09,MW,136,6942.8,51.05
CW500006,2024-09,TX,151,7708.55,51.05
CW500006,2024-09,MTN,154,7861.7,51.05
CW500006,2024-09,PSW,216,11026.8,51.05
CW500006,2024-09,PNW,182,9291.1,51.05
CW500006,2024-10,NE,161,8219.05,51.05
CW500006,2024-10,MA,196,10005.8,51.05
CW500006,2024-10,SE,118,6023.9,51.05
CW500006,2024-10,MW,119,6074.95,51.05
CW500006,2024-10,TX,119,6074.95,51.05
CW500006,2024-10,MTN,152,7759.6,51.05
CW500006,2024-10,PSW,187,9546.35,51.05
CW500006,2024-10,PNW,150,7657.5,51.05
CW500006,2024-11,NE,163,8321.15,51.05
CW500006,2024-11,MA,176,8984.8,51.05
CW500006,2024-11,SE,108,5513.4,51.05
CW500006,2024-11,MW,112,5717.6,51.05
CW500006,2024-11,TX,111,5666.55,51.05
CW500006,2024-11,MTN,136,6942.8,51.05
CW500006,2024-11,PSW,165,8423.25,51.05
CW500006,2024-11,PNW,134,6840.7,51.05
CW500006,2024-12,NE,162,8270.1,51.05
CW500006,2024-12,MA,168,8576.4,51.05
CW500006,2024-12,SE,106,5411.3,51.05
CW500006,2024-12,MW,106,5411.3,51.05
CW500006,2024-12,TX,105,5360.25,51.05
CW500006,2024-12,MTN,118,6023.9,51.05
CW500006,2024-12,PSW,143,7300.15,51.05
CW500006,2024-12,PNW,138,7044.9,51.05
CW500006,2025-01,NE,166,8474.3,51.05
CW500006,2025-01,MA,162,8270.1,51.05
CW500006,2025-01,SE,108,5513.4,51.05
CW500006,2025-01,MW,102,5207.1,51.05
CW500006,2025-01,TX,86,5180.64,60.24
CW500006,2025-01,MTN,135,6891.75,51.05
CW500006,2025-01,PSW,151,7708.55,51.05
CW500006,2025-01,PNW,142,7249.1,51.05
CW500006,2025-02,NE,184,9393.2,51.05
CW500006,2025-02,MA,191,9750.55,51.05
CW500006,2025-02,SE,127,6483.35,51.05
CW500006,2025-02,MW,113,5768.65,51.05
CW500006,2025-02,TX,101,6084.24,60.24
CW500006,2025-02,MTN,151,7708.55,51.05
CW500006,2025-02,PSW,178,9086.9,51.05
CW500006,2025-02,PNW,144,7351.2,51.05
CW500006,2025-03,NE,194,9903.7,51.05
CW500006,2025-03,MA,241,12303.05,51.05
CW500006,2025-03,SE,142,7249.1,51.05
CW500006,2025-03,MW,132,6738.6,51.05
CW500006,2025-03,TX,152,7759.6,51.05
CW500006,2025-03,MTN,172,8780.6,51.05
CW500006,2025-03,PSW,193,9852.65,51.05
CW500006,2025-03,PNW,168,8576.4,51.05
CW500006,2025-04,NE,243,12405.15,51.05
CW500006,2025-04,MA,266,13579.3,51.05
CW500006,2025-04,SE,171,8729.55,51.05
CW500006,2025-04,MW,159,8116.95,51.05
CW500006,2025-04,TX,185,9444.25,51.05
CW500006,2025-04,MTN,191,9750.55,51.05
CW500006,2025-04,PSW,252,12864.6,51.05
CW500006,2025-04,PNW,211,10771.55,51.05
CW500006,2025-05,NE,246,12558.3,51.05
CW500006,2025-05,MA,292,14906.6,51.05
CW500006,2025-05,SE,170,8678.5,51.05
CW500006,2025-05,MW,176,8984.8,51.05
CW500006,2025-05,TX,172,8780.6,51.05
CW500006,2025-05,MTN,214,10924.7,51.05
CW500006,2025-05,PSW,267,13630.35,51.05
CW500006,2025-05,PNW,228,11639.4,51.05
CW500006,2025-06,NE,265,13528.25,51.05
CW500006,2025-06,MA,263,13426.15,51.05
CW500006,2025-06,SE,194,9903.7,51.05
CW500006,2025-06,MW,174,8882.7,51.05
CW500006,2025-06,TX,195,9954.75,51.05
CW500006,2025-06,MTN,209,10669.45,51.05
CW500006,2025-06,PSW,263,13426.15,51.05
CW500006,2025-06,PNW,232,11843.6,51.05
CW500006,2025-07,NE,271,13834.55,51.05
CW500006,2025-07,MA,260,13273.0,51.05
CW500006,2025-07,SE,169,8627.45,51.05
CW500006,2025-07,MW,168,8576.4,51.05
CW500006,2025-07,TX,179,9137.95,51.05
CW500006,2025-07,MTN,218,11128.9,51.05
CW500006,2025-07,PSW,249,12711.45,51.05
CW500006,2025-07,PNW,213,10873.65,51.05
CW500006,2025-08,NE,240,12252.0,51.05
CW500006,2025-08,MA,277,14140.85,51.05
CW500006,2025-08,SE,168,8576.4,51.05
CW500006,2025-08,MW,152,7759.6,51.05
CW500006,2025-08,TX,179,9137.95,51.05
CW500006,2025-08,MTN,199,10158.95,51.05
CW500006,2025-08,PSW,255,13017.75,51.05
CW500006,2025-08,PNW,206,10516.3,51.05
CW500006,2025-09,NE,209,10669.45,51.05
CW500006,2025-09,MA,232,11843.6,51.05
CW500006,2025-09,SE,162,8270.1,51.05
CW500006,2025-09,MW,130,6636.5,51.05
CW500006,2025-09,TX,169,8627.45,51.05
CW500006,2025-09,MTN,182,9291.1,51.05
CW500006,2025-09,PSW,221,11282.05,51.05
CW500006,2025-09,PNW,195,9954.75,51.05
CW500006,2025-10,NE,182,9291.1,51.05
CW500006,2025-10,MA,188,9597.4,51.05
CW500006,2025-10,SE,125,6381.25,51.05
CW500006,2025-10,MW,118,6023.9,51.05
CW500006,2025-10,TX,134,6840.7,51.05
CW500006,2025-10,MTN,164,8372.2,51.05
CW500006,2025-10,PSW,187,9546.35,51.05
CW500006,2025-10,PNW,151,7708.55,51.05
CW500006,2025-11,NE,173,8831.65,51.05
CW500006,2025-11,MA,185,9444.25,51.05
CW500006,2025-11,SE,128,6534.4,51.05
CW500006,2025-11,MW,103,5258.15,51.05
CW500006,2025-11,TX,116,5921.8,51.05
CW500006,2025-11,MTN,141,7198.05,51.05
CW500006,2025-11,PSW,167,8525.35,51.05
CW500006,2025-11,PNW,138,7044.9,51.05
CW500006,2025-12,NE,162,8270.1,51.05
CW500006,2025-12,MA,183,9342.15,51.05
CW500006,2025-12,SE,122,6228.1,51.05
CW500006,2025-12,MW,108,5513.4,51.05
CW500006,2025-12,TX,111,5666.55,51.05
CW500006,2025-12,MTN,139,7095.95,51.05
CW500006,2025-12,PSW,160,8168.0,51.05
CW500006,2025-12,PNW,151,7708.55,51.05
CW500009,2024-01,NE,65,12257.7,188.58
CW500009,2024-01,MA,66,12446.28,188.58
CW500009,2024-01,SE,53,9994.74,188.58
CW500009,2024-01,MW,65,12257.7,188.58
CW500009,2024-01,TX,47,8863.26,188.58
CW500009,2024-01,MTN,64,12069.12,188.58
CW500009,2024-01,PSW,60,11314.8,188.58
CW500009,2024-01,PNW,67,12634.86,188.58
CW500009,2024-02,NE,70,13200.6,188.58
CW500009,2024-02,MA,74,13954.92,188.58
CW500009,2024-02,SE,59,11126.22,188.58
CW500009,2024-02,MW,74,13954.92,188.58
CW500009,2024-02,TX,48,9051.84,188.58
CW500009,2024-02,MTN,73,13766.34,188.58
CW500009,2024-02,PSW,72,13577.76,188.58
CW500009,2024-02,PNW,69,13012.02,188.58
CW500009,2024-03,NE,91,17160.78,188.58
CW500009,2024-03,MA,82,15463.56,188.58
CW500009,2024-03,SE,72,13577.76,188.58
CW500009,2024-03,MW,84,15840.72,188.58
CW500009,2024-03,TX,57,10749.06,188.58
CW500009,2024-03,MTN,77,14520.66,188.58
CW500009,2024-03,PSW,76,14332.08,188.58
CW500009,2024-03,PNW,80,15086.4,188.58
CW500009,2024-04,NE,93,17537.94,188.58
CW500009,2024-04,MA,98,18480.84,188.58
CW500009,2024-04,SE,77,14520.66,188.58
CW500009,2024-04,MW,92,17349.36,188.58
CW500009,2024-04,TX,68,12823.44,188.58
CW500009,2024-04,MTN,92,17349.36,188.58
CW500009,2024-04,PSW,85,16029.3,188.58
CW500009,2024-04,PNW,103,19423.74,188.58
CW500009,2024-05,NE,108,20366.64,188.58
CW500009,2024-05,MA,100,18858.0,188.58
CW500009,2024-05,SE,82,15463.56,188.58
CW500009,2024-05,MW,106,19989.48,188.58
CW500009,2024-05,TX,66,12446.28,188.58
CW500009,2024-05,MTN,103,19423.74,188.58
CW500009,2024-05,PSW,103,19423.74,188.58
CW500009,2024-05,PNW,96,18103.68,188.58
CW500009,2024-06,NE,105,19800.9,188.58
CW500009,2024-06,MA,99,18669.42,188.58
CW500009,2024-06,SE,93,17537.94,188.58
CW500009,2024-06,MW,108,20366.64,188.58
CW500009,2024-06,TX,75,14143.5,188.58
CW500009,2024-06,MTN,106,19989.48,188.58
CW500009,2024-06,PSW,99,18669.42,188.58
CW500009,2024-06,PNW,101,19046.58,188.58
CW500009,2024-07,NE,99,18669.42,188.58
CW500009,2024-07,MA,99,18669.42,188.58
CW500009,2024-07,SE,90,16972.2,188.58
CW500009,2024-07,MW,107,20178.06,188.58
CW500009,2024-07,TX,75,14143.5,188.58
CW500009,2024-07,MTN,98,18480.84,188.58
CW500009,2024-07,PSW,99,18669.42,188.58
CW500009,2024-07,PNW,99,18669.42,188.58
CW500009,2024-08,NE,97,18292.26,188.58
CW500009,2024-08,MA,93,17537.94,188.58
CW500009,2024-08,SE,84,15840.72,188.58
CW500009,2024-08,MW,103,19423.74,188.58
CW500009,2024-08,TX,70,13200.6,188.58
CW500009,2024-08,MTN,87,16406.46,188.58
CW500009,2024-08,PSW,90,16972.2,188.58
CW500009,2024-08,PNW,98,18480.84,188.58
CW500009,2024-09,NE,86,16217.88,188.58
CW500009,2024-09,MA,92,17349.36,188.58
CW500009,2024-09,SE,70,13200.6,188.58
CW500009,2024-09,MW,81,15274.98,188.58
CW500009,2024-09,TX,59,11126.22,188.58
CW500009,2024-09,MTN,86,16217.88,188.58
CW500009,2024-09,PSW,84,15840.72,188.58
CW500009,2024-09,PNW,87,16406.46,188.58
CW500009,2024-10,NE,80,15086.4,188.58
CW500009,2024-10,MA,73,13766.34,188.58
CW500009,2024-10,SE,60,11314.8,188.58
CW500009,2024-10,MW,78,14709.24,188.58
CW500009,2024-10,TX,51,9617.58,188.58
CW500009,2024-10,MTN,69,13012.02,188.58
CW500009,2024-10,PSW,71,13389.18,188.58
CW500009,2024-10,PNW,81,15274.98,188.58
CW500009,2024-11,NE,65,12257.7,188.58
CW500009,2024-11,MA,68,12823.44,188.58
CW500009,2024-11,SE,58,10937.64,188.58
CW500009,2024-11,MW,73,13766.34,188.58
CW500009,2024-11,TX,48,9051.84,188.58
CW500009,2024-11,MTN,62,11691.96,188.58
CW500009,2024-11,PSW,66,12446.28,188.58
CW500009,2024-11,PNW,73,13766.34,188.58
CW500009,2024-12,NE,64,12069.12,188.58
CW500009,2024-12,MA,62,11691.96,188.58
CW500009,2024-12,SE,51,9617.58,188.58
CW500009,2024-12,MW,68,12823.44,188.58
CW500009,2024-12,TX,45,8486.1,188.58
CW500009,2024-12,MTN,65,12257.7,188.58
CW500009,2024-12,PSW,60,11314.8,188.58
CW500009,2024-12,PNW,70,13200.6,188.58
CW500009,2025-01,NE,70,13200.6,188.58
CW500009,2025-01,MA,73,13766.34,188.58
CW500009,2025-01,SE,59,11126.22,188.58
CW500009,2025-01,MW,73,13766.34,188.58
CW500009,2025-01,TX,36,8010.72,222.52
CW500009,2025-01,MTN,62,11691.96,188.58
CW500009,2025-01,PSW,62,11691.96,188.58
CW500009,2025-01,PNW,67,12634.86,188.58
CW500009,2025-02,NE,74,13954.92,188.58
CW500009,2025-02,MA,82,15463.56,188.58
CW500009,2025-02,SE,70,13200.6,188.58
CW500009,2025-02,MW,79,14897.82,188.58
CW500009,2025-02,TX,41,9123.32,222.52
CW500009,2025-02,MTN,77,14520.66,188.58
CW500009,2025-02,PSW,76,14332.08,188.58
CW500009,2025-02,PNW,80,15086.4,188.58
CW500009,2025-03,NE,98,18480.84,188.58
CW500009,2025-03,MA,92,17349.36,188.58
CW500009,2025-03,SE,69,13012.02,188.58
CW500009,2025-03,MW,84,15840.72,188.58
CW500009,2025-03,TX,59,11126.22,188.58
CW500009,2025-03,MTN,89,16783.62,188.58
CW500009,2025-03,PSW,87,16406.46,188.58
CW500009,2025-03,PNW,96,18103.68,188.58
CW500009,2025-04,NE,98,18480.84,188.58
CW500009,2025-04,MA,103,19423.74,188.58
CW500009,2025-04,SE,90,16972.2,188.58
CW500009,2025-04,MW,104,19612.32,188.58
CW500009,2025-04,TX,69,13012.02,188.58
CW500009,2025-04,MTN,98,18480.84,188.58
CW500009,2025-04,PSW,93,17537.94,188.58
CW500009,2025-04,PNW,109,20555.22,188.58
CW500009,2025-05,NE,107,20178.06,188.58
CW500009,2025-05,MA,103,19423.74,188.58
CW500009,2025-05,SE,94,17726.52,188.58
CW500009,2025-05,MW,119,22441.02,188.58
CW500009,2025-05,TX,74,13954.92,188.58
CW500009,2025-05,MTN,105,19800.9,188.58
CW500009,2025-05,PSW,101,19046.58,188.58
CW500009,2025-05,PNW,102,19235.16,188.58
CW500009,2025-06,NE,122,23006.76,188.58
CW500009,2025-06,MA,114,21498.12,188.58
CW500009,2025-06,SE,101,19046.58,188.58
CW500009,2025-06,MW,121,22818.18,188.58
CW500009,2025-06,TX,73,13766.34,188.58
CW500009,2025-06,MTN,103,19423.74,188.58
CW500009,2025-06,PSW,115,21686.7,188.58
CW500009,2025-06,PNW,110,20743.8,188.58
CW500009,2025-07,NE,110,20743.8,188.58
CW500009,2025-07,MA,116,21875.28,188.58
CW500009,2025-07,SE,99,18669.42,188.58
CW500009,2025-07,MW,120,22629.6,188.58
CW500009,2025-07,TX,69,13012.02,188.58
CW500009,2025-07,MTN,104,19612.32,188.58
CW500009,2025-07,PSW,101,19046.58,188.58
CW500009,2025-07,PNW,118,22252.44,188.58
CW500009,2025-08,NE,104,19612.32,188.58
CW500009,2025-08,MA,106,19989.48,188.58
CW500009,2025-08,SE,87,16406.46,188.58
CW500009,2025-08,MW,111,20932.38,188.58
CW500009,2025-08,TX,73,13766.34,188.58
CW500009,2025-08,MTN,92,17349.36,188.58
CW500009,2025-08,PSW,98,18480.84,188.58
CW500009,2025-08,PNW,111,20932.38,188.58
CW500009,2025-09,NE,93,17537.94,188.58
CW500009,2025-09,MA,94,17726.52,188.58
CW500009,2025-09,SE,75,14143.5,188.58
CW500009,2025-09,MW,87,16406.46,188.58
CW500009,2025-09,TX,64,12069.12,188.58
CW500009,2025-09,MTN,85,16029.3,188.58
CW500009,2025-09,PSW,88,16595.04,188.58
CW500009,2025-09,PNW,87,16406.46,188.58
CW500009,2025-10,NE,82,15463.56,188.58
CW500009,2025-10,MA,75,14143.5,188.58
CW500009,2025-10,SE,64,12069.12,188.58
CW500009,2025-10,MW,88,16595.04,188.58
CW500009,2025-10,TX,55,10371.9,188.58
CW500009,2025-10,MTN,72,13577.76,188.58
CW500009,2025-10,PSW,78,14709.24,188.58
CW500009,2025-10,PNW,78,14709.24,188.58
CW500009,2025-11,NE,73,13766.34,188.58
CW500009,2025-11,MA,73,13766.34,188.58
CW500009,2025-11,SE,66,12446.28,188.58
CW500009,2025-11,MW,69,13012.02,188.58
CW500009,2025-11,TX,46,8674.68,188.58
CW500009,2025-11,MTN,69,13012.02,188.58
CW500009,2025-11,PSW,72,13577.76,188.58
CW500009,2025-11,PNW,68,12823.44,188.58
CW500009,2025-12,NE,74,13954.92,188.58
CW500009,2025-12,MA,72,13577.76,188.58
CW500009,2025-12,SE,63,11880.54,188.58
CW500009,2025-12,MW,67,12634.86,188.58
CW500009,2025-12,TX,46,8674.68,188.58
CW500009,2025-12,MTN,62,11691.96,188.58
CW500009,2025-12,PSW,62,11691.96,188.58
CW500009,2025-12,PNW,65,12257.7,188.58
CW500012,2024-01,NE,102,6032.28,59.14
CW500012,2024-01,MA,78,4612.92,59.14
CW500012,2024-01,SE,75,4435.5,59.14
CW500012,2024-01,MW,99,5854.86,59.14
CW500012,2024-01,TX,81,4790.34,59.14
CW500012,2024-01,MTN,87,5145.18,59.14
CW500012,2024-01,PSW,72,4258.08,59.14
CW500012,2024-01,PNW,98,5795.72,59.14
CW500012,2024-02,NE,103,6091.42,59.14
CW500012,2024-02,MA,85,5026.9,59.14
CW500012,2024-02,SE,87,5145.18,59.14
CW500012,2024-02,MW,104,6150.56,59.14
CW500012,2024-02,TX,91,5381.74,59.14
CW500012,2024-02,MTN,99,5854.86,59.14
CW500012,2024-02,PSW,71,4198.94,59.14
CW500012,2024-02,PNW,112,6623.68,59.14
CW500012,2024-03,NE,123,7274.22,59.14
CW500012,2024-03,MA,98,5795.72,59.14
CW500012,2024-03,SE,100,5914.0,59.14
CW500012,2024-03,MW,122,7215.08,59.14
CW500012,2024-03,TX,112,6623.68,59.14
CW500012,2024-03,MTN,115,6801.1,59.14
CW500012,2024-03,PSW,86,5086.04,59.14
CW500012,2024-03,PNW,127,7510.78,59.14
CW500012,2024-04,NE,139,8220.46,59.14
CW500012,2024-04,MA,116,6860.24,59.14
CW500012,2024-04,SE,115,6801.1,59.14
CW500012,2024-04,MW,133,7865.62,59.14
CW500012,2024-04,TX,113,6682.82,59.14
CW500012,2024-04,MTN,124,7333.36,59.14
CW500012,2024-04,PSW,100,5914.0,59.14
CW500012,2024-04,PNW,138,8161.32,59.14
CW500012,2024-05,NE,160,9462.4,59.14
CW500012,2024-05,MA,125,7392.5,59.14
CW500012,2024-05,SE,132,7806.48,59.14
CW500012,2024-05,MW,143,8457.02,59.14
CW500012,2024-05,TX,138,8161.32,59.14
CW500012,2024-05,MTN,146,8634.44,59.14
CW500012,2024-05,PSW,107,6327.98,59.14
CW500012,2024-05,PNW,150,8871.0,59.14
CW500012,2024-06,NE,150,8871.0,59.14
CW500012,2024-06,MA,120,7096.8,59.14
CW500012,2024-06,SE,126,7451.64,59.14
CW500012,2024-06,MW,159,9403.26,59.14
CW500012,2024-06,TX,132,7806.48,59.14
CW500012,2024-06,MTN,141,8338.74,59.14
CW500012,2024-06,PSW,103,6091.42,59.14
CW500012,2024-06,PNW,162,9580.68,59.14
CW500012,2024-07,NE,145,8575.3,59.14
CW500012,2024-07,MA,118,6978.52,59.14
CW500012,2024-07,SE,115,6801.1,59.14
CW500012,2024-07,MW,146,8634.44,59.14
CW500012,2024-07,TX,136,8043.04,59.14
CW500012,2024-07,MTN,135,7983.9,59.14
CW500012,2024-07,PSW,112,6623.68,59.14
CW500012,2024-07,PNW,146,8634.44,59.14
CW500012,2024-08,NE,151,8930.14,59.14
CW500012,2024-08,MA,111,6564.54,59.14
CW500012,2024-08,SE,114,6741.96,59.14
CW500012,2024-08,MW,134,7924.76,59.14
CW500012,2024-08,TX,131,7747.34,59.14
CW500012,2024-08,MTN,127,7510.78,59.14
CW500012,2024-08,PSW,108,6387.12,59.14
CW500012,2024-08,PNW,129,7629.06,59.14
CW500012,2024-09,NE,123,7274.22,59.14
CW500012,2024-09,MA,91,5381.74,59.14
CW500012,2024-09,SE,108,6387.12,59.14
CW500012,2024-09,MW,130,7688.2,59.14
CW500012,2024-09,TX,106,6268.84,59.14
CW500012,2024-09,MTN,116,6860.24,59.14
CW500012,2024-09,PSW,93,5500.02,59.14
CW500012,2024-09,PNW,133,7865.62,59.14
CW500012,2024-10,NE,119,7037.66,59.14
CW500012,2024-10,MA,82,4849.48,59.14
CW500012,2024-10,SE,91,5381.74,59.14
CW500012,2024-10,MW,113,6682.82,59.14
CW500012,2024-10,TX,97,5736.58,59.14
CW500012,2024-10,MTN,96,5677.44,59.14
CW500012,2024-10,PSW,74,4376.36,59.14
CW500012,2024-10,PNW,116,6860.24,59.14
CW500012,2024-11,NE,101,5973.14,59.14
CW500012,2024-11,MA,84,4967.76,59.14
CW500012,2024-11,SE,83,4908.62,59.14
CW500012,2024-11,MW,100,5914.0,59.14
CW500012,2024-11,TX,90,5322.6,59.14
CW500012,2024-11,MTN,92,5440.88,59.14
CW500012,2024-11,PSW,72,4258.08,59.14
CW500012,2024-11,PNW,104,6150.56,59.14
CW500012,2024-12,NE,93,5500.02,59.14
CW500012,2024-12,MA,77,4553.78,59.14
CW500012,2024-12,SE,81,4790.34,59.14
CW500012,2024-12,MW,91,5381.74,59.14
CW500012,2024-12,TX,78,4612.92,59.14
CW500012,2024-12,MTN,84,4967.76,59.14
CW500012,2024-12,PSW,67,3962.38,59.14
CW500012,2024-12,PNW,93,5500.02,59.14
CW500012,2025-01,NE,99,5854.86,59.14
CW500012,2025-01,MA,83,4908.62,59.14
CW500012,2025-01,SE,83,4908.62,59.14
CW500012,2025-01,MW,96,5677.44,59.14
CW500012,2025-01,TX,63,4396.77,69.79
CW500012,2025-01,MTN,94,5559.16,59.14
CW500012,2025-01,PSW,73,4317.22,59.14
CW500012,2025-01,PNW,93,5500.02,59.14
CW500012,2025-02,NE,108,6387.12,59.14
CW500012,2025-02,MA,83,4908.62,59.14
CW500012,2025-02,SE,92,5440.88,59.14
CW500012,2025-02,MW,113,6682.82,59.14
CW500012,2025-02,TX,74,5164.46,69.79
CW500012,2025-02,MTN,102,6032.28,59.14
CW500012,2025-02,PSW,76,4494.64,59.14
CW500012,2025-02,PNW,121,7155.94,59.14
CW500012,2025-03,NE,136,8043.04,59.14
CW500012,2025-03,MA,95,5618.3,59.14
CW500012,2025-03,SE,104,6150.56,59.14
CW500012,2025-03,MW,139,8220.46,59.14
CW500012,2025-03,TX,113,6682.82,59.14
CW500012,2025-03,MTN,132,7806.48,59.14
CW500012,2025-03,PSW,100,5914.0,59.14
CW500012,2025-03,PNW,120,7096.8,59.14
CW500012,2025-04,NE,158,9344.12,59.14
CW500012,2025-04,MA,114,6741.96,59.14
CW500012,2025-04,SE,126,7451.64,59.14
CW500012,2025-04,MW,138,8161.32,59.14
CW500012,2025-04,TX,126,7451.64,59.14
CW500012,2025-04,MTN,134,7924.76,59.14
CW500012,2025-04,PSW,112,6623.68,59.14
CW500012,2025-04,PNW,140,8279.6,59.14
CW500012,2025-05,NE,162,9580.68,59.14
CW500012,2025-05,MA,129,7629.06,59.14
CW500012,2025-05,SE,132,7806.48,59.14
CW500012,2025-05,MW,155,9166.7,59.14
CW500012,2025-05,TX,140,8279.6,59.14
CW500012,2025-05,MTN,153,9048.42,59.14
CW500012,2025-05,PSW,114,6741.96,59.14
CW500012,2025-05,PNW,167,9876.38,59.14
CW500012,2025-06,NE,173,10231.22,59.14
CW500012,2025-06,MA,138,8161.32,59.14
CW500012,2025-06,SE,127,7510.78,59.14
CW500012,2025-06,MW,171,10112.94,59.14
CW500012,2025-06,TX,151,8930.14,59.14
CW500012,2025-06,MTN,166,9817.24,59.14
CW500012,2025-06,PSW,115,6801.1,59.14
CW500012,2025-06,PNW,163,9639.82,59.14
CW500012,2025-07,NE,170,10053.8,59.14
CW500012,2025-07,MA,124,7333.36,59.14
CW500012,2025-07,SE,134,7924.76,59.14
CW500012,2025-07,MW,156,9225.84,59.14
CW500012,2025-07,TX,139,8220.46,59.14
CW500012,2025-07,MTN,147,8693.58,59.14
CW500012,2025-07,PSW,118,6978.52,59.14
CW500012,2025-07,PNW,148,8752.72,59.14
CW500012,2025-08,NE,156,9225.84,59.14
CW500012,2025-08,MA,109,6446.26,59.14
CW500012,2025-08,SE,127,7510.78,59.14
CW500012,2025-08,MW,150,8871.0,59.14
CW500012,2025-08,TX,122,7215.08,59.14
CW500012,2025-08,MTN,143,8457.02,59.14
CW500012,2025-08,PSW,114,6741.96,59.14
CW500012,2025-08,PNW,158,9344.12,59.14
CW500012,2025-09,NE,131,7747.34,59.14
CW500012,2025-09,MA,105,6209.7,59.14
CW500012,2025-09,SE,106,6268.84,59.14
CW500012,2025-09,MW,130,7688.2,59.14
CW500012,2025-09,TX,124,7333.36,59.14
CW500012,2025-09,MTN,133,7865.62,59.14
CW500012,2025-09,PSW,100,5914.0,59.14
CW500012,2025-09,PNW,136,8043.04,59.14
CW500012,2025-10,NE,121,7155.94,59.14
CW500012,2025-10,MA,91,5381.74,59.14
CW500012,2025-10,SE,100,5914.0,59.14
CW500012,2025-10,MW,128,7569.92,59.14
CW500012,2025-10,TX,108,6387.12,59.14
CW500012,2025-10,MTN,112,6623.68,59.14
CW500012,2025-10,PSW,89,5263.46,59.14
CW500012,2025-10,PNW,120,7096.8,59.14
CW500012,2025-11,NE,113,6682.82,59.14
CW500012,2025-11,MA,90,5322.6,59.14
CW500012,2025-11,SE,93,5500.02,59.14
CW500012,2025-11,MW,98,5795.72,59.14
CW500012,2025-11,TX,92,5440.88,59.14
CW500012,2025-11,MTN,104,6150.56,59.14
CW500012,2025-11,PSW,73,4317.22,59.14
CW500012,2025-11,PNW,109,6446.26,59.14
CW500012,2025-12,NE,99,5854.86,59.14
CW500012,2025-12,MA,86,5086.04,59.14
CW500012,2025-12,SE,81,4790.34,59.14
CW500012,2025-12,MW,102,6032.28,59.14
CW500012,2025-12,TX,89,5263.46,59.14
CW500012,2025-12,MTN,96,5677.44,59.14
CW500012,2025-12,PSW,79,4672.06,59.14
CW500012,2025-12,PNW,103,6091.42,59.14
CW500015,2024-01,NE,41,3123.38,76.18
CW500015,2024-01,MA,36,2742.48,76.18
CW500015,2024-01,SE,28,2133.04,76.18
CW500015,2024-01,MW,38,2894.84,76.18
CW500015,2024-01,TX,38,2894.84,76.18
CW500015,2024-01,MTN,39,2971.02,76.18
CW500015,2024-01,PSW,31,2361.58,76.18
CW500015,2024-01,PNW,35,2666.3,76.18
CW500015,2024-02,NE,42,3199.56,76.18
CW500015,2024-02,MA,35,2666.3,76.18
CW500015,2024-02,SE,29,2209.22,76.18
CW500015,2024-02,MW,38,2894.84,76.18
CW500015,2024-02,TX,41,3123.38,76.18
CW500015,2024-02,MTN,46,3504.28,76.18
CW500015,2024-02,PSW,36,2742.48,76.18
CW500015,2024-02,PNW,44,3351.92,76.18
CW500015,2024-03,NE,50,3809.0,76.18
CW500015,2024-03,MA,43,3275.74,76.18
CW500015,2024-03,SE,34,2590.12,76.18
CW500015,2024-03,MW,46,3504.28,76.18
CW500015,2024-03,TX,46,3504.28,76.18
CW500015,2024-03,MTN,53,4037.54,76.18
CW500015,2024-03,PSW,40,3047.2,76.18
CW500015,2024-03,PNW,53,4037.54,76.18
CW500015,2024-04,NE,58,4418.44,76.18
CW500015,2024-04,MA,46,3504.28,76.18
CW500015,2024-04,SE,37,2818.66,76.18
CW500015,2024-04,MW,51,3885.18,76.18
CW500015,2024-04,TX,54,4113.72,76.18
CW500015,2024-04,MTN,55,4189.9,76.18
CW500015,2024-04,PSW,48,3656.64,76.18
CW500015,2024-04,PNW,58,4418.44,76.18
CW500015,2024-05,NE,66,5027.88,76.18
CW500015,2024-05,MA,52,3961.36,76.18
CW500015,2024-05,SE,41,3123.38,76.18
CW500015,2024-05,MW,59,4494.62,76.18
CW500015,2024-05,TX,58,4418.44,76.18
CW500015,2024-05,MTN,69,5256.42,76.18
CW500015,2024-05,PSW,50,3809.0,76.18
CW500015,2024-05,PNW,57,4342.26,76.18
CW500015,2024-06,NE,68,5180.24,76.18
CW500015,2024-06,MA,53,4037.54,76.18
CW500015,2024-06,SE,48,3656.64,76.18
CW500015,2024-06,MW,59,4494.62,76.18
CW500015,2024-06,TX,65,4951.7,76.18
CW500015,2024-06,MTN,66,5027.88,76.18
CW500015,2024-06,PSW,49,3732.82,76.18
CW500015,2024-06,PNW,67,5104.06,76.18
CW500015,2024-07,NE,62,4723.16,76.18
CW500015,2024-07,MA,54,4113.72,76.18
CW500015,2024-07,SE,44,3351.92,76.18
CW500015,2024-07,MW,60,4570.8,76.18
CW500015,2024-07,TX,66,5027.88,76.18
CW500015,2024-07,MTN,64,4875.52,76.18
CW500015,2024-07,PSW,55,4189.9,76.18
CW500015,2024-07,PNW,64,4875.52,76.18
CW500015,2024-08,NE,54,4113.72,76.18
CW500015,2024-08,MA,48,3656.64,76.18
CW500015,2024-08,SE,39,2971.02,76.18
CW500015,2024-08,MW,50,3809.0,76.18
CW500015,2024-08,TX,61,4646.98,76.18
CW500015,2024-08,MTN,59,4494.62,76.18
CW500015,2024-08,PSW,44,3351.92,76.18
CW500015,2024-08,PNW,54,4113.72,76.18
CW500015,2024-09,NE,50,3809.0,76.18
CW500015,2024-09,MA,48,3656.64,76.18
CW500015,2024-09,SE,39,2971.02,76.18
CW500015,2024-09,MW,45,3428.1,76.18
CW500015,2024-09,TX,53,4037.54,76.18
CW500015,2024-09,MTN,51,3885.18,76.18
CW500015,2024-09,PSW,42,3199.56,76.18
CW500015,2024-09,PNW,54,4113.72,76.18
CW500015,2024-10,NE,42,3199.56,76.18
CW500015,2024-10,MA,39,2971.02,76.18
CW500015,2024-10,SE,33,2513.94,76.18
CW500015,2024-10,MW,43,3275.74,76.18
CW500015,2024-10,TX,42,3199.56,76.18
CW500015,2024-10,MTN,44,3351.92,76.18
CW500015,2024-10,PSW,38,2894.84,76.18
CW500015,2024-10,PNW,44,3351.92,76.18
CW500015,2024-11,NE,41,3123.38,76.18
CW500015,2024-11,MA,35,2666.3,76.18
CW500015,2024-11,SE,31,2361.58,76.18
CW500015,2024-11,MW,36,2742.48,76.18
CW500015,2024-11,TX,41,3123.38,76.18
CW500015,2024-11,MTN,45,3428.1,76.18
CW500015,2024-11,PSW,35,2666.3,76.18
CW500015,2024-11,PNW,40,3047.2,76.18
CW500015,2024-12,NE,39,2971.02,76.18
CW500015,2024-12,MA,33,2513.94,76.18
CW500015,2024-12,SE,29,2209.22,76.18
CW500015,2024-12,MW,38,2894.84,76.18
CW500015,2024-12,TX,42,3199.56,76.18
CW500015,2024-12,MTN,43,3275.74,76.18
CW500015,2024-12,PSW,35,2666.3,76.18
CW500015,2024-12,PNW,41,3123.38,76.18
CW500015,2025-01,NE,41,3123.38,76.18
CW500015,2025-01,MA,38,2894.84,76.18
CW500015,2025-01,SE,29,2209.22,76.18
CW500015,2025-01,MW,38,2894.84,76.18
CW500015,2025-01,TX,38,2894.84,76.18
CW500015,2025-01,MTN,43,3275.74,76.18
CW500015,2025-01,PSW,32,2437.76,76.18
CW500015,2025-01,PNW,44,3351.92,76.18
CW500015,2025-02,NE,45,3428.1,76.18
CW500015,2025-02,MA,43,3275.74,76.18
CW500015,2025-02,SE,34,2590.12,76.18
CW500015,2025-02,MW,39,2971.02,76.18
CW500015,2025-02,TX,47,3580.46,76.18
CW500015,2025-02,MTN,46,3504.28,76.18
CW500015,2025-02,PSW,35,2666.3,76.18
CW500015,2025-02,PNW,42,3199.56,76.18
CW500015,2025-03,NE,57,4342.26,76.18
CW500015,2025-03,MA,49,3732.82,76.18
CW500015,2025-03,SE,35,2666.3,76.18
CW500015,2025-03,MW,52,3961.36,76.18
CW500015,2025-03,TX,54,4113.72,76.18
CW500015,2025-03,MTN,52,3961.36,76.18
CW500015,2025-03,PSW,44,3351.92,76.18
CW500015,2025-03,PNW,52,3961.36,76.18
CW500015,2025-04,NE,57,4342.26,76.18
CW500015,2025-04,MA,49,3732.82,76.18
CW500015,2025-04,SE,43,3275.74,76.18
CW500015,2025-04,MW,55,4189.9,76.18
CW500015,2025-04,TX,62,4723.16,76.18
CW500015,2025-04,MTN,65,4951.7,76.18
CW500015,2025-04,PSW,53,4037.54,76.18
CW500015,2025-04,PNW,60,4570.8,76.18
CW500015,2025-05,NE,64,4875.52,76.18
CW500015,2025-05,MA,57,4342.26,76.18
CW500015,2025-05,SE,45,3428.1,76.18
CW500015,2025-05,MW,55,4189.9,76.18
CW500015,2025-05,TX,68,5180.24,76.18
CW500015,2025-05,MTN,67,5104.06,76.18
CW500015,2025-05,PSW,55,4189.9,76.18
CW500015,2025-05,PNW,69,5256.42,76.18
CW500015,2025-06,NE,63,4799.34,76.18
CW500015,2025-06,MA,62,4723.16,76.18
CW500015,2025-06,SE,50,3809.0,76.18
CW500015,2025-06,MW,66,5027.88,76.18
CW500015,2025-06,TX,65,4951.7,76.18
CW500015,2025-06,MTN,68,5180.24,76.18
CW500015,2025-06,PSW,59,4494.62,76.18
CW500015,2025-06,PNW,69,5256.42,76.18
CW500015,2025-07,NE,68,5180.24,76.18
CW500015,2025-07,MA,55,4189.9,76.18
CW500015,2025-07,SE,46,3504.28,76.18
CW500015,2025-07,MW,60,4570.8,76.18
CW500015,2025-07,TX,61,4646.98,76.18
CW500015,2025-07,MTN,75,5713.5,76.18
CW500015,2025-07,PSW,54,4113.72,76.18
CW500015,2025-07,PNW,67,5104.06,76.18
CW500015,2025-08,NE,58,4418.44,76.18
CW500015,2025-08,MA,57,4342.26,76.18
CW500015,2025-08,SE,43,3275.74,76.18
CW500015,2025-08,MW,54,4113.72,76.18
CW500015,2025-08,TX,59,4494.62,76.18
CW500015,2025-08,MTN,68,5180.24,76.18
CW500015,2025-08,PSW,52,3961.36,76.18
CW500015,2025-08,PNW,64,4875.52,76.18
CW500015,2025-09,NE,54,4113.72,76.18
CW500015,2025-09,MA,47,3580.46,76.18
CW500015,2025-09,SE,41,3123.38,76.18
CW500015,2025-09,MW,52,3961.36,76.18
CW500015,2025-09,TX,52,3961.36,76.18
CW500015,2025-09,MTN,57,4342.26,76.18
CW500015,2025-09,PSW,45,3428.1,76.18
CW500015,2025-09,PNW,50,3809.0,76.18
CW500015,2025-10,NE,46,3504.28,76.18
CW500015,2025-10,MA,40,3047.2,76.18
CW500015,2025-10,SE,34,2590.12,76.18
CW500015,2025-10,MW,43,3275.74,76.18
CW500015,2025-10,TX,50,3809.0,76.18
CW500015,2025-10,MTN,53,4037.54,76.18
CW500015,2025-10,PSW,40,3047.2,76.18
CW500015,2025-10,PNW,48,3656.64,76.18
CW500015,2025-11,NE,41,3123.38,76.18
CW500015,2025-11,MA,38,2894.84,76.18
CW500015,2025-11,SE,29,2209.22,76.18
CW500015,2025-11,MW,41,3123.38,76.18
CW500015,2025-11,TX,46,3504.28,76.18
CW500015,2025-11,MTN,43,3275.74,76.18
CW500015,2025-11,PSW,36,2742.48,76.18
CW500015,2025-11,PNW,45,3428.1,76.18
CW500015,2025-12,NE,44,3351.92,76.18
CW500015,2025-12,MA,39,2971.02,76.18
CW500015,2025-12,SE,31,2361.58,76.18
CW500015,2025-12,MW,36,2742.48,76.18
CW500015,2025-12,TX,45,3428.1,76.18
CW500015,2025-12,MTN,42,3199.56,76.18
CW500015,2025-12,PSW,34,2590.12,76.18
CW500015,2025-12,PNW,42,3199.56,76.18
CW500018,2024-01,NE,87,16268.13,186.99
CW500018,2024-01,MA,89,16642.11,186.99
CW500018,2024-01,SE,117,21877.83,186.99
CW500018,2024-01,MW,121,22625.79,186.99
CW500018,2024-01,TX,129,24121.71,186.99
CW500018,2024-01,MTN,102,19072.98,186.99
CW500018,2024-01,PSW,108,20194.92,186.99
CW500018,2024-01,PNW,82,15333.18,186.99
CW500018,2024-02,NE,96,17951.04,186.99
CW500018,2024-02,MA,103,19259.97,186.99
CW500018,2024-02,SE,124,23186.76,186.99
CW500018,2024-02,MW,124,23186.76,186.99
CW500018,2024-02,TX,143,26739.57,186.99
CW500018,2024-02,MTN,115,21503.85,186.99
CW500018,2024-02,PSW,126,23560.74,186.99
CW500018,2024-02,PNW,97,18138.03,186.99
CW500018,2024-03,NE,118,22064.82,186.99
CW500018,2024-03,MA,110,20568.9,186.99
CW500018,2024-03,SE,144,26926.56,186.99
CW500018,2024-03,MW,163,30479.37,186.99
CW500018,2024-03,TX,165,30853.35,186.99
CW500018,2024-03,MTN,138,25804.62,186.99
CW500018,2024-03,PSW,139,25991.61,186.99
CW500018,2024-03,PNW,120,22438.8,186.99
CW500018,2024-04,NE,122,22812.78,186.99
CW500018,2024-04,MA,132,24682.68,186.99
CW500018,2024-04,SE,165,30853.35,186.99
CW500018,2024-04,MW,158,29544.42,186.99
CW500018,2024-04,TX,196,36650.04,186.99
CW500018,2024-04,MTN,169,31601.31,186.99
CW500018,2024-04,PSW,152,28422.48,186.99
CW500018,2024-04,PNW,134,25056.66,186.99
CW500018,2024-05,NE,144,26926.56,186.99
CW500018,2024-05,MA,138,25804.62,186.99
CW500018,2024-05,SE,180,33658.2,186.99
CW500018,2024-05,MW,182,34032.18,186.99
CW500018,2024-05,TX,192,35902.08,186.99
CW500018,2024-05,MTN,180,33658.2,186.99
CW500018,2024-05,PSW,177,33097.23,186.99
CW500018,2024-05,PNW,128,23934.72,186.99
CW500018,2024-06,NE,151,28235.49,186.99
CW500018,2024-06,MA,153,28609.47,186.99
CW500018,2024-06,SE,176,32910.24,186.99
CW500018,2024-06,MW,186,34780.14,186.99
CW500018,2024-06,TX,198,37024.02,186.99
CW500018,2024-06,MTN,166,31040.34,186.99
CW500018,2024-06,PSW,177,33097.23,186.99
CW500018,2024-06,PNW,144,26926.56,186.99
CW500018,2024-07,NE,150,28048.5,186.99
CW500018,2024-07,MA,143,26739.57,186.99
CW500018,2024-07,SE,181,33845.19,186.99
CW500018,2024-07,MW,194,36276.06,186.99
CW500018,2024-07,TX,195,36463.05,186.99
CW500018,2024-07,MTN,169,31601.31,186.99
CW500018,2024-07,PSW,161,30105.39,186.99
CW500018,2024-07,PNW,143,26739.57,186.99
CW500018,2024-08,NE,125,23373.75,186.99
CW500018,2024-08,MA,138,25804.62,186.99
CW500018,2024-08,SE,177,33097.23,186.99
CW500018,2024-08,MW,175,32723.25,186.99
CW500018,2024-08,TX,191,35715.09,186.99
CW500018,2024-08,MTN,173,32349.27,186.99
CW500018,2024-08,PSW,162,30292.38,186.99
CW500018,2024-08,PNW,138,25804.62,186.99
CW500018,2024-09,NE,112,20942.88,186.99
CW500018,2024-09,MA,117,21877.83,186.99
CW500018,2024-09,SE,158,29544.42,186.99
CW500018,2024-09,MW,165,30853.35,186.99
CW500018,2024-09,TX,177,33097.23,186.99
CW500018,2024-09,MTN,149,27861.51,186.99
CW500018,2024-09,PSW,150,28048.5,186.99
CW500018,2024-09,PNW,119,22251.81,186.99
CW500018,2024-10,NE,112,20942.88,186.99
CW500018,2024-10,MA,99,18512.01,186.99
CW500018,2024-10,SE,125,23373.75,186.99
CW500018,2024-10,MW,139,25991.61,186.99
CW500018,2024-10,TX,159,29731.41,186.99
CW500018,2024-10,MTN,138,25804.62,186.99
CW500018,2024-10,PSW,118,22064.82,186.99
CW500018,2024-10,PNW,99,18512.01,186.99
CW500018,2024-11,NE,102,19072.98,186.99
CW500018,2024-11,MA,87,16268.13,186.99
CW500018,2024-11,SE,114,21316.86,186.99
CW500018,2024-11,MW,115,21503.85,186.99
CW500018,2024-11,TX,128,23934.72,186.99
CW500018,2024-11,MTN,110,20568.9,186.99
CW500018,2024-11,PSW,115,21503.85,186.99
CW500018,2024-11,PNW,93,17390.07,186.99
CW500018,2024-12,NE,91,17016.09,186.99
CW500018,2024-12,MA,85,15894.15,186.99
CW500018,2024-12,SE,105,19633.95,186.99
CW500018,2024-12,MW,126,23560.74,186.99
CW500018,2024-12,TX,123,22999.77,186.99
CW500018,2024-12,MTN,104,19446.96,186.99
CW500018,2024-12,PSW,116,21690.84,186.99
CW500018,2024-12,PNW,92,17203.08,186.99
CW500018,2025-01,NE,94,17577.06,186.99
CW500018,2025-01,MA,86,16081.14,186.99
CW500018,2025-01,SE,122,22812.78,186.99
CW500018,2025-01,MW,128,23934.72,186.99
CW500018,2025-01,TX,136,25430.64,186.99
CW500018,2025-01,MTN,116,21690.84,186.99
CW500018,2025-01,PSW,118,22064.82,186.99
CW500018,2025-01,PNW,92,17203.08,186.99
CW500018,2025-02,NE,106,19820.94,186.99
CW500018,2025-02,MA,107,20007.93,186.99
CW500018,2025-02,SE,141,26365.59,186.99
CW500018,2025-02,MW,136,25430.64,186.99
CW500018,2025-02,TX,153,28609.47,186.99
CW500018,2025-02,MTN,135,25243.65,186.99
CW500018,2025-02,PSW,125,23373.75,186.99
CW500018,2025-02,PNW,102,19072.98,186.99
CW500018,2025-03,NE,128,23934.72,186.99
CW500018,2025-03,MA,117,21877.83,186.99
CW500018,2025-03,SE,166,31040.34,186.99
CW500018,2025-03,MW,150,28048.5,186.99
CW500018,2025-03,TX,185,34593.15,186.99
CW500018,2025-03,MTN,142,26552.58,186.99
CW500018,2025-03,PSW,146,27300.54,186.99
CW500018,2025-03,PNW,126,23560.74,186.99
CW500018,2025-04,NE,131,24495.69,186.99
CW500018,2025-04,MA,147,27487.53,186.99
CW500018,2025-04,SE,180,33658.2,186.99
CW500018,2025-04,MW,195,36463.05,186.99
CW500018,2025-04,TX,212,39641.88,186.99
CW500018,2025-04,MTN,162,30292.38,186.99
CW500018,2025-04,PSW,177,33097.23,186.99
CW500018,2025-04,PNW,126,23560.74,186.99
CW500018,2025-05,NE,164,30666.36,186.99
CW500018,2025-05,MA,146,27300.54,186.99
CW500018,2025-05,SE,204,38145.96,186.99
CW500018,2025-05,MW,199,37211.01,186.99
CW500018,2025-05,TX,202,37771.98,186.99
CW500018,2025-05,MTN,178,33284.22,186.99
CW500018,2025-05,PSW,193,36089.07,186.99
CW500018,2025-05,PNW,155,28983.45,186.99
CW500018,2025-06,NE,167,31227.33,186.99
CW500018,2025-06,MA,164,30666.36,186.99
CW500018,2025-06,SE,206,38519.94,186.99
CW500018,2025-06,MW,190,35528.1,186.99
CW500018,2025-06,TX,240,44877.6,186.99
CW500018,2025-06,MTN,192,35902.08,186.99
CW500018,2025-06,PSW,178,33284.22,186.99
CW500018,2025-06,PNW,153,28609.47,186.99
CW500018,2025-07,NE,158,29544.42,186.99
CW500018,2025-07,MA,159,29731.41,186.99
CW500018,2025-07,SE,184,34406.16,186.99
CW500018,2025-07,MW,188,35154.12,186.99
CW500018,2025-07,TX,219,40950.81,186.99
CW500018,2025-07,MTN,198,37024.02,186.99
CW500018,2025-07,PSW,173,32349.27,186.99
CW500018,2025-07,PNW,142,26552.58,186.99
CW500018,2025-08,NE,149,27861.51,186.99
CW500018,2025-08,MA,132,24682.68,186.99
CW500018,2025-08,SE,172,32162.28,186.99
CW500018,2025-08,MW,189,35341.11,186.99
CW500018,2025-08,TX,215,40202.85,186.99
CW500018,2025-08,MTN,170,31788.3,186.99
CW500018,2025-08,PSW,160,29918.4,186.99
CW500018,2025-08,PNW,136,25430.64,186.99
CW500018,2025-09,NE,128,23934.72,186.99
CW500018,2025-09,MA,118,22064.82,186.99
CW500018,2025-09,SE,157,29357.43,186.99
CW500018,2025-09,MW,163,30479.37,186.99
CW500018,2025-09,TX,194,36276.06,186.99
CW500018,2025-09,MTN,157,29357.43,186.99
CW500018,2025-09,PSW,146,27300.54,186.99
CW500018,2025-09,PNW,121,22625.79,186.99
CW500018,2025-10,NE,119,22251.81,186.99
CW500018,2025-10,MA,111,20755.89,186.99
CW500018,2025-10,SE,145,27113.55,186.99
CW500018,2025-10,MW,143,26739.57,186.99
CW500018,2025-10,TX,157,29357.43,186.99
CW500018,2025-10,MTN,133,24869.67,186.99
CW500018,2025-10,PSW,137,25617.63,186.99
CW500018,2025-10,PNW,106,19820.94,186.99
CW500018,2025-11,NE,101,18885.99,186.99
CW500018,2025-11,MA,96,17951.04,186.99
CW500018,2025-11,SE,123,22999.77,186.99
CW500018,2025-11,MW,136,25430.64,186.99
CW500018,2025-11,TX,149,27861.51,186.99
CW500018,2025-11,MTN,118,22064.82,186.99
CW500018,2025-11,PSW,112,20942.88,186.99
CW500018,2025-11,PNW,102,19072.98,186.99
CW500018,2025-12,NE,100,18699.0,186.99
CW500018,2025-12,MA,95,17764.05,186.99
CW500018,2025-12,SE,122,22812.78,186.99
CW500018,2025-12,MW,120,22438.8,186.99
CW500018,2025-12,TX,149,27861.51,186.99
CW500018,2025-12,MTN,117,21877.83,186.99
CW500018,2025-12,PSW,109,20381.91,186.99
CW500018,2025-12,PNW,91,17016.09,186.99
CW500021,2024-01,NE,62,8485.94,136.87
CW500021,2024-01,MA,49,6706.63,136.87
CW500021,2024-01,SE,44,6022.28,136.87
CW500021,2024-01,MW,50,6843.5,136.87
CW500021,2024-01,TX,56,7664.72,136.87
CW500021,2024-01,MTN,62,8485.94,136.87
CW500021,2024-01,PSW,53,7254.11,136.87
CW500021,2024-01,PNW,44,6022.28,136.87
CW500021,2024-02,NE,62,8485.94,136.87
CW500021,2024-02,MA,59,8075.33,136.87
CW500021,2024-02,SE,49,6706.63,136.87
CW500021,2024-02,MW,53,7254.11,136.87
CW500021,2024-02,TX,66,9033.42,136.87
CW500021,2024-02,MTN,65,8896.55,136.87
CW500021,2024-02,PSW,57,7801.59,136.87
CW500021,2024-02,PNW,47,6432.89,136.87
CW500021,2024-03,NE,83,11360.21,136.87
CW500021,2024-03,MA,73,9991.51,136.87
CW500021,2024-03,SE,54,7390.98,136.87
CW500021,2024-03,MW,58,7938.46,136.87
CW500021,2024-03,TX,75,10265.25,136.87
CW500021,2024-03,MTN,86,11770.82,136.87
CW500021,2024-03,PSW,62,8485.94,136.87
CW500021,2024-03,PNW,56,7664.72,136.87
CW500021,2024-04,NE,93,12728.91,136.87
CW500021,2024-04,MA,77,10538.99,136.87
CW500021,2024-04,SE,66,9033.42,136.87
CW500021,2024-04,MW,69,9444.03,136.87
CW500021,2024-04,TX,90,12318.3,136.87
CW500021,2024-04,MTN,88,12044.56,136.87
CW500021,2024-04,PSW,77,10538.99,136.87
CW500021,2024-04,PNW,70,9580.9,136.87
CW500021,2024-05,NE,97,13276.39,136.87
CW500021,2024-05,MA,83,11360.21,136.87
CW500021,2024-05,SE,66,9033.42,136.87
CW500021,2024-05,MW,73,9991.51,136.87
CW500021,2024-05,TX,96,13139.52,136.87
CW500021,2024-05,MTN,101,13823.87,136.87
CW500021,2024-05,PSW,83,11360.21,136.87
CW500021,2024-05,PNW,71,9717.77,136.87
CW500021,2024-06,NE,104,14234.48,136.87
CW500021,2024-06,MA,81,11086.47,136.87
CW500021,2024-06,SE,72,9854.64,136.87
CW500021,2024-06,MW,73,9991.51,136.87
CW500021,2024-06,TX,95,13002.65,136.87
CW500021,2024-06,MTN,98,13413.26,136.87
CW500021,2024-06,PSW,79,10812.73,136.87
CW500021,2024-06,PNW,74,10128.38,136.87
CW500021,2024-07,NE,97,13276.39,136.87
CW500021,2024-07,MA,80,10949.6,136.87
CW500021,2024-07,SE,74,10128.38,136.87
CW500021,2024-07,MW,71,9717.77,136.87
CW500021,2024-07,TX,100,13687.0,136.87
CW500021,2024-07,MTN,93,12728.91,136.87
CW500021,2024-07,PSW,86,11770.82,136.87
CW500021,2024-07,PNW,74,10128.38,136.87
CW500021,2024-08,NE,95,13002.65,136.87
CW500021,2024-08,MA,82,11223.34,136.87
CW500021,2024-08,SE,61,8349.07,136.87
CW500021,2024-08,MW,73,9991.51,136.87
CW500021,2024-08,TX,88,12044.56,136.87
CW500021,2024-08,MTN,88,12044.56,136.87
CW500021,2024-08,PSW,75,10265.25,136.87
CW500021,2024-08,PNW,69,9444.03,136.87
CW500021,2024-09,NE,82,11223.34,136.87
CW500021,2024-09,MA,66,9033.42,136.87
CW500021,2024-09,SE,55,7527.85,136.87
CW500021,2024-09,MW,61,8349.07,136.87
CW500021,2024-09,TX,82,11223.34,136.87
CW500021,2024-09,MTN,85,11633.95,136.87
CW500021,2024-09,PSW,71,9717.77,136.87
CW500021,2024-09,PNW,63,8622.81,136.87
CW500021,2024-10,NE,65,8896.55,136.87
CW500021,2024-10,MA,61,8349.07,136.87
CW500021,2024-10,SE,49,6706.63,136.87
CW500021,2024-10,MW,54,7390.98,136.87
CW500021,2024-10,TX,71,9717.77,136.87
CW500021,2024-10,MTN,68,9307.16,136.87
CW500021,2024-10,PSW,60,8212.2,136.87
CW500021,2024-10,PNW,55,7527.85,136.87
CW500021,2024-11,NE,60,8212.2,136.87
CW500021,2024-11,MA,55,7527.85,136.87
CW500021,2024-11,SE,46,6296.02,136.87
CW500021,2024-11,MW,50,6843.5,136.87
CW500021,2024-11,TX,64,8759.68,136.87
CW500021,2024-11,MTN,70,9580.9,136.87
CW500021,2024-11,PSW,54,7390.98,136.87
CW500021,2024-11,PNW,50,6843.5,136.87
CW500021,2024-12,NE,65,8896.55,136.87
CW500021,2024-12,MA,55,7527.85,136.87
CW500021,2024-12,SE,45,6159.15,136.87
CW500021,2024-12,MW,47,6432.89,136.87
CW500021,2024-12,TX,62,8485.94,136.87
CW500021,2024-12,MTN,66,9033.42,136.87
CW500021,2024-12,PSW,47,6432.89,136.87
CW500021,2024-12,PNW,44,6022.28,136.87
CW500021,2025-01,NE,67,9170.29,136.87
CW500021,2025-01,MA,56,7664.72,136.87
CW500021,2025-01,SE,46,6296.02,136.87
CW500021,2025-01,MW,53,7254.11,136.87
CW500021,2025-01,TX,63,8622.81,136.87
CW500021,2025-01,MTN,62,8485.94,136.87
CW500021,2025-01,PSW,50,6843.5,136.87
CW500021,2025-01,PNW,51,6980.37,136.87
CW500021,2025-02,NE,72,9854.64,136.87
CW500021,2025-02,MA,65,8896.55,136.87
CW500021,2025-02,SE,54,7390.98,136.87
CW500021,2025-02,MW,60,8212.2,136.87
CW500021,2025-02,TX,66,9033.42,136.87
CW500021,2025-02,MTN,81,11086.47,136.87
CW500021,2025-02,PSW,63,8622.81,136.87
CW500021,2025-02,PNW,59,8075.33,136.87
CW500021,2025-03,NE,87,11907.69,136.87
CW500021,2025-03,MA,67,9170.29,136.87
CW500021,2025-03,SE,65,8896.55,136.87
CW500021,2025-03,MW,66,9033.42,136.87
CW500021,2025-03,TX,76,10402.12,136.87
CW500021,2025-03,MTN,87,11907.69,136.87
CW500021,2025-03,PSW,73,9991.51,136.87
CW500021,2025-03,PNW,60,8212.2,136.87
CW500021,2025-04,NE,100,13687.0,136.87
CW500021,2025-04,MA,85,11633.95,136.87
CW500021,2025-04,SE,64,8759.68,136.87
CW500021,2025-04,MW,73,9991.51,136.87
CW500021,2025-04,TX,98,13413.26,136.87
CW500021,2025-04,MTN,103,14097.61,136.87
CW500021,2025-04,PSW,77,10538.99,136.87
CW500021,2025-04,PNW,67,9170.29,136.87
CW500021,2025-05,NE,102,13960.74,136.87
CW500021,2025-05,MA,96,13139.52,136.87
CW500021,2025-05,SE,79,10812.73,136.87
CW500021,2025-05,MW,83,11360.21,136.87
CW500021,2025-05,TX,96,13139.52,136.87
CW500021,2025-05,MTN,110,15055.7,136.87
CW500021,2025-05,PSW,78,10675.86,136.87
CW500021,2025-05,PNW,76,10402.12,136.87
CW500021,2025-06,NE,101,13823.87,136.87
CW500021,2025-06,MA,89,12181.43,136.87
CW500021,2025-06,SE,82,11223.34,136.87
CW500021,2025-06,MW,83,11360.21,136.87
CW500021,2025-06,TX,107,14645.09,136.87
CW500021,2025-06,MTN,113,15466.31,136.87
CW500021,2025-06,PSW,91,12455.17,136.87
CW500021,2025-06,PNW,75,10265.25,136.87
CW500021,2025-07,NE,103,14097.61,136.87
CW500021,2025-07,MA,96,13139.52,136.87
CW500021,2025-07,SE,81,11086.47,136.87
CW500021,2025-07,MW,82,11223.34,136.87
CW500021,2025-07,TX,103,14097.61,136.87
CW500021,2025-07,MTN,100,13687.0,136.87
CW500021,2025-07,PSW,88,12044.56,136.87
CW500021,2025-07,PNW,78,10675.86,136.87
CW500021,2025-08,NE,101,13823.87,136.87
CW500021,2025-08,MA,88,12044.56,136.87
CW500021,2025-08,SE,72,9854.64,136.87
CW500021,2025-08,MW,73,9991.51,136.87
CW500021,2025-08,TX,91,12455.17,136.87
CW500021,2025-08,MTN,100,13687.0,136.87
CW500021,2025-08,PSW,84,11497.08,136.87
CW500021,2025-08,PNW,69,9444.03,136.87
CW500021,2025-09,NE,90,12318.3,136.87
CW500021,2025-09,MA,75,10265.25,136.87
CW500021,2025-09,SE,62,8485.94,136.87
CW500021,2025-09,MW,70,9580.9,136.87
CW500021,2025-09,TX,89,12181.43,136.87
CW500021,2025-09,MTN,93,12728.91,136.87
CW500021,2025-09,PSW,76,10402.12,136.87
CW500021,2025-09,PNW,67,9170.29,136.87
CW500021,2025-10,NE,70,9580.9,136.87
CW500021,2025-10,MA,65,8896.55,136.87
CW500021,2025-10,SE,52,7117.24,136.87
CW500021,2025-10,MW,57,7801.59,136.87
CW500021,2025-10,TX,77,10538.99,136.87
CW500021,2025-10,MTN,74,10128.38,136.87
CW500021,2025-10,PSW,63,8622.81,136.87
CW500021,2025-10,PNW,62,8485.94,136.87
CW500021,2025-11,NE,67,9170.29,136.87
CW500021,2025-11,MA,60,8212.2,136.87
CW500021,2025-11,SE,50,6843.5,136.87
CW500021,2025-11,MW,53,7254.11,136.87
CW500021,2025-11,TX,70,9580.9,136.87
CW500021,2025-11,MTN,75,10265.25,136.87
CW500021,2025-11,PSW,54,7390.98,136.87
CW500021,2025-11,PNW,54,7390.98,136.87
CW500021,2025-12,NE,69,9444.03,136.87
CW500021,2025-12,MA,53,7254.11,136.87
CW500021,2025-12,SE,51,6980.37,136.87
CW500021,2025-12,MW,47,6432.89,136.87
CW500021,2025-12,TX,61,8349.07,136.87
CW500021,2025-12,MTN,66,9033.42,136.87
CW500021,2025-12,PSW,51,6980.37,136.87
CW500021,2025-12,PNW,50,6843.5,136.87
CW500024,2024-01,NE,162,26853.12,165.76
CW500024,2024-01,MA,109,18067.84,165.76
CW500024,2024-01,SE,106,17570.56,165.76
CW500024,2024-01,MW,122,20222.72,165.76
CW500024,2024-01,TX,160,26521.6,165.76
CW500024,2024-01,MTN,137,22709.12,165.76
CW500024,2024-01,PSW,130,21548.8,165.76
CW500024,2024-01,PNW,156,25858.56,165.76
CW500024,2024-02,NE,183,30334.08,165.76
CW500024,2024-02,MA,125,20720.0,165.76
CW500024,2024-02,SE,127,21051.52,165.76
CW500024,2024-02,MW,139,23040.64,165.76
CW500024,2024-02,TX,166,27516.16,165.76
CW500024,2024-02,MTN,146,24200.96,165.76
CW500024,2024-02,PSW,146,24200.96,165.76
CW500024,2024-02,PNW,169,28013.44,165.76
CW500024,2024-03,NE,206,34146.56,165.76
CW500024,2024-03,MA,143,23703.68,165.76
CW500024,2024-03,SE,135,22377.6,165.76
CW500024,2024-03,MW,143,23703.68,165.76
CW500024,2024-03,TX,181,30002.56,165.76
CW500024,2024-03,MTN,161,26687.36,165.76
CW500024,2024-03,PSW,170,28179.2,165.76
CW500024,2024-03,PNW,181,30002.56,165.76
CW500024,2024-04,NE,219,36301.44,165.76
CW500024,2024-04,MA,142,23537.92,165.76
CW500024,2024-04,SE,167,27681.92,165.76
CW500024,2024-04,MW,169,28013.44,165.76
CW500024,2024-04,TX,211,34975.36,165.76
CW500024,2024-04,MTN,180,29836.8,165.76
CW500024,2024-04,PSW,183,30334.08,165.76
CW500024,2024-04,PNW,233,38622.08,165.76
CW500024,2024-05,NE,247,40942.72,165.76
CW500024,2024-05,MA,177,29339.52,165.76
CW500024,2024-05,SE,183,30334.08,165.76
CW500024,2024-05,MW,189,31328.64,165.76
CW500024,2024-05,TX,227,37627.52,165.76
CW500024,2024-05,MTN,215,35638.4,165.76
CW500024,2024-05,PSW,207,34312.32,165.76
CW500024,2024-05,PNW,220,36467.2,165.76
CW500024,2024-06,NE,247,40942.72,165.76
CW500024,2024-06,MA,170,28179.2,165.76
CW500024,2024-06,SE,171,28344.96,165.76
CW500024,2024-06,MW,194,32157.44,165.76
CW500024,2024-06,TX,250,41440.0,165.76
CW500024,2024-06,MTN,220,36467.2,165.76
CW500024,2024-06,PSW,207,34312.32,165.76
CW500024,2024-06,PNW,243,40279.68,165.76
CW500024,2024-07,NE,232,38456.32,165.76
CW500024,2024-07,MA,156,25858.56,165.76
CW500024,2024-07,SE,169,28013.44,165.76
CW500024,2024-07,MW,201,33317.76,165.76
CW500024,2024-07,TX,228,37793.28,165.76
CW500024,2024-07,MTN,205,33980.8,165.76
CW500024,2024-07,PSW,189,31328.64,165.76
CW500024,2024-07,PNW,249,41274.24,165.76
CW500024,2024-08,NE,237,39285.12,165.76
CW500024,2024-08,MA,165,27350.4,165.76
CW500024,2024-08,SE,155,25692.8,165.76
CW500024,2024-08,MW,185,30665.6,165.76
CW500024,2024-08,TX,236,39119.36,165.76
CW500024,2024-08,MTN,189,31328.64,165.76
CW500024,2024-08,PSW,185,30665.6,165.76
CW500024,2024-08,PNW,219,36301.44,165.76
CW500024,2024-09,NE,197,32654.72,165.76
CW500024,2024-09,MA,148,24532.48,165.76
CW500024,2024-09,SE,155,25692.8,165.76
CW500024,2024-09,MW,160,26521.6,165.76
CW500024,2024-09,TX,203,33649.28,165.76
CW500024,2024-09,MTN,161,26687.36,165.76
CW500024,2024-09,PSW,180,29836.8,165.76
CW500024,2024-09,PNW,201,33317.76,165.76
CW500024,2024-10,NE,175,29008.0,165.76
CW500024,2024-10,MA,120,19891.2,165.76
CW500024,2024-10,SE,122,20222.72,165.76
CW500024,2024-10,MW,146,24200.96,165.76
CW500024,2024-10,TX,169,28013.44,165.76
CW500024,2024-10,MTN,157,26024.32,165.76
CW500024,2024-10,PSW,151,25029.76,165.76
CW500024,2024-10,PNW,180,29836.8,165.76
CW500024,2024-11,NE,151,25029.76,165.76
CW500024,2024-11,MA,105,17404.8,165.76
CW500024,2024-11,SE,111,18399.36,165.76
CW500024,2024-11,MW,130,21548.8,165.76
CW500024,2024-11,TX,166,27516.16,165.76
CW500024,2024-11,MTN,148,24532.48,165.76
CW500024,2024-11,PSW,145,24035.2,165.76
CW500024,2024-11,PNW,162,26853.12,165.76
CW500024,2024-12,NE,166,27516.16,165.76
CW500024,2024-12,MA,110,18233.6,165.76
CW500024,2024-12,SE,106,17570.56,165.76
CW500024,2024-12,MW,112,18565.12,165.76
CW500024,2024-12,TX,158,26190.08,165.76
CW500024,2024-12,MTN,138,22874.88,165.76
CW500024,2024-12,PSW,135,22377.6,165.76
CW500024,2024-12,PNW,150,24864.0,165.76
CW500024,2025-01,NE,161,26687.36,165.76
CW500024,2025-01,MA,118,19559.68,165.76
CW500024,2025-01,SE,118,19559.68,165.76
CW500024,2025-01,MW,121,20056.96,165.76
CW500024,2025-01,TX,173,28676.48,165.76
CW500024,2025-01,MTN,144,23869.44,165.76
CW500024,2025-01,PSW,146,24200.96,165.76
CW500024,2025-01,PNW,149,24698.24,165.76
CW500024,2025-02,NE,173,28676.48,165.76
CW500024,2025-02,MA,122,20222.72,165.76
CW500024,2025-02,SE,140,23206.4,165.76
CW500024,2025-02,MW,152,25195.52,165.76
CW500024,2025-02,TX,177,29339.52,165.76
CW500024,2025-02,MTN,157,26024.32,165.76
CW500024,2025-02,PSW,143,23703.68,165.76
CW500024,2025-02,PNW,167,27681.92,165.76
CW500024,2025-03,NE,199,32986.24,165.76
CW500024,2025-03,MA,147,24366.72,165.76
CW500024,2025-03,SE,149,24698.24,165.76
CW500024,2025-03,MW,160,26521.6,165.76
CW500024,2025-03,TX,209,34643.84,165.76
CW500024,2025-03,MTN,182,30168.32,165.76
CW500024,2025-03,PSW,175,29008.0,165.76
CW500024,2025-03,PNW,211,34975.36,165.76
CW500024,2025-04,NE,227,37627.52,165.76
CW500024,2025-04,MA,170,28179.2,165.76
CW500024,2025-04,SE,178,29505.28,165.76
CW500024,2025-04,MW,180,29836.8,165.76
CW500024,2025-04,TX,225,37296.0,165.76
CW500024,2025-04,MTN,196,32488.96,165.76
CW500024,2025-04,PSW,187,30997.12,165.76
CW500024,2025-04,PNW,225,37296.0,165.76
CW500024,2025-05,NE,241,39948.16,165.76
CW500024,2025-05,MA,181,30002.56,165.76
CW500024,2025-05,SE,188,31162.88,165.76
CW500024,2025-05,MW,190,31494.4,165.76
CW500024,2025-05,TX,258,42766.08,165.76
CW500024,2025-05,MTN,236,39119.36,165.76
CW500024,2025-05,PSW,202,33483.52,165.76
CW500024,2025-05,PNW,240,39782.4,165.76
CW500024,2025-06,NE,272,45086.72,165.76
CW500024,2025-06,MA,172,28510.72,165.76
CW500024,2025-06,SE,183,30334.08,165.76
CW500024,2025-06,MW,199,32986.24,165.76
CW500024,2025-06,TX,286,47407.36,165.76
CW500024,2025-06,MTN,240,39782.4,165.76
CW500024,2025-06,PSW,238,39450.88,165.76
CW500024,2025-06,PNW,245,40611.2,165.76
CW500024,2025-07,NE,257,42600.32,165.76
CW500024,2025-07,MA,187,30997.12,165.76
CW500024,2025-07,SE,189,31328.64,165.76
CW500024,2025-07,MW,203,33649.28,165.76
CW500024,2025-07,TX,248,41108.48,165.76
CW500024,2025-07,MTN,221,36632.96,165.76
CW500024,2025-07,PSW,220,36467.2,165.76
CW500024,2025-07,PNW,267,44257.92,165.76
CW500024,2025-08,NE,249,41274.24,165.76
CW500024,2025-08,MA,159,26355.84,165.76
CW500024,2025-08,SE,185,30665.6,165.76
CW500024,2025-08,MW,194,32157.44,165.76
CW500024,2025-08,TX,253,41937.28,165.76
CW500024,2025-08,MTN,203,33649.28,165.76
CW500024,2025-08,PSW,206,34146.56,165.76
CW500024,2025-08,PNW,231,38290.56,165.76
CW500024,2025-09,NE,206,34146.56,165.76
CW500024,2025-09,MA,159,26355.84,165.76
CW500024,2025-09,SE,168,27847.68,165.76
CW500024,2025-09,MW,164,27184.64,165.76
CW500024,2025-09,TX,220,36467.2,165.76
CW500024,2025-09,MTN,196,32488.96,165.76
CW500024,2025-09,PSW,172,28510.72,165.76
CW500024,2025-09,PNW,228,37793.28,165.76
CW500024,2025-10,NE,189,31328.64,165.76
CW500024,2025-10,MA,136,22543.36,165.76
CW500024,2025-10,SE,133,22046.08,165.76
CW500024,2025-10,MW,139,23040.64,165.76
CW500024,2025-10,TX,183,30334.08,165.76
CW500024,2025-10,MTN,150,24864.0,165.76
CW500024,2025-10,PSW,163,27018.88,165.76
CW500024,2025-10,PNW,188,31162.88,165.76
CW500024,2025-11,NE,161,26687.36,165.76
CW500024,2025-11,MA,126,20885.76,165.76
CW500024,2025-11,SE,127,21051.52,165.76
CW500024,2025-11,MW,130,21548.8,165.76
CW500024,2025-11,TX,159,26355.84,165.76
CW500024,2025-11,MTN,138,22874.88,165.76
CW500024,2025-11,PSW,133,22046.08,165.76
CW500024,2025-11,PNW,164,27184.64,165.76
CW500024,2025-12,NE,159,26355.84,165.76
CW500024,2025-12,MA,113,18730.88,165.76
CW500024,2025-12,SE,115,19062.4,165.76
CW500024,2025-12,MW,133,22046.08,165.76
CW500024,2025-12,TX,166,27516.16,165.76
CW500024,2025-12,MTN,153,25361.28,165.76
CW500024,2025-12,PSW,148,24532.48,165.76
CW500024,2025-12,PNW,169,28013.44,165.76
CW500027,2024-01,NE,65,4336.8,66.72
CW500027,2024-01,MA,49,3269.28,66.72
CW500027,2024-01,SE,67,4470.24,66.72
CW500027,2024-01,MW,70,4670.4,66.72
CW500027,2024-01,TX,67,4470.24,66.72
CW500027,2024-01,MTN,60,4003.2,66.72
CW500027,2024-01,PSW,62,4136.64,66.72
CW500027,2024-01,PNW,67,4470.24,66.72
CW500027,2024-02,NE,75,5004.0,66.72
CW500027,2024-02,MA,56,3736.32,66.72
CW500027,2024-02,SE,70,4670.4,66.72
CW500027,2024-02,MW,79,5270.88,66.72
CW500027,2024-02,TX,73,4870.56,66.72
CW500027,2024-02,MTN,68,4536.96,66.72
CW500027,2024-02,PSW,61,4069.92,66.72
CW500027,2024-02,PNW,75,5004.0,66.72
CW500027,2024-03,NE,96,6405.12,66.72
CW500027,2024-03,MA,63,4203.36,66.72
CW500027,2024-03,SE,81,5404.32,66.72
CW500027,2024-03,MW,83,5537.76,66.72
CW500027,2024-03,TX,94,6271.68,66.72
CW500027,2024-03,MTN,76,5070.72,66.72
CW500027,2024-03,PSW,79,5270.88,66.72
CW500027,2024-03,PNW,88,5871.36,66.72
CW500027,2024-04,NE,110,7339.2,66.72
CW500027,2024-04,MA,64,4270.08,66.72
CW500027,2024-04,SE,100,6672.0,66.72
CW500027,2024-04,MW,109,7272.48,66.72
CW500027,2024-04,TX,97,6471.84,66.72
CW500027,2024-04,MTN,91,6071.52,66.72
CW500027,2024-04,PSW,92,6138.24,66.72
CW500027,2024-04,PNW,105,7005.6,66.72
CW500027,2024-05,NE,107,7139.04,66.72
CW500027,2024-05,MA,76,5070.72,66.72
CW500027,2024-05,SE,111,7405.92,66.72
CW500027,2024-05,MW,111,7405.92,66.72
CW500027,2024-05,TX,108,7205.76,66.72
CW500027,2024-05,MTN,89,5938.08,66.72
CW500027,2024-05,PSW,93,6204.96,66.72
CW500027,2024-05,PNW,111,7405.92,66.72
CW500027,2024-06,NE,120,8006.4,66.72
CW500027,2024-06,MA,77,5137.44,66.72
CW500027,2024-06,SE,101,6738.72,66.72
CW500027,2024-06,MW,115,7672.8,66.72
CW500027,2024-06,TX,108,7205.76,66.72
CW500027,2024-06,MTN,100,6672.0,66.72
CW500027,2024-06,PSW,103,6872.16,66.72
CW500027,2024-06,PNW,114,7606.08,66.72
CW500027,2024-07,NE,105,7005.6,66.72
CW500027,2024-07,MA,70,4670.4,66.72
CW500027,2024-07,SE,110,7339.2,66.72
CW500027,2024-07,MW,109,7272.48,66.72
CW500027,2024-07,TX,115,7672.8,66.72
CW500027,2024-07,MTN,91,6071.52,66.72
CW500027,2024-07,PSW,94,6271.68,66.72
CW500027,2024-07,PNW,107,7139.04,66.72
CW500027,2024-08,NE,100,6672.0,66.72
CW500027,2024-08,MA,73,4870.56,66.72
CW500027,2024-08,SE,94,6271.68,66.72
CW500027,2024-08,MW,106,7072.32,66.72
CW500027,2024-08,TX,111,7405.92,66.72
CW500027,2024-08,MTN,93,6204.96,66.72
CW500027,2024-08,PSW,93,6204.96,66.72
CW500027,2024-08,PNW,100,6672.0,66.72
CW500027,2024-09,NE,98,6538.56,66.72
CW500027,2024-09,MA,66,4403.52,66.72
CW500027,2024-09,SE,94,6271.68,66.72
CW500027,2024-09,MW,93,6204.96,66.72
CW500027,2024-09,TX,100,6672.0,66.72
CW500027,2024-09,MTN,76,5070.72,66.72
CW500027,2024-09,PSW,72,4803.84,66.72
CW500027,2024-09,PNW,86,5737.92,66.72
CW500027,2024-10,NE,89,5938.08,66.72
CW500027,2024-10,MA,56,3736.32,66.72
CW500027,2024-10,SE,80,5337.6,66.72
CW500027,2024-10,MW,79,5270.88,66.72
CW500027,2024-10,TX,83,5537.76,66.72
CW500027,2024-10,MTN,68,4536.96,66.72
CW500027,2024-10,PSW,67,4470.24,66.72
CW500027,2024-10,PNW,80,5337.6,66.72
CW500027,2024-11,NE,73,4870.56,66.72
CW500027,2024-11,MA,50,3336.0,66.72
CW500027,2024-11,SE,73,4870.56,66.72
CW500027,2024-11,MW,79,5270.88,66.72
CW500027,2024-11,TX,68,4536.96,66.72
CW500027,2024-11,MTN,58,3869.76,66.72
CW500027,2024-11,PSW,65,4336.8,66.72
CW500027,2024-11,PNW,78,5204.16,66.72
CW500027,2024-12,NE,72,4803.84,66.72
CW500027,2024-12,MA,50,3336.0,66.72
CW500027,2024-12,SE,71,4737.12,66.72
CW500027,2024-12,MW,75,5004.0,66.72
CW500027,2024-12,TX,70,4670.4,66.72
CW500027,2024-12,MTN,56,3736.32,66.72
CW500027,2024-12,PSW,61,4069.92,66.72
CW500027,2024-12,PNW,71,4737.12,66.72
CW500027,2025-01,NE,72,4803.84,66.72
CW500027,2025-01,MA,54,3602.88,66.72
CW500027,2025-01,SE,76,5070.72,66.72
CW500027,2025-01,MW,71,4737.12,66.72
CW500027,2025-01,TX,71,4737.12,66.72
CW500027,2025-01,MTN,65,4336.8,66.72
CW500027,2025-01,PSW,61,4069.92,66.72
CW500027,2025-01,PNW,75,5004.0,66.72
CW500027,2025-02,NE,88,5871.36,66.72
CW500027,2025-02,MA,54,3602.88,66.72
CW500027,2025-02,SE,74,4937.28,66.72
CW500027,2025-02,MW,79,5270.88,66.72
CW500027,2025-02,TX,80,5337.6,66.72
CW500027,2025-02,MTN,71,4737.12,66.72
CW500027,2025-02,PSW,67,4470.24,66.72
CW500027,2025-02,PNW,82,5471.04,66.72
CW500027,2025-03,NE,99,6605.28,66.72
CW500027,2025-03,MA,69,4603.68,66.72
CW500027,2025-03,SE,90,6004.8,66.72
CW500027,2025-03,MW,89,5938.08,66.72
CW500027,2025-03,TX,94,6271.68,66.72
CW500027,2025-03,MTN,75,5004.0,66.72
CW500027,2025-03,PSW,77,5137.44,66.72
CW500027,2025-03,PNW,93,6204.96,66.72
CW500027,2025-04,NE,106,7072.32,66.72
CW500027,2025-04,MA,72,4803.84,66.72
CW500027,2025-04,SE,105,7005.6,66.72
CW500027,2025-04,MW,104,6938.88,66.72
CW500027,2025-04,TX,104,6938.88,66.72
CW500027,2025-04,MTN,93,6204.96,66.72
CW500027,2025-04,PSW,89,5938.08,66.72
CW500027,2025-04,PNW,112,7472.64,66.72
CW500027,2025-05,NE,125,8340.0,66.72
CW500027,2025-05,MA,85,5671.2,66.72
CW500027,2025-05,SE,112,7472.64,66.72
CW500027,2025-05,MW,111,7405.92,66.72
CW500027,2025-05,TX,126,8406.72,66.72
CW500027,2025-05,MTN,100,6672.0,66.72
CW500027,2025-05,PSW,107,7139.04,66.72
CW500027,2025-05,PNW,123,8206.56,66.72
CW500027,2025-06,NE,132,8807.04,66.72
CW500027,2025-06,MA,83,5537.76,66.72
CW500027,2025-06,SE,113,7539.36,66.72
CW500027,2025-06,MW,113,7539.36,66.72
CW500027,2025-06,TX,128,8540.16,66.72
CW500027,2025-06,MTN,108,7205.76,66.72
CW500027,2025-06,PSW,105,7005.6,66.72
CW500027,2025-06,PNW,113,7539.36,66.72
CW500027,2025-07,NE,54,3602.88,66.72
CW500027,2025-07,MA,35,2335.2,66.72
CW500027,2025-07,SE,53,3536.16,66.72
CW500027,2025-07,MW,54,3602.88,66.72
CW500027,2025-07,TX,51,3402.72,66.72
CW500027,2025-07,MTN,48,3202.56,66.72
CW500027,2025-07,PSW,44,2935.68,66.72
CW500027,2025-07,PNW,56,3736.32,66.72
CW500027,2025-08,NE,47,3135.84,66.72
CW500027,2025-08,MA,36,2401.92,66.72
CW500027,2025-08,SE,45,3002.4,66.72
CW500027,2025-08,MW,49,3269.28,66.72
CW500027,2025-08,TX,54,3602.88,66.72
CW500027,2025-08,MTN,45,3002.4,66.72
CW500027,2025-08,PSW,41,2735.52,66.72
CW500027,2025-08,PNW,46,3069.12,66.72
CW500027,2025-09,NE,43,2868.96,66.72
CW500027,2025-09,MA,31,2068.32,66.72
CW500027,2025-09,SE,46,3069.12,66.72
CW500027,2025-09,MW,44,2935.68,66.72
CW500027,2025-09,TX,42,2802.24,66.72
CW500027,2025-09,MTN,40,2668.8,66.72
CW500027,2025-09,PSW,36,2401.92,66.72
CW500027,2025-09,PNW,46,3069.12,66.72
CW500027,2025-10,NE,41,2735.52,66.72
CW500027,2025-10,MA,25,1668.0,66.72
CW500027,2025-10,SE,36,2401.92,66.72
CW500027,2025-10,MW,40,2668.8,66.72
CW500027,2025-10,TX,39,2602.08,66.72
CW500027,2025-10,MTN,31,2068.32,66.72
CW500027,2025-10,PSW,34,2268.48,66.72
CW500027,2025-10,PNW,37,2468.64,66.72
CW500027,2025-11,NE,36,2401.92,66.72
CW500027,2025-11,MA,25,1668.0,66.72
CW500027,2025-11,SE,36,2401.92,66.72
CW500027,2025-11,MW,36,2401.92,66.72
CW500027,2025-11,TX,38,2535.36,66.72
CW500027,2025-11,MTN,30,2001.6,66.72
CW500027,2025-11,PSW,28,1868.16,66.72
CW500027,2025-11,PNW,37,2468.64,66.72
CW500027,2025-12,NE,34,2268.48,66.72
CW500027,2025-12,MA,24,1601.28,66.72
CW500027,2025-12,SE,34,2268.48,66.72
CW500027,2025-12,MW,35,2335.2,66.72
CW500027,2025-12,TX,36,2401.92,66.72
CW500027,2025-12,MTN,31,2068.32,66.72
CW500027,2025-12,PSW,31,2068.32,66.72
CW500027,2025-12,PNW,31,2068.32,66.72
CW500030,2024-01,NE,82,7891.68,96.24
CW500030,2024-01,MA,65,6255.6,96.24
CW500030,2024-01,SE,98,9431.52,96.24
CW500030,2024-01,MW,85,8180.4,96.24
CW500030,2024-01,TX,54,5196.96,96.24
CW500030,2024-01,MTN,83,7987.92,96.24
CW500030,2024-01,PSW,61,5870.64,96.24
CW500030,2024-01,PNW,54,5196.96,96.24
CW500030,2024-02,NE,87,8372.88,96.24
CW500030,2024-02,MA,71,6833.04,96.24
CW500030,2024-02,SE,111,10682.64,96.24
CW500030,2024-02,MW,104,10008.96,96.24
CW500030,2024-02,TX,62,5966.88,96.24
CW500030,2024-02,MTN,89,8565.36,96.24
CW500030,2024-02,PSW,70,6736.8,96.24
CW500030,2024-02,PNW,65,6255.6,96.24
CW500030,2024-03,NE,101,9720.24,96.24
CW500030,2024-03,MA,82,7891.68,96.24
CW500030,2024-03,SE,123,11837.52,96.24
CW500030,2024-03,MW,108,10393.92,96.24
CW500030,2024-03,TX,71,6833.04,96.24
CW500030,2024-03,MTN,113,10875.12,96.24
CW500030,2024-03,PSW,83,7987.92,96.24
CW500030,2024-03,PNW,69,6640.56,96.24
CW500030,2024-04,NE,113,10875.12,96.24
CW500030,2024-04,MA,99,9527.76,96.24
CW500030,2024-04,SE,136,13088.64,96.24
CW500030,2024-04,MW,134,12896.16,96.24
CW500030,2024-04,TX,79,7602.96,96.24
CW500030,2024-04,MTN,122,11741.28,96.24
CW500030,2024-04,PSW,102,9816.48,96.24
CW500030,2024-04,PNW,87,8372.88,96.24
CW500030,2024-05,NE,121,11645.04,96.24
CW500030,2024-05,MA,110,10586.4,96.24
CW500030,2024-05,SE,149,14339.76,96.24
CW500030,2024-05,MW,133,12799.92,96.24
CW500030,2024-05,TX,98,9431.52,96.24
CW500030,2024-05,MTN,134,12896.16,96.24
CW500030,2024-05,PSW,101,9720.24,96.24
CW500030,2024-05,PNW,91,8757.84,96.24
CW500030,2024-06,NE,132,12703.68,96.24
CW500030,2024-06,MA,112,10778.88,96.24
CW500030,2024-06,SE,158,15205.92,96.24
CW500030,2024-06,MW,140,13473.6,96.24
CW500030,2024-06,TX,93,8950.32,96.24
CW500030,2024-06,MTN,145,13954.8,96.24
CW500030,2024-06,PSW,115,11067.6,96.24
CW500030,2024-06,PNW,89,8565.36,96.24
CW500030,2024-07,NE,135,12992.4,96.24
CW500030,2024-07,MA,114,10971.36,96.24
CW500030,2024-07,SE,153,14724.72,96.24
CW500030,2024-07,MW,137,13184.88,96.24
CW500030,2024-07,TX,91,8757.84,96.24
CW500030,2024-07,MTN,124,11933.76,96.24
CW500030,2024-07,PSW,104,10008.96,96.24
CW500030,2024-07,PNW,87,8372.88,96.24
CW500030,2024-08,NE,124,11933.76,96.24
CW500030,2024-08,MA,101,9720.24,96.24
CW500030,2024-08,SE,144,13858.56,96.24
CW500030,2024-08,MW,131,12607.44,96.24
CW500030,2024-08,TX,90,8661.6,96.24
CW500030,2024-08,MTN,116,11163.84,96.24
CW500030,2024-08,PSW,96,9239.04,96.24
CW500030,2024-08,PNW,87,8372.88,96.24
CW500030,2024-09,NE,107,10297.68,96.24
CW500030,2024-09,MA,98,9431.52,96.24
CW500030,2024-09,SE,135,12992.4,96.24
CW500030,2024-09,MW,124,11933.76,96.24
CW500030,2024-09,TX,78,7506.72,96.24
CW500030,2024-09,MTN,117,11260.08,96.24
CW500030,2024-09,PSW,90,8661.6,96.24
CW500030,2024-09,PNW,71,6833.04,96.24
CW500030,2024-10,NE,88,8469.12,96.24
CW500030,2024-10,MA,85,8180.4,96.24
CW500030,2024-10,SE,117,11260.08,96.24
CW500030,2024-10,MW,96,9239.04,96.24
CW500030,2024-10,TX,63,6063.12,96.24
CW500030,2024-10,MTN,101,9720.24,96.24
CW500030,2024-10,PSW,72,6929.28,96.24
CW500030,2024-10,PNW,68,6544.32,96.24
CW500030,2024-11,NE,79,7602.96,96.24
CW500030,2024-11,MA,69,6640.56,96.24
CW500030,2024-11,SE,95,9142.8,96.24
CW500030,2024-11,MW,100,9624.0,96.24
CW500030,2024-11,TX,61,5870.64,96.24
CW500030,2024-11,MTN,93,8950.32,96.24
CW500030,2024-11,PSW,71,6833.04,96.24
CW500030,2024-11,PNW,61,5870.64,96.24
CW500030,2024-12,NE,76,7314.24,96.24
CW500030,2024-12,MA,74,7121.76,96.24
CW500030,2024-12,SE,90,8661.6,96.24
CW500030,2024-12,MW,90,8661.6,96.24
CW500030,2024-12,TX,63,6063.12,96.24
CW500030,2024-12,MTN,91,8757.84,96.24
CW500030,2024-12,PSW,68,6544.32,96.24
CW500030,2024-12,PNW,58,5581.92,96.24
CW500030,2025-01,NE,80,7699.2,96.24
CW500030,2025-01,MA,76,7314.24,96.24
CW500030,2025-01,SE,97,9335.28,96.24
CW500030,2025-01,MW,94,9046.56,96.24
CW500030,2025-01,TX,60,5774.4,96.24
CW500030,2025-01,MTN,95,9142.8,96.24
CW500030,2025-01,PSW,73,7025.52,96.24
CW500030,2025-01,PNW,64,6159.36,96.24
CW500030,2025-02,NE,91,8757.84,96.24
CW500030,2025-02,MA,85,8180.4,96.24
CW500030,2025-02,SE,117,11260.08,96.24
CW500030,2025-02,MW,107,10297.68,96.24
CW500030,2025-02,TX,68,6544.32,96.24
CW500030,2025-02,MTN,105,10105.2,96.24
CW500030,2025-02,PSW,73,7025.52,96.24
CW500030,2025-02,PNW,69,6640.56,96.24
CW500030,2025-03,NE,117,11260.08,96.24
CW500030,2025-03,MA,101,9720.24,96.24
CW500030,2025-03,SE,132,12703.68,96.24
CW500030,2025-03,MW,127,12222.48,96.24
CW500030,2025-03,TX,78,7506.72,96.24
CW500030,2025-03,MTN,111,10682.64,96.24
CW500030,2025-03,PSW,90,8661.6,96.24
CW500030,2025-03,PNW,81,7795.44,96.24
CW500030,2025-04,NE,119,11452.56,96.24
CW500030,2025-04,MA,110,10586.4,96.24
CW500030,2025-04,SE,143,13762.32,96.24
CW500030,2025-04,MW,135,12992.4,96.24
CW500030,2025-04,TX,96,9239.04,96.24
CW500030,2025-04,MTN,141,13569.84,96.24
CW500030,2025-04,PSW,109,10490.16,96.24
CW500030,2025-04,PNW,86,8276.64,96.24
CW500030,2025-05,NE,144,13858.56,96.24
CW500030,2025-05,MA,116,11163.84,96.24
CW500030,2025-05,SE,162,15590.88,96.24
CW500030,2025-05,MW,162,15590.88,96.24
CW500030,2025-05,TX,97,9335.28,96.24
CW500030,2025-05,MTN,145,13954.8,96.24
CW500030,2025-05,PSW,116,11163.84,96.24
CW500030,2025-05,PNW,93,8950.32,96.24
CW500030,2025-06,NE,135,12992.4,96.24
CW500030,2025-06,MA,130,12511.2,96.24
CW500030,2025-06,SE,170,16360.8,96.24
CW500030,2025-06,MW,164,15783.36,96.24
CW500030,2025-06,TX,109,10490.16,96.24
CW500030,2025-06,MTN,151,14532.24,96.24
CW500030,2025-06,PSW,114,10971.36,96.24
CW500030,2025-06,PNW,97,9335.28,96.24
CW500033,2024-01,NE,118,2289.2,19.4
CW500033,2024-01,MA,99,1920.6,19.4
CW500033,2024-01,SE,146,2832.4,19.4
CW500033,2024-01,MW,113,2192.2,19.4
CW500033,2024-01,TX,110,2134.0,19.4
CW500033,2024-01,MTN,112,2172.8,19.4
CW500033,2024-01,PSW,86,1668.4,19.4
CW500033,2024-01,PNW,138,2677.2,19.4
CW500033,2024-02,NE,128,2483.2,19.4
CW500033,2024-02,MA,112,2172.8,19.4
CW500033,2024-02,SE,159,3084.6,19.4
CW500033,2024-02,MW,128,2483.2,19.4
CW500033,2024-02,TX,137,2657.8,19.4
CW500033,2024-02,MTN,140,2716.0,19.4
CW500033,2024-02,PSW,106,2056.4,19.4
CW500033,2024-02,PNW,158,3065.2,19.4
CW500033,2024-03,NE,141,2735.4,19.4
CW500033,2024-03,MA,120,2328.0,19.4
CW500033,2024-03,SE,169,3278.6,19.4
CW500033,2024-03,MW,143,2774.2,19.4
CW500033,2024-03,TX,153,2968.2,19.4
CW500033,2024-03,MTN,163,3162.2,19.4
CW500033,2024-03,PSW,125,2425.0,19.4
CW500033,2024-03,PNW,193,3744.2,19.4
CW500033,2024-04,NE,155,3007.0,19.4
CW500033,2024-04,MA,136,2638.4,19.4
CW500033,2024-04,SE,205,3977.0,19.4
CW500033,2024-04,MW,172,3336.8,19.4
CW500033,2024-04,TX,160,3104.0,19.4
CW500033,2024-04,MTN,188,3647.2,19.4
CW500033,2024-04,PSW,129,2502.6,19.4
CW500033,2024-04,PNW,200,3880.0,19.4
CW500033,2024-05,NE,185,3589.0,19.4
CW500033,2024-05,MA,162,3142.8,19.4
CW500033,2024-05,SE,201,3899.4,19.4
CW500033,2024-05,MW,164,3181.6,19.4
CW500033,2024-05,TX,194,3763.6,19.4
CW500033,2024-05,MTN,196,3802.4,19.4
CW500033,2024-05,PSW,155,3007.0,19.4
CW500033,2024-05,PNW,236,4578.4,19.4
CW500033,2024-06,NE,202,3918.8,19.4
CW500033,2024-06,MA,151,2929.4,19.4
CW500033,2024-06,SE,230,4462.0,19.4
CW500033,2024-06,MW,177,3433.8,19.4
CW500033,2024-06,TX,199,3860.6,19.4
CW500033,2024-06,MTN,193,3744.2,19.4
CW500033,2024-06,PSW,150,2910.0,19.4
CW500033,2024-06,PNW,221,4287.4,19.4
CW500033,2024-07,NE,178,3453.2,19.4
CW500033,2024-07,MA,150,2910.0,19.4
CW500033,2024-07,SE,203,3938.2,19.4
CW500033,2024-07,MW,186,3608.4,19.4
CW500033,2024-07,TX,170,3298.0,19.4
CW500033,2024-07,MTN,203,3938.2,19.4
CW500033,2024-07,PSW,142,2754.8,19.4
CW500033,2024-07,PNW,218,4229.2,19.4
CW500033,2024-08,NE,179,3472.6,19.4
CW500033,2024-08,MA,144,2793.6,19.4
CW500033,2024-08,SE,210,4074.0,19.4
CW500033,2024-08,MW,172,3336.8,19.4
CW500033,2024-08,TX,159,3084.6,19.4
CW500033,2024-08,MTN,179,3472.6,19.4
CW500033,2024-08,PSW,145,2813.0,19.4
CW500033,2024-08,PNW,223,4326.2,19.4
CW500033,2024-09,NE,154,2987.6,19.4
CW500033,2024-09,MA,133,2580.2,19.4
CW500033,2024-09,SE,179,3472.6,19.4
CW500033,2024-09,MW,136,2638.4,19.4
CW500033,2024-09,TX,142,2754.8,19.4
CW500033,2024-09,MTN,149,2890.6,19.4
CW500033,2024-09,PSW,133,2580.2,19.4
CW500033,2024-09,PNW,199,3860.6,19.4
CW500033,2024-10,NE,132,2560.8,19.4
CW500033,2024-10,MA,109,2114.6,19.4
CW500033,2024-10,SE,152,2948.8,19.4
CW500033,2024-10,MW,125,2425.0,19.4
CW500033,2024-10,TX,128,2483.2,19.4
CW500033,2024-10,MTN,145,2813.0,19.4
CW500033,2024-10,PSW,110,2134.0,19.4
CW500033,2024-10,PNW,168,3259.2,19.4
CW500033,2024-11,NE,113,2192.2,19.4
CW500033,2024-11,MA,97,1881.8,19.4
CW500033,2024-11,SE,146,2832.4,19.4
CW500033,2024-11,MW,126,2444.4,19.4
CW500033,2024-11,TX,129,2502.6,19.4
CW500033,2024-11,MTN,135,2619.0,19.4
CW500033,2024-11,PSW,94,1823.6,19.4
CW500033,2024-11,PNW,157,3045.8,19.4
CW500033,2024-12,NE,125,2425.0,19.4
CW500033,2024-12,MA,107,2075.8,19.4
CW500033,2024-12,SE,140,2716.0,19.4
CW500033,2024-12,MW,112,2172.8,19.4
CW500033,2024-12,TX,114,2211.6,19.4
CW500033,2024-12,MTN,115,2231.0,19.4
CW500033,2024-12,PSW,87,1687.8,19.4
CW500033,2024-12,PNW,143,2774.2,19.4
CW500033,2025-01,NE,132,2560.8,19.4
CW500033,2025-01,MA,104,2017.6,19.4
CW500033,2025-01,SE,139,2696.6,19.4
CW500033,2025-01,MW,126,2444.4,19.4
CW500033,2025-01,TX,131,2541.4,19.4
CW500033,2025-01,MTN,139,2696.6,19.4
CW500033,2025-01,PSW,97,1881.8,19.4
CW500033,2025-01,PNW,143,2774.2,19.4
CW500033,2025-02,NE,133,2580.2,19.4
CW500033,2025-02,MA,116,2250.4,19.4
CW500033,2025-02,SE,167,3239.8,19.4
CW500033,2025-02,MW,141,2735.4,19.4
CW500033,2025-02,TX,136,2638.4,19.4
CW500033,2025-02,MTN,134,2599.6,19.4
CW500033,2025-02,PSW,113,2192.2,19.4
CW500033,2025-02,PNW,166,3220.4,19.4
CW500033,2025-03,NE,149,2890.6,19.4
CW500033,2025-03,MA,133,2580.2,19.4
CW500033,2025-03,SE,190,3686.0,19.4
CW500033,2025-03,MW,160,3104.0,19.4
CW500033,2025-03,TX,149,2890.6,19.4
CW500033,2025-03,MTN,174,3375.6,19.4
CW500033,2025-03,PSW,132,2560.8,19.4
CW500033,2025-03,PNW,195,3783.0,19.4
CW500033,2025-04,NE,171,3317.4,19.4
CW500033,2025-04,MA,163,3162.2,19.4
CW500033,2025-04,SE,203,3938.2,19.4
CW500033,2025-04,MW,182,3530.8,19.4
CW500033,2025-04,TX,187,3627.8,19.4
CW500033,2025-04,MTN,193,3744.2,19.4
CW500033,2025-04,PSW,136,2638.4,19.4
CW500033,2025-04,PNW,216,4190.4,19.4
CW500033,2025-05,NE,194,3763.6,19.4
CW500033,2025-05,MA,167,3239.8,19.4
CW500033,2025-05,SE,216,4190.4,19.4
CW500033,2025-05,MW,185,3589.0,19.4
CW500033,2025-05,TX,203,3938.2,19.4
CW500033,2025-05,MTN,198,3841.2,19.4
CW500033,2025-05,PSW,155,3007.0,19.4
CW500033,2025-05,PNW,240,4656.0,19.4
CW500033,2025-06,NE,215,4171.0,19.4
CW500033,2025-06,MA,185,3589.0,19.4
CW500033,2025-06,SE,258,5005.2,19.4
CW500033,2025-06,MW,200,3880.0,19.4
CW500033,2025-06,TX,191,3705.4,19.4
CW500033,2025-06,MTN,199,3860.6,19.4
CW500033,2025-06,PSW,173,3356.2,19.4
CW500033,2025-06,PNW,256,4966.4,19.4
CW500033,2025-07,NE,188,3647.2,19.4
CW500033,2025-07,MA,169,3278.6,19.4
CW500033,2025-07,SE,236,4578.4,19.4
CW500033,2025-07,MW,175,3395.0,19.4
CW500033,2025-07,TX,196,3802.4,19.4
CW500033,2025-07,MTN,211,4093.4,19.4
CW500033,2025-07,PSW,156,3026.4,19.4
CW500033,2025-07,PNW,245,4753.0,19.4
CW500033,2025-08,NE,188,3647.2,19.4
CW500033,2025-08,MA,158,3065.2,19.4
CW500033,2025-08,SE,219,4248.6,19.4
CW500033,2025-08,MW,174,3375.6,19.4
CW500033,2025-08,TX,184,3569.6,19.4
CW500033,2025-08,MTN,194,3763.6,19.4
CW500033,2025-08,PSW,149,2890.6,19.4
CW500033,2025-08,PNW,236,4578.4,19.4
CW500033,2025-09,NE,175,3395.0,19.4
CW500033,2025-09,MA,145,2813.0,19.4
CW500033,2025-09,SE,196,3802.4,19.4
CW500033,2025-09,MW,165,3201.0,19.4
CW500033,2025-09,TX,150,2910.0,19.4
CW500033,2025-09,MTN,172,3336.8,19.4
CW500033,2025-09,PSW,136,2638.4,19.4
CW500033,2025-09,PNW,197,3821.8,19.4
CW500033,2025-10,NE,149,2890.6,19.4
CW500033,2025-10,MA,127,2463.8,19.4
CW500033,2025-10,SE,167,3239.8,19.4
CW500033,2025-10,MW,138,2677.2,19.4
CW500033,2025-10,TX,136,2638.4,19.4
CW500033,2025-10,MTN,143,2774.2,19.4
CW500033,2025-10,PSW,108,2095.2,19.4
CW500033,2025-10,PNW,176,3414.4,19.4
CW500033,2025-11,NE,121,2347.4,19.4
CW500033,2025-11,MA,116,2250.4,19.4
CW500033,2025-11,SE,161,3123.4,19.4
CW500033,2025-11,MW,129,2502.6,19.4
CW500033,2025-11,TX,125,2425.0,19.4
CW500033,2025-11,MTN,139,2696.6,19.4
CW500033,2025-11,PSW,99,1920.6,19.4
CW500033,2025-11,PNW,160,3104.0,19.4
CW500033,2025-12,NE,118,2289.2,19.4
CW500033,2025-12,MA,105,2037.0,19.4
CW500033,2025-12,SE,147,2851.8,19.4
CW500033,2025-12,MW,114,2211.6,19.4
CW500033,2025-12,TX,117,2269.8,19.4
CW500033,2025-12,MTN,142,2754.8,19.4
CW500033,2025-12,PSW,106,2056.4,19.4
CW500033,2025-12,PNW,150,2910.0,19.4
CW500036,2024-01,NE,43,2982.05,69.35
CW500036,2024-01,MA,34,2357.9,69.35
CW500036,2024-01,SE,46,3190.1,69.35
CW500036,2024-01,MW,31,2149.85,69.35
CW500036,2024-01,TX,36,2496.6,69.35
CW500036,2024-01,MTN,53,3675.55,69.35
CW500036,2024-01,PSW,51,3536.85,69.35
CW500036,2024-01,PNW,35,2427.25,69.35
CW500036,2024-02,NE,53,3675.55,69.35
CW500036,2024-02,MA,37,2565.95,69.35
CW500036,2024-02,SE,52,3606.2,69.35
CW500036,2024-02,MW,39,2704.65,69.35
CW500036,2024-02,TX,45,3120.75,69.35
CW500036,2024-02,MTN,57,3952.95,69.35
CW500036,2024-02,PSW,54,3744.9,69.35
CW500036,2024-02,PNW,42,2912.7,69.35
CW500036,2024-03,NE,54,3744.9,69.35
CW500036,2024-03,MA,39,2704.65,69.35
CW500036,2024-03,SE,56,3883.6,69.35
CW500036,2024-03,MW,47,3259.45,69.35
CW500036,2024-03,TX,47,3259.45,69.35
CW500036,2024-03,MTN,69,4785.15,69.35
CW500036,2024-03,PSW,60,4161.0,69.35
CW500036,2024-03,PNW,48,3328.8,69.35
CW500036,2024-04,NE,69,4785.15,69.35
CW500036,2024-04,MA,44,3051.4,69.35
CW500036,2024-04,SE,71,4923.85,69.35
CW500036,2024-04,MW,52,3606.2,69.35
CW500036,2024-04,TX,58,4022.3,69.35
CW500036,2024-04,MTN,73,5062.55,69.35
CW500036,2024-04,PSW,72,4993.2,69.35
CW500036,2024-04,PNW,54,3744.9,69.35
CW500036,2024-05,NE,66,4577.1,69.35
CW500036,2024-05,MA,54,3744.9,69.35
CW500036,2024-05,SE,78,5409.3,69.35
CW500036,2024-05,MW,50,3467.5,69.35
CW500036,2024-05,TX,64,4438.4,69.35
CW500036,2024-05,MTN,86,5964.1,69.35
CW500036,2024-05,PSW,79,5478.65,69.35
CW500036,2024-05,PNW,58,4022.3,69.35
CW500036,2024-06,NE,77,5339.95,69.35
CW500036,2024-06,MA,49,3398.15,69.35
CW500036,2024-06,SE,74,5131.9,69.35
CW500036,2024-06,MW,51,3536.85,69.35
CW500036,2024-06,TX,59,4091.65,69.35
CW500036,2024-06,MTN,78,5409.3,69.35
CW500036,2024-06,PSW,85,5894.75,69.35
CW500036,2024-06,PNW,60,4161.0,69.35
CW500036,2024-07,NE,73,5062.55,69.35
CW500036,2024-07,MA,53,3675.55,69.35
CW500036,2024-07,SE,73,5062.55,69.35
CW500036,2024-07,MW,56,3883.6,69.35
CW500036,2024-07,TX,60,4161.0,69.35
CW500036,2024-07,MTN,78,5409.3,69.35
CW500036,2024-07,PSW,78,5409.3,69.35
CW500036,2024-07,PNW,58,4022.3,69.35
CW500036,2024-08,NE,70,4854.5,69.35
CW500036,2024-08,MA,47,3259.45,69.35
CW500036,2024-08,SE,71,4923.85,69.35
CW500036,2024-08,MW,53,3675.55,69.35
CW500036,2024-08,TX,54,3744.9,69.35
CW500036,2024-08,MTN,78,5409.3,69.35
CW500036,2024-08,PSW,70,4854.5,69.35
CW500036,2024-08,PNW,53,3675.55,69.35
CW500036,2024-09,NE,61,4230.35,69.35
CW500036,2024-09,MA,43,2982.05,69.35
CW500036,2024-09,SE,57,3952.95,69.35
CW500036,2024-09,MW,42,2912.7,69.35
CW500036,2024-09,TX,52,3606.2,69.35
CW500036,2024-09,MTN,69,4785.15,69.35
CW500036,2024-09,PSW,68,4715.8,69.35
CW500036,2024-09,PNW,49,3398.15,69.35
CW500036,2024-10,NE,49,3398.15,69.35
CW500036,2024-10,MA,38,2635.3,69.35
CW500036,2024-10,SE,55,3814.25,69.35
CW500036,2024-10,MW,40,2774.0,69.35
CW500036,2024-10,TX,42,2912.7,69.35
CW500036,2024-10,MTN,57,3952.95,69.35
CW500036,2024-10,PSW,55,3814.25,69.35
CW500036,2024-10,PNW,41,2843.35,69.35
CW500036,2024-11,NE,46,3190.1,69.35
CW500036,2024-11,MA,32,2219.2,69.35
CW500036,2024-11,SE,50,3467.5,69.35
CW500036,2024-11,MW,35,2427.25,69.35
CW500036,2024-11,TX,38,2635.3,69.35
CW500036,2024-11,MTN,53,3675.55,69.35
CW500036,2024-11,PSW,55,3814.25,69.35
CW500036,2024-11,PNW,39,2704.65,69.35
CW500036,2024-12,NE,45,3120.75,69.35
CW500036,2024-12,MA,32,2219.2,69.35
CW500036,2024-12,SE,44,3051.4,69.35
CW500036,2024-12,MW,36,2496.6,69.35
CW500036,2024-12,TX,38,2635.3,69.35
CW500036,2024-12,MTN,51,3536.85,69.35
CW500036,2024-12,PSW,49,3398.15,69.35
CW500036,2024-12,PNW,36,2496.6,69.35
CW500036,2025-01,NE,45,3120.75,69.35
CW500036,2025-01,MA,36,2496.6,69.35
CW500036,2025-01,SE,51,3536.85,69.35
CW500036,2025-01,MW,38,2635.3,69.35
CW500036,2025-01,TX,37,2565.95,69.35
CW500036,2025-01,MTN,53,3675.55,69.35
CW500036,2025-01,PSW,52,3606.2,69.35
CW500036,2025-01,PNW,40,2774.0,69.35
CW500036,2025-02,NE,54,3744.9,69.35
CW500036,2025-02,MA,40,2774.0,69.35
CW500036,2025-02,SE,59,4091.65,69.35
CW500036,2025-02,MW,38,2635.3,69.35
CW500036,2025-02,TX,45,3120.75,69.35
CW500036,2025-02,MTN,57,3952.95,69.35
CW500036,2025-02,PSW,56,3883.6,69.35
CW500036,2025-02,PNW,48,3328.8,69.35
CW500036,2025-03,NE,58,4022.3,69.35
CW500036,2025-03,MA,47,3259.45,69.35
CW500036,2025-03,SE,65,4507.75,69.35
CW500036,2025-03,MW,43,2982.05,69.35
CW500036,2025-03,TX,51,3536.85,69.35
CW500036,2025-03,MTN,73,5062.55,69.35
CW500036,2025-03,PSW,74,5131.9,69.35
CW500036,2025-03,PNW,52,3606.2,69.35
CW500036,2025-04,NE,69,4785.15,69.35
CW500036,2025-04,MA,52,3606.2,69.35
CW500036,2025-04,SE,69,4785.15,69.35
CW500036,2025-04,MW,53,3675.55,69.35
CW500036,2025-04,TX,56,3883.6,69.35
CW500036,2025-04,MTN,81,5617.35,69.35
CW500036,2025-04,PSW,82,5686.7,69.35
CW500036,2025-04,PNW,58,4022.3,69.35
CW500036,2025-05,NE,71,4923.85,69.35
CW500036,2025-05,MA,54,3744.9,69.35
CW500036,2025-05,SE,72,4993.2,69.35
CW500036,2025-05,MW,54,3744.9,69.35
CW500036,2025-05,TX,66,4577.1,69.35
CW500036,2025-05,MTN,90,6241.5,69.35
CW500036,2025-05,PSW,81,5617.35,69.35
CW500036,2025-05,PNW,65,4507.75,69.35
CW500036,2025-06,NE,74,5131.9,69.35
CW500036,2025-06,MA,56,3883.6,69.35
CW500036,2025-06,SE,75,5201.25,69.35
CW500036,2025-06,MW,55,3814.25,69.35
CW500036,2025-06,TX,61,4230.35,69.35
CW500036,2025-06,MTN,85,5894.75,69.35
CW500036,2025-06,PSW,93,6449.55,69.35
CW500036,2025-06,PNW,64,4438.4,69.35
CW500036,2025-07,NE,75,5201.25,69.35
CW500036,2025-07,MA,59,4091.65,69.35
CW500036,2025-07,SE,75,5201.25,69.35
CW500036,2025-07,MW,61,4230.35,69.35
CW500036,2025-07,TX,68,4715.8,69.35
CW500036,2025-07,MTN,81,5617.35,69.35
CW500036,2025-07,PSW,88,6102.8,69.35
CW500036,2025-07,PNW,65,4507.75,69.35
CW500036,2025-08,NE,69,4785.15,69.35
CW500036,2025-08,MA,49,3398.15,69.35
CW500036,2025-08,SE,76,5270.6,69.35
CW500036,2025-08,MW,57,3952.95,69.35
CW500036,2025-08,TX,63,4369.05,69.35
CW500036,2025-08,MTN,79,5478.65,69.35
CW500036,2025-08,PSW,75,5201.25,69.35
CW500036,2025-08,PNW,58,4022.3,69.35
CW500036,2025-09,NE,64,4438.4,69.35
CW500036,2025-09,MA,47,3259.45,69.35
CW500036,2025-09,SE,64,4438.4,69.35
CW500036,2025-09,MW,52,3606.2,69.35
CW500036,2025-09,TX,51,3536.85,69.35
CW500036,2025-09,MTN,70,4854.5,69.35
CW500036,2025-09,PSW,69,4785.15,69.35
CW500036,2025-09,PNW,52,3606.2,69.35
CW500036,2025-10,NE,52,3606.2,69.35
CW500036,2025-10,MA,38,2635.3,69.35
CW500036,2025-10,SE,56,3883.6,69.35
CW500036,2025-10,MW,44,3051.4,69.35
CW500036,2025-10,TX,49,3398.15,69.35
CW500036,2025-10,MTN,63,4369.05,69.35
CW500036,2025-10,PSW,60,4161.0,69.35
CW500036,2025-10,PNW,48,3328.8,69.35
CW500036,2025-11,NE,47,3259.45,69.35
CW500036,2025-11,MA,37,2565.95,69.35
CW500036,2025-11,SE,49,3398.15,69.35
CW500036,2025-11,MW,40,2774.0,69.35
CW500036,2025-11,TX,40,2774.0,69.35
CW500036,2025-11,MTN,53,3675.55,69.35
CW500036,2025-11,PSW,59,4091.65,69.35
CW500036,2025-11,PNW,40,2774.0,69.35
CW500036,2025-12,NE,45,3120.75,69.35
CW500036,2025-12,MA,35,2427.25,69.35
CW500036,2025-12,SE,48,3328.8,69.35
CW500036,2025-12,MW,36,2496.6,69.35
CW500036,2025-12,TX,42,2912.7,69.35
CW500036,2025-12,MTN,54,3744.9,69.35
CW500036,2025-12,PSW,57,3952.95,69.35
CW500036,2025-12,PNW,44,3051.4,69.35
CW500039,2024-01,NE,18,2400.84,133.38
CW500039,2024-01,MA,17,2267.46,133.38
CW500039,2024-01,SE,14,1867.32,133.38
CW500039,2024-01,MW,14,1867.32,133.38
CW500039,2024-01,TX,17,2267.46,133.38
CW500039,2024-01,MTN,19,2534.22,133.38
CW500039,2024-01,PSW,12,1600.56,133.38
CW500039,2024-01,PNW,20,2667.6,133.38
CW500039,2024-02,NE,21,2800.98,133.38
CW500039,2024-02,MA,20,2667.6,133.38
CW500039,2024-02,SE,17,2267.46,133.38
CW500039,2024-02,MW,16,2134.08,133.38
CW500039,2024-02,TX,18,2400.84,133.38
CW500039,2024-02,MTN,18,2400.84,133.38
CW500039,2024-02,PSW,13,1733.94,133.38
CW500039,2024-02,PNW,18,2400.84,133.38
CW500039,2024-03,NE,21,2800.98,133.38
CW500039,2024-03,MA,22,2934.36,133.38
CW500039,2024-03,SE,18,2400.84,133.38
CW500039,2024-03,MW,17,2267.46,133.38
CW500039,2024-03,TX,18,2400.84,133.38
CW500039,2024-03,MTN,19,2534.22,133.38
CW500039,2024-03,PSW,16,2134.08,133.38
CW500039,2024-03,PNW,23,3067.74,133.38
CW500039,2024-04,NE,25,3334.5,133.38
CW500039,2024-04,MA,24,3201.12,133.38
CW500039,2024-04,SE,18,2400.84,133.38
CW500039,2024-04,MW,17,2267.46,133.38
CW500039,2024-04,TX,20,2667.6,133.38
CW500039,2024-04,MTN,20,2667.6,133.38
CW500039,2024-04,PSW,16,2134.08,133.38
CW500039,2024-04,PNW,23,3067.74,133.38
CW500039,2024-05,NE,23,3067.74,133.38
CW500039,2024-05,MA,24,3201.12,133.38
CW500039,2024-05,SE,21,2800.98,133.38
CW500039,2024-05,MW,19,2534.22,133.38
CW500039,2024-05,TX,21,2800.98,133.38
CW500039,2024-05,MTN,24,3201.12,133.38
CW500039,2024-05,PSW,17,2267.46,133.38
CW500039,2024-05,PNW,26,3467.88,133.38
CW500039,2024-06,NE,26,3467.88,133.38
CW500039,2024-06,MA,24,3201.12,133.38
CW500039,2024-06,SE,21,2800.98,133.38
CW500039,2024-06,MW,18,2400.84,133.38
CW500039,2024-06,TX,21,2800.98,133.38
CW500039,2024-06,MTN,22,2934.36,133.38
CW500039,2024-06,PSW,19,2534.22,133.38
CW500039,2024-06,PNW,24,3201.12,133.38
CW500039,2024-07,NE,24,3201.12,133.38
CW500039,2024-07,MA,23,3067.74,133.38
CW500039,2024-07,SE,21,2800.98,133.38
CW500039,2024-07,MW,20,2667.6,133.38
CW500039,2024-07,TX,23,3067.74,133.38
CW500039,2024-07,MTN,23,3067.74,133.38
CW500039,2024-07,PSW,19,2534.22,133.38
CW500039,2024-07,PNW,26,3467.88,133.38
CW500039,2024-08,NE,23,3067.74,133.38
CW500039,2024-08,MA,23,3067.74,133.38
CW500039,2024-08,SE,19,2534.22,133.38
CW500039,2024-08,MW,20,2667.6,133.38
CW500039,2024-08,TX,20,2667.6,133.38
CW500039,2024-08,MTN,24,3201.12,133.38
CW500039,2024-08,PSW,16,2134.08,133.38
CW500039,2024-08,PNW,25,3334.5,133.38
CW500039,2024-09,NE,24,3201.12,133.38
CW500039,2024-09,MA,23,3067.74,133.38
CW500039,2024-09,SE,18,2400.84,133.38
CW500039,2024-09,MW,19,2534.22,133.38
CW500039,2024-09,TX,18,2400.84,133.38
CW500039,2024-09,MTN,22,2934.36,133.38
CW500039,2024-09,PSW,17,2267.46,133.38
CW500039,2024-09,PNW,23,3067.74,133.38
CW500039,2024-10,NE,22,2934.36,133.38
CW500039,2024-10,MA,20,2667.6,133.38
CW500039,2024-10,SE,17,2267.46,133.38
CW500039,2024-10,MW,16,2134.08,133.38
CW500039,2024-10,TX,17,2267.46,133.38
CW500039,2024-10,MTN,19,2534.22,133.38
CW500039,2024-10,PSW,16,2134.08,133.38
CW500039,2024-10,PNW,21,2800.98,133.38
CW500039,2024-11,NE,21,2800.98,133.38
CW500039,2024-11,MA,17,2267.46,133.38
CW500039,2024-11,SE,16,2134.08,133.38
CW500039,2024-11,MW,17,2267.46,133.38
CW500039,2024-11,TX,16,2134.08,133.38
CW500039,2024-11,MTN,18,2400.84,133.38
CW500039,2024-11,PSW,15,2000.7,133.38
CW500039,2024-11,PNW,20,2667.6,133.38
CW500039,2024-12,NE,20,2667.6,133.38
CW500039,2024-12,MA,17,2267.46,133.38
CW500039,2024-12,SE,16,2134.08,133.38
CW500039,2024-12,MW,14,1867.32,133.38
CW500039,2024-12,TX,17,2267.46,133.38
CW500039,2024-12,MTN,18,2400.84,133.38
CW500039,2024-12,PSW,14,1867.32,133.38
CW500039,2024-12,PNW,20,2667.6,133.38
CW500039,2025-01,NE,20,2667.6,133.38
CW500039,2025-01,MA,19,2534.22,133.38
CW500039,2025-01,SE,15,2000.7,133.38
CW500039,2025-01,MW,16,2134.08,133.38
CW500039,2025-01,TX,17,2267.46,133.38
CW500039,2025-01,MTN,18,2400.84,133.38
CW500039,2025-01,PSW,13,1733.94,133.38
CW500039,2025-01,PNW,21,2800.98,133.38
CW500039,2025-02,NE,21,2800.98,133.38
CW500039,2025-02,MA,20,2667.6,133.38
CW500039,2025-02,SE,16,2134.08,133.38
CW500039,2025-02,MW,16,2134.08,133.38
CW500039,2025-02,TX,18,2400.84,133.38
CW500039,2025-02,MTN,20,2667.6,133.38
CW500039,2025-02,PSW,15,2000.7,133.38
CW500039,2025-02,PNW,21,2800.98,133.38
CW500039,2025-03,NE,22,2934.36,133.38
CW500039,2025-03,MA,21,2800.98,133.38
CW500039,2025-03,SE,18,2400.84,133.38
CW500039,2025-03,MW,18,2400.84,133.38
CW500039,2025-03,TX,19,2534.22,133.38
CW500039,2025-03,MTN,21,2800.98,133.38
CW500039,2025-03,PSW,16,2134.08,133.38
CW500039,2025-03,PNW,23,3067.74,133.38
CW_NEW_0039,2025-04,NE,25,3334.5,133.38
CW_NEW_0039,2025-04,MA,25,3334.5,133.38
CW_NEW_0039,2025-04,SE,19,2534.22,133.38
CW_NEW_0039,2025-04,MW,18,2400.84,133.38
CW_NEW_0039,2025-04,TX,21,2800.98,133.38
CW_NEW_0039,2025-04,MTN,23,3067.74,133.38
CW_NEW_0039,2025-04,PSW,17,2267.46,133.38
CW_NEW_0039,2025-04,PNW,26,3467.88,133.38
CW_NEW_0039,2025-05,NE,27,3601.26,133.38
CW_NEW_0039,2025-05,MA,25,3334.5,133.38
CW_NEW_0039,2025-05,SE,23,3067.74,133.38
CW_NEW_0039,2025-05,MW,22,2934.36,133.38
CW_NEW_0039,2025-05,TX,24,3201.12,133.38
CW_NEW_0039,2025-05,MTN,26,3467.88,133.38
CW_NEW_0039,2025-05,PSW,17,2267.46,133.38
CW_NEW_0039,2025-05,PNW,26,3467.88,133.38
CW500039,2025-06,NE,29,3868.02,133.38
CW500039,2025-06,MA,26,3467.88,133.38
CW500039,2025-06,SE,21,2800.98,133.38
CW500039,2025-06,MW,21,2800.98,133.38
CW500039,2025-06,TX,25,3334.5,133.38
CW500039,2025-06,MTN,26,3467.88,133.38
CW500039,2025-06,PSW,20,2667.6,133.38
CW500039,2025-06,PNW,27,3601.26,133.38
CW500039,2025-07,NE,27,3601.26,133.38
CW500039,2025-07,MA,27,3601.26,133.38
CW500039,2025-07,SE,23,3067.74,133.38
CW500039,2025-07,MW,22,2934.36,133.38
CW500039,2025-07,TX,21,2800.98,133.38
CW500039,2025-07,MTN,25,3334.5,133.38
CW500039,2025-07,PSW,18,2400.84,133.38
CW500039,2025-07,PNW,28,3734.64,133.38
CW500039,2025-08,NE,25,3334.5,133.38
CW500039,2025-08,MA,24,3201.12,133.38
CW500039,2025-08,SE,21,2800.98,133.38
CW500039,2025-08,MW,19,2534.22,133.38
CW500039,2025-08,TX,20,2667.6,133.38
CW500039,2025-08,MTN,23,3067.74,133.38
CW500039,2025-08,PSW,19,2534.22,133.38
CW500039,2025-08,PNW,26,3467.88,133.38
CW500039,2025-09,NE,22,2934.36,133.38
CW500039,2025-09,MA,24,3201.12,133.38
CW500039,2025-09,SE,18,2400.84,133.38
CW500039,2025-09,MW,18,2400.84,133.38
CW500039,2025-09,TX,21,2800.98,133.38
CW500039,2025-09,MTN,21,2800.98,133.38
CW500039,2025-09,PSW,17,2267.46,133.38
CW500039,2025-09,PNW,22,2934.36,133.38
CW500039,2025-10,NE,23,3067.74,133.38
CW500039,2025-10,MA,22,2934.36,133.38
CW500039,2025-10,SE,18,2400.84,133.38
CW500039,2025-10,MW,18,2400.84,133.38
CW500039,2025-10,TX,19,2534.22,133.38
CW500039,2025-10,MTN,22,2934.36,133.38
CW500039,2025-10,PSW,15,2000.7,133.38
CW500039,2025-10,PNW,23,3067.74,133.38
CW500039,2025-11,NE,20,2667.6,133.38
CW500039,2025-11,MA,21,2800.98,133.38
CW500039,2025-11,SE,18,2400.84,133.38
CW500039,2025-11,MW,17,2267.46,133.38
CW500039,2025-11,TX,17,2267.46,133.38
CW500039,2025-11,MTN,20,2667.6,133.38
CW500039,2025-11,PSW,15,2000.7,133.38
CW500039,2025-11,PNW,20,2667.6,133.38
CW500039,2025-12,NE,21,2800.98,133.38
CW500039,2025-12,MA,20,2667.6,133.38
CW500039,2025-12,SE,18,2400.84,133.38
CW500039,2025-12,MW,15,2000.7,133.38
CW500039,2025-12,TX,16,2134.08,133.38
CW500039,2025-12,MTN,18,2400.84,133.38
CW500039,2025-12,PSW,14,1867.32,133.38
CW500039,2025-12,PNW,21,2800.98,133.38
CW500042,2024-01,NE,105,4489.8,42.76
CW500042,2024-01,MA,98,4190.48,42.76
CW500042,2024-01,SE,133,5687.08,42.76
CW500042,2024-01,MW,103,4404.28,42.76
CW500042,2024-01,TX,85,3634.6,42.76
CW500042,2024-01,MTN,118,5045.68,42.76
CW500042,2024-01,PSW,128,5473.28,42.76
CW500042,2024-01,PNW,78,3335.28,42.76
CW500042,2024-02,NE,122,5216.72,42.76
CW500042,2024-02,MA,100,4276.0,42.76
CW500042,2024-02,SE,136,5815.36,42.76
CW500042,2024-02,MW,117,5002.92,42.76
CW500042,2024-02,TX,95,4062.2,42.76
CW500042,2024-02,MTN,126,5387.76,42.76
CW500042,2024-02,PSW,129,5516.04,42.76
CW500042,2024-02,PNW,91,3891.16,42.76
CW500042,2024-03,NE,131,5601.56,42.76
CW500042,2024-03,MA,109,4660.84,42.76
CW500042,2024-03,SE,157,6713.32,42.76
CW500042,2024-03,MW,113,4831.88,42.76
CW500042,2024-03,TX,108,4618.08,42.76
CW500042,2024-03,MTN,135,5772.6,42.76
CW500042,2024-03,PSW,152,6499.52,42.76
CW500042,2024-03,PNW,87,3720.12,42.76
CW500042,2024-04,NE,140,5986.4,42.76
CW500042,2024-04,MA,124,5302.24,42.76
CW500042,2024-04,SE,157,6713.32,42.76
CW500042,2024-04,MW,131,5601.56,42.76
CW500042,2024-04,TX,108,4618.08,42.76
CW500042,2024-04,MTN,150,6414.0,42.76
CW500042,2024-04,PSW,163,6969.88,42.76
CW500042,2024-04,PNW,105,4489.8,42.76
CW500042,2024-05,NE,148,6328.48,42.76
CW500042,2024-05,MA,124,5302.24,42.76
CW500042,2024-05,SE,171,7311.96,42.76
CW500042,2024-05,MW,144,6157.44,42.76
CW500042,2024-05,TX,116,4960.16,42.76
CW500042,2024-05,MTN,150,6414.0,42.76
CW500042,2024-05,PSW,157,6713.32,42.76
CW500042,2024-05,PNW,114,4874.64,42.76
CW500042,2024-06,NE,144,6157.44,42.76
CW500042,2024-06,MA,123,5259.48,42.76
CW500042,2024-06,SE,179,7654.04,42.76
CW500042,2024-06,MW,135,5772.6,42.76
CW500042,2024-06,TX,114,4874.64,42.76
CW500042,2024-06,MTN,165,7055.4,42.76
CW500042,2024-06,PSW,176,7525.76,42.76
CW500042,2024-06,PNW,111,4746.36,42.76
CW500042,2024-07,NE,146,6242.96,42.76
CW500042,2024-07,MA,125,5345.0,42.76
CW500042,2024-07,SE,172,7354.72,42.76
CW500042,2024-07,MW,150,6414.0,42.76
CW500042,2024-07,TX,117,5002.92,42.76
CW500042,2024-07,MTN,151,6456.76,42.76
CW500042,2024-07,PSW,180,7696.8,42.76
CW500042,2024-07,PNW,100,4276.0,42.76
CW500042,2024-08,NE,147,6285.72,42.76
CW500042,2024-08,MA,130,5558.8,42.76
CW500042,2024-08,SE,155,6627.8,42.76
CW500042,2024-08,MW,141,6029.16,42.76
CW500042,2024-08,TX,125,5345.0,42.76
CW500042,2024-08,MTN,155,6627.8,42.76
CW500042,2024-08,PSW,173,7397.48,42.76
CW500042,2024-08,PNW,108,4618.08,42.76
CW500042,2024-09,NE,139,5943.64,42.76
CW500042,2024-09,MA,117,5002.92,42.76
CW500042,2024-09,SE,162,6927.12,42.76
CW500042,2024-09,MW,118,5045.68,42.76
CW500042,2024-09,TX,109,4660.84,42.76
CW500042,2024-09,MTN,137,5858.12,42.76
CW500042,2024-09,PSW,162,6927.12,42.76
CW500042,2024-09,PNW,91,3891.16,42.76
CW500042,2024-10,NE,121,5173.96,42.76
CW500042,2024-10,MA,104,4447.04,42.76
CW500042,2024-10,SE,156,6670.56,42.76
CW500042,2024-10,MW,126,5387.76,42.76
CW500042,2024-10,TX,109,4660.84,42.76
CW500042,2024-10,MTN,118,5045.68,42.76
CW500042,2024-10,PSW,145,6200.2,42.76
CW500042,2024-10,PNW,93,3976.68,42.76
CW500042,2024-11,NE,117,5002.92,42.76
CW500042,2024-11,MA,104,4447.04,42.76
CW500042,2024-11,SE,132,5644.32,42.76
CW500042,2024-11,MW,118,5045.68,42.76
CW500042,2024-11,TX,96,4104.96,42.76
CW500042,2024-11,MTN,128,5473.28,42.76
CW500042,2024-11,PSW,135,5772.6,42.76
CW500042,2024-11,PNW,82,3506.32,42.76
CW500042,2024-12,NE,117,5002.92,42.76
CW500042,2024-12,MA,90,3848.4,42.76
CW500042,2024-12,SE,130,5558.8,42.76
CW500042,2024-12,MW,107,4575.32,42.76
CW500042,2024-12,TX,100,4276.0,42.76
CW500042,2024-12,MTN,120,5131.2,42.76
CW500042,2024-12,PSW,132,5644.32,42.76
CW500042,2024-12,PNW,87,3720.12,42.76
CW500042,2025-01,NE,113,4831.88,42.76
CW500042,2025-01,MA,93,3976.68,42.76
CW500042,2025-01,SE,135,5772.6,42.76
CW500042,2025-01,MW,110,4703.6,42.76
CW500042,2025-01,TX,94,4019.44,42.76
CW500042,2025-01,MTN,132,5644.32,42.76
CW500042,2025-01,PSW,133,5687.08,42.76
CW500042,2025-01,PNW,82,3506.32,42.76
CW500042,2025-02,NE,120,5131.2,42.76
CW500042,2025-02,MA,113,4831.88,42.76
CW500042,2025-02,SE,139,5943.64,42.76
CW500042,2025-02,MW,111,4746.36,42.76
CW500042,2025-02,TX,109,4660.84,42.76
CW500042,2025-02,MTN,124,5302.24,42.76
CW500042,2025-02,PSW,139,5943.64,42.76
CW500042,2025-02,PNW,95,4062.2,42.76
CW500042,2025-03,NE,141,6029.16,42.76
CW500042,2025-03,MA,110,4703.6,42.76
CW500042,2025-03,SE,160,6841.6,42.76
CW500042,2025-03,MW,129,5516.04,42.76
CW500042,2025-03,TX,106,4532.56,42.76
CW500042,2025-03,MTN,133,5687.08,42.76
CW500042,2025-03,PSW,156,6670.56,42.76
CW500042,2025-03,PNW,98,4190.48,42.76
CW_NEW_0042,2025-04,NE,137,5858.12,42.76
CW_NEW_0042,2025-04,MA,124,5302.24,42.76
CW_NEW_0042,2025-04,SE,175,7483.0,42.76
CW_NEW_0042,2025-04,MW,143,6114.68,42.76
CW_NEW_0042,2025-04,TX,125,5345.0,42.76
CW_NEW_0042,2025-04,MTN,144,6157.44,42.76
CW_NEW_0042,2025-04,PSW,166,7098.16,42.76
CW_NEW_0042,2025-04,PNW,115,4917.4,42.76
CW_NEW_0042,2025-05,NE,165,7055.4,42.76
CW_NEW_0042,2025-05,MA,133,5687.08,42.76
CW_NEW_0042,2025-05,SE,196,8380.96,42.76
CW_NEW_0042,2025-05,MW,150,6414.0,42.76
CW_NEW_0042,2025-05,TX,137,5858.12,42.76
CW_NEW_0042,2025-05,MTN,160,6841.6,42.76
CW_NEW_0042,2025-05,PSW,177,7568.52,42.76
CW_NEW_0042,2025-05,PNW,105,4489.8,42.76
CW500042,2025-06,NE,170,7269.2,42.76
CW500042,2025-06,MA,132,5644.32,42.76
CW500042,2025-06,SE,188,8038.88,42.76
CW500042,2025-06,MW,149,6371.24,42.76
CW500042,2025-06,TX,133,5687.08,42.76
CW500042,2025-06,MTN,173,7397.48,42.76
CW500042,2025-06,PSW,180,7696.8,42.76
CW500042,2025-06,PNW,120,5131.2,42.76
CW500042,2025-07,NE,149,6371.24,42.76
CW500042,2025-07,MA,136,5815.36,42.76
CW500042,2025-07,SE,193,8252.68,42.76
CW500042,2025-07,MW,151,6456.76,42.76
CW500042,2025-07,TX,129,5516.04,42.76
CW500042,2025-07,MTN,167,7140.92,42.76
CW500042,2025-07,PSW,190,8124.4,42.76
CW500042,2025-07,PNW,113,4831.88,42.76
CW500042,2025-08,NE,147,6285.72,42.76
CW500042,2025-08,MA,124,5302.24,42.76
CW500042,2025-08,SE,188,8038.88,42.76
CW500042,2025-08,MW,150,6414.0,42.76
CW500042,2025-08,TX,122,5216.72,42.76
CW500042,2025-08,MTN,155,6627.8,42.76
CW500042,2025-08,PSW,175,7483.0,42.76
CW500042,2025-08,PNW,114,4874.64,42.76
CW500042,2025-09,NE,136,5815.36,42.76
CW500042,2025-09,MA,114,4874.64,42.76
CW500042,2025-09,SE,170,7269.2,42.76
CW500042,2025-09,MW,127,5430.52,42.76
CW500042,2025-09,TX,123,5259.48,42.76
CW500042,2025-09,MTN,155,6627.8,42.76
CW500042,2025-09,PSW,163,6969.88,42.76
CW500042,2025-09,PNW,109,4660.84,42.76
CW500042,2025-10,NE,133,5687.08,42.76
CW500042,2025-10,MA,112,4789.12,42.76
CW500042,2025-10,SE,147,6285.72,42.76
CW500042,2025-10,MW,122,5216.72,42.76
CW500042,2025-10,TX,114,4874.64,42.76
CW500042,2025-10,MTN,125,5345.0,42.76
CW500042,2025-10,PSW,141,6029.16,42.76
CW500042,2025-10,PNW,96,4104.96,42.76
CW500042,2025-11,NE,133,5687.08,42.76
CW500042,2025-11,MA,99,4233.24,42.76
CW500042,2025-11,SE,145,6200.2,42.76
CW500042,2025-11,MW,123,5259.48,42.76
CW500042,2025-11,TX,106,4532.56,42.76
CW500042,2025-11,MTN,128,5473.28,42.76
CW500042,2025-11,PSW,132,5644.32,42.76
CW500042,2025-11,PNW,92,3933.92,42.76
CW500042,2025-12,NE,127,5430.52,42.76
CW500042,2025-12,MA,103,4404.28,42.76
CW500042,2025-12,SE,137,5858.12,42.76
CW500042,2025-12,MW,124,5302.24,42.76
CW500042,2025-12,TX,99,4233.24,42.76
CW500042,2025-12,MTN,132,5644.32,42.76
CW500042,2025-12,PSW,143,6114.68,42.76
CW500042,2025-12,PNW,93,3976.68,42.76
CW500045,2024-01,NE,90,17823.6,198.04
CW500045,2024-01,MA,84,16635.36,198.04
CW500045,2024-01,SE,125,24755.0,198.04
CW500045,2024-01,MW,115,22774.6,198.04
CW500045,2024-01,TX,134,26537.36,198.04
CW500045,2024-01,MTN,134,26537.36,198.04
CW500045,2024-01,PSW,115,22774.6,198.04
CW500045,2024-01,PNW,92,18219.68,198.04
CW500045,2024-02,NE,111,21982.44,198.04
CW500045,2024-02,MA,103,20398.12,198.04
CW500045,2024-02,SE,130,25745.2,198.04
CW500045,2024-02,MW,131,25943.24,198.04
CW500045,2024-02,TX,155,30696.2,198.04
CW500045,2024-02,MTN,136,26933.44,198.04
CW500045,2024-02,PSW,128,25349.12,198.04
CW500045,2024-02,PNW,104,20596.16,198.04
CW500045,2024-03,NE,103,20398.12,198.04
CW500045,2024-03,MA,101,20002.04,198.04
CW500045,2024-03,SE,155,30696.2,198.04
CW500045,2024-03,MW,139,27527.56,198.04
CW500045,2024-03,TX,151,29904.04,198.04
CW500045,2024-03,MTN,144,28517.76,198.04
CW500045,2024-03,PSW,123,24358.92,198.04
CW500045,2024-03,PNW,102,20200.08,198.04
CW500045,2024-04,NE,118,23368.72,198.04
CW500045,2024-04,MA,119,23566.76,198.04
CW500045,2024-04,SE,172,34062.88,198.04
CW500045,2024-04,MW,165,32676.6,198.04
CW500045,2024-04,TX,156,30894.24,198.04
CW500045,2024-04,MTN,163,32280.52,198.04
CW500045,2024-04,PSW,151,29904.04,198.04
CW500045,2024-04,PNW,126,24953.04,198.04
CW500045,2024-05,NE,127,25151.08,198.04
CW500045,2024-05,MA,121,23962.84,198.04
CW500045,2024-05,SE,161,31884.44,198.04
CW500045,2024-05,MW,158,31290.32,198.04
CW500045,2024-05,TX,166,32874.64,198.04
CW500045,2024-05,MTN,183,36241.32,198.04
CW500045,2024-05,PSW,159,31488.36,198.04
CW500045,2024-05,PNW,131,25943.24,198.04
CW500045,2024-06,NE,138,27329.52,198.04
CW500045,2024-06,MA,120,23764.8,198.04
CW500045,2024-06,SE,174,34458.96,198.04
CW500045,2024-06,MW,174,34458.96,198.04
CW500045,2024-06,TX,196,38815.84,198.04
CW500045,2024-06,MTN,180,35647.2,198.04
CW500045,2024-06,PSW,164,32478.56,198.04
CW500045,2024-06,PNW,132,26141.28,198.04
CW500045,2024-07,NE,132,26141.28,198.04
CW500045,2024-07,MA,131,25943.24,198.04
CW500045,2024-07,SE,177,35053.08,198.04
CW500045,2024-07,MW,171,33864.84,198.04
CW500045,2024-07,TX,180,35647.2,198.04
CW500045,2024-07,MTN,185,36637.4,198.04
CW500045,2024-07,PSW,157,31092.28,198.04
CW500045,2024-07,PNW,132,26141.28,198.04
CW500045,2024-08,NE,128,25349.12,198.04
CW500045,2024-08,MA,117,23170.68,198.04
CW500045,2024-08,SE,165,32676.6,198.04
CW500045,2024-08,MW,158,31290.32,198.04
CW500045,2024-08,TX,181,35845.24,198.04
CW500045,2024-08,MTN,180,35647.2,198.04
CW500045,2024-08,PSW,137,27131.48,198.04
CW500045,2024-08,PNW,117,23170.68,198.04
CW500045,2024-09,NE,118,23368.72,198.04
CW500045,2024-09,MA,109,21586.36,198.04
CW500045,2024-09,SE,147,29111.88,198.04
CW500045,2024-09,MW,153,30300.12,198.04
CW500045,2024-09,TX,166,32874.64,198.04
CW500045,2024-09,MTN,159,31488.36,198.04
CW500045,2024-09,PSW,145,28715.8,198.04
CW500045,2024-09,PNW,118,23368.72,198.04
CW500045,2024-10,NE,107,21190.28,198.04
CW500045,2024-10,MA,97,19209.88,198.04
CW500045,2024-10,SE,147,29111.88,198.04
CW500045,2024-10,MW,135,26735.4,198.04
CW500045,2024-10,TX,149,29507.96,198.04
CW500045,2024-10,MTN,151,29904.04,198.04
CW500045,2024-10,PSW,129,25547.16,198.04
CW500045,2024-10,PNW,104,20596.16,198.04
CW500045,2024-11,NE,99,19605.96,198.04
CW500045,2024-11,MA,102,20200.08,198.04
CW500045,2024-11,SE,134,26537.36,198.04
CW500045,2024-11,MW,125,24755.0,198.04
CW500045,2024-11,TX,132,26141.28,198.04
CW500045,2024-11,MTN,134,26537.36,198.04
CW500045,2024-11,PSW,120,23764.8,198.04
CW500045,2024-11,PNW,94,18615.76,198.04
CW500045,2024-12,NE,106,20992.24,198.04
CW500045,2024-12,MA,88,17427.52,198.04
CW500045,2024-12,SE,125,24755.0,198.04
CW500045,2024-12,MW,123,24358.92,198.04
CW500045,2024-12,TX,142,28121.68,198.04
CW500045,2024-12,MTN,138,27329.52,198.04
CW500045,2024-12,PSW,111,21982.44,198.04
CW500045,2024-12,PNW,98,19407.92,198.04
CW500045,2025-01,NE,97,19209.88,198.04
CW500045,2025-01,MA,96,19011.84,198.04
CW500045,2025-01,SE,146,28913.84,198.04
CW500045,2025-01,MW,131,25943.24,198.04
CW500045,2025-01,TX,145,28715.8,198.04
CW500045,2025-01,MTN,138,27329.52,198.04
CW500045,2025-01,PSW,119,23566.76,198.04
CW500045,2025-01,PNW,107,21190.28,198.04
CW500045,2025-02,NE,117,23170.68,198.04
CW500045,2025-02,MA,97,19209.88,198.04
CW500045,2025-02,SE,144,28517.76,198.04
CW500045,2025-02,MW,137,27131.48,198.04
CW500045,2025-02,TX,165,32676.6,198.04
CW500045,2025-02,MTN,162,32082.48,198.04
CW500045,2025-02,PSW,129,25547.16,198.04
CW500045,2025-02,PNW,114,22576.56,198.04
CW500045,2025-03,NE,111,21982.44,198.04
CW500045,2025-03,MA,120,23764.8,198.04
CW500045,2025-03,SE,159,31488.36,198.04
CW500045,2025-03,MW,163,32280.52,198.04
CW500045,2025-03,TX,176,34855.04,198.04
CW500045,2025-03,MTN,152,30102.08,198.04
CW500045,2025-03,PSW,136,26933.44,198.04
CW500045,2025-03,PNW,122,24160.88,198.04
CW500045,2025-04,NE,122,24160.88,198.04
CW500045,2025-04,MA,119,23566.76,198.04
CW500045,2025-04,SE,185,36637.4,198.04
CW500045,2025-04,MW,164,32478.56,198.04
CW500045,2025-04,TX,173,34260.92,198.04
CW500045,2025-04,MTN,187,37033.48,198.04
CW500045,2025-04,PSW,152,30102.08,198.04
CW500045,2025-04,PNW,135,26735.4,198.04
CW500045,2025-05,NE,131,25943.24,198.04
CW500045,2025-05,MA,122,24160.88,198.04
CW500045,2025-05,SE,184,36439.36,198.04
CW500045,2025-05,MW,174,34458.96,198.04
CW500045,2025-05,TX,207,40994.28,198.04
CW500045,2025-05,MTN,187,37033.48,198.04
CW500045,2025-05,PSW,174,34458.96,198.04
CW500045,2025-05,PNW,142,28121.68,198.04
CW500045,2025-06,NE,148,29309.92,198.04
CW500045,2025-06,MA,132,26141.28,198.04
CW500045,2025-06,SE,185,36637.4,198.04
CW500045,2025-06,MW,179,35449.16,198.04
CW500045,2025-06,TX,208,41192.32,198.04
CW500045,2025-06,MTN,192,38023.68,198.04
CW500045,2025-06,PSW,179,35449.16,198.04
CW500045,2025-06,PNW,141,27923.64,198.04
CW500045,2025-07,NE,141,27923.64,198.04
CW500045,2025-07,MA,126,24953.04,198.04
CW500045,2025-07,SE,192,38023.68,198.04
CW500045,2025-07,MW,178,35251.12,198.04
CW500045,2025-07,TX,206,40796.24,198.04
CW500045,2025-07,MTN,198,39211.92,198.04
CW500045,2025-07,PSW,175,34657.0,198.04
CW500045,2025-07,PNW,144,28517.76,198.04
CW500045,2025-08,NE,87,17229.48,198.04
CW500045,2025-08,MA,84,16635.36,198.04
CW500045,2025-08,SE,113,22378.52,198.04
CW500045,2025-08,MW,117,23170.68,198.04
CW500045,2025-08,TX,121,23962.84,198.04
CW500045,2025-08,MTN,126,24953.04,198.04
CW500045,2025-08,PSW,99,19605.96,198.04
CW500045,2025-08,PNW,82,16239.28,198.04
CW500045,2025-09,NE,80,15843.2,198.04
CW500045,2025-09,MA,75,14853.0,198.04
CW500045,2025-09,SE,111,21982.44,198.04
CW500045,2025-09,MW,107,21190.28,198.04
CW500045,2025-09,TX,109,21586.36,198.04
CW500045,2025-09,MTN,116,22972.64,198.04
CW500045,2025-09,PSW,100,19804.0,198.04
CW500045,2025-09,PNW,86,17031.44,198.04
CW500045,2025-10,NE,110,21784.4,198.04
CW500045,2025-10,MA,108,21388.32,198.04
CW500045,2025-10,SE,146,28913.84,198.04
CW500045,2025-10,MW,158,31290.32,198.04
CW500045,2025-10,TX,159,31488.36,198.04
CW500045,2025-10,MTN,163,32280.52,198.04
CW500045,2025-10,PSW,135,26735.4,198.04
CW500045,2025-10,PNW,108,21388.32,198.04
CW500045,2025-11,NE,101,20002.04,198.04
CW500045,2025-11,MA,100,19804.0,198.04
CW500045,2025-11,SE,137,27131.48,198.04
CW500045,2025-11,MW,139,27527.56,198.04
CW500045,2025-11,TX,155,30696.2,198.04
CW500045,2025-11,MTN,158,31290.32,198.04
CW500045,2025-11,PSW,131,25943.24,198.04
CW500045,2025-11,PNW,100,19804.0,198.04
CW500045,2025-12,NE,108,21388.32,198.04
CW500045,2025-12,MA,106,20992.24,198.04
CW500045,2025-12,SE,149,29507.96,198.04
CW500045,2025-12,MW,139,27527.56,198.04
CW500045,2025-12,TX,138,27329.52,198.04
CW500045,2025-12,MTN,137,27131.48,198.04
CW500045,2025-12,PSW,124,24556.96,198.04
CW500045,2025-12,PNW,105,20794.2,198.04
CW500048,2024-01,NE,50,1253.0,25.06
CW500048,2024-01,MA,64,1603.84,25.06
CW500048,2024-01,SE,61,1528.66,25.06
CW500048,2024-01,MW,67,1679.02,25.06
CW500048,2024-01,TX,70,1754.2,25.06
CW500048,2024-01,MTN,50,1253.0,25.06
CW500048,2024-01,PSW,63,1578.78,25.06
CW500048,2024-01,PNW,60,1503.6,25.06
CW500048,2024-02,NE,52,1303.12,25.06
CW500048,2024-02,MA,70,1754.2,25.06
CW500048,2024-02,SE,66,1653.96,25.06
CW500048,2024-02,MW,68,1704.08,25.06
CW500048,2024-02,TX,73,1829.38,25.06
CW500048,2024-02,MTN,53,1328.18,25.06
CW500048,2024-02,PSW,62,1553.72,25.06
CW500048,2024-02,PNW,70,1754.2,25.06
CW500048,2024-03,NE,63,1578.78,25.06
CW500048,2024-03,MA,68,1704.08,25.06
CW500048,2024-03,SE,74,1854.44,25.06
CW500048,2024-03,MW,80,2004.8,25.06
CW500048,2024-03,TX,86,2155.16,25.06
CW500048,2024-03,MTN,61,1528.66,25.06
CW500048,2024-03,PSW,66,1653.96,25.06
CW500048,2024-03,PNW,76,1904.56,25.06
CW500048,2024-04,NE,60,1503.6,25.06
CW500048,2024-04,MA,81,2029.86,25.06
CW500048,2024-04,SE,83,2079.98,25.06
CW500048,2024-04,MW,80,2004.8,25.06
CW500048,2024-04,TX,91,2280.46,25.06
CW500048,2024-04,MTN,69,1729.14,25.06
CW500048,2024-04,PSW,70,1754.2,25.06
CW500048,2024-04,PNW,81,2029.86,25.06
CW500048,2024-05,NE,72,1804.32,25.06
CW500048,2024-05,MA,80,2004.8,25.06
CW500048,2024-05,SE,87,2180.22,25.06
CW500048,2024-05,MW,82,2054.92,25.06
CW500048,2024-05,TX,98,2455.88,25.06
CW500048,2024-05,MTN,75,1879.5,25.06
CW500048,2024-05,PSW,83,2079.98,25.06
CW500048,2024-05,PNW,91,2280.46,25.06
CW500048,2024-06,NE,66,1653.96,25.06
CW500048,2024-06,MA,85,2130.1,25.06
CW500048,2024-06,SE,83,2079.98,25.06
CW500048,2024-06,MW,86,2155.16,25.06
CW500048,2024-06,TX,100,2506.0,25.06
CW500048,2024-06,MTN,71,1779.26,25.06
CW500048,2024-06,PSW,82,2054.92,25.06
CW500048,2024-06,PNW,83,2079.98,25.06
CW500048,2024-07,NE,69,1729.14,25.06
CW500048,2024-07,MA,84,2105.04,25.06
CW500048,2024-07,SE,83,2079.98,25.06
CW500048,2024-07,MW,86,2155.16,25.06
CW500048,2024-07,TX,98,2455.88,25.06
CW500048,2024-07,MTN,74,1854.44,25.06
CW500048,2024-07,PSW,83,2079.98,25.06
CW500048,2024-07,PNW,80,2004.8,25.06
CW500048,2024-08,NE,63,1578.78,25.06
CW500048,2024-08,MA,76,1904.56,25.06
CW500048,2024-08,SE,79,1979.74,25.06
CW500048,2024-08,MW,85,2130.1,25.06
CW500048,2024-08,TX,91,2280.46,25.06
CW500048,2024-08,MTN,67,1679.02,25.06
CW500048,2024-08,PSW,78,1954.68,25.06
CW500048,2024-08,PNW,88,2205.28,25.06
CW500048,2024-09,NE,61,1528.66,25.06
CW500048,2024-09,MA,78,1954.68,25.06
CW500048,2024-09,SE,70,1754.2,25.06
CW500048,2024-09,MW,81,2029.86,25.06
CW500048,2024-09,TX,79,1979.74,25.06
CW500048,2024-09,MTN,68,1704.08,25.06
CW500048,2024-09,PSW,77,1929.62,25.06
CW500048,2024-09,PNW,75,1879.5,25.06
CW500048,2024-10,NE,60,1503.6,25.06
CW500048,2024-10,MA,66,1653.96,25.06
CW500048,2024-10,SE,66,1653.96,25.06
CW500048,2024-10,MW,71,1779.26,25.06
CW500048,2024-10,TX,84,2105.04,25.06
CW500048,2024-10,MTN,58,1453.48,25.06
CW500048,2024-10,PSW,68,1704.08,25.06
CW500048,2024-10,PNW,76,1904.56,25.06
CW500048,2024-11,NE,50,1253.0,25.06
CW500048,2024-11,MA,66,1653.96,25.06
CW500048,2024-11,SE,64,1603.84,25.06
CW500048,2024-11,MW,66,1653.96,25.06
CW500048,2024-11,TX,80,2004.8,25.06
CW500048,2024-11,MTN,56,1403.36,25.06
CW500048,2024-11,PSW,68,1704.08,25.06
CW500048,2024-11,PNW,72,1804.32,25.06
CW500048,2024-12,NE,52,1303.12,25.06
CW500048,2024-12,MA,65,1628.9,25.06
CW500048,2024-12,SE,68,1704.08,25.06
CW500048,2024-12,MW,72,1804.32,25.06
CW500048,2024-12,TX,75,1879.5,25.06
CW500048,2024-12,MTN,55,1378.3,25.06
CW500048,2024-12,PSW,59,1478.54,25.06
CW500048,2024-12,PNW,63,1578.78,25.06
CW500048,2025-01,NE,56,1403.36,25.06
CW500048,2025-01,MA,68,1704.08,25.06
CW500048,2025-01,SE,71,1779.26,25.06
CW500048,2025-01,MW,70,1754.2,25.06
CW500048,2025-01,TX,69,1729.14,25.06
CW500048,2025-01,MTN,57,1428.42,25.06
CW500048,2025-01,PSW,68,1704.08,25.06
CW500048,2025-01,PNW,70,1754.2,25.06
CW500048,2025-02,NE,53,1328.18,25.06
CW500048,2025-02,MA,75,1879.5,25.06
CW500048,2025-02,SE,70,1754.2,25.06
CW500048,2025-02,MW,71,1779.26,25.06
CW500048,2025-02,TX,84,2105.04,25.06
CW500048,2025-02,MTN,63,1578.78,25.06
CW500048,2025-02,PSW,68,1704.08,25.06
CW500048,2025-02,PNW,70,1754.2,25.06
CW500048,2025-03,NE,61,1528.66,25.06
CW500048,2025-03,MA,73,1829.38,25.06
CW500048,2025-03,SE,74,1854.44,25.06
CW500048,2025-03,MW,83,2079.98,25.06
CW500048,2025-03,TX,86,2155.16,25.06
CW500048,2025-03,MTN,64,1603.84,25.06
CW500048,2025-03,PSW,69,1729.14,25.06
CW500048,2025-03,PNW,79,1979.74,25.06
CW500048,2025-04,NE,64,1603.84,25.06
CW500048,2025-04,MA,87,2180.22,25.06
CW500048,2025-04,SE,89,2230.34,25.06
CW500048,2025-04,MW,86,2155.16,25.06
CW500048,2025-04,TX,97,2430.82,25.06
CW500048,2025-04,MTN,68,1704.08,25.06
CW500048,2025-04,PSW,80,2004.8,25.06
CW500048,2025-04,PNW,86,2155.16,25.06
CW500048,2025-05,NE,74,1854.44,25.06
CW500048,2025-05,MA,93,2330.58,25.06
CW500048,2025-05,SE,91,2280.46,25.06
CW500048,2025-05,MW,98,2455.88,25.06
CW500048,2025-05,TX,99,2480.94,25.06
CW500048,2025-05,MTN,70,1754.2,25.06
CW500048,2025-05,PSW,90,2255.4,25.06
CW500048,2025-05,PNW,97,2430.82,25.06
CW500048,2025-06,NE,70,1754.2,25.06
CW500048,2025-06,MA,93,2330.58,25.06
CW500048,2025-06,SE,92,2305.52,25.06
CW500048,2025-06,MW,98,2455.88,25.06
CW500048,2025-06,TX,107,2681.42,25.06
CW500048,2025-06,MTN,81,2029.86,25.06
CW500048,2025-06,PSW,88,2205.28,25.06
CW500048,2025-06,PNW,93,2330.58,25.06
CW500048,2025-07,NE,68,1704.08,25.06
CW500048,2025-07,MA,91,2280.46,25.06
CW500048,2025-07,SE,92,2305.52,25.06
CW500048,2025-07,MW,92,2305.52,25.06
CW500048,2025-07,TX,104,2606.24,25.06
CW500048,2025-07,MTN,76,1904.56,25.06
CW500048,2025-07,PSW,83,2079.98,25.06
CW500048,2025-07,PNW,99,2480.94,25.06
CW500048,2025-08,NE,50,1253.0,25.06
CW500048,2025-08,MA,53,1328.18,25.06
CW500048,2025-08,SE,60,1503.6,25.06
CW500048,2025-08,MW,60,1503.6,25.06
CW500048,2025-08,TX,69,1729.14,25.06
CW500048,2025-08,MTN,48,1202.88,25.06
CW500048,2025-08,PSW,52,1303.12,25.06
CW500048,2025-08,PNW,58,1453.48,25.06
CW500048,2025-09,NE,44,1102.64,25.06
CW500048,2025-09,MA,58,1453.48,25.06
CW500048,2025-09,SE,53,1328.18,25.06
CW500048,2025-09,MW,54,1353.24,25.06
CW500048,2025-09,TX,63,1578.78,25.06
CW500048,2025-09,MTN,50,1253.0,25.06
CW500048,2025-09,PSW,51,1278.06,25.06
CW500048,2025-09,PNW,52,1303.12,25.06
CW500048,2025-10,NE,61,1528.66,25.06
CW500048,2025-10,MA,74,1854.44,25.06
CW500048,2025-10,SE,72,1804.32,25.06
CW500048,2025-10,MW,82,2054.92,25.06
CW500048,2025-10,TX,84,2105.04,25.06
CW500048,2025-10,MTN,64,1603.84,25.06
CW500048,2025-10,PSW,66,1653.96,25.06
CW500048,2025-10,PNW,72,1804.32,25.06
CW500048,2025-11,NE,57,1428.42,25.06
CW500048,2025-11,MA,74,1854.44,25.06
CW500048,2025-11,SE,74,1854.44,25.06
CW500048,2025-11,MW,71,1779.26,25.06
CW500048,2025-11,TX,76,1904.56,25.06
CW500048,2025-11,MTN,63,1578.78,25.06
CW500048,2025-11,PSW,69,1729.14,25.06
CW500048,2025-11,PNW,68,1704.08,25.06
CW500048,2025-12,NE,57,1428.42,25.06
CW500048,2025-12,MA,70,1754.2,25.06
CW500048,2025-12,SE,74,1854.44,25.06
CW500048,2025-12,MW,67,1679.02,25.06
CW500048,2025-12,TX,79,1979.74,25.06
CW500048,2025-12,MTN,56,1403.36,25.06
CW500048,2025-12,PSW,63,1578.78,25.06
CW500048,2025-12,PNW,70,1754.2,25.06
CW500051,2024-01,NE,96,9126.72,95.07
CW500051,2024-01,MA,82,7795.74,95.07
CW500051,2024-01,SE,74,7035.18,95.07
CW500051,2024-01,MW,118,11218.26,95.07
CW500051,2024-01,TX,86,8176.02,95.07
CW500051,2024-01,MTN,87,8271.09,95.07
CW500051,2024-01,PSW,79,7510.53,95.07
CW500051,2024-01,PNW,91,8651.37,95.07
CW500051,2024-02,NE,99,9411.93,95.07
CW500051,2024-02,MA,89,8461.23,95.07
CW500051,2024-02,SE,71,6749.97,95.07
CW500051,2024-02,MW,126,11978.82,95.07
CW500051,2024-02,TX,93,8841.51,95.07
CW500051,2024-02,MTN,93,8841.51,95.07
CW500051,2024-02,PSW,75,7130.25,95.07
CW500051,2024-02,PNW,98,9316.86,95.07
CW500051,2024-03,NE,112,10647.84,95.07
CW500051,2024-03,MA,94,8936.58,95.07
CW500051,2024-03,SE,86,8176.02,95.07
CW500051,2024-03,MW,138,13119.66,95.07
CW500051,2024-03,TX,103,9792.21,95.07
CW500051,2024-03,MTN,92,8746.44,95.07
CW500051,2024-03,PSW,83,7890.81,95.07
CW500051,2024-03,PNW,109,10362.63,95.07
CW500051,2024-04,NE,116,11028.12,95.07
CW500051,2024-04,MA,105,9982.35,95.07
CW500051,2024-04,SE,92,8746.44,95.07
CW500051,2024-04,MW,155,14735.85,95.07
CW500051,2024-04,TX,107,10172.49,95.07
CW500051,2024-04,MTN,99,9411.93,95.07
CW500051,2024-04,PSW,95,9031.65,95.07
CW500051,2024-04,PNW,116,11028.12,95.07
CW500051,2024-05,NE,128,12168.96,95.07
CW500051,2024-05,MA,115,10933.05,95.07
CW500051,2024-05,SE,96,9126.72,95.07
CW500051,2024-05,MW,155,14735.85,95.07
CW500051,2024-05,TX,114,10837.98,95.07
CW500051,2024-05,MTN,120,11408.4,95.07
CW500051,2024-05,PSW,103,9792.21,95.07
CW500051,2024-05,PNW,120,11408.4,95.07
CW500051,2024-06,NE,131,12454.17,95.07
CW500051,2024-06,MA,117,11123.19,95.07
CW500051,2024-06,SE,90,8556.3,95.07
CW500051,2024-06,MW,167,15876.69,95.07
CW500051,2024-06,TX,124,11788.68,95.07
CW500051,2024-06,MTN,106,10077.42,95.07
CW500051,2024-06,PSW,97,9221.79,95.07
CW500051,2024-06,PNW,120,11408.4,95.07
CW500051,2024-07,NE,129,12264.03,95.07
CW500051,2024-07,MA,123,11693.61,95.07
CW500051,2024-07,SE,92,8746.44,95.07
CW500051,2024-07,MW,148,14070.36,95.07
CW500051,2024-07,TX,118,11218.26,95.07
CW500051,2024-07,MTN,118,11218.26,95.07
CW500051,2024-07,PSW,101,9602.07,95.07
CW500051,2024-07,PNW,116,11028.12,95.07
CW500051,2024-08,NE,124,11788.68,95.07
CW500051,2024-08,MA,103,9792.21,95.07
CW500051,2024-08,SE,88,8366.16,95.07
CW500051,2024-08,MW,144,13690.08,95.07
CW500051,2024-08,TX,121,11503.47,95.07
CW500051,2024-08,MTN,112,10647.84,95.07
CW500051,2024-08,PSW,95,9031.65,95.07
CW500051,2024-08,PNW,115,10933.05,95.07
CW500051,2024-09,NE,114,10837.98,95.07
CW500051,2024-09,MA,108,10267.56,95.07
CW500051,2024-09,SE,86,8176.02,95.07
CW500051,2024-09,MW,148,14070.36,95.07
CW500051,2024-09,TX,103,9792.21,95.07
CW500051,2024-09,MTN,107,10172.49,95.07
CW500051,2024-09,PSW,84,7985.88,95.07
CW500051,2024-09,PNW,103,9792.21,95.07
CW500051,2024-10,NE,104,9887.28,95.07
CW500051,2024-10,MA,100,9507.0,95.07
CW500051,2024-10,SE,76,7225.32,95.07
CW500051,2024-10,MW,135,12834.45,95.07
CW500051,2024-10,TX,99,9411.93,95.07
CW500051,2024-10,MTN,101,9602.07,95.07
CW500051,2024-10,PSW,88,8366.16,95.07
CW500051,2024-10,PNW,94,8936.58,95.07
CW500051,2024-11,NE,104,9887.28,95.07
CW500051,2024-11,MA,90,8556.3,95.07
CW500051,2024-11,SE,70,6654.9,95.07
CW500051,2024-11,MW,127,12073.89,95.07
CW500051,2024-11,TX,98,9316.86,95.07
CW500051,2024-11,MTN,87,8271.09,95.07
CW500051,2024-11,PSW,79,7510.53,95.07
CW500051,2024-11,PNW,97,9221.79,95.07
CW500051,2024-12,NE,90,8556.3,95.07
CW500051,2024-12,MA,96,9126.72,95.07
CW500051,2024-12,SE,72,6845.04,95.07
CW500051,2024-12,MW,126,11978.82,95.07
CW500051,2024-12,TX,92,8746.44,95.07
CW500051,2024-12,MTN,81,7700.67,95.07
CW500051,2024-12,PSW,75,7130.25,95.07
CW500051,2024-12,PNW,94,8936.58,95.07
CW500051,2025-01,NE,102,9697.14,95.07
CW500051,2025-01,MA,98,9316.86,95.07
CW500051,2025-01,SE,78,7415.46,95.07
CW500051,2025-01,MW,119,11313.33,95.07
CW500051,2025-01,TX,102,9697.14,95.07
CW500051,2025-01,MTN,97,9221.79,95.07
CW500051,2025-01,PSW,85,8080.95,95.07
CW500051,2025-01,PNW,97,9221.79,95.07
CW500051,2025-02,NE,59,5609.13,95.07
CW500051,2025-02,MA,51,4848.57,95.07
CW500051,2025-02,SE,44,4183.08,95.07
CW500051,2025-02,MW,69,6559.83,95.07
CW500051,2025-02,TX,55,5228.85,95.07
CW500051,2025-02,MTN,50,4753.5,95.07
CW500051,2025-02,PSW,45,4278.15,95.07
CW500051,2025-02,PNW,60,5704.2,95.07
CW500051,2025-03,NE,59,5609.13,95.07
CW500051,2025-03,MA,64,6084.48,95.07
CW500051,2025-03,SE,46,4373.22,95.07
CW500051,2025-03,MW,72,6845.04,95.07
CW500051,2025-03,TX,58,5514.06,95.07
CW500051,2025-03,MTN,55,5228.85,95.07
CW500051,2025-03,PSW,49,4658.43,95.07
CW500051,2025-03,PNW,59,5609.13,95.07
CW500051,2025-04,NE,71,6749.97,95.07
CW500051,2025-04,MA,60,5704.2,95.07
CW500051,2025-04,SE,51,4848.57,95.07
CW500051,2025-04,MW,89,8461.23,95.07
CW500051,2025-04,TX,63,5989.41,95.07
CW500051,2025-04,MTN,58,5514.06,95.07
CW500051,2025-04,PSW,58,5514.06,95.07
CW500051,2025-04,PNW,65,6179.55,95.07
CW500051,2025-05,NE,134,12739.38,95.07
CW500051,2025-05,MA,126,11978.82,95.07
CW500051,2025-05,SE,96,9126.72,95.07
CW500051,2025-05,MW,164,15591.48,95.07
CW500051,2025-05,TX,129,12264.03,95.07
CW500051,2025-05,MTN,114,10837.98,95.07
CW500051,2025-05,PSW,107,10172.49,95.07
CW500051,2025-05,PNW,130,12359.1,95.07
CW500051,2025-06,NE,123,11693.61,95.07
CW500051,2025-06,MA,118,11218.26,95.07
CW500051,2025-06,SE,106,10077.42,95.07
CW500051,2025-06,MW,154,14640.78,95.07
CW500051,2025-06,TX,141,13404.87,95.07
CW500051,2025-06,MTN,126,11978.82,95.07
CW500051,2025-06,PSW,108,10267.56,95.07
CW500051,2025-06,PNW,131,12454.17,95.07
CW500051,2025-07,NE,138,13119.66,95.07
CW500051,2025-07,MA,133,12644.31,95.07
CW500051,2025-07,SE,98,9316.86,95.07
CW500051,2025-07,MW,154,14640.78,95.07
CW500051,2025-07,TX,124,11788.68,95.07
CW500051,2025-07,MTN,113,10742.91,95.07
CW500051,2025-07,PSW,99,9411.93,95.07
CW500051,2025-07,PNW,133,12644.31,95.07
CW500051,2025-08,NE,120,11408.4,95.07
CW500051,2025-08,MA,119,11313.33,95.07
CW500051,2025-08,SE,101,9602.07,95.07
CW500051,2025-08,MW,166,15781.62,95.07
CW500051,2025-08,TX,130,12359.1,95.07
CW500051,2025-08,MTN,111,10552.77,95.07
CW500051,2025-08,PSW,96,9126.72,95.07
CW500051,2025-08,PNW,121,11503.47,95.07
CW500051,2025-09,NE,117,11123.19,95.07
CW500051,2025-09,MA,115,10933.05,95.07
CW500051,2025-09,SE,94,8936.58,95.07
CW500051,2025-09,MW,152,14450.64,95.07
CW500051,2025-09,TX,111,10552.77,95.07
CW500051,2025-09,MTN,102,9697.14,95.07
CW500051,2025-09,PSW,100,9507.0,95.07
CW500051,2025-09,PNW,118,11218.26,95.07
CW500051,2025-10,NE,116,11028.12,95.07
CW500051,2025-10,MA,97,9221.79,95.07
CW500051,2025-10,SE,87,8271.09,95.07
CW500051,2025-10,MW,143,13595.01,95.07
CW500051,2025-10,TX,117,11123.19,95.07
CW500051,2025-10,MTN,105,9982.35,95.07
CW500051,2025-10,PSW,94,8936.58,95.07
CW500051,2025-10,PNW,101,9602.07,95.07
CW500051,2025-11,NE,108,10267.56,95.07
CW500051,2025-11,MA,102,9697.14,95.07
CW500051,2025-11,SE,81,7700.67,95.07
CW500051,2025-11,MW,127,12073.89,95.07
CW500051,2025-11,TX,103,9792.21,95.07
CW500051,2025-11,MTN,95,9031.65,95.07
CW500051,2025-11,PSW,90,8556.3,95.07
CW500051,2025-11,PNW,105,9982.35,95.07
CW500051,2025-12,NE,108,10267.56,95.07
CW500051,2025-12,MA,96,9126.72,95.07
CW500051,2025-12,SE,83,7890.81,95.07
CW500051,2025-12,MW,121,11503.47,95.07
CW500051,2025-12,TX,94,8936.58,95.07
CW500051,2025-12,MTN,92,8746.44,95.07
CW500051,2025-12,PSW,81,7700.67,95.07
CW500051,2025-12,PNW,100,9507.0,95.07
CW500054,2024-01,NE,113,20961.5,185.5
CW500054,2024-01,MA,102,18921.0,185.5
CW500054,2024-01,SE,98,18179.0,185.5
CW500054,2024-01,MW,81,15025.5,185.5
CW500054,2024-01,TX,89,16509.5,185.5
CW500054,2024-01,MTN,92,17066.0,185.5
CW500054,2024-01,PSW,109,20219.5,185.5
CW500054,2024-01,PNW,83,15396.5,185.5
CW500054,2024-02,NE,123,22816.5,185.5
CW500054,2024-02,MA,114,21147.0,185.5
CW500054,2024-02,SE,99,18364.5,185.5
CW500054,2024-02,MW,88,16324.0,185.5
CW500054,2024-02,TX,97,17993.5,185.5
CW500054,2024-02,MTN,105,19477.5,185.5
CW500054,2024-02,PSW,126,23373.0,185.5
CW500054,2024-02,PNW,89,16509.5,185.5
CW500054,2024-03,NE,128,23744.0,185.5
CW500054,2024-03,MA,134,24857.0,185.5
CW500054,2024-03,SE,110,20405.0,185.5
CW500054,2024-03,MW,97,17993.5,185.5
CW500054,2024-03,TX,107,19848.5,185.5
CW500054,2024-03,MTN,105,19477.5,185.5
CW500054,2024-03,PSW,139,25784.5,185.5
CW500054,2024-03,PNW,93,17251.5,185.5
CW500054,2024-04,NE,150,27825.0,185.5
CW500054,2024-04,MA,144,26712.0,185.5
CW500054,2024-04,SE,116,21518.0,185.5
CW500054,2024-04,MW,103,19106.5,185.5
CW500054,2024-04,TX,109,20219.5,185.5
CW500054,2024-04,MTN,115,21332.5,185.5
CW500054,2024-04,PSW,158,29309.0,185.5
CW500054,2024-04,PNW,100,18550.0,185.5
CW500054,2024-05,NE,159,29494.5,185.5
CW500054,2024-05,MA,149,27639.5,185.5
CW500054,2024-05,SE,120,22260.0,185.5
CW500054,2024-05,MW,112,20776.0,185.5
CW500054,2024-05,TX,114,21147.0,185.5
CW500054,2024-05,MTN,121,22445.5,185.5
CW500054,2024-05,PSW,151,28010.5,185.5
CW500054,2024-05,PNW,118,21889.0,185.5
CW500054,2024-06,NE,158,29309.0,185.5
CW500054,2024-06,MA,161,29865.5,185.5
CW500054,2024-06,SE,123,22816.5,185.5
CW500054,2024-06,MW,127,23558.5,185.5
CW500054,2024-06,TX,122,22631.0,185.5
CW500054,2024-06,MTN,124,23002.0,185.5
CW500054,2024-06,PSW,162,30051.0,185.5
CW500054,2024-06,PNW,113,20961.5,185.5
CW500054,2024-07,NE,142,26341.0,185.5
CW500054,2024-07,MA,152,28196.0,185.5
CW500054,2024-07,SE,134,24857.0,185.5
CW500054,2024-07,MW,123,22816.5,185.5
CW500054,2024-07,TX,112,20776.0,185.5
CW500054,2024-07,MTN,126,23373.0,185.5
CW500054,2024-07,PSW,154,28567.0,185.5
CW500054,2024-07,PNW,109,20219.5,185.5
CW500054,2024-08,NE,153,28381.5,185.5
CW500054,2024-08,MA,151,28010.5,185.5
CW500054,2024-08,SE,121,22445.5,185.5
CW500054,2024-08,MW,116,21518.0,185.5
CW500054,2024-08,TX,116,21518.0,185.5
CW500054,2024-08,MTN,126,23373.0,185.5
CW500054,2024-08,PSW,162,30051.0,185.5
CW500054,2024-08,PNW,117,21703.5,185.5
CW500054,2024-09,NE,135,25042.5,185.5
CW500054,2024-09,MA,139,25784.5,185.5
CW500054,2024-09,SE,111,20590.5,185.5
CW500054,2024-09,MW,102,18921.0,185.5
CW500054,2024-09,TX,97,17993.5,185.5
CW500054,2024-09,MTN,113,20961.5,185.5
CW500054,2024-09,PSW,130,24115.0,185.5
CW500054,2024-09,PNW,108,20034.0,185.5
CW500054,2024-10,NE,131,24300.5,185.5
CW500054,2024-10,MA,131,24300.5,185.5
CW500054,2024-10,SE,105,19477.5,185.5
CW500054,2024-10,MW,90,16695.0,185.5
CW500054,2024-10,TX,98,18179.0,185.5
CW500054,2024-10,MTN,99,18364.5,185.5
CW500054,2024-10,PSW,125,23187.5,185.5
CW500054,2024-10,PNW,99,18364.5,185.5
CW500054,2024-11,NE,116,21518.0,185.5
CW500054,2024-11,MA,119,22074.5,185.5
CW500054,2024-11,SE,101,18735.5,185.5
CW500054,2024-11,MW,90,16695.0,185.5
CW500054,2024-11,TX,88,16324.0,185.5
CW500054,2024-11,MTN,108,20034.0,185.5
CW500054,2024-11,PSW,119,22074.5,185.5
CW500054,2024-11,PNW,89,16509.5,185.5
CW500054,2024-12,NE,111,20590.5,185.5
CW500054,2024-12,MA,116,21518.0,185.5
CW500054,2024-12,SE,101,18735.5,185.5
CW500054,2024-12,MW,92,17066.0,185.5
CW500054,2024-12,TX,87,16138.5,185.5
CW500054,2024-12,MTN,99,18364.5,185.5
CW500054,2024-12,PSW,129,23929.5,185.5
CW500054,2024-12,PNW,91,16880.5,185.5
CW500054,2025-01,NE,132,24486.0,185.5
CW500054,2025-01,MA,126,23373.0,185.5
CW500054,2025-01,SE,96,17808.0,185.5
CW500054,2025-01,MW,89,16509.5,185.5
CW500054,2025-01,TX,93,17251.5,185.5
CW500054,2025-01,MTN,106,19663.0,185.5
CW500054,2025-01,PSW,120,22260.0,185.5
CW500054,2025-01,PNW,95,17622.5,185.5
CW500054,2025-02,NE,185,34317.5,185.5
CW500054,2025-02,MA,189,35059.5,185.5
CW500054,2025-02,SE,146,27083.0,185.5
CW500054,2025-02,MW,139,25784.5,185.5
CW500054,2025-02,TX,135,25042.5,185.5
CW500054,2025-02,MTN,158,29309.0,185.5
CW500054,2025-02,PSW,192,35616.0,185.5
CW500054,2025-02,PNW,150,27825.0,185.5
CW500054,2025-03,NE,208,38584.0,185.5
CW500054,2025-03,MA,201,37285.5,185.5
CW500054,2025-03,SE,175,32462.5,185.5
CW500054,2025-03,MW,156,28938.0,185.5
CW500054,2025-03,TX,168,31164.0,185.5
CW500054,2025-03,MTN,176,32648.0,185.5
CW500054,2025-03,PSW,199,36914.5,185.5
CW500054,2025-03,PNW,149,27639.5,185.5
CW500054,2025-04,NE,224,41552.0,185.5
CW500054,2025-04,MA,210,38955.0,185.5
CW500054,2025-04,SE,181,33575.5,185.5
CW500054,2025-04,MW,170,31535.0,185.5
CW500054,2025-04,TX,165,30607.5,185.5
CW500054,2025-04,MTN,172,31906.0,185.5
CW500054,2025-04,PSW,215,39882.5,185.5
CW500054,2025-04,PNW,176,32648.0,185.5
CW500054,2025-05,NE,161,29865.5,185.5
CW500054,2025-05,MA,164,30422.0,185.5
CW500054,2025-05,SE,133,24671.5,185.5
CW500054,2025-05,MW,128,23744.0,185.5
CW500054,2025-05,TX,118,21889.0,185.5
CW500054,2025-05,MTN,145,26897.5,185.5
CW500054,2025-05,PSW,161,29865.5,185.5
CW500054,2025-05,PNW,130,24115.0,185.5
CW500054,2025-06,NE,169,31349.5,185.5
CW500054,2025-06,MA,168,31164.0,185.5
CW500054,2025-06,SE,143,26526.5,185.5
CW500054,2025-06,MW,118,21889.0,185.5
CW500054,2025-06,TX,134,24857.0,185.5
CW500054,2025-06,MTN,138,25599.0,185.5
CW500054,2025-06,PSW,159,29494.5,185.5
CW500054,2025-06,PNW,135,25042.5,185.5
CW500054,2025-07,NE,168,31164.0,185.5
CW500054,2025-07,MA,148,27454.0,185.5
CW500054,2025-07,SE,136,25228.0,185.5
CW500054,2025-07,MW,125,23187.5,185.5
CW500054,2025-07,TX,118,21889.0,185.5
CW500054,2025-07,MTN,128,23744.0,185.5
CW500054,2025-07,PSW,165,30607.5,185.5
CW500054,2025-07,PNW,119,22074.5,185.5
CW500054,2025-08,NE,155,28752.5,185.5
CW500054,2025-08,MA,143,26526.5,185.5
CW500054,2025-08,SE,131,24300.5,185.5
CW500054,2025-08,MW,125,23187.5,185.5
CW500054,2025-08,TX,114,21147.0,185.5
CW500054,2025-08,MTN,130,24115.0,185.5
CW500054,2025-08,PSW,173,32091.5,185.5
CW500054,2025-08,PNW,117,21703.5,185.5
CW500054,2025-09,NE,141,26155.5,185.5
CW500054,2025-09,MA,145,26897.5,185.5
CW500054,2025-09,SE,128,23744.0,185.5
CW500054,2025-09,MW,120,22260.0,185.5
CW500054,2025-09,TX,107,19848.5,185.5
CW500054,2025-09,MTN,132,24486.0,185.5
CW500054,2025-09,PSW,146,27083.0,185.5
CW500054,2025-09,PNW,110,20405.0,185.5
CW500054,2025-10,NE,140,25970.0,185.5
CW500054,2025-10,MA,130,24115.0,185.5
CW500054,2025-10,SE,116,21518.0,185.5
CW500054,2025-10,MW,100,18550.0,185.5
CW500054,2025-10,TX,99,18364.5,185.5
CW500054,2025-10,MTN,119,22074.5,185.5
CW500054,2025-10,PSW,139,25784.5,185.5
CW500054,2025-10,PNW,104,19292.0,185.5
CW500054,2025-11,NE,125,23187.5,185.5
CW500054,2025-11,MA,133,24671.5,185.5
CW500054,2025-11,SE,97,17993.5,185.5
CW500054,2025-11,MW,93,17251.5,185.5
CW500054,2025-11,TX,97,17993.5,185.5
CW500054,2025-11,MTN,114,21147.0,185.5
CW500054,2025-11,PSW,136,25228.0,185.5
CW500054,2025-11,PNW,100,18550.0,185.5
CW500054,2025-12,NE,130,24115.0,185.5
CW500054,2025-12,MA,125,23187.5,185.5
CW500054,2025-12,SE,108,20034.0,185.5
CW500054,2025-12,MW,103,19106.5,185.5
CW500054,2025-12,TX,99,18364.5,185.5
CW500054,2025-12,MTN,114,21147.0,185.5
CW500054,2025-12,PSW,125,23187.5,185.5
CW500054,2025-12,PNW,102,18921.0,185.5
CW500057,2024-01,NE,52,3969.68,76.34
CW500057,2024-01,MA,39,2977.26,76.34
CW500057,2024-01,SE,51,3893.34,76.34
CW500057,2024-01,MW,37,2824.58,76.34
CW500057,2024-01,TX,43,3282.62,76.34
CW500057,2024-01,MTN,36,2748.24,76.34
CW500057,2024-01,PSW,35,2671.9,76.34
CW500057,2024-01,PNW,39,2977.26,76.34
CW500057,2024-02,NE,53,4046.02,76.34
CW500057,2024-02,MA,36,2748.24,76.34
CW500057,2024-02,SE,60,4580.4,76.34
CW500057,2024-02,MW,44,3358.96,76.34
CW500057,2024-02,TX,43,3282.62,76.34
CW500057,2024-02,MTN,40,3053.6,76.34
CW500057,2024-02,PSW,39,2977.26,76.34
CW500057,2024-02,PNW,40,3053.6,76.34
CW500057,2024-03,NE,61,4656.74,76.34
CW500057,2024-03,MA,46,3511.64,76.34
CW500057,2024-03,SE,60,4580.4,76.34
CW500057,2024-03,MW,43,3282.62,76.34
CW500057,2024-03,TX,52,3969.68,76.34
CW500057,2024-03,MTN,41,3129.94,76.34
CW500057,2024-03,PSW,41,3129.94,76.34
CW500057,2024-03,PNW,44,3358.96,76.34
CW500057,2024-04,NE,68,5191.12,76.34
CW500057,2024-04,MA,50,3817.0,76.34
CW500057,2024-04,SE,68,5191.12,76.34
CW500057,2024-04,MW,50,3817.0,76.34
CW500057,2024-04,TX,57,4351.38,76.34
CW500057,2024-04,MTN,46,3511.64,76.34
CW500057,2024-04,PSW,45,3435.3,76.34
CW500057,2024-04,PNW,48,3664.32,76.34
CW500057,2024-05,NE,66,5038.44,76.34
CW500057,2024-05,MA,52,3969.68,76.34
CW500057,2024-05,SE,64,4885.76,76.34
CW500057,2024-05,MW,51,3893.34,76.34
CW500057,2024-05,TX,58,4427.72,76.34
CW500057,2024-05,MTN,44,3358.96,76.34
CW500057,2024-05,PSW,44,3358.96,76.34
CW500057,2024-05,PNW,51,3893.34,76.34
CW500057,2024-06,NE,69,5267.46,76.34
CW500057,2024-06,MA,54,4122.36,76.34
CW500057,2024-06,SE,67,5114.78,76.34
CW500057,2024-06,MW,50,3817.0,76.34
CW500057,2024-06,TX,59,4504.06,76.34
CW500057,2024-06,MTN,49,3740.66,76.34
CW500057,2024-06,PSW,44,3358.96,76.34
CW500057,2024-06,PNW,53,4046.02,76.34
CW500057,2024-07,NE,72,5496.48,76.34
CW500057,2024-07,MA,53,4046.02,76.34
CW500057,2024-07,SE,70,5343.8,76.34
CW500057,2024-07,MW,54,4122.36,76.34
CW500057,2024-07,TX,58,4427.72,76.34
CW500057,2024-07,MTN,50,3817.0,76.34
CW500057,2024-07,PSW,47,3587.98,76.34
CW500057,2024-07,PNW,53,4046.02,76.34
CW500057,2024-08,NE,64,4885.76,76.34
CW500057,2024-08,MA,49,3740.66,76.34
CW500057,2024-08,SE,67,5114.78,76.34
CW500057,2024-08,MW,50,3817.0,76.34
CW500057,2024-08,TX,53,4046.02,76.34
CW500057,2024-08,MTN,44,3358.96,76.34
CW500057,2024-08,PSW,48,3664.32,76.34
CW500057,2024-08,PNW,46,3511.64,76.34
CW500057,2024-09,NE,62,4733.08,76.34
CW500057,2024-09,MA,46,3511.64,76.34
CW500057,2024-09,SE,58,4427.72,76.34
CW500057,2024-09,MW,50,3817.0,76.34
CW500057,2024-09,TX,55,4198.7,76.34
CW500057,2024-09,MTN,41,3129.94,76.34
CW500057,2024-09,PSW,43,3282.62,76.34
CW500057,2024-09,PNW,46,3511.64,76.34
CW500057,2024-10,NE,55,4198.7,76.34
CW500057,2024-10,MA,43,3282.62,76.34
CW500057,2024-10,SE,56,4275.04,76.34
CW500057,2024-10,MW,42,3206.28,76.34
CW500057,2024-10,TX,45,3435.3,76.34
CW500057,2024-10,MTN,42,3206.28,76.34
CW500057,2024-10,PSW,38,2900.92,76.34
CW500057,2024-10,PNW,45,3435.3,76.34
CW500057,2024-11,NE,56,4275.04,76.34
CW500057,2024-11,MA,39,2977.26,76.34
CW500057,2024-11,SE,52,3969.68,76.34
CW500057,2024-11,MW,39,2977.26,76.34
CW500057,2024-11,TX,44,3358.96,76.34
CW500057,2024-11,MTN,41,3129.94,76.34
CW500057,2024-11,PSW,40,3053.6,76.34
CW500057,2024-11,PNW,39,2977.26,76.34
CW500057,2024-12,NE,52,3969.68,76.34
CW500057,2024-12,MA,38,2900.92,76.34
CW500057,2024-12,SE,57,4351.38,76.34
CW500057,2024-12,MW,39,2977.26,76.34
CW500057,2024-12,TX,46,3511.64,76.34
CW500057,2024-12,MTN,36,2748.24,76.34
CW500057,2024-12,PSW,35,2671.9,76.34
CW500057,2024-12,PNW,38,2900.92,76.34
CW500057,2025-01,NE,54,4122.36,76.34
CW500057,2025-01,MA,39,2977.26,76.34
CW500057,2025-01,SE,56,4275.04,76.34
CW500057,2025-01,MW,38,2900.92,76.34
CW500057,2025-01,TX,48,3664.32,76.34
CW500057,2025-01,MTN,38,2900.92,76.34
CW500057,2025-01,PSW,38,2900.92,76.34
CW500057,2025-01,PNW,39,2977.26,76.34
CW500057,2025-02,NE,57,4351.38,76.34
CW500057,2025-02,MA,39,2977.26,76.34
CW500057,2025-02,SE,58,4427.72,76.34
CW500057,2025-02,MW,44,3358.96,76.34
CW500057,2025-02,TX,47,3587.98,76.34
CW500057,2025-02,MTN,43,3282.62,76.34
CW500057,2025-02,PSW,41,3129.94,76.34
CW500057,2025-02,PNW,47,3587.98,76.34
CW500057,2025-03,NE,61,4656.74,76.34
CW500057,2025-03,MA,48,3664.32,76.34
CW500057,2025-03,SE,61,4656.74,76.34
CW500057,2025-03,MW,51,3893.34,76.34
CW500057,2025-03,TX,49,3740.66,76.34
CW500057,2025-03,MTN,42,3206.28,76.34
CW500057,2025-03,PSW,43,3282.62,76.34
CW500057,2025-03,PNW,46,3511.64,76.34
CW500057,2025-04,NE,67,5114.78,76.34
CW500057,2025-04,MA,53,4046.02,76.34
CW500057,2025-04,SE,75,5725.5,76.34
CW500057,2025-04,MW,50,3817.0,76.34
CW500057,2025-04,TX,58,4427.72,76.34
CW500057,2025-04,MTN,51,3893.34,76.34
CW500057,2025-04,PSW,49,3740.66,76.34
CW500057,2025-04,PNW,50,3817.0,76.34
CW500057,2025-05,NE,68,5191.12,76.34
CW500057,2025-05,MA,57,4351.38,76.34
CW500057,2025-05,SE,71,5420.14,76.34
CW500057,2025-05,MW,59,4504.06,76.34
CW500057,2025-05,TX,60,4580.4,76.34
CW500057,2025-05,MTN,49,3740.66,76.34
CW500057,2025-05,PSW,46,3511.64,76.34
CW500057,2025-05,PNW,50,3817.0,76.34
CW500057,2025-06,NE,69,5267.46,76.34
CW500057,2025-06,MA,57,4351.38,76.34
CW500057,2025-06,SE,73,5572.82,76.34
CW500057,2025-06,MW,53,4046.02,76.34
CW500057,2025-06,TX,60,4580.4,76.34
CW500057,2025-06,MTN,55,4198.7,76.34
CW500057,2025-06,PSW,51,3893.34,76.34
CW500057,2025-06,PNW,56,4275.04,76.34
CW500057,2025-07,NE,75,5725.5,76.34
CW500057,2025-07,MA,55,4198.7,76.34
CW500057,2025-07,SE,77,5878.18,76.34
CW500057,2025-07,MW,52,3969.68,76.34
CW500057,2025-07,TX,57,4351.38,76.34
CW500057,2025-07,MTN,53,4046.02,76.34
CW500057,2025-07,PSW,52,3969.68,76.34
CW500057,2025-07,PNW,56,4275.04,76.34
CW500057,2025-08,NE,70,5343.8,76.34
CW500057,2025-08,MA,48,3664.32,76.34
CW500057,2025-08,SE,70,5343.8,76.34
CW500057,2025-08,MW,55,4198.7,76.34
CW500057,2025-08,TX,60,4580.4,76.34
CW500057,2025-08,MTN,46,3511.64,76.34
CW500057,2025-08,PSW,45,3435.3,76.34
CW500057,2025-08,PNW,49,3740.66,76.34
CW500057,2025-09,NE,65,4962.1,76.34
CW500057,2025-09,MA,47,3587.98,76.34
CW500057,2025-09,SE,64,4885.76,76.34
CW500057,2025-09,MW,48,3664.32,76.34
CW500057,2025-09,TX,55,4198.7,76.34
CW500057,2025-09,MTN,48,3664.32,76.34
CW500057,2025-09,PSW,46,3511.64,76.34
CW500057,2025-09,PNW,51,3893.34,76.34
CW500057,2025-10,NE,58,4427.72,76.34
CW500057,2025-10,MA,47,3587.98,76.34
CW500057,2025-10,SE,66,5038.44,76.34
CW500057,2025-10,MW,48,3664.32,76.34
CW500057,2025-10,TX,48,3664.32,76.34
CW500057,2025-10,MTN,41,3129.94,76.34
CW500057,2025-10,PSW,41,3129.94,76.34
CW500057,2025-10,PNW,47,3587.98,76.34
CW500057,2025-11,NE,53,4046.02,76.34
CW500057,2025-11,MA,41,3129.94,76.34
CW500057,2025-11,SE,62,4733.08,76.34
CW500057,2025-11,MW,46,3511.64,76.34
CW500057,2025-11,TX,49,3740.66,76.34
CW500057,2025-11,MTN,39,2977.26,76.34
CW500057,2025-11,PSW,38,2900.92,76.34
CW500057,2025-11,PNW,41,3129.94,76.34
CW500057,2025-12,NE,60,4580.4,76.34
CW500057,2025-12,MA,40,3053.6,76.34
CW500057,2025-12,SE,62,4733.08,76.34
CW500057,2025-12,MW,43,3282.62,76.34
CW500057,2025-12,TX,48,3664.32,76.34
CW500057,2025-12,MTN,37,2824.58,76.34
CW500057,2025-12,PSW,40,3053.6,76.34
CW500057,2025-12,PNW,39,2977.26,76.34
CW500060,2024-01,NE,167,6690.02,40.06
CW500060,2024-01,MA,130,5207.8,40.06
CW500060,2024-01,SE,171,6850.26,40.06
CW500060,2024-01,MW,160,6409.6,40.06
CW500060,2024-01,TX,182,7290.92,40.06
CW500060,2024-01,MTN,184,7371.04,40.06
CW500060,2024-01,PSW,119,4767.14,40.06
CW500060,2024-01,PNW,164,6569.84,40.06
CW500060,2024-02,NE,172,6890.32,40.06
CW500060,2024-02,MA,133,5327.98,40.06
CW500060,2024-02,SE,178,7130.68,40.06
CW500060,2024-02,MW,163,6529.78,40.06
CW500060,2024-02,TX,179,7170.74,40.06
CW500060,2024-02,MTN,173,6930.38,40.06
CW500060,2024-02,PSW,115,4606.9,40.06
CW500060,2024-02,PNW,176,7050.56,40.06
CW500060,2024-03,NE,175,7010.5,40.06
CW500060,2024-03,MA,130,5207.8,40.06
CW500060,2024-03,SE,196,7851.76,40.06
CW500060,2024-03,MW,171,6850.26,40.06
CW500060,2024-03,TX,212,8492.72,40.06
CW500060,2024-03,MTN,211,8452.66,40.06
CW500060,2024-03,PSW,134,5368.04,40.06
CW500060,2024-03,PNW,194,7771.64,40.06
CW500060,2024-04,NE,194,7771.64,40.06
CW500060,2024-04,MA,161,6449.66,40.06
CW500060,2024-04,SE,212,8492.72,40.06
CW500060,2024-04,MW,194,7771.64,40.06
CW500060,2024-04,TX,209,8372.54,40.06
CW500060,2024-04,MTN,212,8492.72,40.06
CW500060,2024-04,PSW,139,5568.34,40.06
CW500060,2024-04,PNW,195,7811.7,40.06
CW500060,2024-05,NE,203,8132.18,40.06
CW500060,2024-05,MA,164,6569.84,40.06
CW500060,2024-05,SE,205,8212.3,40.06
CW500060,2024-05,MW,198,7931.88,40.06
CW500060,2024-05,TX,224,8973.44,40.06
CW500060,2024-05,MTN,210,8412.6,40.06
CW500060,2024-05,PSW,160,6409.6,40.06
CW500060,2024-05,PNW,212,8492.72,40.06
CW500060,2024-06,NE,236,9454.16,40.06
CW500060,2024-06,MA,167,6690.02,40.06
CW500060,2024-06,SE,228,9133.68,40.06
CW500060,2024-06,MW,230,9213.8,40.06
CW500060,2024-06,TX,228,9133.68,40.06
CW500060,2024-06,MTN,249,9974.94,40.06
CW500060,2024-06,PSW,146,5848.76,40.06
CW500060,2024-06,PNW,203,8132.18,40.06
CW500060,2024-07,NE,231,9253.86,40.06
CW500060,2024-07,MA,163,6529.78,40.06
CW500060,2024-07,SE,238,9534.28,40.06
CW500060,2024-07,MW,211,8452.66,40.06
CW500060,2024-07,TX,234,9374.04,40.06
CW500060,2024-07,MTN,231,9253.86,40.06
CW500060,2024-07,PSW,156,6249.36,40.06
CW500060,2024-07,PNW,206,8252.36,40.06
CW500060,2024-08,NE,223,8933.38,40.06
CW500060,2024-08,MA,158,6329.48,40.06
CW500060,2024-08,SE,216,8652.96,40.06
CW500060,2024-08,MW,215,8612.9,40.06
CW500060,2024-08,TX,203,8132.18,40.06
CW500060,2024-08,MTN,216,8652.96,40.06
CW500060,2024-08,PSW,153,6129.18,40.06
CW500060,2024-08,PNW,214,8572.84,40.06
CW500060,2024-09,NE,196,7851.76,40.06
CW500060,2024-09,MA,144,5768.64,40.06
CW500060,2024-09,SE,213,8532.78,40.06
CW500060,2024-09,MW,189,7571.34,40.06
CW500060,2024-09,TX,218,8733.08,40.06
CW500060,2024-09,MTN,208,8332.48,40.06
CW500060,2024-09,PSW,128,5127.68,40.06
CW500060,2024-09,PNW,194,7771.64,40.06
CW500060,2024-10,NE,191,7651.46,40.06
CW500060,2024-10,MA,143,5728.58,40.06
CW500060,2024-10,SE,201,8052.06,40.06
CW500060,2024-10,MW,172,6890.32,40.06
CW500060,2024-10,TX,184,7371.04,40.06
CW500060,2024-10,MTN,187,7491.22,40.06
CW500060,2024-10,PSW,119,4767.14,40.06
CW500060,2024-10,PNW,183,7330.98,40.06
CW500060,2024-11,NE,160,6409.6,40.06
CW500060,2024-11,MA,134,5368.04,40.06
CW500060,2024-11,SE,174,6970.44,40.06
CW500060,2024-11,MW,161,6449.66,40.06
CW500060,2024-11,TX,169,6770.14,40.06
CW500060,2024-11,MTN,190,7611.4,40.06
CW500060,2024-11,PSW,126,5047.56,40.06
CW500060,2024-11,PNW,159,6369.54,40.06
CW500060,2024-12,NE,159,6369.54,40.06
CW500060,2024-12,MA,120,4807.2,40.06
CW500060,2024-12,SE,164,6569.84,40.06
CW500060,2024-12,MW,174,6970.44,40.06
CW500060,2024-12,TX,180,7210.8,40.06
CW500060,2024-12,MTN,165,6609.9,40.06
CW500060,2024-12,PSW,114,4566.84,40.06
CW500060,2024-12,PNW,151,6049.06,40.06
CW500060,2025-01,NE,180,7210.8,40.06
CW500060,2025-01,MA,130,5207.8,40.06
CW500060,2025-01,SE,189,7571.34,40.06
CW500060,2025-01,MW,167,6690.02,40.06
CW500060,2025-01,TX,183,7330.98,40.06
CW500060,2025-01,MTN,188,7531.28,40.06
CW500060,2025-01,PSW,126,5047.56,40.06
CW500060,2025-01,PNW,164,6569.84,40.06
CW500060,2025-02,NE,174,6970.44,40.06
CW500060,2025-02,MA,148,5928.88,40.06
CW500060,2025-02,SE,183,7330.98,40.06
CW500060,2025-02,MW,188,7531.28,40.06
CW500060,2025-02,TX,206,8252.36,40.06
CW500060,2025-02,MTN,209,8372.54,40.06
CW500060,2025-02,PSW,129,5167.74,40.06
CW500060,2025-02,PNW,185,7411.1,40.06
CW500060,2025-03,NE,204,8172.24,40.06
CW500060,2025-03,MA,147,5888.82,40.06
CW500060,2025-03,SE,215,8612.9,40.06
CW500060,2025-03,MW,202,8092.12,40.06
CW500060,2025-03,TX,218,8733.08,40.06
CW500060,2025-03,MTN,224,8973.44,40.06
CW500060,2025-03,PSW,153,6129.18,40.06
CW500060,2025-03,PNW,203,8132.18,40.06
CW500060,2025-04,NE,210,8412.6,40.06
CW500060,2025-04,MA,175,7010.5,40.06
CW500060,2025-04,SE,216,8652.96,40.06
CW500060,2025-04,MW,199,7971.94,40.06
CW500060,2025-04,TX,215,8612.9,40.06
CW500060,2025-04,MTN,220,8813.2,40.06
CW500060,2025-04,PSW,152,6089.12,40.06
CW500060,2025-04,PNW,226,9053.56,40.06
CW500060,2025-05,NE,238,9534.28,40.06
CW500060,2025-05,MA,170,6810.2,40.06
CW500060,2025-05,SE,232,9293.92,40.06
CW500060,2025-05,MW,209,8372.54,40.06
CW500060,2025-05,TX,233,9333.98,40.06
CW500060,2025-05,MTN,234,9374.04,40.06
CW500060,2025-05,PSW,154,6169.24,40.06
CW500060,2025-05,PNW,228,9133.68,40.06
CW500060,2025-06,NE,220,8813.2,40.06
CW500060,2025-06,MA,164,6569.84,40.06
CW500060,2025-06,SE,255,10215.3,40.06
CW500060,2025-06,MW,236,9454.16,40.06
CW500060,2025-06,TX,264,10575.84,40.06
CW500060,2025-06,MTN,236,9454.16,40.06
CW500060,2025-06,PSW,157,6289.42,40.06
CW500060,2025-06,PNW,232,9293.92,40.06
CW500060,2025-07,NE,217,8693.02,40.06
CW500060,2025-07,MA,184,7371.04,40.06
CW500060,2025-07,SE,229,9173.74,40.06
CW500060,2025-07,MW,232,9293.92,40.06
CW500060,2025-07,TX,261,10455.66,40.06
CW500060,2025-07,MTN,234,9374.04,40.06
CW500060,2025-07,PSW,177,7090.62,40.06
CW500060,2025-07,PNW,218,8733.08,40.06
CW500060,2025-08,NE,233,9333.98,40.06
CW500060,2025-08,MA,180,7210.8,40.06
CW500060,2025-08,SE,236,9454.16,40.06
CW500060,2025-08,MW,220,8813.2,40.06
CW500060,2025-08,TX,225,9013.5,40.06
CW500060,2025-08,MTN,222,8893.32,40.06
CW500060,2025-08,PSW,169,6770.14,40.06
CW500060,2025-08,PNW,228,9133.68,40.06
CW500060,2025-09,NE,215,8612.9,40.06
CW500060,2025-09,MA,156,6249.36,40.06
CW500060,2025-09,SE,208,8332.48,40.06
CW500060,2025-09,MW,192,7691.52,40.06
CW500060,2025-09,TX,208,8332.48,40.06
CW500060,2025-09,MTN,236,9454.16,40.06
CW500060,2025-09,PSW,153,6129.18,40.06
CW500060,2025-09,PNW,192,7691.52,40.06
CW500060,2025-10,NE,183,7330.98,40.06
CW500060,2025-10,MA,140,5608.4,40.06
CW500060,2025-10,SE,206,8252.36,40.06
CW500060,2025-10,MW,193,7731.58,40.06
CW500060,2025-10,TX,195,7811.7,40.06
CW500060,2025-10,MTN,215,8612.9,40.06
CW500060,2025-10,PSW,142,5688.52,40.06
CW500060,2025-10,PNW,195,7811.7,40.06
CW500060,2025-11,NE,184,7371.04,40.06
CW500060,2025-11,MA,129,5167.74,40.06
CW500060,2025-11,SE,180,7210.8,40.06
CW500060,2025-11,MW,192,7691.52,40.06
CW500060,2025-11,TX,187,7491.22,40.06
CW500060,2025-11,MTN,201,8052.06,40.06
CW500060,2025-11,PSW,129,5167.74,40.06
CW500060,2025-11,PNW,164,6569.84,40.06
CW500060,2025-12,NE,182,7290.92,40.06
CW500060,2025-12,MA,143,5728.58,40.06
CW500060,2025-12,SE,172,6890.32,40.06
CW500060,2025-12,MW,182,7290.92,40.06
CW500060,2025-12,TX,183,7330.98,40.06
CW500060,2025-12,MTN,195,7811.7,40.06
CW500060,2025-12,PSW,128,5127.68,40.06
CW500060,2025-12,PNW,168,6730.08,40.06
CW500063,2024-01,NE,24,3192.0,133.0
CW500063,2024-01,MA,20,2660.0,133.0
CW500063,2024-01,SE,29,3857.0,133.0
CW500063,2024-01,MW,29,3857.0,133.0
CW500063,2024-01,TX,29,3857.0,133.0
CW500063,2024-01,MTN,27,3591.0,133.0
CW500063,2024-01,PSW,19,2527.0,133.0
CW500063,2024-01,PNW,25,3325.0,133.0
CW500063,2024-02,NE,27,3591.0,133.0
CW500063,2024-02,MA,23,3059.0,133.0
CW500063,2024-02,SE,33,4389.0,133.0
CW500063,2024-02,MW,30,3990.0,133.0
CW500063,2024-02,TX,30,3990.0,133.0
CW500063,2024-02,MTN,29,3857.0,133.0
CW500063,2024-02,PSW,21,2793.0,133.0
CW500063,2024-02,PNW,30,3990.0,133.0
CW500063,2024-03,NE,29,3857.0,133.0
CW500063,2024-03,MA,23,3059.0,133.0
CW500063,2024-03,SE,34,4522.0,133.0
CW500063,2024-03,MW,30,3990.0,133.0
CW500063,2024-03,TX,33,4389.0,133.0
CW500063,2024-03,MTN,29,3857.0,133.0
CW500063,2024-03,PSW,25,3325.0,133.0
CW500063,2024-03,PNW,32,4256.0,133.0
CW500063,2024-04,NE,32,4256.0,133.0
CW500063,2024-04,MA,26,3458.0,133.0
CW500063,2024-04,SE,35,4655.0,133.0
CW500063,2024-04,MW,36,4788.0,133.0
CW500063,2024-04,TX,34,4522.0,133.0
CW500063,2024-04,MTN,32,4256.0,133.0
CW500063,2024-04,PSW,24,3192.0,133.0
CW500063,2024-04,PNW,35,4655.0,133.0
CW500063,2024-05,NE,30,3990.0,133.0
CW500063,2024-05,MA,30,3990.0,133.0
CW500063,2024-05,SE,41,5453.0,133.0
CW500063,2024-05,MW,36,4788.0,133.0
CW500063,2024-05,TX,42,5586.0,133.0
CW500063,2024-05,MTN,31,4123.0,133.0
CW500063,2024-05,PSW,28,3724.0,133.0
CW500063,2024-05,PNW,38,5054.0,133.0
CW500063,2024-06,NE,34,4522.0,133.0
CW500063,2024-06,MA,28,3724.0,133.0
CW500063,2024-06,SE,39,5187.0,133.0
CW500063,2024-06,MW,35,4655.0,133.0
CW500063,2024-06,TX,42,5586.0,133.0
CW500063,2024-06,MTN,34,4522.0,133.0
CW500063,2024-06,PSW,27,3591.0,133.0
CW500063,2024-06,PNW,34,4522.0,133.0
CW500063,2024-07,NE,31,4123.0,133.0
CW500063,2024-07,MA,29,3857.0,133.0
CW500063,2024-07,SE,37,4921.0,133.0
CW500063,2024-07,MW,37,4921.0,133.0
CW500063,2024-07,TX,38,5054.0,133.0
CW500063,2024-07,MTN,34,4522.0,133.0
CW500063,2024-07,PSW,29,3857.0,133.0
CW500063,2024-07,PNW,37,4921.0,133.0
CW500063,2024-08,NE,33,4389.0,133.0
CW500063,2024-08,MA,29,3857.0,133.0
CW500063,2024-08,SE,37,4921.0,133.0
CW500063,2024-08,MW,35,4655.0,133.0
CW500063,2024-08,TX,36,4788.0,133.0
CW500063,2024-08,MTN,32,4256.0,133.0
CW500063,2024-08,PSW,25,3325.0,133.0
CW500063,2024-08,PNW,35,4655.0,133.0
CW500063,2024-09,NE,29,3857.0,133.0
CW500063,2024-09,MA,25,3325.0,133.0
CW500063,2024-09,SE,34,4522.0,133.0
CW500063,2024-09,MW,33,4389.0,133.0
CW500063,2024-09,TX,36,4788.0,133.0
CW500063,2024-09,MTN,30,3990.0,133.0
CW500063,2024-09,PSW,23,3059.0,133.0
CW500063,2024-09,PNW,34,4522.0,133.0
CW500063,2024-10,NE,28,3724.0,133.0
CW500063,2024-10,MA,23,3059.0,133.0
CW500063,2024-10,SE,33,4389.0,133.0
CW500063,2024-10,MW,33,4389.0,133.0
CW500063,2024-10,TX,31,4123.0,133.0
CW500063,2024-10,MTN,31,4123.0,133.0
CW500063,2024-10,PSW,22,2926.0,133.0
CW500063,2024-10,PNW,28,3724.0,133.0
CW500063,2024-11,NE,27,3591.0,133.0
CW500063,2024-11,MA,23,3059.0,133.0
CW500063,2024-11,SE,33,4389.0,133.0
CW500063,2024-11,MW,27,3591.0,133.0
CW500063,2024-11,TX,33,4389.0,133.0
CW500063,2024-11,MTN,27,3591.0,133.0
CW500063,2024-11,PSW,21,2793.0,133.0
CW500063,2024-11,PNW,28,3724.0,133.0
CW500063,2024-12,NE,24,3192.0,133.0
CW500063,2024-12,MA,23,3059.0,133.0
CW500063,2024-12,SE,28,3724.0,133.0
CW500063,2024-12,MW,27,3591.0,133.0
CW500063,2024-12,TX,30,3990.0,133.0
CW500063,2024-12,MTN,29,3857.0,133.0
CW500063,2024-12,PSW,21,2793.0,133.0
CW500063,2024-12,PNW,29,3857.0,133.0
CW500063,2025-01,NE,27,3591.0,133.0
CW500063,2025-01,MA,22,2926.0,133.0
CW500063,2025-01,SE,30,3990.0,133.0
CW500063,2025-01,MW,28,3724.0,133.0
CW500063,2025-01,TX,31,4123.0,133.0
CW500063,2025-01,MTN,29,3857.0,133.0
CW500063,2025-01,PSW,20,2660.0,133.0
CW500063,2025-01,PNW,28,3724.0,133.0
CW500063,2025-02,NE,30,3990.0,133.0
CW500063,2025-02,MA,26,3458.0,133.0
CW500063,2025-02,SE,32,4256.0,133.0
CW500063,2025-02,MW,33,4389.0,133.0
CW500063,2025-02,TX,32,4256.0,133.0
CW500063,2025-02,MTN,31,4123.0,133.0
CW500063,2025-02,PSW,22,2926.0,133.0
CW500063,2025-02,PNW,32,4256.0,133.0
CW500063,2025-03,NE,33,4389.0,133.0
CW500063,2025-03,MA,25,3325.0,133.0
CW500063,2025-03,SE,36,4788.0,133.0
CW500063,2025-03,MW,36,4788.0,133.0
CW500063,2025-03,TX,39,5187.0,133.0
CW500063,2025-03,MTN,31,4123.0,133.0
CW500063,2025-03,PSW,24,3192.0,133.0
CW500063,2025-03,PNW,33,4389.0,133.0
CW500063,2025-04,NE,35,4655.0,133.0
CW500063,2025-04,MA,26,3458.0,133.0
CW500063,2025-04,SE,37,4921.0,133.0
CW500063,2025-04,MW,34,4522.0,133.0
CW500063,2025-04,TX,42,5586.0,133.0
CW500063,2025-04,MTN,35,4655.0,133.0
CW500063,2025-04,PSW,27,3591.0,133.0
CW500063,2025-04,PNW,35,4655.0,133.0
CW500063,2025-05,NE,34,4522.0,133.0
CW500063,2025-05,MA,29,3857.0,133.0
CW500063,2025-05,SE,41,5453.0,133.0
CW500063,2025-05,MW,37,4921.0,133.0
CW500063,2025-05,TX,40,5320.0,133.0
CW500063,2025-05,MTN,33,4389.0,133.0
CW500063,2025-05,PSW,26,3458.0,133.0
CW500063,2025-05,PNW,39,5187.0,133.0
CW500063,2025-06,NE,37,4921.0,133.0
CW500063,2025-06,MA,33,4389.0,133.0
CW500063,2025-06,SE,41,5453.0,133.0
CW500063,2025-06,MW,39,5187.0,133.0
CW500063,2025-06,TX,44,5852.0,133.0
CW500063,2025-06,MTN,37,4921.0,133.0
CW500063,2025-06,PSW,31,4123.0,133.0
CW500063,2025-06,PNW,39,5187.0,133.0
CW500063,2025-07,NE,35,4655.0,133.0
CW500063,2025-07,MA,29,3857.0,133.0
CW500063,2025-07,SE,41,5453.0,133.0
CW500063,2025-07,MW,40,5320.0,133.0
CW500063,2025-07,TX,42,5586.0,133.0
CW500063,2025-07,MTN,38,5054.0,133.0
CW500063,2025-07,PSW,30,3990.0,133.0
CW500063,2025-07,PNW,38,5054.0,133.0
CW500063,2025-08,NE,32,4256.0,133.0
CW500063,2025-08,MA,29,3857.0,133.0
CW500063,2025-08,SE,39,5187.0,133.0
CW500063,2025-08,MW,40,5320.0,133.0
CW500063,2025-08,TX,38,5054.0,133.0
CW500063,2025-08,MTN,37,4921.0,133.0
CW500063,2025-08,PSW,29,3857.0,133.0
CW500063,2025-08,PNW,35,4655.0,133.0
CW500063,2025-09,NE,33,4389.0,133.0
CW500063,2025-09,MA,28,3724.0,133.0
CW500063,2025-09,SE,36,4788.0,133.0
CW500063,2025-09,MW,35,4655.0,133.0
CW500063,2025-09,TX,36,4788.0,133.0
CW500063,2025-09,MTN,31,4123.0,133.0
CW500063,2025-09,PSW,24,3192.0,133.0
CW500063,2025-09,PNW,33,4389.0,133.0
CW500063,2025-10,NE,31,4123.0,133.0
CW500063,2025-10,MA,27,3591.0,133.0
CW500063,2025-10,SE,37,4921.0,133.0
CW500063,2025-10,MW,35,4655.0,133.0
CW500063,2025-10,TX,35,4655.0,133.0
CW500063,2025-10,MTN,31,4123.0,133.0
CW500063,2025-10,PSW,22,2926.0,133.0
CW500063,2025-10,PNW,30,3990.0,133.0
CW500063,2025-11,NE,28,3724.0,133.0
CW500063,2025-11,MA,22,2926.0,133.0
CW500063,2025-11,SE,32,4256.0,133.0
CW500063,2025-11,MW,31,4123.0,133.0
CW500063,2025-11,TX,32,4256.0,133.0
CW500063,2025-11,MTN,27,3591.0,133.0
CW500063,2025-11,PSW,22,2926.0,133.0
CW500063,2025-11,PNW,29,3857.0,133.0
CW500063,2025-12,NE,27,3591.0,133.0
CW500063,2025-12,MA,24,3192.0,133.0
CW500063,2025-12,SE,32,4256.0,133.0
CW500063,2025-12,MW,30,3990.0,133.0
CW500063,2025-12,TX,34,4522.0,133.0
CW500063,2025-12,MTN,28,3724.0,133.0
CW500063,2025-12,PSW,22,2926.0,133.0
CW500063,2025-12,PNW,30,3990.0,133.0
CW500066,2024-01,NE,52,6224.4,119.7
CW500066,2024-01,MA,62,7421.4,119.7
CW500066,2024-01,SE,61,7301.7,119.7
CW500066,2024-01,MW,63,7541.1,119.7
CW500066,2024-01,TX,68,8139.6,119.7
CW500066,2024-01,MTN,53,6344.1,119.7
CW500066,2024-01,PSW,59,7062.3,119.7
CW500066,2024-01,PNW,64,7660.8,119.7
CW500066,2024-02,NE,54,6463.8,119.7
CW500066,2024-02,MA,66,7900.2,119.7
CW500066,2024-02,SE,69,8259.3,119.7
CW500066,2024-02,MW,68,8139.6,119.7
CW500066,2024-02,TX,76,9097.2,119.7
CW500066,2024-02,MTN,61,7301.7,119.7
CW500066,2024-02,PSW,64,7660.8,119.7
CW500066,2024-02,PNW,75,8977.5,119.7
CW500066,2024-03,NE,58,6942.6,119.7
CW500066,2024-03,MA,75,8977.5,119.7
CW500066,2024-03,SE,74,8857.8,119.7
CW500066,2024-03,MW,74,8857.8,119.7
CW500066,2024-03,TX,77,9216.9,119.7
CW500066,2024-03,MTN,62,7421.4,119.7
CW500066,2024-03,PSW,67,8019.9,119.7
CW500066,2024-03,PNW,79,9456.3,119.7
CW500066,2024-04,NE,62,7421.4,119.7
CW500066,2024-04,MA,84,10054.8,119.7
CW500066,2024-04,SE,75,8977.5,119.7
CW500066,2024-04,MW,88,10533.6,119.7
CW500066,2024-04,TX,88,10533.6,119.7
CW500066,2024-04,MTN,68,8139.6,119.7
CW500066,2024-04,PSW,79,9456.3,119.7
CW500066,2024-04,PNW,84,10054.8,119.7
CW500066,2024-05,NE,61,7301.7,119.7
CW500066,2024-05,MA,82,9815.4,119.7
CW500066,2024-05,SE,88,10533.6,119.7
CW500066,2024-05,MW,83,9935.1,119.7
CW500066,2024-05,TX,98,11730.6,119.7
CW500066,2024-05,MTN,75,8977.5,119.7
CW500066,2024-05,PSW,74,8857.8,119.7
CW500066,2024-05,PNW,89,10653.3,119.7
CW500066,2024-06,NE,66,7900.2,119.7
CW500066,2024-06,MA,85,10174.5,119.7
CW500066,2024-06,SE,87,10413.9,119.7
CW500066,2024-06,MW,92,11012.4,119.7
CW500066,2024-06,TX,100,11970.0,119.7
CW500066,2024-06,MTN,72,8618.4,119.7
CW500066,2024-06,PSW,77,9216.9,119.7
CW500066,2024-06,PNW,88,10533.6,119.7
CW500066,2024-07,NE,64,7660.8,119.7
CW500066,2024-07,MA,87,10413.9,119.7
CW500066,2024-07,SE,89,10653.3,119.7
CW500066,2024-07,MW,91,10892.7,119.7
CW500066,2024-07,TX,89,10653.3,119.7
CW500066,2024-07,MTN,77,9216.9,119.7
CW500066,2024-07,PSW,85,10174.5,119.7
CW500066,2024-07,PNW,85,10174.5,119.7
CW500066,2024-08,NE,66,7900.2,119.7
CW500066,2024-08,MA,84,10054.8,119.7
CW500066,2024-08,SE,83,9935.1,119.7
CW500066,2024-08,MW,83,9935.1,119.7
CW500066,2024-08,TX,93,11132.1,119.7
CW500066,2024-08,MTN,71,8498.7,119.7
CW500066,2024-08,PSW,71,8498.7,119.7
CW500066,2024-08,PNW,80,9576.0,119.7
CW500066,2024-09,NE,59,7062.3,119.7
CW500066,2024-09,MA,71,8498.7,119.7
CW500066,2024-09,SE,75,8977.5,119.7
CW500066,2024-09,MW,74,8857.8,119.7
CW500066,2024-09,TX,90,10773.0,119.7
CW500066,2024-09,MTN,65,7780.5,119.7
CW500066,2024-09,PSW,76,9097.2,119.7
CW500066,2024-09,PNW,76,9097.2,119.7
CW500066,2024-10,NE,52,6224.4,119.7
CW500066,2024-10,MA,73,8738.1,119.7
CW500066,2024-10,SE,73,8738.1,119.7
CW500066,2024-10,MW,75,8977.5,119.7
CW500066,2024-10,TX,80,9576.0,119.7
CW500066,2024-10,MTN,57,6822.9,119.7
CW500066,2024-10,PSW,66,7900.2,119.7
CW500066,2024-10,PNW,78,9336.6,119.7
CW500066,2024-11,NE,56,6703.2,119.7
CW500066,2024-11,MA,64,7660.8,119.7
CW500066,2024-11,SE,69,8259.3,119.7
CW500066,2024-11,MW,72,8618.4,119.7
CW500066,2024-11,TX,80,9576.0,119.7
CW500066,2024-11,MTN,60,7182.0,119.7
CW500066,2024-11,PSW,66,7900.2,119.7
CW500066,2024-11,PNW,64,7660.8,119.7
CW500066,2024-12,NE,56,6703.2,119.7
CW500066,2024-12,MA,66,7900.2,119.7
CW500066,2024-12,SE,70,8379.0,119.7
CW500066,2024-12,MW,66,7900.2,119.7
CW500066,2024-12,TX,76,9097.2,119.7
CW500066,2024-12,MTN,54,6463.8,119.7
CW500066,2024-12,PSW,67,8019.9,119.7
CW500066,2024-12,PNW,66,7900.2,119.7
CW500066,2025-01,NE,52,6224.4,119.7
CW500066,2025-01,MA,67,8019.9,119.7
CW500066,2025-01,SE,66,7900.2,119.7
CW500066,2025-01,MW,74,8857.8,119.7
CW500066,2025-01,TX,81,9695.7,119.7
CW500066,2025-01,MTN,60,7182.0,119.7
CW500066,2025-01,PSW,64,7660.8,119.7
CW500066,2025-01,PNW,72,8618.4,119.7
CW500066,2025-02,NE,56,6703.2,119.7
CW500066,2025-02,MA,68,8139.6,119.7
CW500066,2025-02,SE,74,8857.8,119.7
CW500066,2025-02,MW,78,9336.6,119.7
CW500066,2025-02,TX,84,10054.8,119.7
CW500066,2025-02,MTN,61,7301.7,119.7
CW500066,2025-02,PSW,69,8259.3,119.7
CW500066,2025-02,PNW,76,9097.2,119.7
CW500066,2025-03,NE,63,7541.1,119.7
CW500066,2025-03,MA,83,9935.1,119.7
CW500066,2025-03,SE,83,9935.1,119.7
CW500066,2025-03,MW,83,9935.1,119.7
CW500066,2025-03,TX,93,11132.1,119.7
CW500066,2025-03,MTN,68,8139.6,119.7
CW500066,2025-03,PSW,76,9097.2,119.7
CW500066,2025-03,PNW,79,9456.3,119.7
CW500066,2025-04,NE,72,8618.4,119.7
CW500066,2025-04,MA,87,10413.9,119.7
CW500066,2025-04,SE,89,10653.3,119.7
CW500066,2025-04,MW,94,11251.8,119.7
CW500066,2025-04,TX,92,11012.4,119.7
CW500066,2025-04,MTN,70,8379.0,119.7
CW500066,2025-04,PSW,82,9815.4,119.7
CW500066,2025-04,PNW,84,10054.8,119.7
CW500066,2025-05,NE,70,8379.0,119.7
CW500066,2025-05,MA,94,11251.8,119.7
CW500066,2025-05,SE,95,11371.5,119.7
CW500066,2025-05,MW,99,11850.3,119.7
CW500066,2025-05,TX,99,11850.3,119.7
CW500066,2025-05,MTN,72,8618.4,119.7
CW500066,2025-05,PSW,88,10533.6,119.7
CW500066,2025-05,PNW,89,10653.3,119.7
CW500066,2025-06,NE,69,8259.3,119.7
CW500066,2025-06,MA,87,10413.9,119.7
CW500066,2025-06,SE,90,10773.0,119.7
CW500066,2025-06,MW,97,11610.9,119.7
CW500066,2025-06,TX,100,11970.0,119.7
CW500066,2025-06,MTN,77,9216.9,119.7
CW500066,2025-06,PSW,91,10892.7,119.7
CW500066,2025-06,PNW,97,11610.9,119.7
CW500066,2025-07,NE,66,7900.2,119.7
CW500066,2025-07,MA,94,11251.8,119.7
CW500066,2025-07,SE,92,11012.4,119.7
CW500066,2025-07,MW,101,12089.7,119.7
CW500066,2025-07,TX,107,12807.9,119.7
CW500066,2025-07,MTN,80,9576.0,119.7
CW500066,2025-07,PSW,80,9576.0,119.7
CW500066,2025-07,PNW,90,10773.0,119.7
CW500066,2025-08,NE,67,8019.9,119.7
CW500066,2025-08,MA,86,10294.2,119.7
CW500066,2025-08,SE,81,9695.7,119.7
CW500066,2025-08,MW,88,10533.6,119.7
CW500066,2025-08,TX,101,12089.7,119.7
CW500066,2025-08,MTN,74,8857.8,119.7
CW500066,2025-08,PSW,81,9695.7,119.7
CW500066,2025-08,PNW,88,10533.6,119.7
CW500066,2025-09,NE,61,7301.7,119.7
CW500066,2025-09,MA,81,9695.7,119.7
CW500066,2025-09,SE,78,9336.6,119.7
CW500066,2025-09,MW,91,10892.7,119.7
CW500066,2025-09,TX,89,10653.3,119.7
CW500066,2025-09,MTN,67,8019.9,119.7
CW500066,2025-09,PSW,75,8977.5,119.7
CW500066,2025-09,PNW,87,10413.9,119.7
CW500066,2025-10,NE,57,6822.9,119.7
CW500066,2025-10,MA,76,9097.2,119.7
CW500066,2025-10,SE,76,9097.2,119.7
CW500066,2025-10,MW,83,9935.1,119.7
CW500066,2025-10,TX,84,10054.8,119.7
CW500066,2025-10,MTN,63,7541.1,119.7
CW500066,2025-10,PSW,73,8738.1,119.7
CW500066,2025-10,PNW,76,9097.2,119.7
CW500066,2025-11,NE,55,6583.5,119.7
CW500066,2025-11,MA,70,8379.0,119.7
CW500066,2025-11,SE,66,7900.2,119.7
CW500066,2025-11,MW,72,8618.4,119.7
CW500066,2025-11,TX,76,9097.2,119.7
CW500066,2025-11,MTN,65,7780.5,119.7
CW500066,2025-11,PSW,71,8498.7,119.7
CW500066,2025-11,PNW,69,8259.3,119.7
CW500066,2025-12,NE,51,6104.7,119.7
CW500066,2025-12,MA,74,8857.8,119.7
CW500066,2025-12,SE,66,7900.2,119.7
CW500066,2025-12,MW,73,8738.1,119.7
CW500066,2025-12,TX,81,9695.7,119.7
CW500066,2025-12,MTN,56,6703.2,119.7
CW500066,2025-12,PSW,71,8498.7,119.7
CW500066,2025-12,PNW,73,8738.1,119.7
CW500069,2024-01,NE,90,15042.6,167.14
CW500069,2024-01,MA,110,18385.4,167.14
CW500069,2024-01,SE,101,16881.14,167.14
CW500069,2024-01,MW,115,19221.1,167.14
CW500069,2024-01,TX,74,12368.36,167.14
CW500069,2024-01,MTN,91,15209.74,167.14
CW500069,2024-01,PSW,102,17048.28,167.14
CW500069,2024-01,PNW,87,14541.18,167.14
CW500069,2024-02,NE,98,16379.72,167.14
CW500069,2024-02,MA,123,20558.22,167.14
CW500069,2024-02,SE,96,16045.44,167.14
CW500069,2024-02,MW,127,21226.78,167.14
CW500069,2024-02,TX,85,14206.9,167.14
CW500069,2024-02,MTN,97,16212.58,167.14
CW500069,2024-02,PSW,115,19221.1,167.14
CW500069,2024-02,PNW,93,15544.02,167.14
CW500069,2024-03,NE,111,18552.54,167.14
CW500069,2024-03,MA,120,20056.8,167.14
CW500069,2024-03,SE,107,17883.98,167.14
CW500069,2024-03,MW,141,23566.74,167.14
CW500069,2024-03,TX,89,14875.46,167.14
CW500069,2024-03,MTN,104,17382.56,167.14
CW500069,2024-03,PSW,126,21059.64,167.14
CW500069,2024-03,PNW,108,18051.12,167.14
CW500069,2024-04,NE,109,18218.26,167.14
CW500069,2024-04,MA,148,24736.72,167.14
CW500069,2024-04,SE,123,20558.22,167.14
CW500069,2024-04,MW,148,24736.72,167.14
CW500069,2024-04,TX,89,14875.46,167.14
CW500069,2024-04,MTN,108,18051.12,167.14
CW500069,2024-04,PSW,123,20558.22,167.14
CW500069,2024-04,PNW,118,19722.52,167.14
CW500069,2024-05,NE,131,21895.34,167.14
CW500069,2024-05,MA,137,22898.18,167.14
CW500069,2024-05,SE,133,22229.62,167.14
CW500069,2024-05,MW,152,25405.28,167.14
CW500069,2024-05,TX,101,16881.14,167.14
CW500069,2024-05,MTN,115,19221.1,167.14
CW500069,2024-05,PSW,138,23065.32,167.14
CW500069,2024-05,PNW,119,19889.66,167.14
CW500069,2024-06,NE,121,20223.94,167.14
CW500069,2024-06,MA,152,25405.28,167.14
CW500069,2024-06,SE,122,20391.08,167.14
CW500069,2024-06,MW,144,24068.16,167.14
CW500069,2024-06,TX,99,16546.86,167.14
CW500069,2024-06,MTN,111,18552.54,167.14
CW500069,2024-06,PSW,144,24068.16,167.14
CW500069,2024-06,PNW,117,19555.38,167.14
CW500069,2024-07,NE,127,21226.78,167.14
CW500069,2024-07,MA,147,24569.58,167.14
CW500069,2024-07,SE,121,20223.94,167.14
CW500069,2024-07,MW,153,25572.42,167.14
CW500069,2024-07,TX,96,16045.44,167.14
CW500069,2024-07,MTN,105,17549.7,167.14
CW500069,2024-07,PSW,144,24068.16,167.14
CW500069,2024-07,PNW,119,19889.66,167.14
CW500069,2024-08,NE,118,19722.52,167.14
CW500069,2024-08,MA,146,24402.44,167.14
CW500069,2024-08,SE,128,21393.92,167.14
CW500069,2024-08,MW,158,26408.12,167.14
CW500069,2024-08,TX,101,16881.14,167.14
CW500069,2024-08,MTN,106,17716.84,167.14
CW500069,2024-08,PSW,146,24402.44,167.14
CW500069,2024-08,PNW,122,20391.08,167.14
CW500069,2024-09,NE,110,18385.4,167.14
CW500069,2024-09,MA,124,20725.36,167.14
CW500069,2024-09,SE,113,18886.82,167.14
CW500069,2024-09,MW,143,23901.02,167.14
CW500069,2024-09,TX,98,16379.72,167.14
CW500069,2024-09,MTN,107,17883.98,167.14
CW500069,2024-09,PSW,121,20223.94,167.14
CW500069,2024-09,PNW,106,17716.84,167.14
CW500069,2024-10,NE,101,16881.14,167.14
CW500069,2024-10,MA,123,20558.22,167.14
CW500069,2024-10,SE,109,18218.26,167.14
CW500069,2024-10,MW,127,21226.78,167.14
CW500069,2024-10,TX,87,14541.18,167.14
CW500069,2024-10,MTN,101,16881.14,167.14
CW500069,2024-10,PSW,114,19053.96,167.14
CW500069,2024-10,PNW,98,16379.72,167.14
CW500069,2024-11,NE,96,16045.44,167.14
CW500069,2024-11,MA,113,18886.82,167.14
CW500069,2024-11,SE,97,16212.58,167.14
CW500069,2024-11,MW,122,20391.08,167.14
CW500069,2024-11,TX,77,12869.78,167.14
CW500069,2024-11,MTN,85,14206.9,167.14
CW500069,2024-11,PSW,111,18552.54,167.14
CW500069,2024-11,PNW,89,14875.46,167.14
CW500069,2024-12,NE,100,16714.0,167.14
CW500069,2024-12,MA,111,18552.54,167.14
CW500069,2024-12,SE,98,16379.72,167.14
CW500069,2024-12,MW,116,19388.24,167.14
CW500069,2024-12,TX,82,13705.48,167.14
CW500069,2024-12,MTN,94,15711.16,167.14
CW500069,2024-12,PSW,117,19555.38,167.14
CW500069,2024-12,PNW,87,14541.18,167.14
CW500069,2025-01,NE,103,17215.42,167.14
CW500069,2025-01,MA,117,19555.38,167.14
CW500069,2025-01,SE,107,17883.98,167.14
CW500069,2025-01,MW,120,20056.8,167.14
CW500069,2025-01,TX,84,14039.76,167.14
CW500069,2025-01,MTN,84,14039.76,167.14
CW500069,2025-01,PSW,106,17716.84,167.14
CW500069,2025-01,PNW,99,16546.86,167.14
CW500069,2025-02,NE,108,18051.12,167.14
CW500069,2025-02,MA,118,19722.52,167.14
CW500069,2025-02,SE,116,19388.24,167.14
CW500069,2025-02,MW,130,21728.2,167.14
CW500069,2025-02,TX,85,14206.9,167.14
CW500069,2025-02,MTN,90,15042.6,167.14
CW500069,2025-02,PSW,129,21561.06,167.14
CW500069,2025-02,PNW,103,17215.42,167.14
CW500069,2025-03,NE,116,19388.24,167.14
CW500069,2025-03,MA,134,22396.76,167.14
CW500069,2025-03,SE,124,20725.36,167.14
CW500069,2025-03,MW,138,23065.32,167.14
CW500069,2025-03,TX,101,16881.14,167.14
CW500069,2025-03,MTN,103,17215.42,167.14
CW500069,2025-03,PSW,138,23065.32,167.14
CW500069,2025-03,PNW,119,19889.66,167.14
CW500069,2025-04,NE,120,20056.8,167.14
CW500069,2025-04,MA,151,25238.14,167.14
CW500069,2025-04,SE,124,20725.36,167.14
CW500069,2025-04,MW,159,26575.26,167.14
CW500069,2025-04,TX,98,16379.72,167.14
CW500069,2025-04,MTN,118,19722.52,167.14
CW500069,2025-04,PSW,143,23901.02,167.14
CW500069,2025-04,PNW,127,21226.78,167.14
CW500069,2025-05,NE,136,22731.04,167.14
CW500069,2025-05,MA,155,25906.7,167.14
CW500069,2025-05,SE,137,22898.18,167.14
CW500069,2025-05,MW,161,26909.54,167.14
CW500069,2025-05,TX,106,17716.84,167.14
CW500069,2025-05,MTN,120,20056.8,167.14
CW500069,2025-05,PSW,138,23065.32,167.14
CW500069,2025-05,PNW,123,20558.22,167.14
CW500069,2025-06,NE,138,23065.32,167.14
CW500069,2025-06,MA,169,28246.66,167.14
CW500069,2025-06,SE,138,23065.32,167.14
CW500069,2025-06,MW,177,29583.78,167.14
CW500069,2025-06,TX,113,18886.82,167.14
CW500069,2025-06,MTN,122,20391.08,167.14
CW500069,2025-06,PSW,164,27410.96,167.14
CW500069,2025-06,PNW,138,23065.32,167.14
CW500069,2025-07,NE,125,20892.5,167.14
CW500069,2025-07,MA,162,27076.68,167.14
CW500069,2025-07,SE,131,21895.34,167.14
CW500069,2025-07,MW,172,28748.08,167.14
CW500069,2025-07,TX,116,19388.24,167.14
CW500069,2025-07,MTN,127,21226.78,167.14
CW500069,2025-07,PSW,163,27243.82,167.14
CW500069,2025-07,PNW,137,22898.18,167.14
CW500069,2025-08,NE,117,19555.38,167.14
CW500069,2025-08,MA,156,26073.84,167.14
CW500069,2025-08,SE,130,21728.2,167.14
CW500069,2025-08,MW,157,26240.98,167.14
CW500069,2025-08,TX,101,16881.14,167.14
CW500069,2025-08,MTN,109,18218.26,167.14
CW500069,2025-08,PSW,155,25906.7,167.14
CW500069,2025-08,PNW,121,20223.94,167.14
CW500069,2025-09,NE,127,21226.78,167.14
CW500069,2025-09,MA,148,24736.72,167.14
CW500069,2025-09,SE,123,20558.22,167.14
CW500069,2025-09,MW,154,25739.56,167.14
CW500069,2025-09,TX,96,16045.44,167.14
CW500069,2025-09,MTN,106,17716.84,167.14
CW500069,2025-09,PSW,135,22563.9,167.14
CW500069,2025-09,PNW,114,19053.96,167.14
CW500069,2025-10,NE,118,19722.52,167.14
CW500069,2025-10,MA,125,20892.5,167.14
CW500069,2025-10,SE,119,19889.66,167.14
CW500069,2025-10,MW,136,22731.04,167.14
CW500069,2025-10,TX,84,14039.76,167.14
CW500069,2025-10,MTN,101,16881.14,167.14
CW500069,2025-10,PSW,131,21895.34,167.14
CW500069,2025-10,PNW,112,18719.68,167.14
CW500069,2025-11,NE,96,16045.44,167.14
CW500069,2025-11,MA,124,20725.36,167.14
CW500069,2025-11,SE,101,16881.14,167.14
CW500069,2025-11,MW,135,22563.9,167.14
CW500069,2025-11,TX,86,14374.04,167.14
CW500069,2025-11,MTN,93,15544.02,167.14
CW500069,2025-11,PSW,115,19221.1,167.14
CW500069,2025-11,PNW,98,16379.72,167.14
CW500069,2025-12,NE,109,18218.26,167.14
CW500069,2025-12,MA,126,21059.64,167.14
CW500069,2025-12,SE,104,17382.56,167.14
CW500069,2025-12,MW,123,20558.22,167.14
CW500069,2025-12,TX,91,15209.74,167.14
CW500069,2025-12,MTN,90,15042.6,167.14
CW500069,2025-12,PSW,113,18886.82,167.14
CW500069,2025-12,PNW,92,15376.88,167.14
CW500072,2024-01,NE,56,6604.08,117.93
CW500072,2024-01,MA,44,5188.92,117.93
CW500072,2024-01,SE,43,5070.99,117.93
CW500072,2024-01,MW,48,5660.64,117.93
CW500072,2024-01,TX,48,5660.64,117.93
CW500072,2024-01,MTN,53,6250.29,117.93
CW500072,2024-01,PSW,40,4717.2,117.93
CW500072,2024-01,PNW,44,5188.92,117.93
CW500072,2024-02,NE,63,7429.59,117.93
CW500072,2024-02,MA,46,5424.78,117.93
CW500072,2024-02,SE,46,5424.78,117.93
CW500072,2024-02,MW,50,5896.5,117.93
CW500072,2024-02,TX,55,6486.15,117.93
CW500072,2024-02,MTN,56,6604.08,117.93
CW500072,2024-02,PSW,46,5424.78,117.93
CW500072,2024-02,PNW,44,5188.92,117.93
CW500072,2024-03,NE,62,7311.66,117.93
CW500072,2024-03,MA,49,5778.57,117.93
CW500072,2024-03,SE,48,5660.64,117.93
CW500072,2024-03,MW,51,6014.43,117.93
CW500072,2024-03,TX,58,6839.94,117.93
CW500072,2024-03,MTN,54,6368.22,117.93
CW500072,2024-03,PSW,45,5306.85,117.93
CW500072,2024-03,PNW,54,6368.22,117.93
CW500072,2024-04,NE,72,8490.96,117.93
CW500072,2024-04,MA,54,6368.22,117.93
CW500072,2024-04,SE,57,6722.01,117.93
CW500072,2024-04,MW,59,6957.87,117.93
CW500072,2024-04,TX,60,7075.8,117.93
CW500072,2024-04,MTN,60,7075.8,117.93
CW500072,2024-04,PSW,48,5660.64,117.93
CW500072,2024-04,PNW,53,6250.29,117.93
CW500072,2024-05,NE,73,8608.89,117.93
CW500072,2024-05,MA,61,7193.73,117.93
CW500072,2024-05,SE,60,7075.8,117.93
CW500072,2024-05,MW,64,7547.52,117.93
CW500072,2024-05,TX,63,7429.59,117.93
CW500072,2024-05,MTN,61,7193.73,117.93
CW500072,2024-05,PSW,57,6722.01,117.93
CW500072,2024-05,PNW,57,6722.01,117.93
CW500072,2024-06,NE,84,9906.12,117.93
CW500072,2024-06,MA,63,7429.59,117.93
CW500072,2024-06,SE,62,7311.66,117.93
CW500072,2024-06,MW,65,7665.45,117.93
CW500072,2024-06,TX,69,8137.17,117.93
CW500072,2024-06,MTN,71,8373.03,117.93
CW500072,2024-06,PSW,55,6486.15,117.93
CW500072,2024-06,PNW,59,6957.87,117.93
CW500072,2024-07,NE,83,9788.19,117.93
CW500072,2024-07,MA,59,6957.87,117.93
CW500072,2024-07,SE,60,7075.8,117.93
CW500072,2024-07,MW,64,7547.52,117.93
CW500072,2024-07,TX,62,7311.66,117.93
CW500072,2024-07,MTN,62,7311.66,117.93
CW500072,2024-07,PSW,59,6957.87,117.93
CW500072,2024-07,PNW,56,6604.08,117.93
CW500072,2024-08,NE,74,8726.82,117.93
CW500072,2024-08,MA,54,6368.22,117.93
CW500072,2024-08,SE,57,6722.01,117.93
CW500072,2024-08,MW,62,7311.66,117.93
CW500072,2024-08,TX,62,7311.66,117.93
CW500072,2024-08,MTN,59,6957.87,117.93
CW500072,2024-08,PSW,52,6132.36,117.93
CW500072,2024-08,PNW,61,7193.73,117.93
CW500072,2024-09,NE,65,7665.45,117.93
CW500072,2024-09,MA,55,6486.15,117.93
CW500072,2024-09,SE,54,6368.22,117.93
CW500072,2024-09,MW,50,5896.5,117.93
CW500072,2024-09,TX,55,6486.15,117.93
CW500072,2024-09,MTN,55,6486.15,117.93
CW500072,2024-09,PSW,45,5306.85,117.93
CW500072,2024-09,PNW,52,6132.36,117.93
CW500072,2024-10,NE,68,8019.24,117.93
CW500072,2024-10,MA,44,5188.92,117.93
CW500072,2024-10,SE,45,5306.85,117.93
CW500072,2024-10,MW,52,6132.36,117.93
CW500072,2024-10,TX,51,6014.43,117.93
CW500072,2024-10,MTN,54,6368.22,117.93
CW500072,2024-10,PSW,48,5660.64,117.93
CW500072,2024-10,PNW,46,5424.78,117.93
CW500072,2024-11,NE,61,7193.73,117.93
CW500072,2024-11,MA,46,5424.78,117.93
CW500072,2024-11,SE,46,5424.78,117.93
CW500072,2024-11,MW,48,5660.64,117.93
CW500072,2024-11,TX,53,6250.29,117.93
CW500072,2024-11,MTN,54,6368.22,117.93
CW500072,2024-11,PSW,41,4835.13,117.93
CW500072,2024-11,PNW,45,5306.85,117.93
CW500072,2024-12,NE,57,6722.01,117.93
CW500072,2024-12,MA,44,5188.92,117.93
CW500072,2024-12,SE,47,5542.71,117.93
CW500072,2024-12,MW,47,5542.71,117.93
CW500072,2024-12,TX,54,6368.22,117.93
CW500072,2024-12,MTN,55,6486.15,117.93
CW500072,2024-12,PSW,39,4599.27,117.93
CW500072,2024-12,PNW,50,5896.5,117.93
CW500072,2025-01,NE,64,7547.52,117.93
CW500072,2025-01,MA,50,5896.5,117.93
CW500072,2025-01,SE,46,5424.78,117.93
CW500072,2025-01,MW,51,6014.43,117.93
CW500072,2025-01,TX,54,6368.22,117.93
CW500072,2025-01,MTN,54,6368.22,117.93
CW500072,2025-01,PSW,43,5070.99,117.93
CW500072,2025-01,PNW,49,5778.57,117.93
CW500072,2025-02,NE,69,8137.17,117.93
CW500072,2025-02,MA,52,6132.36,117.93
CW500072,2025-02,SE,51,6014.43,117.93
CW500072,2025-02,MW,54,6368.22,117.93
CW500072,2025-02,TX,58,6839.94,117.93
CW500072,2025-02,MTN,59,6957.87,117.93
CW500072,2025-02,PSW,44,5188.92,117.93
CW500072,2025-02,PNW,47,5542.71,117.93
CW500072,2025-03,NE,76,8962.68,117.93
CW500072,2025-03,MA,56,6604.08,117.93
CW500072,2025-03,SE,54,6368.22,117.93
CW500072,2025-03,MW,53,6250.29,117.93
CW500072,2025-03,TX,66,7783.38,117.93
CW500072,2025-03,MTN,65,7665.45,117.93
CW500072,2025-03,PSW,49,5778.57,117.93
CW500072,2025-03,PNW,54,6368.22,117.93
CW500072,2025-04,NE,78,9198.54,117.93
CW500072,2025-04,MA,62,7311.66,117.93
CW500072,2025-04,SE,62,7311.66,117.93
CW500072,2025-04,MW,57,6722.01,117.93
CW500072,2025-04,TX,63,7429.59,117.93
CW500072,2025-04,MTN,65,7665.45,117.93
CW500072,2025-04,PSW,52,6132.36,117.93
CW500072,2025-04,PNW,62,7311.66,117.93
CW500072,2025-05,NE,89,10495.77,117.93
CW500072,2025-05,MA,58,6839.94,117.93
CW500072,2025-05,SE,64,7547.52,117.93
CW500072,2025-05,MW,63,7429.59,117.93
CW500072,2025-05,TX,69,8137.17,117.93
CW500072,2025-05,MTN,75,8844.75,117.93
CW500072,2025-05,PSW,58,6839.94,117.93
CW500072,2025-05,PNW,62,7311.66,117.93
CW500072,2025-06,NE,79,9316.47,117.93
CW500072,2025-06,MA,58,6839.94,117.93
CW500072,2025-06,SE,59,6957.87,117.93
CW500072,2025-06,MW,62,7311.66,117.93
CW500072,2025-06,TX,76,8962.68,117.93
CW500072,2025-06,MTN,70,8255.1,117.93
CW500072,2025-06,PSW,61,7193.73,117.93
CW500072,2025-06,PNW,64,7547.52,117.93
CW500072,2025-07,NE,80,9434.4,117.93
CW500072,2025-07,MA,59,6957.87,117.93
CW500072,2025-07,SE,60,7075.8,117.93
CW500072,2025-07,MW,64,7547.52,117.93
CW500072,2025-07,TX,74,8726.82,117.93
CW500072,2025-07,MTN,76,8962.68,117.93
CW500072,2025-07,PSW,63,7429.59,117.93
CW500072,2025-07,PNW,67,7901.31,117.93
CW500072,2025-08,NE,82,9670.26,117.93
CW500072,2025-08,MA,61,7193.73,117.93
CW500072,2025-08,SE,58,6839.94,117.93
CW500072,2025-08,MW,61,7193.73,117.93
CW500072,2025-08,TX,73,8608.89,117.93
CW500072,2025-08,MTN,65,7665.45,117.93
CW500072,2025-08,PSW,53,6250.29,117.93
CW500072,2025-08,PNW,59,6957.87,117.93
CW500072,2025-09,NE,80,9434.4,117.93
CW500072,2025-09,MA,52,6132.36,117.93
CW500072,2025-09,SE,58,6839.94,117.93
CW500072,2025-09,MW,60,7075.8,117.93
CW500072,2025-09,TX,60,7075.8,117.93
CW500072,2025-09,MTN,64,7547.52,117.93
CW500072,2025-09,PSW,53,6250.29,117.93
CW500072,2025-09,PNW,56,6604.08,117.93
CW500072,2025-10,NE,71,8373.03,117.93
CW500072,2025-10,MA,51,6014.43,117.93
CW500072,2025-10,SE,52,6132.36,117.93
CW500072,2025-10,MW,50,5896.5,117.93
CW500072,2025-10,TX,63,7429.59,117.93
CW500072,2025-10,MTN,58,6839.94,117.93
CW500072,2025-10,PSW,48,5660.64,117.93
CW500072,2025-10,PNW,54,6368.22,117.93
CW500072,2025-11,NE,61,7193.73,117.93
CW500072,2025-11,MA,49,5778.57,117.93
CW500072,2025-11,SE,52,6132.36,117.93
CW500072,2025-11,MW,53,6250.29,117.93
CW500072,2025-11,TX,56,6604.08,117.93
CW500072,2025-11,MTN,52,6132.36,117.93
CW500072,2025-11,PSW,47,5542.71,117.93
CW500072,2025-11,PNW,48,5660.64,117.93
CW500072,2025-12,NE,60,7075.8,117.93
CW500072,2025-12,MA,45,5306.85,117.93
CW500072,2025-12,SE,44,5188.92,117.93
CW500072,2025-12,MW,47,5542.71,117.93
CW500072,2025-12,TX,57,6722.01,117.93
CW500072,2025-12,MTN,59,6957.87,117.93
CW500072,2025-12,PSW,47,5542.71,117.93
CW500072,2025-12,PNW,48,5660.64,117.93
CW500075,2024-01,NE,84,11333.28,134.92
CW500075,2024-01,MA,119,16055.48,134.92
CW500075,2024-01,SE,104,14031.68,134.92
CW500075,2024-01,MW,79,10658.68,134.92
CW500075,2024-01,TX,112,15111.04,134.92
CW500075,2024-01,MTN,87,11738.04,134.92
CW500075,2024-01,PSW,95,12817.4,134.92
CW500075,2024-01,PNW,107,14436.44,134.92
CW500075,2024-02,NE,88,11872.96,134.92
CW500075,2024-02,MA,120,16190.4,134.92
CW500075,2024-02,SE,98,13222.16,134.92
CW500075,2024-02,MW,84,11333.28,134.92
CW500075,2024-02,TX,121,16325.32,134.92
CW500075,2024-02,MTN,88,11872.96,134.92
CW500075,2024-02,PSW,95,12817.4,134.92
CW500075,2024-02,PNW,111,14976.12,134.92
CW500075,2024-03,NE,78,10523.76,134.92
CW500075,2024-03,MA,117,15785.64,134.92
CW500075,2024-03,SE,107,14436.44,134.92
CW500075,2024-03,MW,80,10793.6,134.92
CW500075,2024-03,TX,113,15245.96,134.92
CW500075,2024-03,MTN,93,12547.56,134.92
CW500075,2024-03,PSW,103,13896.76,134.92
CW500075,2024-03,PNW,116,15650.72,134.92
CW500075,2024-04,NE,80,10793.6,134.92
CW500075,2024-04,MA,122,16460.24,134.92
CW500075,2024-04,SE,101,13626.92,134.92
CW500075,2024-04,MW,81,10928.52,134.92
CW500075,2024-04,TX,125,16865.0,134.92
CW500075,2024-04,MTN,92,12412.64,134.92
CW500075,2024-04,PSW,101,13626.92,134.92
CW500075,2024-04,PNW,107,14436.44,134.92
CW500075,2024-05,NE,83,11198.36,134.92
CW500075,2024-05,MA,133,17944.36,134.92
CW500075,2024-05,SE,111,14976.12,134.92
CW500075,2024-05,MW,78,10523.76,134.92
CW500075,2024-05,TX,113,15245.96,134.92
CW500075,2024-05,MTN,97,13087.24,134.92
CW500075,2024-05,PSW,104,14031.68,134.92
CW500075,2024-05,PNW,118,15920.56,134.92
CW500075,2024-06,NE,80,10793.6,134.92
CW500075,2024-06,MA,116,15650.72,134.92
CW500075,2024-06,SE,110,14841.2,134.92
CW500075,2024-06,MW,76,10253.92,134.92
CW500075,2024-06,TX,113,15245.96,134.92
CW500075,2024-06,MTN,93,12547.56,134.92
CW500075,2024-06,PSW,103,13896.76,134.92
CW500075,2024-06,PNW,111,14976.12,134.92
CW500075,2024-07,NE,91,12277.72,134.92
CW500075,2024-07,MA,118,15920.56,134.92
CW500075,2024-07,SE,106,14301.52,134.92
CW500075,2024-07,MW,78,10523.76,134.92
CW500075,2024-07,TX,117,15785.64,134.92
CW500075,2024-07,MTN,87,11738.04,134.92
CW500075,2024-07,PSW,110,14841.2,134.92
CW500075,2024-07,PNW,120,16190.4,134.92
CW500075,2024-08,NE,88,11872.96,134.92
CW500075,2024-08,MA,124,16730.08,134.92
CW500075,2024-08,SE,101,13626.92,134.92
CW500075,2024-08,MW,76,10253.92,134.92
CW500075,2024-08,TX,129,17404.68,134.92
CW500075,2024-08,MTN,97,13087.24,134.92
CW500075,2024-08,PSW,97,13087.24,134.92
CW500075,2024-08,PNW,110,14841.2,134.92
CW500075,2024-09,NE,83,11198.36,134.92
CW500075,2024-09,MA,121,16325.32,134.92
CW500075,2024-09,SE,102,13761.84,134.92
CW500075,2024-09,MW,76,10253.92,134.92
CW500075,2024-09,TX,118,15920.56,134.92
CW500075,2024-09,MTN,91,12277.72,134.92
CW500075,2024-09,PSW,112,15111.04,134.92
CW500075,2024-09,PNW,108,14571.36,134.92
CW500075,2024-10,NE,87,11738.04,134.92
CW500075,2024-10,MA,128,17269.76,134.92
CW500075,2024-10,SE,107,14436.44,134.92
CW500075,2024-10,MW,83,11198.36,134.92
CW500075,2024-10,TX,119,16055.48,134.92
CW500075,2024-10,MTN,89,12007.88,134.92
CW500075,2024-10,PSW,101,13626.92,134.92
CW500075,2024-10,PNW,121,16325.32,134.92
CW500075,2024-11,NE,91,12277.72,134.92
CW500075,2024-11,MA,127,17134.84,134.92
CW500075,2024-11,SE,112,15111.04,134.92
CW500075,2024-11,MW,88,11872.96,134.92
CW500075,2024-11,TX,115,15515.8,134.92
CW500075,2024-11,MTN,93,12547.56,134.92
CW500075,2024-11,PSW,104,14031.68,134.92
CW500075,2024-11,PNW,110,14841.2,134.92
CW500075,2024-12,NE,90,12142.8,134.92
CW500075,2024-12,MA,130,17539.6,134.92
CW500075,2024-12,SE,104,14031.68,134.92
CW500075,2024-12,MW,83,11198.36,134.92
CW500075,2024-12,TX,133,17944.36,134.92
CW500075,2024-12,MTN,89,12007.88,134.92
CW500075,2024-12,PSW,110,14841.2,134.92
CW500075,2024-12,PNW,107,14436.44,134.92
CW500075,2025-01,NE,95,12817.4,134.92
CW500075,2025-01,MA,125,16865.0,134.92
CW500075,2025-01,SE,116,15650.72,134.92
CW500075,2025-01,MW,89,12007.88,134.92
CW500075,2025-01,TX,136,18349.12,134.92
CW500075,2025-01,MTN,96,12952.32,134.92
CW500075,2025-01,PSW,102,13761.84,134.92
CW500075,2025-01,PNW,107,14436.44,134.92
CW500075,2025-02,NE,97,13087.24,134.92
CW500075,2025-02,MA,120,16190.4,134.92
CW500075,2025-02,SE,117,15785.64,134.92
CW500075,2025-02,MW,79,10658.68,134.92
CW500075,2025-02,TX,134,18079.28,134.92
CW500075,2025-02,MTN,97,13087.24,134.92
CW500075,2025-02,PSW,111,14976.12,134.92
CW500075,2025-02,PNW,122,16460.24,134.92
CW500075,2025-03,NE,85,11468.2,134.92
CW500075,2025-03,MA,133,17944.36,134.92
CW500075,2025-03,SE,118,15920.56,134.92
CW500075,2025-03,MW,86,11603.12,134.92
CW500075,2025-03,TX,126,16999.92,134.92
CW500075,2025-03,MTN,91,12277.72,134.92
CW500075,2025-03,PSW,104,14031.68,134.92
CW500075,2025-03,PNW,114,15380.88,134.92
CW500075,2025-04,NE,89,12007.88,134.92
CW500075,2025-04,MA,129,17404.68,134.92
CW500075,2025-04,SE,113,15245.96,134.92
CW500075,2025-04,MW,89,12007.88,134.92
CW500075,2025-04,TX,135,18214.2,134.92
CW500075,2025-04,MTN,104,14031.68,134.92
CW500075,2025-04,PSW,100,13492.0,134.92
CW500075,2025-04,PNW,108,14571.36,134.92
CW500075,2025-05,NE,85,11468.2,134.92
CW500075,2025-05,MA,129,17404.68,134.92
CW500075,2025-05,SE,117,15785.64,134.92
CW500075,2025-05,MW,84,11333.28,134.92
CW500075,2025-05,TX,130,17539.6,134.92
CW500075,2025-05,MTN,103,13896.76,134.92
CW500075,2025-05,PSW,107,14436.44,134.92
CW500075,2025-05,PNW,109,14706.28,134.92
CW500075,2025-06,NE,89,12007.88,134.92
CW500075,2025-06,MA,135,18214.2,134.92
CW500075,2025-06,SE,116,15650.72,134.92
CW500075,2025-06,MW,91,12277.72,134.92
CW500075,2025-06,TX,121,16325.32,134.92
CW500075,2025-06,MTN,91,12277.72,134.92
CW500075,2025-06,PSW,105,14166.6,134.92
CW500075,2025-06,PNW,111,14976.12,134.92
CW500075,2025-07,NE,96,12952.32,134.92
CW500075,2025-07,MA,143,19293.56,134.92
CW500075,2025-07,SE,110,14841.2,134.92
CW500075,2025-07,MW,89,12007.88,134.92
CW500075,2025-07,TX,137,18484.04,134.92
CW500075,2025-07,MTN,93,12547.56,134.92
CW500075,2025-07,PSW,117,15785.64,134.92
CW500075,2025-07,PNW,113,15245.96,134.92
CW500075,2025-08,NE,87,11738.04,134.92
CW500075,2025-08,MA,142,19158.64,134.92
CW500075,2025-08,SE,106,14301.52,134.92
CW500075,2025-08,MW,91,12277.72,134.92
CW500075,2025-08,TX,128,17269.76,134.92
CW500075,2025-08,MTN,97,13087.24,134.92
CW500075,2025-08,PSW,108,14571.36,134.92
CW500075,2025-08,PNW,119,16055.48,134.92
CW500075,2025-09,NE,98,13222.16,134.92
CW500075,2025-09,MA,138,18618.96,134.92
CW500075,2025-09,SE,118,15920.56,134.92
CW500075,2025-09,MW,95,12817.4,134.92
CW500075,2025-09,TX,132,17809.44,134.92
CW500075,2025-09,MTN,93,12547.56,134.92
CW500075,2025-09,PSW,105,14166.6,134.92
CW500075,2025-09,PNW,125,16865.0,134.92
CW500075,2025-10,NE,92,12412.64,134.92
CW500075,2025-10,MA,141,19023.72,134.92
CW500075,2025-10,SE,113,15245.96,134.92
CW500075,2025-10,MW,86,11603.12,134.92
CW500075,2025-10,TX,139,18753.88,134.92
CW500075,2025-10,MTN,108,14571.36,134.92
CW500075,2025-10,PSW,114,15380.88,134.92
CW500075,2025-10,PNW,119,16055.48,134.92
CW500075,2025-11,NE,99,13357.08,134.92
CW500075,2025-11,MA,140,18888.8,134.92
CW500075,2025-11,SE,116,15650.72,134.92
CW500075,2025-11,MW,88,11872.96,134.92
CW500075,2025-11,TX,143,19293.56,134.92
CW500075,2025-11,MTN,102,13761.84,134.92
CW500075,2025-11,PSW,105,14166.6,134.92
CW500075,2025-11,PNW,131,17674.52,134.92
CW500075,2025-12,NE,88,11872.96,134.92
CW500075,2025-12,MA,136,18349.12,134.92
CW500075,2025-12,SE,126,16999.92,134.92
CW500075,2025-12,MW,85,11468.2,134.92
CW500075,2025-12,TX,143,19293.56,134.92
CW500075,2025-12,MTN,104,14031.68,134.92
CW500075,2025-12,PSW,116,15650.72,134.92
CW500075,2025-12,PNW,125,16865.0,134.92
CW500078,2024-01,NE,127,13086.08,103.04
CW500078,2024-01,MA,139,14322.56,103.04
CW500078,2024-01,SE,120,12364.8,103.04
CW500078,2024-01,MW,111,11437.44,103.04
CW500078,2024-01,TX,122,12570.88,103.04
CW500078,2024-01,MTN,118,12158.72,103.04
CW500078,2024-01,PSW,139,14322.56,103.04
CW500078,2024-01,PNW,120,12364.8,103.04
CW500078,2024-02,NE,126,12983.04,103.04
CW500078,2024-02,MA,146,15043.84,103.04
CW500078,2024-02,SE,132,13601.28,103.04
CW500078,2024-02,MW,110,11334.4,103.04
CW500078,2024-02,TX,133,13704.32,103.04
CW500078,2024-02,MTN,129,13292.16,103.04
CW500078,2024-02,PSW,137,14116.48,103.04
CW500078,2024-02,PNW,112,11540.48,103.04
CW500078,2024-03,NE,129,13292.16,103.04
CW500078,2024-03,MA,155,15971.2,103.04
CW500078,2024-03,SE,119,12261.76,103.04
CW500078,2024-03,MW,110,11334.4,103.04
CW500078,2024-03,TX,124,12776.96,103.04
CW500078,2024-03,MTN,121,12467.84,103.04
CW500078,2024-03,PSW,142,14631.68,103.04
CW500078,2024-03,PNW,110,11334.4,103.04
CW500078,2024-04,NE,131,13498.24,103.04
CW500078,2024-04,MA,149,15352.96,103.04
CW500078,2024-04,SE,133,13704.32,103.04
CW500078,2024-04,MW,117,12055.68,103.04
CW500078,2024-04,TX,137,14116.48,103.04
CW500078,2024-04,MTN,134,13807.36,103.04
CW500078,2024-04,PSW,143,14734.72,103.04
CW500078,2024-04,PNW,106,10922.24,103.04
CW500078,2024-05,NE,124,12776.96,103.04
CW500078,2024-05,MA,158,16280.32,103.04
CW500078,2024-05,SE,126,12983.04,103.04
CW500078,2024-05,MW,120,12364.8,103.04
CW500078,2024-05,TX,119,12261.76,103.04
CW500078,2024-05,MTN,134,13807.36,103.04
CW500078,2024-05,PSW,142,14631.68,103.04
CW500078,2024-05,PNW,117,12055.68,103.04
CW500078,2024-06,NE,118,12158.72,103.04
CW500078,2024-06,MA,155,15971.2,103.04
CW500078,2024-06,SE,128,13189.12,103.04
CW500078,2024-06,MW,122,12570.88,103.04
CW500078,2024-06,TX,131,13498.24,103.04
CW500078,2024-06,MTN,133,13704.32,103.04
CW500078,2024-06,PSW,135,13910.4,103.04
CW500078,2024-06,PNW,120,12364.8,103.04
CW500078,2024-07,NE,124,12776.96,103.04
CW500078,2024-07,MA,159,16383.36,103.04
CW500078,2024-07,SE,125,12880.0,103.04
CW500078,2024-07,MW,120,12364.8,103.04
CW500078,2024-07,TX,132,13601.28,103.04
CW500078,2024-07,MTN,135,13910.4,103.04
CW500078,2024-07,PSW,138,14219.52,103.04
CW500078,2024-07,PNW,119,12261.76,103.04
CW500078,2024-08,NE,128,13189.12,103.04
CW500078,2024-08,MA,154,15868.16,103.04
CW500078,2024-08,SE,127,13086.08,103.04
CW500078,2024-08,MW,119,12261.76,103.04
CW500078,2024-08,TX,135,13910.4,103.04
CW500078,2024-08,MTN,128,13189.12,103.04
CW500078,2024-08,PSW,139,14322.56,103.04
CW500078,2024-08,PNW,124,12776.96,103.04
CW500078,2024-09,NE,115,11849.6,103.04
CW500078,2024-09,MA,147,15146.88,103.04
CW500078,2024-09,SE,135,13910.4,103.04
CW500078,2024-09,MW,125,12880.0,103.04
CW500078,2024-09,TX,128,13189.12,103.04
CW500078,2024-09,MTN,140,14425.6,103.04
CW500078,2024-09,PSW,139,14322.56,103.04
CW500078,2024-09,PNW,124,12776.96,103.04
CW500078,2024-10,NE,134,13807.36,103.04
CW500078,2024-10,MA,161,16589.44,103.04
CW500078,2024-10,SE,129,13292.16,103.04
CW500078,2024-10,MW,127,13086.08,103.04
CW500078,2024-10,TX,124,12776.96,103.04
CW500078,2024-10,MTN,138,14219.52,103.04
CW500078,2024-10,PSW,143,14734.72,103.04
CW500078,2024-10,PNW,118,12158.72,103.04
CW500078,2024-11,NE,118,12158.72,103.04
CW500078,2024-11,MA,167,17207.68,103.04
CW500078,2024-11,SE,137,14116.48,103.04
CW500078,2024-11,MW,119,12261.76,103.04
CW500078,2024-11,TX,130,13395.2,103.04
CW500078,2024-11,MTN,138,14219.52,103.04
CW500078,2024-11,PSW,138,14219.52,103.04
CW500078,2024-11,PNW,126,12983.04,103.04
CW500078,2024-12,NE,134,13807.36,103.04
CW500078,2024-12,MA,156,16074.24,103.04
CW500078,2024-12,SE,141,14528.64,103.04
CW500078,2024-12,MW,126,12983.04,103.04
CW500078,2024-12,TX,142,14631.68,103.04
CW500078,2024-12,MTN,132,13601.28,103.04
CW500078,2024-12,PSW,161,16589.44,103.04
CW500078,2024-12,PNW,115,11849.6,103.04
CW500078,2025-01,NE,120,12364.8,103.04
CW500078,2025-01,MA,163,16795.52,103.04
CW500078,2025-01,SE,137,14116.48,103.04
CW500078,2025-01,MW,128,13189.12,103.04
CW500078,2025-01,TX,129,13292.16,103.04
CW500078,2025-01,MTN,131,13498.24,103.04
CW500078,2025-01,PSW,141,14528.64,103.04
CW500078,2025-01,PNW,120,12364.8,103.04
CW500078,2025-02,NE,121,12467.84,103.04
CW500078,2025-02,MA,158,16280.32,103.04
CW500078,2025-02,SE,129,13292.16,103.04
CW500078,2025-02,MW,127,13086.08,103.04
CW500078,2025-02,TX,133,13704.32,103.04
CW500078,2025-02,MTN,145,14940.8,103.04
CW500078,2025-02,PSW,162,16692.48,103.04
CW500078,2025-02,PNW,123,12673.92,103.04
CW500078,2025-03,NE,126,12983.04,103.04
CW500078,2025-03,MA,163,16795.52,103.04
CW500078,2025-03,SE,135,13910.4,103.04
CW500078,2025-03,MW,116,11952.64,103.04
CW500078,2025-03,TX,143,14734.72,103.04
CW500078,2025-03,MTN,145,14940.8,103.04
CW500078,2025-03,PSW,156,16074.24,103.04
CW500078,2025-03,PNW,127,13086.08,103.04
CW500078,2025-04,NE,133,13704.32,103.04
CW500078,2025-04,MA,167,17207.68,103.04
CW500078,2025-04,SE,138,14219.52,103.04
CW500078,2025-04,MW,132,13601.28,103.04
CW500078,2025-04,TX,132,13601.28,103.04
CW500078,2025-04,MTN,146,15043.84,103.04
CW500078,2025-04,PSW,158,16280.32,103.04
CW500078,2025-04,PNW,126,12983.04,103.04
CW500078,2025-05,NE,131,13498.24,103.04
CW500078,2025-05,MA,159,16383.36,103.04
CW500078,2025-05,SE,127,13086.08,103.04
CW500078,2025-05,MW,121,12467.84,103.04
CW500078,2025-05,TX,133,13704.32,103.04
CW500078,2025-05,MTN,143,14734.72,103.04
CW500078,2025-05,PSW,161,16589.44,103.04
CW500078,2025-05,PNW,118,12158.72,103.04
CW500078,2025-06,NE,140,14425.6,103.04
CW500078,2025-06,MA,152,15662.08,103.04
CW500078,2025-06,SE,138,14219.52,103.04
CW500078,2025-06,MW,118,12158.72,103.04
CW500078,2025-06,TX,130,13395.2,103.04
CW500078,2025-06,MTN,133,13704.32,103.04
CW500078,2025-06,PSW,165,17001.6,103.04
CW500078,2025-06,PNW,129,13292.16,103.04
CW500078,2025-07,NE,133,13704.32,103.04
CW500078,2025-07,MA,157,16177.28,103.04
CW500078,2025-07,SE,130,13395.2,103.04
CW500078,2025-07,MW,130,13395.2,103.04
CW500078,2025-07,TX,131,13498.24,103.04
CW500078,2025-07,MTN,129,13292.16,103.04
CW500078,2025-07,PSW,167,17207.68,103.04
CW500078,2025-07,PNW,132,13601.28,103.04
CW500078,2025-08,NE,140,14425.6,103.04
CW500078,2025-08,MA,160,16486.4,103.04
CW500078,2025-08,SE,140,14425.6,103.04
CW500078,2025-08,MW,128,13189.12,103.04
CW500078,2025-08,TX,130,13395.2,103.04
CW500078,2025-08,MTN,142,14631.68,103.04
CW500078,2025-08,PSW,157,16177.28,103.04
CW500078,2025-08,PNW,131,13498.24,103.04
CW500078,2025-09,NE,124,12776.96,103.04
CW500078,2025-09,MA,170,17516.8,103.04
CW500078,2025-09,SE,136,14013.44,103.04
CW500078,2025-09,MW,119,12261.76,103.04
CW500078,2025-09,TX,149,15352.96,103.04
CW500078,2025-09,MTN,149,15352.96,103.04
CW500078,2025-09,PSW,165,17001.6,103.04
CW500078,2025-09,PNW,127,13086.08,103.04
CW500078,2025-10,NE,139,14322.56,103.04
CW500078,2025-10,MA,160,16486.4,103.04
CW500078,2025-10,SE,128,13189.12,103.04
CW500078,2025-10,MW,129,13292.16,103.04
CW500078,2025-10,TX,142,14631.68,103.04
CW500078,2025-10,MTN,137,14116.48,103.04
CW500078,2025-10,PSW,160,16486.4,103.04
CW500078,2025-10,PNW,120,12364.8,103.04
CW500078,2025-11,NE,127,13086.08,103.04
CW500078,2025-11,MA,172,17722.88,103.04
CW500078,2025-11,SE,136,14013.44,103.04
CW500078,2025-11,MW,125,12880.0,103.04
CW500078,2025-11,TX,133,13704.32,103.04
CW500078,2025-11,MTN,154,15868.16,103.04
CW500078,2025-11,PSW,154,15868.16,103.04
CW500078,2025-11,PNW,117,12055.68,103.04
CW500078,2025-12,NE,134,13807.36,103.04
CW500078,2025-12,MA,176,18135.04,103.04
CW500078,2025-12,SE,152,15662.08,103.04
CW500078,2025-12,MW,138,14219.52,103.04
CW500078,2025-12,TX,135,13910.4,103.04
CW500078,2025-12,MTN,135,13910.4,103.04
CW500078,2025-12,PSW,148,15249.92,103.04
CW500078,2025-12,PNW,131,13498.24,103.04
CW500081,2024-01,NE,37,7730.78,208.94
CW500081,2024-01,MA,37,7730.78,208.94
CW500081,2024-01,SE,29,6059.26,208.94
CW500081,2024-01,MW,28,5850.32,208.94
CW500081,2024-01,TX,33,6895.02,208.94
CW500081,2024-01,MTN,36,7521.84,208.94
CW500081,2024-01,PSW,27,5641.38,208.94
CW500081,2024-01,PNW,31,6477.14,208.94
CW500081,2024-02,NE,39,8148.66,208.94
CW500081,2024-02,MA,35,7312.9,208.94
CW500081,2024-02,SE,31,6477.14,208.94
CW500081,2024-02,MW,29,6059.26,208.94
CW500081,2024-02,TX,31,6477.14,208.94
CW500081,2024-02,MTN,35,7312.9,208.94
CW500081,2024-02,PSW,27,5641.38,208.94
CW500081,2024-02,PNW,28,5850.32,208.94
CW500081,2024-03,NE,43,8984.42,208.94
CW500081,2024-03,MA,33,6895.02,208.94
CW500081,2024-03,SE,29,6059.26,208.94
CW500081,2024-03,MW,33,6895.02,208.94
CW500081,2024-03,TX,33,6895.02,208.94
CW500081,2024-03,MTN,36,7521.84,208.94
CW500081,2024-03,PSW,27,5641.38,208.94
CW500081,2024-03,PNW,29,6059.26,208.94
CW500081,2024-04,NE,39,8148.66,208.94
CW500081,2024-04,MA,37,7730.78,208.94
CW500081,2024-04,SE,31,6477.14,208.94
CW500081,2024-04,MW,33,6895.02,208.94
CW500081,2024-04,TX,32,6686.08,208.94
CW500081,2024-04,MTN,35,7312.9,208.94
CW500081,2024-04,PSW,27,5641.38,208.94
CW500081,2024-04,PNW,29,6059.26,208.94
CW500081,2024-05,NE,39,8148.66,208.94
CW500081,2024-05,MA,38,7939.72,208.94
CW500081,2024-05,SE,29,6059.26,208.94
CW500081,2024-05,MW,29,6059.26,208.94
CW500081,2024-05,TX,34,7103.96,208.94
CW500081,2024-05,MTN,33,6895.02,208.94
CW500081,2024-05,PSW,28,5850.32,208.94
CW500081,2024-05,PNW,30,6268.2,208.94
CW500081,2024-06,NE,38,7939.72,208.94
CW500081,2024-06,MA,37,7730.78,208.94
CW500081,2024-06,SE,30,6268.2,208.94
CW500081,2024-06,MW,30,6268.2,208.94
CW500081,2024-06,TX,33,6895.02,208.94
CW500081,2024-06,MTN,34,7103.96,208.94
CW500081,2024-06,PSW,29,6059.26,208.94
CW500081,2024-06,PNW,30,6268.2,208.94
CW500081,2024-07,NE,40,8357.6,208.94
CW500081,2024-07,MA,34,7103.96,208.94
CW500081,2024-07,SE,28,5850.32,208.94
CW500081,2024-07,MW,34,7103.96,208.94
CW500081,2024-07,TX,34,7103.96,208.94
CW500081,2024-07,MTN,35,7312.9,208.94
CW500081,2024-07,PSW,26,5432.44,208.94
CW500081,2024-07,PNW,29,6059.26,208.94
CW500081,2024-08,NE,38,7939.72,208.94
CW500081,2024-08,MA,35,7312.9,208.94
CW500081,2024-08,SE,29,6059.26,208.94
CW500081,2024-08,MW,30,6268.2,208.94
CW500081,2024-08,TX,36,7521.84,208.94
CW500081,2024-08,MTN,34,7103.96,208.94
CW500081,2024-08,PSW,27,5641.38,208.94
CW500081,2024-08,PNW,29,6059.26,208.94
CW500081,2024-09,NE,43,8984.42,208.94
CW500081,2024-09,MA,34,7103.96,208.94
CW500081,2024-09,SE,31,6477.14,208.94
CW500081,2024-09,MW,30,6268.2,208.94
CW500081,2024-09,TX,33,6895.02,208.94
CW500081,2024-09,MTN,37,7730.78,208.94
CW500081,2024-09,PSW,31,6477.14,208.94
CW500081,2024-09,PNW,32,6686.08,208.94
CW500081,2024-10,NE,40,8357.6,208.94
CW500081,2024-10,MA,34,7103.96,208.94
CW500081,2024-10,SE,32,6686.08,208.94
CW500081,2024-10,MW,30,6268.2,208.94
CW500081,2024-10,TX,33,6895.02,208.94
CW500081,2024-10,MTN,36,7521.84,208.94
CW500081,2024-10,PSW,28,5850.32,208.94
CW500081,2024-10,PNW,33,6895.02,208.94
CW500081,2024-11,NE,43,8984.42,208.94
CW500081,2024-11,MA,36,7521.84,208.94
CW500081,2024-11,SE,30,6268.2,208.94
CW500081,2024-11,MW,31,6477.14,208.94
CW500081,2024-11,TX,37,7730.78,208.94
CW500081,2024-11,MTN,33,6895.02,208.94
CW500081,2024-11,PSW,27,5641.38,208.94
CW500081,2024-11,PNW,30,6268.2,208.94
CW500081,2024-12,NE,41,8566.54,208.94
CW500081,2024-12,MA,37,7730.78,208.94
CW500081,2024-12,SE,32,6686.08,208.94
CW500081,2024-12,MW,31,6477.14,208.94
CW500081,2024-12,TX,36,7521.84,208.94
CW500081,2024-12,MTN,35,7312.9,208.94
CW500081,2024-12,PSW,29,6059.26,208.94
CW500081,2024-12,PNW,34,7103.96,208.94
CW500081,2025-01,NE,45,9402.3,208.94
CW500081,2025-01,MA,38,7939.72,208.94
CW500081,2025-01,SE,33,6895.02,208.94
CW500081,2025-01,MW,32,6686.08,208.94
CW500081,2025-01,TX,38,7939.72,208.94
CW500081,2025-01,MTN,38,7939.72,208.94
CW500081,2025-01,PSW,30,6268.2,208.94
CW500081,2025-01,PNW,31,6477.14,208.94
CW500081,2025-02,NE,39,8148.66,208.94
CW500081,2025-02,MA,34,7103.96,208.94
CW500081,2025-02,SE,31,6477.14,208.94
CW500081,2025-02,MW,31,6477.14,208.94
CW500081,2025-02,TX,34,7103.96,208.94
CW500081,2025-02,MTN,36,7521.84,208.94
CW500081,2025-02,PSW,28,5850.32,208.94
CW500081,2025-02,PNW,32,6686.08,208.94
CW500081,2025-03,NE,42,8775.48,208.94
CW500081,2025-03,MA,36,7521.84,208.94
CW500081,2025-03,SE,31,6477.14,208.94
CW500081,2025-03,MW,32,6686.08,208.94
CW500081,2025-03,TX,38,7939.72,208.94
CW500081,2025-03,MTN,35,7312.9,208.94
CW500081,2025-03,PSW,31,6477.14,208.94
CW500081,2025-03,PNW,33,6895.02,208.94
CW500081,2025-04,NE,44,9193.36,208.94
CW500081,2025-04,MA,35,7312.9,208.94
CW500081,2025-04,SE,30,6268.2,208.94
CW500081,2025-04,MW,35,7312.9,208.94
CW500081,2025-04,TX,38,7939.72,208.94
CW500081,2025-04,MTN,36,7521.84,208.94
CW500081,2025-04,PSW,29,6059.26,208.94
CW500081,2025-04,PNW,35,7312.9,208.94
CW500081,2025-05,NE,43,8984.42,208.94
CW500081,2025-05,MA,36,7521.84,208.94
CW500081,2025-05,SE,34,7103.96,208.94
CW500081,2025-05,MW,32,6686.08,208.94
CW500081,2025-05,TX,37,7730.78,208.94
CW500081,2025-05,MTN,35,7312.9,208.94
CW500081,2025-05,PSW,29,6059.26,208.94
CW500081,2025-05,PNW,30,6268.2,208.94
CW500081,2025-06,NE,42,8775.48,208.94
CW500081,2025-06,MA,35,7312.9,208.94
CW500081,2025-06,SE,31,6477.14,208.94
CW500081,2025-06,MW,33,6895.02,208.94
CW500081,2025-06,TX,35,7312.9,208.94
CW500081,2025-06,MTN,35,7312.9,208.94
CW500081,2025-06,PSW,31,6477.14,208.94
CW500081,2025-06,PNW,31,6477.14,208.94
CW500081,2025-07,NE,45,9402.3,208.94
CW500081,2025-07,MA,37,7730.78,208.94
CW500081,2025-07,SE,33,6895.02,208.94
CW500081,2025-07,MW,33,6895.02,208.94
CW500081,2025-07,TX,39,8148.66,208.94
CW500081,2025-07,MTN,37,7730.78,208.94
CW500081,2025-07,PSW,31,6477.14,208.94
CW500081,2025-07,PNW,32,6686.08,208.94
CW500081,2025-08,NE,43,8984.42,208.94
CW500081,2025-08,MA,41,8566.54,208.94
CW500081,2025-08,SE,33,6895.02,208.94
CW500081,2025-08,MW,35,7312.9,208.94
CW500081,2025-08,TX,35,7312.9,208.94
CW500081,2025-08,MTN,36,7521.84,208.94
CW500081,2025-08,PSW,30,6268.2,208.94
CW500081,2025-08,PNW,35,7312.9,208.94
CW500081,2025-09,NE,44,9193.36,208.94
CW500081,2025-09,MA,36,7521.84,208.94
CW500081,2025-09,SE,34,7103.96,208.94
CW500081,2025-09,MW,33,6895.02,208.94
CW500081,2025-09,TX,37,7730.78,208.94
CW500081,2025-09,MTN,38,7939.72,208.94
CW500081,2025-09,PSW,31,6477.14,208.94
CW500081,2025-09,PNW,32,6686.08,208.94
CW500081,2025-10,NE,41,8566.54,208.94
CW500081,2025-10,MA,40,8357.6,208.94
CW500081,2025-10,SE,34,7103.96,208.94
CW500081,2025-10,MW,34,7103.96,208.94
CW500081,2025-10,TX,35,7312.9,208.94
CW500081,2025-10,MTN,35,7312.9,208.94
CW500081,2025-10,PSW,31,6477.14,208.94
CW500081,2025-10,PNW,36,7521.84,208.94
CW500081,2025-11,NE,46,9611.24,208.94
CW500081,2025-11,MA,36,7521.84,208.94
CW500081,2025-11,SE,34,7103.96,208.94
CW500081,2025-11,MW,34,7103.96,208.94
CW500081,2025-11,TX,39,8148.66,208.94
CW500081,2025-11,MTN,39,8148.66,208.94
CW500081,2025-11,PSW,29,6059.26,208.94
CW500081,2025-11,PNW,34,7103.96,208.94
CW500081,2025-12,NE,43,8984.42,208.94
CW500081,2025-12,MA,40,8357.6,208.94
CW500081,2025-12,SE,31,6477.14,208.94
CW500081,2025-12,MW,32,6686.08,208.94
CW500081,2025-12,TX,37,7730.78,208.94
CW500081,2025-12,MTN,41,8566.54,208.94
CW500081,2025-12,PSW,32,6686.08,208.94
CW500081,2025-12,PNW,36,7521.84,208.94
CW500084,2024-01,NE,177,30559.05,172.65
CW500084,2024-01,MA,157,27106.05,172.65
CW500084,2024-01,SE,190,32803.5,172.65
CW500084,2024-01,MW,173,29868.45,172.65
CW500084,2024-01,TX,197,34012.05,172.65
CW500084,2024-01,MTN,192,33148.8,172.65
CW500084,2024-01,PSW,206,35565.9,172.65
CW500084,2024-01,PNW,223,38500.95,172.65
CW500084,2024-02,NE,185,31940.25,172.65
CW500084,2024-02,MA,159,27451.35,172.65
CW500084,2024-02,SE,185,31940.25,172.65
CW500084,2024-02,MW,155,26760.75,172.65
CW500084,2024-02,TX,189,32630.85,172.65
CW500084,2024-02,MTN,197,34012.05,172.65
CW500084,2024-02,PSW,202,34875.3,172.65
CW500084,2024-02,PNW,207,35738.55,172.65
CW500084,2024-03,NE,178,30731.7,172.65
CW500084,2024-03,MA,165,28487.25,172.65
CW500084,2024-03,SE,191,32976.15,172.65
CW500084,2024-03,MW,172,29695.8,172.65
CW500084,2024-03,TX,179,30904.35,172.65
CW500084,2024-03,MTN,186,32112.9,172.65
CW500084,2024-03,PSW,198,34184.7,172.65
CW500084,2024-03,PNW,201,34702.65,172.65
CW500084,2024-04,NE,189,32630.85,172.65
CW500084,2024-04,MA,175,30213.75,172.65
CW500084,2024-04,SE,193,33321.45,172.65
CW500084,2024-04,MW,158,27278.7,172.65
CW500084,2024-04,TX,185,31940.25,172.65
CW500084,2024-04,MTN,197,34012.05,172.65
CW500084,2024-04,PSW,204,35220.6,172.65
CW500084,2024-04,PNW,221,38155.65,172.65
CW500084,2024-05,NE,175,30213.75,172.65
CW500084,2024-05,MA,170,29350.5,172.65
CW500084,2024-05,SE,185,31940.25,172.65
CW500084,2024-05,MW,158,27278.7,172.65
CW500084,2024-05,TX,181,31249.65,172.65
CW500084,2024-05,MTN,189,32630.85,172.65
CW500084,2024-05,PSW,207,35738.55,172.65
CW500084,2024-05,PNW,198,34184.7,172.65
CW500084,2024-06,NE,169,29177.85,172.65
CW500084,2024-06,MA,161,27796.65,172.65
CW500084,2024-06,SE,176,30386.4,172.65
CW500084,2024-06,MW,163,28141.95,172.65
CW500084,2024-06,TX,175,30213.75,172.65
CW500084,2024-06,MTN,210,36256.5,172.65
CW500084,2024-06,PSW,216,37292.4,172.65
CW500084,2024-06,PNW,201,34702.65,172.65
CW500084,2024-07,NE,179,30904.35,172.65
CW500084,2024-07,MA,177,30559.05,172.65
CW500084,2024-07,SE,185,31940.25,172.65
CW500084,2024-07,MW,181,31249.65,172.65
CW500084,2024-07,TX,187,32285.55,172.65
CW500084,2024-07,MTN,213,36774.45,172.65
CW500084,2024-07,PSW,195,33666.75,172.65
CW500084,2024-07,PNW,201,34702.65,172.65
CW500084,2024-08,NE,193,33321.45,172.65
CW500084,2024-08,MA,175,30213.75,172.65
CW500084,2024-08,SE,186,32112.9,172.65
CW500084,2024-08,MW,184,31767.6,172.65
CW500084,2024-08,TX,175,30213.75,172.65
CW500084,2024-08,MTN,201,34702.65,172.65
CW500084,2024-08,PSW,220,37983.0,172.65
CW500084,2024-08,PNW,224,38673.6,172.65
CW500084,2024-09,NE,172,29695.8,172.65
CW500084,2024-09,MA,183,31594.95,172.65
CW500084,2024-09,SE,182,31422.3,172.65
CW500084,2024-09,MW,168,29005.2,172.65
CW500084,2024-09,TX,196,33839.4,172.65
CW500084,2024-09,MTN,208,35911.2,172.65
CW500084,2024-09,PSW,213,36774.45,172.65
CW500084,2024-09,PNW,219,37810.35,172.65
CW500084,2024-10,NE,171,29523.15,172.65
CW500084,2024-10,MA,176,30386.4,172.65
CW500084,2024-10,SE,179,30904.35,172.65
CW500084,2024-10,MW,170,29350.5,172.65
CW500084,2024-10,TX,196,33839.4,172.65
CW500084,2024-10,MTN,216,37292.4,172.65
CW500084,2024-10,PSW,222,38328.3,172.65
CW500084,2024-10,PNW,221,38155.65,172.65
CW500084,2024-11,NE,187,32285.55,172.65
CW500084,2024-11,MA,163,28141.95,172.65
CW500084,2024-11,SE,177,30559.05,172.65
CW500084,2024-11,MW,181,31249.65,172.65
CW500084,2024-11,TX,180,31077.0,172.65
CW500084,2024-11,MTN,196,33839.4,172.65
CW500084,2024-11,PSW,214,36947.1,172.65
CW500084,2024-11,PNW,206,35565.9,172.65
CW500084,2024-12,NE,180,31077.0,172.65
CW500084,2024-12,MA,180,31077.0,172.65
CW500084,2024-12,SE,205,35393.25,172.65
CW500084,2024-12,MW,179,30904.35,172.65
CW500084,2024-12,TX,180,31077.0,172.65
CW500084,2024-12,MTN,216,37292.4,172.65
CW500084,2024-12,PSW,209,36083.85,172.65
CW500084,2024-12,PNW,223,38500.95,172.65
CW500084,2025-01,NE,176,30386.4,172.65
CW500084,2025-01,MA,178,30731.7,172.65
CW500084,2025-01,SE,195,33666.75,172.65
CW500084,2025-01,MW,185,31940.25,172.65
CW500084,2025-01,TX,196,33839.4,172.65
CW500084,2025-01,MTN,201,34702.65,172.65
CW500084,2025-01,PSW,208,35911.2,172.65
CW500084,2025-01,PNW,237,40918.05,172.65
CW500084,2025-02,NE,197,34012.05,172.65
CW500084,2025-02,MA,173,29868.45,172.65
CW500084,2025-02,SE,187,32285.55,172.65
CW500084,2025-02,MW,192,33148.8,172.65
CW500084,2025-02,TX,199,34357.35,172.65
CW500084,2025-02,MTN,201,34702.65,172.65
CW500084,2025-02,PSW,227,39191.55,172.65
CW500084,2025-02,PNW,236,40745.4,172.65
CW500084,2025-03,NE,182,31422.3,172.65
CW500084,2025-03,MA,165,28487.25,172.65
CW500084,2025-03,SE,196,33839.4,172.65
CW500084,2025-03,MW,167,28832.55,172.65
CW500084,2025-03,TX,203,35047.95,172.65
CW500084,2025-03,MTN,225,38846.25,172.65
CW500084,2025-03,PSW,220,37983.0,172.65
CW500084,2025-03,PNW,230,39709.5,172.65
CW500084,2025-04,NE,186,32112.9,172.65
CW500084,2025-04,MA,191,32976.15,172.65
CW500084,2025-04,SE,195,33666.75,172.65
CW500084,2025-04,MW,167,28832.55,172.65
CW500084,2025-04,TX,207,35738.55,172.65
CW500084,2025-04,MTN,207,35738.55,172.65
CW500084,2025-04,PSW,206,35565.9,172.65
CW500084,2025-04,PNW,215,37119.75,172.65
CW500084,2025-05,NE,204,35220.6,172.65
CW500084,2025-05,MA,169,29177.85,172.65
CW500084,2025-05,SE,206,35565.9,172.65
CW500084,2025-05,MW,177,30559.05,172.65
CW500084,2025-05,TX,211,36429.15,172.65
CW500084,2025-05,MTN,223,38500.95,172.65
CW500084,2025-05,PSW,229,39536.85,172.65
CW500084,2025-05,PNW,232,40054.8,172.65
CW500084,2025-06,NE,180,31077.0,172.65
CW500084,2025-06,MA,184,31767.6,172.65
CW500084,2025-06,SE,184,31767.6,172.65
CW500084,2025-06,MW,196,33839.4,172.65
CW500084,2025-06,TX,189,32630.85,172.65
CW500084,2025-06,MTN,212,36601.8,172.65
CW500084,2025-06,PSW,213,36774.45,172.65
CW500084,2025-06,PNW,241,41608.65,172.65
CW500084,2025-07,NE,206,35565.9,172.65
CW500084,2025-07,MA,177,30559.05,172.65
CW500084,2025-07,SE,199,34357.35,172.65
CW500084,2025-07,MW,186,32112.9,172.65
CW500084,2025-07,TX,208,35911.2,172.65
CW500084,2025-07,MTN,231,39882.15,172.65
CW500084,2025-07,PSW,231,39882.15,172.65
CW500084,2025-07,PNW,233,40227.45,172.65
CW500084,2025-08,NE,200,34530.0,172.65
CW500084,2025-08,MA,183,31594.95,172.65
CW500084,2025-08,SE,202,34875.3,172.65
CW500084,2025-08,MW,182,31422.3,172.65
CW500084,2025-08,TX,209,36083.85,172.65
CW500084,2025-08,MTN,229,39536.85,172.65
CW500084,2025-08,PSW,206,35565.9,172.65
CW500084,2025-08,PNW,224,38673.6,172.65
CW500084,2025-09,NE,199,34357.35,172.65
CW500084,2025-09,MA,181,31249.65,172.65
CW500084,2025-09,SE,192,33148.8,172.65
CW500084,2025-09,MW,172,29695.8,172.65
CW500084,2025-09,TX,210,36256.5,172.65
CW500084,2025-09,MTN,216,37292.4,172.65
CW500084,2025-09,PSW,231,39882.15,172.65
CW500084,2025-09,PNW,232,40054.8,172.65
CW500084,2025-10,NE,194,33494.1,172.65
CW500084,2025-10,MA,172,29695.8,172.65
CW500084,2025-10,SE,209,36083.85,172.65
CW500084,2025-10,MW,187,32285.55,172.65
CW500084,2025-10,TX,212,36601.8,172.65
CW500084,2025-10,MTN,234,40400.1,172.65
CW500084,2025-10,PSW,241,41608.65,172.65
CW500084,2025-10,PNW,251,43335.15,172.65
CW500084,2025-11,NE,197,34012.05,172.65
CW500084,2025-11,MA,193,33321.45,172.65
CW500084,2025-11,SE,218,37637.7,172.65
CW500084,2025-11,MW,188,32458.2,172.65
CW500084,2025-11,TX,206,35565.9,172.65
CW500084,2025-11,MTN,228,39364.2,172.65
CW500084,2025-11,PSW,222,38328.3,172.65
CW500084,2025-11,PNW,252,43507.8,172.65
CW500084,2025-12,NE,192,33148.8,172.65
CW500084,2025-12,MA,185,31940.25,172.65
CW500084,2025-12,SE,219,37810.35,172.65
CW500084,2025-12,MW,181,31249.65,172.65
CW500084,2025-12,TX,191,32976.15,172.65
CW500084,2025-12,MTN,238,41090.7,172.65
CW500084,2025-12,PSW,242,41781.3,172.65
CW500084,2025-12,PNW,255,44025.75,172.65
CW500087,2024-01,NE,112,12865.44,114.87
CW500087,2024-01,MA,167,19183.29,114.87
CW500087,2024-01,SE,155,17804.85,114.87
CW500087,2024-01,MW,163,18723.81,114.87
CW500087,2024-01,TX,127,14588.49,114.87
CW500087,2024-01,MTN,127,14588.49,114.87
CW500087,2024-01,PSW,175,20102.25,114.87
CW500087,2024-01,PNW,120,13784.4,114.87
CW500087,2024-02,NE,126,14473.62,114.87
CW500087,2024-02,MA,188,21595.56,114.87
CW500087,2024-02,SE,157,18034.59,114.87
CW500087,2024-02,MW,165,18953.55,114.87
CW500087,2024-02,TX,126,14473.62,114.87
CW500087,2024-02,MTN,126,14473.62,114.87
CW500087,2024-02,PSW,170,19527.9,114.87
CW500087,2024-02,PNW,109,12520.83,114.87
CW500087,2024-03,NE,121,13899.27,114.87
CW500087,2024-03,MA,171,19642.77,114.87
CW500087,2024-03,SE,162,18608.94,114.87
CW500087,2024-03,MW,163,18723.81,114.87
CW500087,2024-03,TX,120,13784.4,114.87
CW500087,2024-03,MTN,133,15277.71,114.87
CW500087,2024-03,PSW,158,18149.46,114.87
CW500087,2024-03,PNW,119,13669.53,114.87
CW500087,2024-04,NE,121,13899.27,114.87
CW500087,2024-04,MA,179,20561.73,114.87
CW500087,2024-04,SE,152,17460.24,114.87
CW500087,2024-04,MW,165,18953.55,114.87
CW500087,2024-04,TX,121,13899.27,114.87
CW500087,2024-04,MTN,141,16196.67,114.87
CW500087,2024-04,PSW,161,18494.07,114.87
CW500087,2024-04,PNW,115,13210.05,114.87
CW500087,2024-05,NE,128,14703.36,114.87
CW500087,2024-05,MA,177,20331.99,114.87
CW500087,2024-05,SE,145,16656.15,114.87
CW500087,2024-05,MW,170,19527.9,114.87
CW500087,2024-05,TX,113,12980.31,114.87
CW500087,2024-05,MTN,128,14703.36,114.87
CW500087,2024-05,PSW,178,20446.86,114.87
CW500087,2024-05,PNW,111,12750.57,114.87
CW500087,2024-06,NE,131,15047.97,114.87
CW500087,2024-06,MA,189,21710.43,114.87
CW500087,2024-06,SE,156,17919.72,114.87
CW500087,2024-06,MW,164,18838.68,114.87
CW500087,2024-06,TX,125,14358.75,114.87
CW500087,2024-06,MTN,129,14818.23,114.87
CW500087,2024-06,PSW,185,21250.95,114.87
CW500087,2024-06,PNW,115,13210.05,114.87
CW500087,2024-07,NE,122,14014.14,114.87
CW500087,2024-07,MA,181,20791.47,114.87
CW500087,2024-07,SE,147,16885.89,114.87
CW500087,2024-07,MW,154,17689.98,114.87
CW500087,2024-07,TX,122,14014.14,114.87
CW500087,2024-07,MTN,135,15507.45,114.87
CW500087,2024-07,PSW,185,21250.95,114.87
CW500087,2024-07,PNW,124,14243.88,114.87
CW500087,2024-08,NE,116,13324.92,114.87
CW500087,2024-08,MA,193,22169.91,114.87
CW500087,2024-08,SE,147,16885.89,114.87
CW500087,2024-08,MW,166,19068.42,114.87
CW500087,2024-08,TX,114,13095.18,114.87
CW500087,2024-08,MTN,141,16196.67,114.87
CW500087,2024-08,PSW,170,19527.9,114.87
CW500087,2024-08,PNW,116,13324.92,114.87
CW500087,2024-09,NE,116,13324.92,114.87
CW500087,2024-09,MA,192,22055.04,114.87
CW500087,2024-09,SE,153,17575.11,114.87
CW500087,2024-09,MW,157,18034.59,114.87
CW500087,2024-09,TX,124,14243.88,114.87
CW500087,2024-09,MTN,149,17115.63,114.87
CW500087,2024-09,PSW,174,19987.38,114.87
CW500087,2024-09,PNW,121,13899.27,114.87
CW500087,2024-10,NE,118,13554.66,114.87
CW500087,2024-10,MA,177,20331.99,114.87
CW500087,2024-10,SE,152,17460.24,114.87
CW500087,2024-10,MW,162,18608.94,114.87
CW500087,2024-10,TX,129,14818.23,114.87
CW500087,2024-10,MTN,145,16656.15,114.87
CW500087,2024-10,PSW,167,19183.29,114.87
CW500087,2024-10,PNW,123,14129.01,114.87
CW500087,2024-11,NE,121,13899.27,114.87
CW500087,2024-11,MA,181,20791.47,114.87
CW500087,2024-11,SE,170,19527.9,114.87
CW500087,2024-11,MW,171,19642.77,114.87
CW500087,2024-11,TX,128,14703.36,114.87
CW500087,2024-11,MTN,132,15162.84,114.87
CW500087,2024-11,PSW,183,21021.21,114.87
CW500087,2024-11,PNW,133,15277.71,114.87
CW500087,2024-12,NE,137,15737.19,114.87
CW500087,2024-12,MA,175,20102.25,114.87
CW500087,2024-12,SE,157,18034.59,114.87
CW500087,2024-12,MW,162,18608.94,114.87
CW500087,2024-12,TX,128,14703.36,114.87
CW500087,2024-12,MTN,138,15852.06,114.87
CW500087,2024-12,PSW,176,20217.12,114.87
CW500087,2024-12,PNW,117,13439.79,114.87
CW500087,2025-01,NE,131,15047.97,114.87
CW500087,2025-01,MA,176,20217.12,114.87
CW500087,2025-01,SE,151,17345.37,114.87
CW500087,2025-01,MW,172,19757.64,114.87
CW500087,2025-01,TX,123,14129.01,114.87
CW500087,2025-01,MTN,144,16541.28,114.87
CW500087,2025-01,PSW,180,20676.6,114.87
CW500087,2025-01,PNW,121,13899.27,114.87
CW500087,2025-02,NE,124,14243.88,114.87
CW500087,2025-02,MA,199,22859.13,114.87
CW500087,2025-02,SE,173,19872.51,114.87
CW500087,2025-02,MW,179,20561.73,114.87
CW500087,2025-02,TX,126,14473.62,114.87
CW500087,2025-02,MTN,149,17115.63,114.87
CW500087,2025-02,PSW,182,20906.34,114.87
CW500087,2025-02,PNW,123,14129.01,114.87
CW500087,2025-03,NE,121,13899.27,114.87
CW500087,2025-03,MA,201,23088.87,114.87
CW500087,2025-03,SE,153,17575.11,114.87
CW500087,2025-03,MW,173,19872.51,114.87
CW500087,2025-03,TX,123,14129.01,114.87
CW500087,2025-03,MTN,142,16311.54,114.87
CW500087,2025-03,PSW,192,22055.04,114.87
CW500087,2025-03,PNW,134,15392.58,114.87
CW500087,2025-04,NE,138,15852.06,114.87
CW500087,2025-04,MA,202,23203.74,114.87
CW500087,2025-04,SE,172,19757.64,114.87
CW500087,2025-04,MW,163,18723.81,114.87
CW500087,2025-04,TX,135,15507.45,114.87
CW500087,2025-04,MTN,138,15852.06,114.87
CW500087,2025-04,PSW,192,22055.04,114.87
CW500087,2025-04,PNW,127,14588.49,114.87
CW500087,2025-05,NE,136,15622.32,114.87
CW500087,2025-05,MA,189,21710.43,114.87
CW500087,2025-05,SE,166,19068.42,114.87
CW500087,2025-05,MW,165,18953.55,114.87
CW500087,2025-05,TX,134,15392.58,114.87
CW500087,2025-05,MTN,136,15622.32,114.87
CW500087,2025-05,PSW,177,20331.99,114.87
CW500087,2025-05,PNW,121,13899.27,114.87
CW500087,2025-06,NE,140,16081.8,114.87
CW500087,2025-06,MA,190,21825.3,114.87
CW500087,2025-06,SE,163,18723.81,114.87
CW500087,2025-06,MW,171,19642.77,114.87
CW500087,2025-06,TX,122,14014.14,114.87
CW500087,2025-06,MTN,137,15737.19,114.87
CW500087,2025-06,PSW,188,21595.56,114.87
CW500087,2025-06,PNW,123,14129.01,114.87
CW500087,2025-07,NE,132,15162.84,114.87
CW500087,2025-07,MA,201,23088.87,114.87
CW500087,2025-07,SE,160,18379.2,114.87
CW500087,2025-07,MW,175,20102.25,114.87
CW500087,2025-07,TX,139,15966.93,114.87
CW500087,2025-07,MTN,151,17345.37,114.87
CW500087,2025-07,PSW,181,20791.47,114.87
CW500087,2025-07,PNW,121,13899.27,114.87
CW500087,2025-08,NE,142,16311.54,114.87
CW500087,2025-08,MA,190,21825.3,114.87
CW500087,2025-08,SE,157,18034.59,114.87
CW500087,2025-08,MW,174,19987.38,114.87
CW500087,2025-08,TX,142,16311.54,114.87
CW500087,2025-08,MTN,147,16885.89,114.87
CW500087,2025-08,PSW,194,22284.78,114.87
CW500087,2025-08,PNW,129,14818.23,114.87
CW500087,2025-09,NE,138,15852.06,114.87
CW500087,2025-09,MA,202,23203.74,114.87
CW500087,2025-09,SE,177,20331.99,114.87
CW500087,2025-09,MW,167,19183.29,114.87
CW500087,2025-09,TX,138,15852.06,114.87
CW500087,2025-09,MTN,142,16311.54,114.87
CW500087,2025-09,PSW,181,20791.47,114.87
CW500087,2025-09,PNW,139,15966.93,114.87
CW500087,2025-10,NE,140,16081.8,114.87
CW500087,2025-10,MA,208,23892.96,114.87
CW500087,2025-10,SE,176,20217.12,114.87
CW500087,2025-10,MW,166,19068.42,114.87
CW500087,2025-10,TX,139,15966.93,114.87
CW500087,2025-10,MTN,160,18379.2,114.87
CW500087,2025-10,PSW,200,22974.0,114.87
CW500087,2025-10,PNW,133,15277.71,114.87
CW500087,2025-11,NE,126,14473.62,114.87
CW500087,2025-11,MA,199,22859.13,114.87
CW500087,2025-11,SE,174,19987.38,114.87
CW500087,2025-11,MW,172,19757.64,114.87
CW500087,2025-11,TX,133,15277.71,114.87
CW500087,2025-11,MTN,150,17230.5,114.87
CW500087,2025-11,PSW,192,22055.04,114.87
CW500087,2025-11,PNW,141,16196.67,114.87
CW500087,2025-12,NE,138,15852.06,114.87
CW500087,2025-12,MA,214,24582.18,114.87
CW500087,2025-12,SE,172,19757.64,114.87
CW500087,2025-12,MW,168,19298.16,114.87
CW500087,2025-12,TX,139,15966.93,114.87
CW500087,2025-12,MTN,155,17804.85,114.87
CW500087,2025-12,PSW,180,20676.6,114.87
CW500087,2025-12,PNW,137,15737.19,114.87
CW500090,2024-01,NE,34,5528.74,162.61
CW500090,2024-01,MA,35,5691.35,162.61
CW500090,2024-01,SE,33,5366.13,162.61
CW500090,2024-01,MW,43,6992.23,162.61
CW500090,2024-01,TX,45,7317.45,162.61
CW500090,2024-01,MTN,49,7967.89,162.61
CW500090,2024-01,PSW,40,6504.4,162.61
CW500090,2024-01,PNW,44,7154.84,162.61
CW500090,2024-02,NE,40,6504.4,162.61
CW500090,2024-02,MA,37,6016.57,162.61
CW500090,2024-02,SE,35,5691.35,162.61
CW500090,2024-02,MW,42,6829.62,162.61
CW500090,2024-02,TX,48,7805.28,162.61
CW500090,2024-02,MTN,51,8293.11,162.61
CW500090,2024-02,PSW,39,6341.79,162.61
CW500090,2024-02,PNW,48,7805.28,162.61
CW500090,2024-03,NE,39,6341.79,162.61
CW500090,2024-03,MA,37,6016.57,162.61
CW500090,2024-03,SE,33,5366.13,162.61
CW500090,2024-03,MW,43,6992.23,162.61
CW500090,2024-03,TX,48,7805.28,162.61
CW500090,2024-03,MTN,53,8618.33,162.61
CW500090,2024-03,PSW,36,5853.96,162.61
CW500090,2024-03,PNW,47,7642.67,162.61
CW500090,2024-04,NE,36,5853.96,162.61
CW500090,2024-04,MA,37,6016.57,162.61
CW500090,2024-04,SE,38,6179.18,162.61
CW500090,2024-04,MW,40,6504.4,162.61
CW500090,2024-04,TX,46,7480.06,162.61
CW500090,2024-04,MTN,52,8455.72,162.61
CW500090,2024-04,PSW,36,5853.96,162.61
CW500090,2024-04,PNW,44,7154.84,162.61
CW500090,2024-05,NE,39,6341.79,162.61
CW500090,2024-05,MA,36,5853.96,162.61
CW500090,2024-05,SE,35,5691.35,162.61
CW500090,2024-05,MW,43,6992.23,162.61
CW500090,2024-05,TX,46,7480.06,162.61
CW500090,2024-05,MTN,50,8130.5,162.61
CW500090,2024-05,PSW,36,5853.96,162.61
CW500090,2024-05,PNW,45,7317.45,162.61
CW500090,2024-06,NE,39,6341.79,162.61
CW500090,2024-06,MA,36,5853.96,162.61
CW500090,2024-06,SE,34,5528.74,162.61
CW500090,2024-06,MW,46,7480.06,162.61
CW500090,2024-06,TX,47,7642.67,162.61
CW500090,2024-06,MTN,54,8780.94,162.61
CW500090,2024-06,PSW,38,6179.18,162.61
CW500090,2024-06,PNW,49,7967.89,162.61
CW500090,2024-07,NE,39,6341.79,162.61
CW500090,2024-07,MA,33,5366.13,162.61
CW500090,2024-07,SE,37,6016.57,162.61
CW500090,2024-07,MW,46,7480.06,162.61
CW500090,2024-07,TX,46,7480.06,162.61
CW500090,2024-07,MTN,54,8780.94,162.61
CW500090,2024-07,PSW,41,6667.01,162.61
CW500090,2024-07,PNW,46,7480.06,162.61
CW500090,2024-08,NE,41,6667.01,162.61
CW500090,2024-08,MA,39,6341.79,162.61
CW500090,2024-08,SE,38,6179.18,162.61
CW500090,2024-08,MW,43,6992.23,162.61
CW500090,2024-08,TX,44,7154.84,162.61
CW500090,2024-08,MTN,56,9106.16,162.61
CW500090,2024-08,PSW,41,6667.01,162.61
CW500090,2024-08,PNW,51,8293.11,162.61
CW500090,2024-09,NE,42,6829.62,162.61
CW500090,2024-09,MA,39,6341.79,162.61
CW500090,2024-09,SE,35,5691.35,162.61
CW500090,2024-09,MW,41,6667.01,162.61
CW500090,2024-09,TX,51,8293.11,162.61
CW500090,2024-09,MTN,49,7967.89,162.61
CW500090,2024-09,PSW,41,6667.01,162.61
CW500090,2024-09,PNW,50,8130.5,162.61
CW500090,2024-10,NE,36,5853.96,162.61
CW500090,2024-10,MA,38,6179.18,162.61
CW500090,2024-10,SE,36,5853.96,162.61
CW500090,2024-10,MW,47,7642.67,162.61
CW500090,2024-10,TX,51,8293.11,162.61
CW500090,2024-10,MTN,49,7967.89,162.61
CW500090,2024-10,PSW,42,6829.62,162.61
CW500090,2024-10,PNW,50,8130.5,162.61
CW500090,2024-11,NE,38,6179.18,162.61
CW500090,2024-11,MA,37,6016.57,162.61
CW500090,2024-11,SE,35,5691.35,162.61
CW500090,2024-11,MW,48,7805.28,162.61
CW500090,2024-11,TX,47,7642.67,162.61
CW500090,2024-11,MTN,56,9106.16,162.61
CW500090,2024-11,PSW,42,6829.62,162.61
CW500090,2024-11,PNW,45,7317.45,162.61
CW500090,2024-12,NE,37,6016.57,162.61
CW500090,2024-12,MA,39,6341.79,162.61
CW500090,2024-12,SE,37,6016.57,162.61
CW500090,2024-12,MW,47,7642.67,162.61
CW500090,2024-12,TX,51,8293.11,162.61
CW500090,2024-12,MTN,55,8943.55,162.61
CW500090,2024-12,PSW,39,6341.79,162.61
CW500090,2024-12,PNW,48,7805.28,162.61
CW500090,2025-01,NE,38,6179.18,162.61
CW500090,2025-01,MA,39,6341.79,162.61
CW500090,2025-01,SE,35,5691.35,162.61
CW500090,2025-01,MW,46,7480.06,162.61
CW500090,2025-01,TX,47,7642.67,162.61
CW500090,2025-01,MTN,55,8943.55,162.61
CW500090,2025-01,PSW,43,6992.23,162.61
CW500090,2025-01,PNW,52,8455.72,162.61
CW500090,2025-02,NE,41,6667.01,162.61
CW500090,2025-02,MA,36,5853.96,162.61
CW500090,2025-02,SE,39,6341.79,162.61
CW500090,2025-02,MW,48,7805.28,162.61
CW500090,2025-02,TX,46,7480.06,162.61
CW500090,2025-02,MTN,56,9106.16,162.61
CW500090,2025-02,PSW,39,6341.79,162.61
CW500090,2025-02,PNW,48,7805.28,162.61
CW500090,2025-03,NE,43,6992.23,162.61
CW500090,2025-03,MA,35,5691.35,162.61
CW500090,2025-03,SE,39,6341.79,162.61
CW500090,2025-03,MW,45,7317.45,162.61
CW500090,2025-03,TX,51,8293.11,162.61
CW500090,2025-03,MTN,54,8780.94,162.61
CW500090,2025-03,PSW,42,6829.62,162.61
CW500090,2025-03,PNW,48,7805.28,162.61
CW500090,2025-04,NE,39,6341.79,162.61
CW500090,2025-04,MA,39,6341.79,162.61
CW500090,2025-04,SE,38,6179.18,162.61
CW500090,2025-04,MW,46,7480.06,162.61
CW500090,2025-04,TX,49,7967.89,162.61
CW500090,2025-04,MTN,55,8943.55,162.61
CW500090,2025-04,PSW,42,6829.62,162.61
CW500090,2025-04,PNW,50,8130.5,162.61
CW500090,2025-05,NE,41,6667.01,162.61
CW500090,2025-05,MA,39,6341.79,162.61
CW500090,2025-05,SE,40,6504.4,162.61
CW500090,2025-05,MW,49,7967.89,162.61
CW500090,2025-05,TX,50,8130.5,162.61
CW500090,2025-05,MTN,57,9268.77,162.61
CW500090,2025-05,PSW,44,7154.84,162.61
CW500090,2025-05,PNW,53,8618.33,162.61
CW500090,2025-06,NE,38,6179.18,162.61
CW500090,2025-06,MA,36,5853.96,162.61
CW500090,2025-06,SE,36,5853.96,162.61
CW500090,2025-06,MW,44,7154.84,162.61
CW500090,2025-06,TX,49,7967.89,162.61
CW500090,2025-06,MTN,55,8943.55,162.61
CW500090,2025-06,PSW,45,7317.45,162.61
CW500090,2025-06,PNW,47,7642.67,162.61
CW500090,2025-07,NE,44,7154.84,162.61
CW500090,2025-07,MA,40,6504.4,162.61
CW500090,2025-07,SE,39,6341.79,162.61
CW500090,2025-07,MW,49,7967.89,162.61
CW500090,2025-07,TX,47,7642.67,162.61
CW500090,2025-07,MTN,53,8618.33,162.61
CW500090,2025-07,PSW,40,6504.4,162.61
CW500090,2025-07,PNW,50,8130.5,162.61
CW500090,2025-08,NE,39,6341.79,162.61
CW500090,2025-08,MA,42,6829.62,162.61
CW500090,2025-08,SE,40,6504.4,162.61
CW500090,2025-08,MW,49,7967.89,162.61
CW500090,2025-08,TX,55,8943.55,162.61
CW500090,2025-08,MTN,52,8455.72,162.61
CW500090,2025-08,PSW,40,6504.4,162.61
CW500090,2025-08,PNW,48,7805.28,162.61
CW500090,2025-09,NE,39,6341.79,162.61
CW500090,2025-09,MA,42,6829.62,162.61
CW500090,2025-09,SE,37,6016.57,162.61
CW500090,2025-09,MW,46,7480.06,162.61
CW500090,2025-09,TX,52,8455.72,162.61
CW500090,2025-09,MTN,60,9756.6,162.61
CW500090,2025-09,PSW,45,7317.45,162.61
CW500090,2025-09,PNW,53,8618.33,162.61
CW500090,2025-10,NE,42,6829.62,162.61
CW500090,2025-10,MA,38,6179.18,162.61
CW500090,2025-10,SE,39,6341.79,162.61
CW500090,2025-10,MW,45,7317.45,162.61
CW500090,2025-10,TX,49,7967.89,162.61
CW500090,2025-10,MTN,53,8618.33,162.61
CW500090,2025-10,PSW,45,7317.45,162.61
CW500090,2025-10,PNW,50,8130.5,162.61
CW500090,2025-11,NE,45,7317.45,162.61
CW500090,2025-11,MA,40,6504.4,162.61
CW500090,2025-11,SE,38,6179.18,162.61
CW500090,2025-11,MW,51,8293.11,162.61
CW500090,2025-11,TX,49,7967.89,162.61
CW500090,2025-11,MTN,57,9268.77,162.61
CW500090,2025-11,PSW,44,7154.84,162.61
CW500090,2025-11,PNW,48,7805.28,162.61
CW500090,2025-12,NE,42,6829.62,162.61
CW500090,2025-12,MA,40,6504.4,162.61
CW500090,2025-12,SE,40,6504.4,162.61
CW500090,2025-12,MW,46,7480.06,162.61
CW500090,2025-12,TX,49,7967.89,162.61
CW500090,2025-12,MTN,53,8618.33,162.61
CW500090,2025-12,PSW,41,6667.01,162.61
CW500090,2025-12,PNW,48,7805.28,162.61
CW500093,2024-01,NE,20,382.0,19.1
CW500093,2024-01,MA,28,534.8,19.1
CW500093,2024-01,SE,24,458.4,19.1
CW500093,2024-01,MW,34,649.4,19.1
CW500093,2024-01,TX,27,515.7,19.1
CW500093,2024-01,MTN,23,439.3,19.1
CW500093,2024-01,PSW,29,553.9,19.1
CW500093,2024-01,PNW,21,401.1,19.1
CW500093,2024-02,NE,19,362.9,19.1
CW500093,2024-02,MA,28,534.8,19.1
CW500093,2024-02,SE,25,477.5,19.1
CW500093,2024-02,MW,30,573.0,19.1
CW500093,2024-02,TX,27,515.7,19.1
CW500093,2024-02,MTN,20,382.0,19.1
CW500093,2024-02,PSW,27,515.7,19.1
CW500093,2024-02,PNW,23,439.3,19.1
CW500093,2024-03,NE,21,401.1,19.1
CW500093,2024-03,MA,28,534.8,19.1
CW500093,2024-03,SE,27,515.7,19.1
CW500093,2024-03,MW,31,592.1,19.1
CW500093,2024-03,TX,24,458.4,19.1
CW500093,2024-03,MTN,22,420.2,19.1
CW500093,2024-03,PSW,29,553.9,19.1
CW500093,2024-03,PNW,21,401.1,19.1
CW500093,2024-04,NE,22,420.2,19.1
CW500093,2024-04,MA,29,553.9,19.1
CW500093,2024-04,SE,24,458.4,19.1
CW500093,2024-04,MW,33,630.3,19.1
CW500093,2024-04,TX,25,477.5,19.1
CW500093,2024-04,MTN,22,420.2,19.1
CW500093,2024-04,PSW,28,534.8,19.1
CW500093,2024-04,PNW,22,420.2,19.1
CW500093,2024-05,NE,19,362.9,19.1
CW500093,2024-05,MA,32,611.2,19.1
CW500093,2024-05,SE,26,496.6,19.1
CW500093,2024-05,MW,31,592.1,19.1
CW500093,2024-05,TX,27,515.7,19.1
CW500093,2024-05,MTN,20,382.0,19.1
CW500093,2024-05,PSW,30,573.0,19.1
CW500093,2024-05,PNW,24,458.4,19.1
CW500093,2024-06,NE,20,382.0,19.1
CW500093,2024-06,MA,32,611.2,19.1
CW500093,2024-06,SE,25,477.5,19.1
CW500093,2024-06,MW,36,687.6,19.1
CW500093,2024-06,TX,27,515.7,19.1
CW500093,2024-06,MTN,22,420.2,19.1
CW500093,2024-06,PSW,28,534.8,19.1
CW500093,2024-06,PNW,23,439.3,19.1
CW500093,2024-07,NE,21,401.1,19.1
CW500093,2024-07,MA,32,611.2,19.1
CW500093,2024-07,SE,26,496.6,19.1
CW500093,2024-07,MW,31,592.1,19.1
CW500093,2024-07,TX,27,515.7,19.1
CW500093,2024-07,MTN,22,420.2,19.1
CW500093,2024-07,PSW,31,592.1,19.1
CW500093,2024-07,PNW,24,458.4,19.1
CW500093,2024-08,NE,20,382.0,19.1
CW500093,2024-08,MA,33,630.3,19.1
CW500093,2024-08,SE,25,477.5,19.1
CW500093,2024-08,MW,34,649.4,19.1
CW500093,2024-08,TX,28,534.8,19.1
CW500093,2024-08,MTN,21,401.1,19.1
CW500093,2024-08,PSW,29,553.9,19.1
CW500093,2024-08,PNW,24,458.4,19.1
CW500093,2024-09,NE,20,382.0,19.1
CW500093,2024-09,MA,32,611.2,19.1
CW500093,2024-09,SE,25,477.5,19.1
CW500093,2024-09,MW,36,687.6,19.1
CW500093,2024-09,TX,28,534.8,19.1
CW500093,2024-09,MTN,21,401.1,19.1
CW500093,2024-09,PSW,31,592.1,19.1
CW500093,2024-09,PNW,24,458.4,19.1
CW500093,2024-10,NE,22,420.2,19.1
CW500093,2024-10,MA,33,630.3,19.1
CW500093,2024-10,SE,27,515.7,19.1
CW500093,2024-10,MW,32,611.2,19.1
CW500093,2024-10,TX,26,496.6,19.1
CW500093,2024-10,MTN,24,458.4,19.1
CW500093,2024-10,PSW,29,553.9,19.1
CW500093,2024-10,PNW,25,477.5,19.1
CW500093,2024-11,NE,20,382.0,19.1
CW500093,2024-11,MA,31,592.1,19.1
CW500093,2024-11,SE,27,515.7,19.1
CW500093,2024-11,MW,36,687.6,19.1
CW500093,2024-11,TX,26,496.6,19.1
CW500093,2024-11,MTN,23,439.3,19.1
CW500093,2024-11,PSW,32,611.2,19.1
CW500093,2024-11,PNW,24,458.4,19.1
CW500093,2024-12,NE,20,382.0,19.1
CW500093,2024-12,MA,32,611.2,19.1
CW500093,2024-12,SE,26,496.6,19.1
CW500093,2024-12,MW,32,611.2,19.1
CW500093,2024-12,TX,28,534.8,19.1
CW500093,2024-12,MTN,22,420.2,19.1
CW500093,2024-12,PSW,30,573.0,19.1
CW500093,2024-12,PNW,26,496.6,19.1
CW500093,2025-01,NE,22,420.2,19.1
CW500093,2025-01,MA,31,592.1,19.1
CW500093,2025-01,SE,26,496.6,19.1
CW500093,2025-01,MW,33,630.3,19.1
CW500093,2025-01,TX,25,477.5,19.1
CW500093,2025-01,MTN,21,401.1,19.1
CW500093,2025-01,PSW,30,573.0,19.1
CW500093,2025-01,PNW,25,477.5,19.1
CW500093,2025-02,NE,23,439.3,19.1
CW500093,2025-02,MA,34,649.4,19.1
CW500093,2025-02,SE,27,515.7,19.1
CW500093,2025-02,MW,35,668.5,19.1
CW500093,2025-02,TX,29,553.9,19.1
CW500093,2025-02,MTN,21,401.1,19.1
CW500093,2025-02,PSW,31,592.1,19.1
CW500093,2025-02,PNW,24,458.4,19.1
CW500093,2025-03,NE,22,420.2,19.1
CW500093,2025-03,MA,31,592.1,19.1
CW500093,2025-03,SE,28,534.8,19.1
CW500093,2025-03,MW,36,687.6,19.1
CW500093,2025-03,TX,27,515.7,19.1
CW500093,2025-03,MTN,23,439.3,19.1
CW500093,2025-03,PSW,32,611.2,19.1
CW500093,2025-03,PNW,23,439.3,19.1
CW500093,2025-04,NE,20,382.0,19.1
CW500093,2025-04,MA,33,630.3,19.1
CW500093,2025-04,SE,28,534.8,19.1
CW500093,2025-04,MW,36,687.6,19.1
CW500093,2025-04,TX,26,496.6,19.1
CW500093,2025-04,MTN,23,439.3,19.1
CW500093,2025-04,PSW,30,573.0,19.1
CW500093,2025-04,PNW,25,477.5,19.1
CW500093,2025-05,NE,21,401.1,19.1
CW500093,2025-05,MA,30,573.0,19.1
CW500093,2025-05,SE,28,534.8,19.1
CW500093,2025-05,MW,36,687.6,19.1
CW500093,2025-05,TX,26,496.6,19.1
CW500093,2025-05,MTN,23,439.3,19.1
CW500093,2025-05,PSW,30,573.0,19.1
CW500093,2025-05,PNW,24,458.4,19.1
CW500093,2025-06,NE,23,439.3,19.1
CW500093,2025-06,MA,34,649.4,19.1
CW500093,2025-06,SE,26,496.6,19.1
CW500093,2025-06,MW,34,649.4,19.1
CW500093,2025-06,TX,26,496.6,19.1
CW500093,2025-06,MTN,23,439.3,19.1
CW500093,2025-06,PSW,29,553.9,19.1
CW500093,2025-06,PNW,24,458.4,19.1
CW500093,2025-07,NE,22,420.2,19.1
CW500093,2025-07,MA,32,611.2,19.1
CW500093,2025-07,SE,29,553.9,19.1
CW500093,2025-07,MW,35,668.5,19.1
CW500093,2025-07,TX,27,515.7,19.1
CW500093,2025-07,MTN,25,477.5,19.1
CW500093,2025-07,PSW,34,649.4,19.1
CW500093,2025-07,PNW,24,458.4,19.1
CW500093,2025-08,NE,22,420.2,19.1
CW500093,2025-08,MA,35,668.5,19.1
CW500093,2025-08,SE,28,534.8,19.1
CW500093,2025-08,MW,35,668.5,19.1
CW500093,2025-08,TX,30,573.0,19.1
CW500093,2025-08,MTN,22,420.2,19.1
CW500093,2025-08,PSW,33,630.3,19.1
CW500093,2025-08,PNW,24,458.4,19.1
CW500093,2025-09,NE,21,401.1,19.1
CW500093,2025-09,MA,33,630.3,19.1
CW500093,2025-09,SE,28,534.8,19.1
CW500093,2025-09,MW,37,706.7,19.1
CW500093,2025-09,TX,29,553.9,19.1
CW500093,2025-09,MTN,22,420.2,19.1
CW500093,2025-09,PSW,32,611.2,19.1
CW500093,2025-09,PNW,27,515.7,19.1
CW500093,2025-10,NE,23,439.3,19.1
CW500093,2025-10,MA,34,649.4,19.1
CW500093,2025-10,SE,28,534.8,19.1
CW500093,2025-10,MW,37,706.7,19.1
CW500093,2025-10,TX,29,553.9,19.1
CW500093,2025-10,MTN,23,439.3,19.1
CW500093,2025-10,PSW,34,649.4,19.1
CW500093,2025-10,PNW,25,477.5,19.1
CW500093,2025-11,NE,21,401.1,19.1
CW500093,2025-11,MA,32,611.2,19.1
CW500093,2025-11,SE,28,534.8,19.1
CW500093,2025-11,MW,34,649.4,19.1
CW500093,2025-11,TX,30,573.0,19.1
CW500093,2025-11,MTN,26,496.6,19.1
CW500093,2025-11,PSW,31,592.1,19.1
CW500093,2025-11,PNW,24,458.4,19.1
CW500093,2025-12,NE,22,420.2,19.1
CW500093,2025-12,MA,36,687.6,19.1
CW500093,2025-12,SE,28,534.8,19.1
CW500093,2025-12,MW,39,744.9,19.1
CW500093,2025-12,TX,31,592.1,19.1
CW500093,2025-12,MTN,23,439.3,19.1
CW500093,2025-12,PSW,30,573.0,19.1
CW500093,2025-12,PNW,26,496.6,19.1
CW500096,2024-01,NE,35,7275.45,207.87
CW500096,2024-01,MA,30,6236.1,207.87
CW500096,2024-01,SE,40,8314.8,207.87
CW500096,2024-01,MW,40,8314.8,207.87
CW500096,2024-01,TX,30,6236.1,207.87
CW500096,2024-01,MTN,28,5820.36,207.87
CW500096,2024-01,PSW,27,5612.49,207.87
CW500096,2024-01,PNW,30,6236.1,207.87
CW500096,2024-02,NE,34,7067.58,207.87
CW500096,2024-02,MA,29,6028.23,207.87
CW500096,2024-02,SE,36,7483.32,207.87
CW500096,2024-02,MW,39,8106.93,207.87
CW500096,2024-02,TX,34,7067.58,207.87
CW500096,2024-02,MTN,27,5612.49,207.87
CW500096,2024-02,PSW,25,5196.75,207.87
CW500096,2024-02,PNW,30,6236.1,207.87
CW500096,2024-03,NE,33,6859.71,207.87
CW500096,2024-03,MA,30,6236.1,207.87
CW500096,2024-03,SE,42,8730.54,207.87
CW500096,2024-03,MW,40,8314.8,207.87
CW500096,2024-03,TX,30,6236.1,207.87
CW500096,2024-03,MTN,29,6028.23,207.87
CW500096,2024-03,PSW,27,5612.49,207.87
CW500096,2024-03,PNW,31,6443.97,207.87
CW500096,2024-04,NE,32,6651.84,207.87
CW500096,2024-04,MA,26,5404.62,207.87
CW500096,2024-04,SE,38,7899.06,207.87
CW500096,2024-04,MW,40,8314.8,207.87
CW500096,2024-04,TX,33,6859.71,207.87
CW500096,2024-04,MTN,26,5404.62,207.87
CW500096,2024-04,PSW,26,5404.62,207.87
CW500096,2024-04,PNW,32,6651.84,207.87
CW500096,2024-05,NE,33,6859.71,207.87
CW500096,2024-05,MA,30,6236.1,207.87
CW500096,2024-05,SE,37,7691.19,207.87
CW500096,2024-05,MW,40,8314.8,207.87
CW500096,2024-05,TX,31,6443.97,207.87
CW500096,2024-05,MTN,27,5612.49,207.87
CW500096,2024-05,PSW,27,5612.49,207.87
CW500096,2024-05,PNW,32,6651.84,207.87
CW500096,2024-06,NE,35,7275.45,207.87
CW500096,2024-06,MA,28,5820.36,207.87
CW500096,2024-06,SE,39,8106.93,207.87
CW500096,2024-06,MW,42,8730.54,207.87
CW500096,2024-06,TX,34,7067.58,207.87
CW500096,2024-06,MTN,27,5612.49,207.87
CW500096,2024-06,PSW,27,5612.49,207.87
CW500096,2024-06,PNW,32,6651.84,207.87
CW500096,2024-07,NE,33,6859.71,207.87
CW500096,2024-07,MA,28,5820.36,207.87
CW500096,2024-07,SE,41,8522.67,207.87
CW500096,2024-07,MW,43,8938.41,207.87
CW500096,2024-07,TX,34,7067.58,207.87
CW500096,2024-07,MTN,29,6028.23,207.87
CW500096,2024-07,PSW,28,5820.36,207.87
CW500096,2024-07,PNW,30,6236.1,207.87
CW500096,2024-08,NE,35,7275.45,207.87
CW500096,2024-08,MA,27,5612.49,207.87
CW500096,2024-08,SE,42,8730.54,207.87
CW500096,2024-08,MW,44,9146.28,207.87
CW500096,2024-08,TX,35,7275.45,207.87
CW500096,2024-08,MTN,29,6028.23,207.87
CW500096,2024-08,PSW,27,5612.49,207.87
CW500096,2024-08,PNW,35,7275.45,207.87
CW500096,2024-09,NE,34,7067.58,207.87
CW500096,2024-09,MA,30,6236.1,207.87
CW500096,2024-09,SE,43,8938.41,207.87
CW500096,2024-09,MW,43,8938.41,207.87
CW500096,2024-09,TX,33,6859.71,207.87
CW500096,2024-09,MTN,26,5404.62,207.87
CW500096,2024-09,PSW,28,5820.36,207.87
CW500096,2024-09,PNW,34,7067.58,207.87
CW500096,2024-10,NE,33,6859.71,207.87
CW500096,2024-10,MA,31,6443.97,207.87
CW500096,2024-10,SE,38,7899.06,207.87
CW500096,2024-10,MW,42,8730.54,207.87
CW500096,2024-10,TX,32,6651.84,207.87
CW500096,2024-10,MTN,27,5612.49,207.87
CW500096,2024-10,PSW,26,5404.62,207.87
CW500096,2024-10,PNW,33,6859.71,207.87
CW500096,2024-11,NE,37,7691.19,207.87
CW500096,2024-11,MA,30,6236.1,207.87
CW500096,2024-11,SE,41,8522.67,207.87
CW500096,2024-11,MW,40,8314.8,207.87
CW500096,2024-11,TX,36,7483.32,207.87
CW500096,2024-11,MTN,29,6028.23,207.87
CW500096,2024-11,PSW,27,5612.49,207.87
CW500096,2024-11,PNW,34,7067.58,207.87
CW500096,2024-12,NE,36,7483.32,207.87
CW500096,2024-12,MA,28,5820.36,207.87
CW500096,2024-12,SE,41,8522.67,207.87
CW500096,2024-12,MW,46,9562.02,207.87
CW500096,2024-12,TX,32,6651.84,207.87
CW500096,2024-12,MTN,29,6028.23,207.87
CW500096,2024-12,PSW,26,5404.62,207.87
CW500096,2024-12,PNW,34,7067.58,207.87
CW500096,2025-01,NE,35,7275.45,207.87
CW500096,2025-01,MA,30,6236.1,207.87
CW500096,2025-01,SE,44,9146.28,207.87
CW500096,2025-01,MW,44,9146.28,207.87
CW500096,2025-01,TX,33,6859.71,207.87
CW500096,2025-01,MTN,30,6236.1,207.87
CW500096,2025-01,PSW,29,6028.23,207.87
CW500096,2025-01,PNW,32,6651.84,207.87
CW500096,2025-02,NE,35,7275.45,207.87
CW500096,2025-02,MA,31,6443.97,207.87
CW500096,2025-02,SE,41,8522.67,207.87
CW500096,2025-02,MW,44,9146.28,207.87
CW500096,2025-02,TX,37,7691.19,207.87
CW500096,2025-02,MTN,27,5612.49,207.87
CW500096,2025-02,PSW,30,6236.1,207.87
CW500096,2025-02,PNW,32,6651.84,207.87
CW500096,2025-03,NE,36,7483.32,207.87
CW500096,2025-03,MA,30,6236.1,207.87
CW500096,2025-03,SE,45,9354.15,207.87
CW500096,2025-03,MW,45,9354.15,207.87
CW500096,2025-03,TX,36,7483.32,207.87
CW500096,2025-03,MTN,27,5612.49,207.87
CW500096,2025-03,PSW,27,5612.49,207.87
CW500096,2025-03,PNW,37,7691.19,207.87
CW500096,2025-04,NE,36,7483.32,207.87
CW500096,2025-04,MA,30,6236.1,207.87
CW500096,2025-04,SE,44,9146.28,207.87
CW500096,2025-04,MW,47,9769.89,207.87
CW500096,2025-04,TX,33,6859.71,207.87
CW500096,2025-04,MTN,30,6236.1,207.87
CW500096,2025-04,PSW,28,5820.36,207.87
CW500096,2025-04,PNW,35,7275.45,207.87
CW500096,2025-05,NE,35,7275.45,207.87
CW500096,2025-05,MA,29,6028.23,207.87
CW500096,2025-05,SE,44,9146.28,207.87
CW500096,2025-05,MW,45,9354.15,207.87
CW500096,2025-05,TX,35,7275.45,207.87
CW500096,2025-05,MTN,29,6028.23,207.87
CW500096,2025-05,PSW,30,6236.1,207.87
CW500096,2025-05,PNW,33,6859.71,207.87
CW500096,2025-06,NE,37,7691.19,207.87
CW500096,2025-06,MA,30,6236.1,207.87
CW500096,2025-06,SE,44,9146.28,207.87
CW500096,2025-06,MW,45,9354.15,207.87
CW500096,2025-06,TX,34,7067.58,207.87
CW500096,2025-06,MTN,30,6236.1,207.87
CW500096,2025-06,PSW,29,6028.23,207.87
CW500096,2025-06,PNW,33,6859.71,207.87
CW500096,2025-07,NE,36,7483.32,207.87
CW500096,2025-07,MA,28,5820.36,207.87
CW500096,2025-07,SE,42,8730.54,207.87
CW500096,2025-07,MW,42,8730.54,207.87
CW500096,2025-07,TX,35,7275.45,207.87
CW500096,2025-07,MTN,31,6443.97,207.87
CW500096,2025-07,PSW,29,6028.23,207.87
CW500096,2025-07,PNW,36,7483.32,207.87
CW500096,2025-08,NE,38,7899.06,207.87
CW500096,2025-08,MA,32,6651.84,207.87
CW500096,2025-08,SE,41,8522.67,207.87
CW500096,2025-08,MW,42,8730.54,207.87
CW500096,2025-08,TX,37,7691.19,207.87
CW500096,2025-08,MTN,29,6028.23,207.87
CW500096,2025-08,PSW,30,6236.1,207.87
CW500096,2025-08,PNW,38,7899.06,207.87
CW500096,2025-09,NE,39,8106.93,207.87
CW500096,2025-09,MA,33,6859.71,207.87
CW500096,2025-09,SE,40,8314.8,207.87
CW500096,2025-09,MW,45,9354.15,207.87
CW500096,2025-09,TX,35,7275.45,207.87
CW500096,2025-09,MTN,28,5820.36,207.87
CW500096,2025-09,PSW,29,6028.23,207.87
CW500096,2025-09,PNW,35,7275.45,207.87
CW500096,2025-10,NE,38,7899.06,207.87
CW500096,2025-10,MA,30,6236.1,207.87
CW500096,2025-10,SE,41,8522.67,207.87
CW500096,2025-10,MW,46,9562.02,207.87
CW500096,2025-10,TX,33,6859.71,207.87
CW500096,2025-10,MTN,30,6236.1,207.87
CW500096,2025-10,PSW,28,5820.36,207.87
CW500096,2025-10,PNW,35,7275.45,207.87
CW500096,2025-11,NE,37,7691.19,207.87
CW500096,2025-11,MA,29,6028.23,207.87
CW500096,2025-11,SE,42,8730.54,207.87
CW500096,2025-11,MW,46,9562.02,207.87
CW500096,2025-11,TX,36,7483.32,207.87
CW500096,2025-11,MTN,31,6443.97,207.87
CW500096,2025-11,PSW,27,5612.49,207.87
CW500096,2025-11,PNW,35,7275.45,207.87
CW500096,2025-12,NE,38,7899.06,207.87
CW500096,2025-12,MA,31,6443.97,207.87
CW500096,2025-12,SE,46,9562.02,207.87
CW500096,2025-12,MW,44,9146.28,207.87
CW500096,2025-12,TX,37,7691.19,207.87
CW500096,2025-12,MTN,32,6651.84,207.87
CW500096,2025-12,PSW,30,6236.1,207.87
CW500096,2025-12,PNW,34,7067.58,207.87
